;;;;;;;;;;;;;;;;;;;;;;;;
-3.3427208772766997E-8-6.230189527970713E-10i;2.8304936807215495E-7-2.8304950438075075E-11i;3.886787936320355E-7+7.111166975718789E-10i;6.282514302658165E-8-2.496337805217042E-10i;1.101328900304934E-7-1.561150488302401E-10i;-3.890079976895573E-7-2.798200646942564E-9i;3.459071546374672E-7-3.094798351735326E-14i;3.783363225077094E-7+4.716227940442569E-14i;3.683239754727049E-7+6.963174100504068E-14i;-2.2054258730911576E-7-2.0412251920974241E-13i;3.4467118487792946E-7-2.983836493060533E-15i;-3.552455755057472E-7-5.117245400888721E-13i;3.5545581072691063E-7+1.737043518139856E-13i;4.127391775820596E-8+1.5911934273375561E-13i;3.45914849554256E-7+5.5969770207989833E-14i;-3.3308368175950557E-7-4.704441613121116E-13i;3.4154819741712054E-7-1.1499090623245524E-12i;-3.283522022095485E-7-3.8492531713727314E-13i;-3.272233954428539E-7-3.716457243328266E-12i;-2.6030726937707903E-7-5.648471601192244E-13i;-3.229185839239753E-7+2.4611360249373607E-12i;-3.2262541021227683E-7+7.625027427050261E-11i;3.300617471588816E-7-3.759218147104084E-11i;2.732054719540158E-7+2.875976965760835E-11i;-3.185008682494592E-7+2.3071283930954285E-12i
-1.1212595017259645E-8-5.721189716396198E-10i;2.711114341315708E-7+3.454152542643716E-11i;3.7474996310668477E-7+7.261571079375616E-10i;3.9164842271474744E-8-2.2662775841165037E-10i;1.1092480020120354E-7-1.0343569321708207E-10i;-3.738376845402334E-7-2.659222866593217E-9i;3.5127764077586627E-7-2.6312826274191055E-14i;3.419279737991224E-7+4.0771338502661486E-14i;3.3999477748395167E-7+7.993905121983894E-14i;-2.440100005623086E-7-2.1818933482707894E-13i;2.536712000003372E-7+1.1069626482582019E-15i;-2.742786854367536E-7-4.0565631635361763E-13i;3.3805332513236587E-7+1.5926309711414967E-13i;-1.1135297785202381E-8+1.1503558356407273E-13i;2.93694017040617E-7+1.9974033173411388E-14i;-3.4030475206524407E-7-5.307582638974633E-13i;2.6193310209268234E-7-8.150384059274682E-13i;-1.8932471267331925E-7-1.5996502715752095E-13i;-3.210870607360016E-7-8.150662312558298E-12i;-1.0819091309274203E-7-1.578086750011874E-12i;-2.922460550221575E-7+2.3638514360193745E-12i;-1.7514128128190782E-7+4.859193833252034E-11i;2.690054783179384E-7-2.42828583722673E-11i;2.9582166351032455E-7+2.734524692414579E-11i;-1.8973025855484544E-7+2.6228034586421303E-12i
1.10020187480296E-8-5.212189904834074E-10i;2.591735001837833E-7+9.738800134443774E-11i;3.6082113259603273E-7+7.411975183452969E-10i;1.550454152559308E-8-2.0362173629977874E-10i;1.1171671037852885E-7-5.075633756751115E-11i;-3.5866737138410606E-7-2.5202450861915506E-9i;3.563992582248692E-7-2.1891656909883588E-14i;3.0490317857396416E-7+3.4354326748293365E-14i;3.0972013609810766E-7+9.261204846711322E-14i;-2.666980069893794E-7-2.281862217689595E-13i;1.6372451069618775E-7+9.161757428760977E-15i;-1.931674616130452E-7-2.8562739252740365E-13i;3.1684420007635934E-7+1.433319320613833E-13i;-6.427152106105499E-8+8.267042419560576E-14i;2.3879152757142734E-7-9.840618541323943E-15i;-3.403440592679721E-7-5.875298290289057E-13i;1.752321715373661E-7-4.899426395246844E-13i;-5.677886942216837E-8+3.9058386658191416E-14i;-3.0972214233436E-7-1.2133190978921116E-11i;3.564806036752596E-8-2.5284363459145796E-12i;-2.5624537335906815E-7+2.1870075606195295E-12i;-3.0688120120998466E-8+2.0475585999383616E-11i;1.9621768370710997E-7-1.071473493714205E-11i;3.088223064233835E-7+2.5043260250209856E-11i;-5.7766639051795996E-8+2.7663152089802523E-12i
3.3216632531418566E-8-4.703190093294876E-10i;2.472355662280833E-7+1.602344773357231E-10i;3.468923021112059E-7+7.562379288096167E-10i;-8.155759203701312E-9-1.8061571418208343E-10i;1.1250862056291336E-7+1.9230181124673285E-12i;-3.4349705821648785E-7-2.381267305686004E-9i;3.6113739090793014E-7-1.81114639503144E-14i;2.6700881137159106E-7+2.7646598641630772E-14i;2.7674952897818586E-7+1.0466247962377665E-13i;-2.880906204150575E-7-2.3830679492181947E-13i;7.66421157352145E-8+1.511663028472032E-14i;-1.1335249713621182E-7-1.8039847573694666E-13i;2.9044590806520607E-7+1.1954974485919615E-13i;-1.1736053198056008E-7+4.3588632274793E-14i;1.817916410807468E-7-5.4118690261551525E-14i;-3.302106589134475E-7-6.09065141910189E-13i;8.190378627504631E-8-1.5726300114282862E-13i;5.946469619116981E-8+2.451233381677745E-13i;-2.926415809835366E-7-1.533243242907232E-11i;1.5967924766094596E-7-3.3135501244371272E-12i;-2.157932224658415E-7+1.9258523464844667E-12i;9.938821639923308E-8-6.414251260967987E-12i;1.1127618643455226E-7+2.224700590009668E-12i;3.096647856655785E-7+2.195105891593703E-11i;6.678276235613208E-8+2.7931023793668836E-12i
5.543124633856459E-8-4.1941902818363504E-10i;2.3529763226614994E-7+2.2308095338459442E-10i;3.329634716590822E-7+7.712783393088151E-10i;-3.181605991145792E-8-1.5760969204678034E-10i;1.1330053075002007E-7+5.46023737934743E-11i;-3.2832674502874547E-7-2.242289524975975E-9i;3.653839585109103E-7-1.4249332608987205E-14i;2.2813461601280918E-7+2.0084879923050112E-14i;2.4078225116841855E-7+1.1879550654045514E-13i;-3.076677207974124E-7-2.4478963814638733E-13i;-5.1576242961670385E-9+1.7377865326408438E-14i;-3.7187764308753084E-8-8.207581174201056E-14i;2.5832582681717955E-7+8.737503620248498E-14i;-1.6876385941235656E-7-1.0056980409313672E-14i;1.2471909504626935E-7-1.068774792290419E-13i;-3.082525297185261E-7-6.222319311081179E-13i;-1.4347970629585351E-8+1.300399659326055E-13i;1.4866159840343497E-7+3.677178677459422E-13i;-2.7097172225112933E-7-1.7411860440009352E-11i;2.5139421517500624E-7-3.888406982400533E-12i;-1.7353866140357834E-7+1.564528982318174E-12i;2.010375414206628E-7-2.963799606103259E-11i;1.8229680437404117E-8+1.3447146952441052E-11i;2.9833687448535904E-7+1.8577550311837982E-11i;1.687867617790223E-7+2.650343657439566E-12i
7.764586017320484E-8-3.685190470600435E-10i;2.2335969830097222E-7+2.859274294547289E-10i;3.190346412442605E-7+7.863187497946715E-10i;-5.547636059447283E-8-1.346036698794596E-10i;1.1409244093387568E-7+1.0728172943122509E-10i;-3.131564318117735E-7-2.103311743939147E-9i;3.6905150821793735E-7-9.397659924771778E-15i;1.8827375025531214E-7+1.2700163092207332E-14i;2.018305224896013E-7+1.2140323662376703E-13i;-3.2492411523287834E-7-2.5041539651539093E-13i;-7.896828888472219E-8+2.2481513291082317E-14i;3.2497861040109495E-8+6.2532398028607945E-15i;2.2053056582537123E-7+6.054609750747238E-14i;-2.1638761123888297E-7-5.056797841229755E-14i;7.039344084663306E-8-1.2747473850680206E-13i;-2.739191047001595E-7-5.540566881274175E-13i;-1.0805501663277078E-7+3.6923873615128164E-13i;2.0205393953631366E-7+4.863557279596416E-13i;-2.4684546981427426E-7-1.813809063618735E-11i;3.0064010154122215E-7-4.131268277489475E-12i;-1.32507139123429E-7+1.1234872291536455E-12i;2.619566563950656E-7-4.671539678848306E-11i;-7.637763716192029E-8+2.1746317574976888E-11i;2.7717249134527813E-7+1.522635289862515E-11i;2.3408055427840876E-7+2.4175590971314773E-12i
9.98604740391669E-8-3.176190659666578E-10i;2.1142176433530357E-7+3.487739055265871E-10i;3.0510581087089816E-7+8.013591602446025E-10i;-7.913666124936031E-8-1.1159764766652828E-10i;1.1488435110939918E-7+1.599610849946519E-10i;-2.979861185589565E-7-1.964333962499201E-9i;3.7206832658470794E-7-3.66296642422074E-15i;1.474995944767817E-7+4.4875771613884275E-15i;1.601398419301404E-7+1.204523502742414E-13i;-3.3938098639818727E-7-2.5581064471592145E-13i;-1.4202546059643407E-7+2.4928522286809607E-14i;9.271266530538957E-8+8.030408985502074E-14i;1.775331728205324E-7+3.663999599499786E-14i;-2.579566100395284E-7-9.48887736810457E-14i;2.1979915362810868E-8-1.3893976443146693E-13i;-2.276644971695367E-7-4.854344684658216E-13i;-1.929608833232507E-7+5.683345817069696E-13i;2.149449983585375E-7+5.758265885996072E-13i;-2.2294194755367688E-7-1.742267570753581E-11i;3.020109449755591E-7-4.0278230518992106E-12i;-9.515378056807594E-8+6.60409054920181E-13i;2.7472490797688646E-7-5.58838384919939E-11i;-1.6478571076465453E-7+2.631918634881086E-11i;2.5041997552255247E-7+1.2552884483552337E-11i;2.532722423560593E-7+2.1556450167037403E-12i
1.2207508793920044E-7-2.667190849038759E-10i;1.9948383037219433E-7+4.1162038159699197E-10i;2.9117698054220627E-7+8.163995706655838E-10i;-1.0279696187359603E-7-8.859162539646728E-11i;1.1567626127196667E-7+2.126404404696033E-10i;-2.828158052654341E-7-1.8253561806307264E-9i;3.743791855827248E-7+2.14326550529729E-15i;1.0595174836167982E-7-3.957737097270522E-15i;1.1614411209807464E-7+1.1581489344105197E-13i;-3.506234450856229E-7-2.56311087985164E-13i;-1.918205697123506E-7+2.5994896070506283E-14i;1.4068216221993914E-7+1.5326771471436543E-13i;1.3015633453307938E-7+1.8685067725301273E-14i;-2.9132515491525436E-7-1.1548267325084146E-13i;-1.7480568560189343E-8-1.3662295467417276E-13i;-1.7093848955863995E-7-3.786995154934423E-13i;-2.629821824485565E-7+6.724190016109453E-13i;1.8805953239190936E-7+6.660206539144812E-13i;-2.0202356818294168E-7-1.533792044885673E-11i;2.5645618301238E-7-3.6202548474972346E-12i;-6.278879709493417E-8+1.5202250747089185E-13i;2.389497338503087E-7-5.639142987075172E-11i;-2.392521244160318E-7+2.6807194440792665E-11i;2.234103103589186E-7+1.1235123006981712E-11i;2.2440489521192192E-7+1.9779668878506056E-12i
1.4428970187503607E-7-2.15819103866413E-10i;1.8754589641459637E-7+4.744668576750326E-10i;2.7724815026037055E-7+8.314399810828608E-10i;-1.2645726246542033E-7-6.5585603063946E-11i;1.1646817141749708E-7+2.6531979585246865E-10i;-2.6764549192764777E-7-1.6863783983407737E-9i;3.759427304010374E-7+9.072754426045442E-15i;6.381752749082723E-8-1.0687530345619234E-14i;7.040953309283588E-8+1.1063969755929965E-13i;-3.5831521673019625E-7-2.5273630889565604E-13i;-2.2626476296218068E-7+3.801220096697822E-14i;1.7406939117486896E-7+2.1710009534544955E-13i;7.947236832048152E-8+9.893958069940758E-15i;-3.1467431215270937E-7-1.0845786341783255E-13i;-4.5380690396582455E-8-1.1244226617243223E-13i;-1.0604127666369133E-7-2.4743785486267516E-13i;-3.1288166512679944E-7+7.100929834386714E-13i;1.2773273418643027E-7+6.90289407047153E-13i;-1.865671982273099E-7-1.2232908267189894E-11i;1.7149160222305654E-7-2.907218111766256E-12i;-3.5329127496735665E-8-2.758252790793165E-13i;1.6170435683681214E-7-4.884728023254469E-11i;-2.9300880019328195E-7+2.3500121344588168E-11i;2.0156040311923934E-7+1.1549338879052838E-11i;1.536468323092424E-7+1.8980935619511807E-12i
1.665043158474825E-7-1.649191228491384E-10i;1.7560796246538697E-7+5.373133337739535E-10i;2.633193200267261E-7+8.464803915242378E-10i;-1.5011756302387494E-7-4.257958066686193E-11i;1.1726008154250722E-7+3.1799915114103245E-10i;-2.524751785432996E-7-1.5474006156458825E-9i;3.7673176414193234E-7+1.5168517047617025E-14i;2.1317692781770396E-8-1.7222959849416707E-14i;2.3593723607017903E-8+9.908002839792908E-14i;-3.622210223824787E-7-2.4497294788142364E-13i;-2.4387026754845996E-7+5.491387952025493E-14i;1.911954110631511E-7+2.6479679685553784E-13i;2.672977055620203E-8-4.431020670673072E-15i;-3.266891534125997E-7-1.0991084565688429E-13i;-5.982138791281725E-8-8.393057672345277E-14i;-3.594712331234505E-8-8.641849730468806E-14i;-3.3882552186684333E-7+6.556223344154061E-13i;4.517411879954538E-8+6.020763327683988E-13i;-1.7843002496181033E-7-8.560622711220169E-12i;6.033879706184372E-8-2.0578083198559075E-12i;-1.1397853276239884E-8-7.33962985908764E-13i;5.663953897060015E-8-3.498503673129176E-11i;-3.2104834149265215E-7+1.713098268894994E-11i;1.8928022105502534E-7+1.3592523916773197E-11i;5.4428323264847486E-8+1.858713661120099E-12i
1.8871892985590288E-7-1.1401914185551227E-10i;1.6367002852808087E-7+6.001598099008967E-10i;2.4939048984196786E-7+8.615208020081048E-10i;-1.7377786354930922E-7-1.957355820220802E-11i;1.1805199164371407E-7+3.706785063265374E-10i;-2.3730486511092162E-7-1.4084228325576652E-9i;3.767327059662452E-7+1.9931918696112483E-14i;-2.130610117215425E-8-2.4283303449558703E-14i;-2.3587864850945914E-8+8.551001164770213E-14i;-3.6222034989532057E-7-2.3448328547854255E-13i;-2.438697932025404E-7+6.579990600073484E-14i;1.9119201750394891E-7+2.954352524712527E-13i;-2.6709442520674713E-8-1.1782441446041577E-14i;-3.2668939890571E-7-9.879952301478326E-14i;-5.981672951645458E-8-5.2179777601706256E-14i;3.593133806498338E-8+4.853267996763511E-14i;-3.388227679435834E-7+5.13558501076353E-13i;-4.5236127945194404E-8+4.289234359595324E-13i;-1.7858141579707052E-7-4.9025701699273184E-12i;-6.005056741952843E-8-1.2275183166144622E-12i;1.1234693925544966E-8-1.1310033867871356E-12i;-5.823722796106527E-8-1.7309451823249265E-11i;-3.2077785831604165E-7+8.883104230439343E-12i;1.8902991964142858E-7+1.6727026713659604E-11i;-5.492722897035546E-8+1.913983748008801E-12i
2.1093354389707704E-7-6.311916088980757E-11i;1.5173209460789987E-7+6.630062860666533E-10i;2.3546165970649157E-7+8.765612125613612E-10i;-1.974381640442169E-7+3.432464325104443E-12i;1.1884390171743618E-7+4.233578614028736E-10i;-2.2213455162897915E-7-1.2694450490943217E-9i;3.759455021401333E-7+2.5163499554267977E-14i;-6.380618348975764E-8-3.261834748275691E-14i;-7.040466011137227E-8+6.393041448382464E-14i;-3.583130923842339E-7-2.2246210612952953E-13i;-2.2626419409095258E-7+5.676742500270165E-14i;1.740604542595607E-7+2.9695950411374467E-13i;-7.9453612912571E-8-1.6686171934691178E-14i;-3.146756738614827E-7-7.746184533150977E-14i;-4.5368660276143803E-8-2.99394774602294E-14i;1.060282010330926E-7+1.8061026584193226E-13i;-3.128765496236384E-7+3.41050180751505E-13i;-1.2777955300691813E-7+2.8126291809110134E-13i;-1.8699650408990825E-7-1.840204511546824E-12i;-1.7117523374161228E-7-5.343215980626243E-13i;3.5186778244950505E-8-1.444615608027632E-12i;-1.6314133090175096E-7+1.1945278483923752E-12i;-2.922484487743857E-7+2.1480150321346896E-13i;2.0085351355585535E-7+2.028658563340842E-11i;-1.5413877620853E-7+2.020649117434143E-12i
2.3314815796368276E-7-1.2219179972381154E-11i;1.397941607130309E-7+7.258527622625727E-10i;2.215328296197659E-7+8.916016231945831E-10i;-2.210984645147994E-7+2.6438486916820056E-11i;1.1963581175920328E-7+4.760372163547997E-10i;-2.069642380963139E-7-1.1304672652638469E-9i;3.7438368111779566E-7+3.114337579399977E-14i;-1.0594078697954868E-7-4.1484741406441064E-14i;-1.1614077637915166E-7+3.8425728685324047E-14i;-3.5061980219758883E-7-2.065885254007589E-13i;-1.918238632389544E-7+4.7849034120268695E-14i;1.4067286582119846E-7+2.6951971379282865E-13i;-1.3013963858810653E-7-2.3924563478625763E-14i;-2.9133047576907064E-7-6.929547970662398E-14i;-1.7468573942289874E-8-9.45463988720758E-15i;1.709281396573795E-7+2.962568558151317E-13i;-2.6298685331211064E-7+6.848257430016636E-14i;-1.8807448626621638E-7+7.565000506271591E-14i;-2.0265719176631237E-7+2.6273467436472933E-13i;-2.560833284940128E-7-8.840407609824866E-14i;6.268354635377652E-8-1.593152084595076E-12i;-2.400799754988395E-7+1.7493999072946765E-11i;-2.3815043007682123E-7-7.479758886814946E-12i;2.223619002908591E-7+2.3764497173111624E-11i;-2.2488400203737136E-7+2.1601396840502464E-12i
2.553627720455174E-7+3.8680800852580265E-11i;1.2785622685332273E-7+7.886992384579087E-10i;2.0760399958039085E-7+9.066420338927226E-10i;-2.4475876497007215E-7+4.9444509588839496E-11i;1.2042772176459527E-7+5.287165711532271E-10i;-1.9179392451258457E-7-9.914894810574563E-10i;3.7207451350293305E-7+3.685966626518208E-14i;-1.4748956941282102E-7-5.021762165707011E-14i;-1.6013974821199307E-7+1.3350036874195733E-14i;-3.3937609203945895E-7-1.9188674616093936E-13i;-1.420330385710106E-7+3.8296730951674905E-14i;9.270393290862029E-8+2.0139386467914017E-13i;-1.7752102793903733E-7-3.342224403890903E-14i;-2.5796730853766624E-7-6.177275969398358E-14i;2.1990486311023232E-8+4.454808574583004E-15i;2.2766206400487257E-7+3.8989496385726955E-13i;-1.9298044879060886E-7-1.404685154913531E-13i;-2.149392903909012E-7-5.912515425347908E-14i;-2.2368726397918762E-7+9.482880249200715E-13i;-3.0158879866401414E-7+4.0428528850122E-15i;9.509411034325778E-8-1.5894153395881258E-12i;-2.7546444843062863E-7+2.910531324434615E-11i;-1.635505576847972E-7-1.3002923301497324E-11i;2.49237482539146E-7+2.657491357349824E-11i;-2.5376668537120025E-7+2.3427345961588457E-12i
2.775773861332938E-7+8.958078155998607E-11i;1.1591829303705089E-7+8.515457146284318E-10i;1.936751695865365E-7+9.216824446494933E-10i;-2.6841906541828214E-7+7.245053234519872E-11i;1.212196317302483E-7+5.813959257815327E-10i;-1.7662361087820823E-7-8.525116964797926E-10i;3.6905907559351427E-7+4.1804281912103466E-14i;-1.882646095692741E-7-5.827284315737987E-14i;-2.0183310038836624E-7-1.1075920429716677E-14i;-3.2491676484968436E-7-1.7656913303626185E-13i;-7.897936225201903E-8+2.5407100106691396E-14i;3.2490022308844116E-8+1.1070492809804589E-13i;-2.2052007986331558E-7-4.2472963536785386E-14i;-2.1640229425798084E-7-6.141287025328331E-14i;7.039946889394539E-8+1.012207835612832E-14i;2.7391841606180797E-7+4.542287437054925E-13i;-1.0809408090520748E-7-3.109859126688652E-13i;-2.020443528248541E-7-1.7837982247646566E-13i;-2.4758182371660734E-7+1.034735229800436E-13i;-3.00181396882487E-7-2.5692654047766433E-13i;1.3248171566541427E-7-1.4866290087882973E-12i;-2.622602923425286E-7+3.4387598938812203E-11i;-7.525095539868295E-8-1.5574436136983157E-11i;2.760734896687361E-7+2.804400376510334E-11i;-2.3461599282150355E-7+2.4739967461296036E-12i
2.997920002199761E-7+1.4048076214155617E-10i;1.0398035926789299E-7+9.143921907568496E-10i;1.7974633963343227E-7+9.36722855456367E-10i;-2.9207936586576315E-7+9.545655517905889E-11i;1.2201154165558457E-7+6.340752802335377E-10i;-1.614532971969791E-7-7.135339115618398E-10i;3.6539264343586867E-7+4.60624743046445E-14i;-2.2812715036750536E-7-6.633909834460439E-14i;-2.407898052529698E-7-4.053839198171792E-14i;-3.0765713669279347E-7-1.605661758264098E-13i;-5.172236098117183E-9+1.0411868396617325E-14i;-3.719366874918568E-8-3.282182339742599E-15i;-2.5832026441958185E-7-5.3020996371830315E-14i;-1.6878183545674517E-7-8.680539689727515E-14i;1.24717824422017E-7+1.766795697065996E-15i;3.082584681510212E-7+4.985851967592148E-13i;-1.4409982906790823E-8-4.0053689949622566E-13i;-1.4865988952301667E-7-2.1907923335496867E-13i;-2.7157930809723343E-7-2.254816887250232E-12i;-2.509172195364638E-7-8.38783528587582E-13i;1.7354759502426212E-7-1.3479923884374747E-12i;-2.0090599595676286E-7+3.2788552597185656E-11i;1.901238403382754E-8-1.4926644677995153E-11i;2.9753696265827535E-7+2.7867291195366742E-11i;-1.6939994798402265E-7+2.541296033595972E-12i
3.220066143020427E-7+1.9138074258993006E-10i;9.204242554515222E-8+9.772386668328657E-10i;1.658175097153511E-7+9.517632662972258E-10i;-3.1573966631645146E-7+1.1846257808897656E-10i;1.2280345154272383E-7+6.867546345100106E-10i;-1.4628298347476708E-7-5.745561263416907E-10i;3.6114689506292707E-7+5.106838398143324E-14i;-2.670036428894182E-7-7.402952409701058E-14i;-2.7676383286602075E-7-6.603442431128933E-14i;-2.8807558880246954E-7-1.4652997051723555E-13i;7.662618051577311E-8-5.895069061108449E-15i;-1.1335823898351125E-7-1.411751949089833E-13i;-2.904475577050854E-7-6.716459313059995E-14i;-1.173779437277075E-7-1.0765181943489602E-13i;1.817839893859671E-7-6.731733832890777E-16i;3.302253830633525E-7+4.948134580640132E-13i;8.182572641854159E-8-4.449633511726746E-13i;-5.947271349304554E-8-1.8170958947150025E-13i;-2.930153432381242E-7-5.846894774854297E-12i;-1.5919272793712465E-7-1.6605636995691488E-12i;2.158343697679709E-7-1.1546724785601254E-12i;-9.884036256246145E-8+2.4780609533968217E-11i;1.1153110127692893E-7-1.1184468690674957E-11i;3.0933345792661145E-7+2.6053414537706834E-11i;-6.747443302569666E-8+2.550842628487202E-12i
3.4422122837867233E-7+2.4228072293611136E-10i;8.010449186464135E-8+1.0400851428673262E-9i;1.518886798255641E-7+9.668036771725545E-10i;-3.3939996677271503E-7+1.4146860103802528E-10i;1.2359536139603052E-7+7.394339886321417E-10i;-1.3111266971927161E-7-4.3557834088321347E-10i;3.564094817108405E-7+5.569006743926124E-14i;-3.048998713980665E-7-8.115879385962261E-14i;-3.0974008333407827E-7-9.075330782036736E-14i;-2.666786971432348E-7-1.3287287048161641E-13i;1.637105309253921E-7-1.7952836718744568E-14i;-1.931758668733288E-7-2.9401235719960286E-13i;-3.1685163048982774E-7-8.538413055395377E-14i;-6.428759952631856E-8-1.13984777208491E-13i;2.3878095158218335E-7+1.8438199611922716E-16i;3.4036663248979996E-7+4.389672871407378E-13i;1.7514397367550703E-7-4.724953551633417E-13i;5.6770568215846786E-8-5.841248396462516E-14i;-3.09793697875576E-7-1.0250570404312915E-11i;-3.514964441666707E-8-2.666800330961319E-12i;2.5632204748592355E-7-9.6117290986502E-13i;3.162263746828621E-8+1.1742382632480502E-11i;1.958224078799659E-7-5.008042269592075E-12i;3.09086519564731E-7+2.2832884712925642E-11i;5.703011099201143E-8+2.5487884071449397E-12i
3.6643584245134346E-7+2.931807032207715E-10i;6.816655821913228E-8+1.1029316188752641E-9i;1.3795984995667991E-7+9.818440880825168E-10i;-3.630602672366154E-7+1.644746239921688E-10i;1.2438727122247672E-7+7.92113342633955E-10i;-1.1594235594004717E-7-2.9660055525963243E-10i;3.5128869922560364E-7+5.928250712008254E-14i;-3.419301082526034E-7-8.796112910566815E-14i;-3.400311808298431E-7-1.1104208588870059E-13i;-2.4398508863423855E-7-1.2146057508789046E-13i;2.5366061687981944E-7-3.4282823776103955E-14i;-2.742951893678296E-7-4.4149136381740634E-13i;-3.380852814234336E-7-1.0102993686159856E-13i;-1.113519628748898E-8-1.09381429361322E-13i;2.936926573372252E-7-9.025380257395627E-15i;3.403623645383879E-7+3.2316196167295533E-13i;2.6188342834645416E-7-4.824903560950586E-13i;1.893068253916458E-7+5.273585630040279E-14i;-3.2081024101719445E-7-1.5093590380393937E-11i;1.0867828801726443E-7-3.699221472178133E-12i;2.9237053752134016E-7-7.420553747801989E-13i;1.7640802584004266E-7-4.5569339479142365E-12i;2.679694831278278E-7+2.6423459927438518E-12i;2.9670800075048486E-7+1.874542376934353E-11i;1.8900135219206471E-7+2.449396360101196E-12i
3.886504565219958E-7+3.440806834834674E-10i;5.622862459617511E-8+1.1657780948686565E-9i;1.2403102009981563E-7+9.968844990182962E-10i;-3.8672056770602E-7+1.8748064693111827E-10i;1.2517918103162785E-7+8.447926965607364E-10i;-1.007720421473078E-7-1.5762276954716375E-10i;3.459182105445293E-7+6.215101944247626E-14i;-3.783421241685555E-7-9.49475701569783E-14i;-3.683713812869178E-7-1.3109740160740921E-13i;-2.2050911099183207E-7-1.1500418099551444E-13i;3.446721364503335E-7-4.851425331775101E-14i;-3.552751875516399E-7-5.752944958119676E-13i;-3.5550159910731124E-7-1.0694044555118886E-13i;4.129318439459042E-8-9.505092974772461E-14i;3.4592113467883486E-7-1.4667630733988315E-14i;3.3315375174701883E-7+2.1762376492738818E-13i;3.415320156410622E-7-4.726791704299521E-13i;3.283679778875173E-7+2.459085242230955E-13i;-3.265664446716707E-7-2.0047184140266174E-11i;2.608289564337264E-7-4.66439718130428E-12i;3.2307735307116843E-7-5.179211882747057E-13i;3.2421413816093376E-7-2.225522195680339E-11i;3.28360238096524E-7+1.1025988917014395E-11i;2.7466706325727477E-7+1.4287733364778984E-11i;3.178374081075877E-7+2.30998433014081E-12i
-3.991134231320606E-8-6.23178138866655E-10i;2.8635306898545944E-7-7.858610834691873E-11i;3.7396655518874345E-7+6.465259841787688E-10i;7.172361227023737E-8-2.43599716106674E-10i;1.1596862037819219E-7-1.049803216422975E-10i;-3.7621515157659396E-7-2.7368320925555434E-9i;2.931940277644577E-7-2.921660288790958E-14i;3.651518226800589E-7+4.826698185318465E-14i;3.2656144882914053E-7+4.40372381782341E-14i;-1.4280682634037058E-7-1.4279701327147802E-13i;3.503978356195067E-7+6.6740585738327214E-15i;-3.401952178361508E-7-4.790784759702149E-13i;2.764568463443117E-7+1.455947448147224E-13i;8.868664882163122E-8+1.4542075970765253E-13i;2.8276957245482124E-7+9.044725798663077E-14i;-2.0297520291599503E-7-2.382240547557926E-13i;2.943332352145656E-7-9.77733975450874E-13i;-3.1813600191773734E-7-4.621394153926102E-13i;-1.8150217877851168E-7+2.440655922329958E-12i;-2.9084019436953834E-7+7.782142548157882E-13i;-1.9275991878097402E-7+1.3624773092723495E-12i;-3.1092128158255635E-7+6.725801562729472E-11i;2.3978515769544874E-7-3.2744217366756044E-11i;8.576120674765097E-8+1.3132721192762463E-11i;-2.7351599168469315E-7+6.698663007134303E-13i
-1.7696728562988127E-8-5.722781577317997E-10i;2.7441513506332135E-7-1.5739632536943557E-11i;3.6003772465786745E-7+6.615663945065983E-10i;4.806331150896629E-8-2.205936939977836E-10i;1.1676053053211341E-7-5.230096613286256E-11i;-3.6104483842716193E-7-2.5978543121862227E-9i;2.986847088020731E-7-2.519899846153931E-14i;3.294078049373507E-7+4.2030981232079867E-14i;3.0029405434126564E-7+5.554293597765462E-14i;-1.6635384701358512E-7-1.573938946539243E-13i;2.600452913744737E-7+6.766258577152049E-15i;-2.610476704180816E-7-3.7451956858316903E-13i;2.6284843516453714E-7+1.2945890907441202E-13i;3.9039573071697213E-8+1.0277275646093767E-13i;2.344571087675997E-7+3.677902818632809E-14i;-2.1598502671056162E-7-3.1183262710211726E-13i;2.2566704914189165E-7-6.722836507280463E-13i;-1.8191153153086555E-7-2.7657554256307773E-13i;-1.790588120834107E-7-2.0265702893543173E-12i;-1.4149088412957654E-7-2.4628701667508817E-13i;-1.6865068736925212E-7+1.3437502871533665E-12i;-1.7289650192822998E-7+4.238513622470998E-11i;1.9481496190776267E-7-2.07908463059895E-11i;1.1198603296051386E-7+1.2438005292948904E-11i;-1.6171168457767806E-7+9.90186441575484E-13i
4.517885195545274E-9-5.213781766093386E-10i;2.624772011433672E-7+4.71068433003433E-11i;3.461088941417448E-7+6.766068048631137E-10i;2.4403010754914455E-8-1.9758767188391997E-10i;1.1755244068396209E-7+3.7838936464799075E-13i;-3.4587452526825233E-7-2.458876531737495E-9i;3.039128083821727E-7-2.1721471940369863E-14i;2.932707843064432E-7+3.4740810716126685E-14i;2.727624115650003E-7+6.59807644637034E-14i;-1.8893855558454254E-7-1.6916282388245455E-13i;1.710906951549363E-7+3.504920030580969E-15i;-1.8233198786342253E-7-2.6498704977704815E-13i;2.4663510339904105E-7+1.0914957333063436E-13i;-1.026210731664858E-8+6.243503254621365E-14i;1.84375006602144E-7-1.5501302074380125E-15i;-2.2353180063242196E-7-3.8396717991036966E-13i;1.5317064377338395E-7-4.133507663604198E-13i;-5.308390017184678E-8-6.582976811423239E-14i;-1.7155993841294979E-7-6.054975098550925E-12i;-1.0715735047128658E-9-1.233536501178782E-12i;-1.4101217376505777E-7+1.2431007805798493E-12i;-3.97432119659859E-8+1.7683470173206583E-11i;1.4303664263544572E-7-8.946925814345811E-12i;1.2826177908282818E-7+1.1037135326508105E-11i;-5.0012442939605416E-8+1.1498748303794081E-12i
2.6732498969290878E-8-4.704781955020102E-10i;2.5053926722577754E-7+1.0995331917177447E-10i;3.321800636507187E-7+6.916472152528173E-10i;7.427100141662781E-10-1.7458164975667982E-10i;1.1834435083288795E-7+5.305774484072607E-11i;-3.307042120932017E-7-2.319898751138752E-9i;3.0874251854902116E-7-1.8649870995365135E-14i;2.5647819915042295E-7+2.7806566659069008E-14i;2.4321174436442935E-7+7.864413587240111E-14i;-2.1009120725859247E-7-1.798984111507348E-13i;8.52700538071323E-8+6.462079125401708E-15i;-1.053407287607083E-7-1.627211152996286E-13i;2.2650723276490543E-7+8.71549993672E-14i;-5.8743247865001634E-8+2.688758431271192E-14i;1.3290067847347027E-7-4.269328989197448E-14i;-2.2299789465559755E-7-4.2347366090249053E-13i;7.660436495979467E-8-1.293069464269451E-13i;5.913843695245116E-8+1.2723623225220645E-13i;-1.5870943225428924E-7-9.312231996534007E-12i;1.1999709292442436E-7-2.048460811978978E-12i;-1.1107910846189067E-7+1.0856497251394643E-12i;7.905613122776987E-8-5.469080864635292E-12i;8.326693869937703E-8+2.1442550892808564E-12i;1.3289434342449363E-7+8.880819117682566E-12i;5.3811539434248356E-8+1.1998449805510684E-12i
4.894711276376416E-8-4.1957821441815353E-10i;2.3860133331193243E-7+1.7279979506497414E-10i;3.1825123319238046E-7+7.066876256549708E-10i;-2.291759070844591E-8-1.5157562760697696E-10i;1.1913626097572447E-7+1.0573710027013765E-10i;-3.1553389889438074E-7-2.1809209702960694E-9i;3.1306562909800437E-7-1.481749740523522E-14i;2.1889518108291902E-7+2.127592115280555E-14i;2.1128237041768038E-7+9.339240214470537E-14i;-2.293448271259584E-7-1.8993121760396227E-13i;4.886838326848407E-9+6.6743724514792215E-15i;-3.2210526965423785E-8-6.958467420770008E-14i;2.0187688447722006E-7+6.36171048044436E-14i;-1.0516091533065945E-7-8.991422790137095E-15i;8.169703520499124E-8-8.654554955014186E-14i;-2.128256126298914E-7-4.5247979389535663E-13i;-1.532701241720443E-9+1.1626972493391578E-13i;1.4472823986241535E-7+2.3024068721960554E-13i;-1.4155155553936403E-7-1.1501826129739542E-11i;2.1033073834659E-7-2.618610685934928E-12i;-8.142554154038273E-8+8.994694087165869E-13i;1.7153690409600367E-7-2.5009765912480314E-11i;1.7819289582056072E-8+1.1533079876555663E-11i;1.2612668815241488E-7+6.070847836252516E-12i;1.3806569530064833E-7+1.0648842724110134E-12i
7.116172658305485E-8-3.6867823336951577E-10i;2.266633994037124E-7+2.356462709573002E-10i;3.0432240277204935E-7+7.217280360384184E-10i;-4.657789140931975E-8-1.2856960542351963E-10i;1.1992817110838467E-7+1.584164556208526E-10i;-3.0036358566431524E-7-2.041943189112144E-9i;3.167944199529422E-7-1.0741152676182613E-14i;1.8048723621688049E-7+1.3475114403054647E-14i;1.769102154698382E-7+9.844564502799231E-14i;-2.462419052304838E-7-1.979813975751862E-13i;-6.747820341889784E-8+8.65776355499187E-15i;3.4468078665579425E-8+1.3345909162274318E-14i;1.7267838480733746E-7+4.079238001747772E-14i;-1.4783270616738048E-7-4.246930348485883E-14i;3.3154040313222745E-8-1.1124931301882916E-13i;-1.9239827664762114E-7-4.140580954288233E-13i;-7.718114969806453E-8+3.152303514892174E-13i;1.9558421127188965E-7+3.389686661136238E-13i;-1.219513179384365E-7-1.2401745330803072E-11i;2.607194336452898E-7-2.8799059605082905E-12i;-5.479414634762623E-8+6.177435264838725E-13i;2.2722460567703997E-7-3.904637872323962E-11i;-4.893602557990763E-8+1.8266665590704176E-11i;1.1008889607958266E-7+3.3268707791801043E-12i;1.9169987121661693E-7+8.738362484655713E-13i
9.337634043083902E-8-3.177782523600669E-10i;2.1472546550280318E-7+2.984927468405507E-10i;2.903935723938323E-7+7.36768446394787E-10i;-7.023819208514218E-8-1.0556358319504137E-10i;1.207200812271291E-7+2.1109581087284892E-10i;-2.851932723971575E-7-1.9029654075293647E-9i;3.198585606663765E-7-5.668665966989588E-15i;1.413020281474865E-7+5.3373197282097864E-15i;1.40263911561702E-7+9.710318501256891E-14i;-2.603517810379326E-7-2.0140845840925973E-13i;-1.2919687522979232E-7+1.2648059828082198E-14i;9.194479823502151E-8+8.732416379619066E-14i;1.3925205020143317E-7+1.7166848453652232E-14i;-1.84885215717015E-7-8.687070548198199E-14i;-9.99748668327681E-9-1.2520364261809958E-13i;-1.6200838523341642E-7-3.7145611058691173E-13i;-1.4552036511870544E-7+4.613423284355625E-13i;2.074557249811104E-7+4.4168695161428125E-13i;-1.0226017588490854E-7-1.1942671710944933E-11i;2.6633391290652476E-7-2.8035738819164745E-12i;-3.3306293044178206E-8+2.970233708326458E-13i;2.3987353493633896E-7-4.610555997849286E-11i;-1.1154479211821079E-7+2.175000647468094E-11i;8.858435214598928E-8+1.2683211751717065E-12i;2.0740548645189558E-7+6.735400761019885E-13i
1.1559095430989345E-7-2.6687827138855414E-10i;2.0278753161076663E-7+3.6133922271968197E-10i;2.764647420607119E-7+7.518088567365945E-10i;-9.389849273327961E-8-8.255756091382567E-11i;1.2151199132877047E-7+2.6377516601983187E-10i;-2.700229590886088E-7-1.7639876255304576E-9i;3.2220376140446575E-7;1.014479013143822E-7-2.071656547158427E-15i;1.0167672475780175E-7+9.468843840748216E-14i;-2.712974380138092E-7-2.0188775628345455E-13i;-1.7787243823539527E-7+1.7272830068823403E-14i;1.3765155615465953E-7+1.5381434341803194E-13i;1.0222533603850001E-7+5.285052658882552E-15i;-2.1452028055321334E-7-1.0543008786429803E-13i;-4.5109981413800214E-8-1.215242713483196E-13i;-1.2277647144642843E-7-2.936154931592701E-13i;-2.01777298248055E-7+5.52813768680007E-13i;1.8118990588944036E-7+4.640581248239442E-13i;-8.488658185003839E-8-1.0183001949226531E-11i;2.2815082699042747E-7-2.4348977275995015E-12i;-1.787827345289268E-8-1.0283163434586324E-14i;2.09287917979027E-7-4.569854179101798E-11i;-1.6442433429368298E-7+2.1675617023795734E-11i;6.631862273661081E-8+2.7109526021646974E-13i;1.8369430764255557E-7+5.365497388171335E-13i
1.3780556822172517E-7-2.1597829045124227E-10i;1.9084959772962366E-7+4.241856985998751E-10i;2.6253591177475537E-7+7.668492670811414E-10i;-1.1755879335215258E-7-5.955153857322811E-11i;1.2230390141031355E-7+3.164545210599751E-10i;-2.5485264573551274E-7-1.6250098431158616E-9i;3.237894436847937E-7+6.483436566087163E-15i;6.108399694034544E-8-8.805820498676606E-15i;6.161986659751109E-8+9.016046929960579E-14i;-2.787734782086234E-7-1.972858705317829E-13i;-2.115139393184333E-7+3.6787962066015334E-14i;1.6942952062475727E-7+2.2041477088893681E-13i;6.24746814294553E-8-4.0407597027438164E-16i;-2.3521340773065493E-7-9.830963475506698E-14i;-6.991718120118275E-8-9.460931925390334E-14i;-7.662519882253746E-8-1.7502355718824425E-13i;-2.4184774628809426E-7+5.725705869379389E-13i;1.2295526602252622E-7+4.987664890818247E-13i;-7.198162733880937E-8-7.433072086757239E-12i;1.5326988816560432E-7-1.790068904547918E-12i;-8.090719961282478E-9-2.848489521650621E-13i;1.4190756119795242E-7-3.843083756676566E-11i;-2.026963065809882E-7+1.84321505880726E-11i;4.807216801806145E-8+5.574607024034746E-13i;1.2579169522421764E-7+4.612273652537283E-13i
1.600201821672805E-7-1.6507830954281751E-10i;1.7891166386089096E-7+4.870321744936433E-10i;2.4860708153706595E-7+7.818896774510233E-10i;-1.4121909394058407E-7-3.654551617263722E-11i;1.2309581146942651E-7+3.6913387599416236E-10i;-2.3968233233590195E-7-1.4860320602998174E-9i;3.2458941548601837E-7+1.2326076858422501E-14i;2.0400553665635424E-8-1.5094082197233697E-14i;2.064501236995561E-8+7.775827865328728E-14i;-2.8256607898745575E-7-1.915145870072096E-13i;-2.2870095240504413E-7+5.178667973361969E-14i;1.8571847357672426E-7+2.621302105897344E-13i;2.102171376026539E-8-7.347643526653387E-15i;-2.458447321414519E-7-9.72649269239819E-14i;-8.274626597170157E-8-6.852908681077764E-14i;-2.6051731344086565E-8-3.4040957029991145E-14i;-2.626566636344447E-7+5.396098086503145E-13i;4.3455741093430383E-8+4.762722495240523E-13i;-6.517883490513423E-8-4.192228231594728E-12i;5.397365985943496E-8-1.0405266700536059E-12i;-2.261192672292453E-9-5.244071601272473E-13i;4.9814880986784405E-8-2.586515129478302E-11i;-2.2263704502769288E-7+1.2647982863370405E-11i;3.7764262603019786E-8+2.1015151113940633E-12i;4.461873917012971E-8+4.569508388365868E-13i
1.8223479614660154E-7-1.1417832866055339E-10i;1.6697373000623284E-7+5.498786504148892E-10i;2.3467825134809048E-7+7.969300878691678E-10i;-1.648793944982485E-7-1.3539493712932022E-11i;1.2388772150419967E-7+4.218132308223795E-10i;-2.2451201888879694E-7-1.347054277099783E-9i;3.245902474321896E-7+1.7768571816585556E-14i;-2.039190052413587E-8-2.1950168107095414E-14i;-2.0642343542045765E-8+6.554260347120791E-14i;-2.825652711492909E-7-1.8465224492875313E-13i;-2.2870002302876297E-7+6.081283599638552E-14i;1.857151455684676E-7+2.8352432718649656E-13i;-2.1010204108621007E-8-1.0020603327899413E-14i;-2.458441891521554E-7-7.89575605118246E-14i;-8.274183558232157E-8-3.960780466420101E-14i;2.6042201699240277E-8+7.193064621368293E-14i;-2.6265169602525995E-7+4.2069008027594646E-13i;-4.351135003523052E-8+3.6355405491757896E-13i;-6.53139943727548E-8-9.25163826257979E-13i;-5.389039362615571E-8-2.6319556490936765E-13i;2.141720023124553E-9-7.600868071525308E-13i;-5.095375188581469E-8-1.0343982600406057E-11i;-2.2239224869559992E-7+5.395188247563807E-12i;3.755944426166687E-8+4.546706926587818E-12i;-4.479472610075901E-8+5.062288237232118E-13i
2.0444941015706435E-7-6.327834780453937E-11i;1.550357961691406E-7+6.127251263750917E-10i;2.2074942120783344E-7+8.119704983594758E-10i;-1.8853969502709619E-7+9.466528800532158E-12i;1.246796315122558E-7+4.744925855445375E-10i;-2.0934170539330523E-7-1.2080764935353942E-9i;3.2379182836803876E-7+2.2088054930688318E-14i;-6.107528104613674E-8-2.987920724748795E-14i;-6.161727375991893E-8+4.87870155717646E-14i;-2.787708200500928E-7-1.7250990455929307E-13i;-2.1151283146880515E-7+5.471607107724217E-14i;1.6942207437680308E-7+2.805927267143411E-13i;-6.246313572373834E-8-1.3563635028102333E-14i;-2.3521338667174575E-7-6.168548928105686E-14i;-6.990808114400943E-8-1.9797181726852258E-14i;7.661510338898447E-8+1.583307867201616E-13i;-2.418403139873222E-7+2.4494342588739786E-13i;-1.229870676786383E-7+1.5302915637184455E-13i;-7.236044166067279E-8+1.8471210802498085E-12i;-1.531495806719622E-7+3.6014955596463524E-13i;7.989418428942393E-9-9.554292663489688E-13i;-1.429146427798656E-7+5.422859706537624E-12i;-2.0201327579148724E-7-2.097822836277993E-12i;4.7486614193461905E-8+7.374603508986258E-12i;-1.259477418937076E-7+5.94788026095786E-13i
2.266640241922195E-7-1.2378366990196704E-11i;1.430978623559326E-7+6.755716023677134E-10i;2.0682059111573193E-7+8.27010908931418E-10i;-2.1219999553243913E-7+3.247255136930609E-11i;1.2547154149039807E-7+5.27171940152979E-10i;-1.9417139184851794E-7-1.0690987096161055E-9i;3.222075733205881E-7+2.74522106517084E-14i;-1.0143894746690819E-7-3.8266531622697034E-14i;-1.0167367963183152E-7+2.734900580170234E-14i;-2.712926327050223E-7-1.5665386375964262E-13i;-1.7787413232300548E-7+4.564849876479995E-14i;1.3764389579581985E-7+2.5338218237919385E-13i;-1.0221213446490848E-7-1.9970301692159516E-14i;-2.1452225105381585E-7-5.569366858632599E-14i;-4.510180437397834E-8-7.393707434503929E-16i;1.2276314543518358E-7+2.42796040748078E-13i;-2.017749320468743E-7+2.437753165897652E-14i;-1.8119425381320046E-7+3.0275386794894797E-15i;-8.544188167400726E-8+3.724504866333328E-12i;-2.279783060247149E-7+7.725285789356389E-13i;1.780145597629369E-8-1.0365450211308682E-12i;-2.1006181467196498E-7+1.8907890190947555E-11i;-1.634295068702517E-7-8.48640351579193E-12i;6.544774600712804E-8+1.016598512728435E-11i;-1.8382397476438437E-7+7.150677237420509E-13i
2.488786382439273E-7+3.8521613743466206E-11i;1.3115992857381312E-7+7.384180783691817E-10i;1.9289176107063793E-7+8.420513195725286E-10i;-2.3586029602147028E-7+5.547857400948422E-11i;1.2626345143576578E-7+5.798512946266201E-10i;-1.7900107825437045E-7-9.301209253348499E-10i;3.198638404746517E-7+3.297531108948757E-14i;-1.4129338981080178E-7-4.634906211381075E-14i;-1.4026223475011905E-7+6.683416710847216E-15i;-2.6034575372206845E-7-1.4163676901727177E-13i;-1.2920398515882818E-7+3.358610771939464E-14i;9.194052245500894E-8+1.9155391844518242E-13i;-1.39240036003106E-7-2.6893835767972963E-14i;-1.8489394677636992E-7-4.6612334408784445E-14i;-9.994864722691628E-9+9.412627035603479E-15i;1.6199777356536272E-7+3.092047714794254E-13i;-1.4553737418304006E-7-1.2020476447731788E-13i;-2.074404002944181E-7-1.0503176416758808E-13i;-1.029045282664264E-7+4.301365543469198E-12i;-2.661162212402826E-7+8.553657091281739E-13i;3.3262096997469084E-8-9.876398760869874E-13i;-2.4036305820336906E-7+2.7933088427463692E-11i;-1.1043700457610382E-7-1.2792337434241126E-11i;8.759683696402339E-8+1.238418236210594E-11i;-2.0754437621586154E-7+8.765917856507366E-13i
2.710932523039203E-7+8.942159436907861E-11i;1.1922199482920059E-7+8.012645543569324E-10i;1.7896293107063405E-7+8.570917302726981E-10i;-2.595205965016034E-7+7.848459673059215E-11i;1.2705536134631438E-7+6.325306489521403E-10i;-1.6383076461172447E-7-7.911431406945708E-10i;3.1680082386690847E-7+3.75342204187691E-14i;-1.8047959764737998E-7-5.409561200705466E-14i;-1.7691172624618814E-7-1.3994802786463138E-14i;-2.4623304128612103E-7-1.2651692180767196E-13i;-6.748652009484512E-8+2.293664820703361E-14i;3.4463344887281544E-8+1.0287466107200049E-13i;-1.7266955328576707E-7-3.6881333318153746E-14i;-1.4784362089676078E-7-4.395802551134008E-14i;3.3153612321126796E-8+1.7935680264804638E-14i;1.9239350728387267E-7+3.479050603429595E-13i;-7.721026866846528E-8-2.425235890240744E-13i;-1.9556789494484334E-7-1.9196276357643665E-13i;-1.225792803730706E-7+3.4858696747703396E-12i;-2.6047572416640234E-7+6.034286543999998E-13i;5.4780504843968316E-8-8.686164212290823E-13i;-2.2740805598919714E-7+3.110728358456824E-11i;-4.7914375818113064E-8-1.4341848070242831E-11i;1.0917767041654319E-7+1.3483237746226274E-11i;-1.9187326962095375E-7+9.448388514670953E-13i
2.9330786636654293E-7+1.4032157488238518E-10i;1.072840611241703E-7+8.641110303221418E-10i;1.6503410111206086E-7+8.721321410290598E-10i;-2.83180896977974E-7+1.0149061952674587E-10i;1.278472712225559E-7+6.85210003132362E-10i;-1.4866045092374867E-7-6.521653557250845E-10i;3.1307299078638706E-7+4.2004196625963116E-14i;-2.188887791533795E-7-6.208239938207771E-14i;-2.112875038349776E-7-4.1810137713680424E-14i;-2.293325878147632E-7-1.1445689805024589E-13i;4.875927027551788E-9+6.847393305134247E-15i;-3.221355974705429E-8-1.3623896965709305E-14i;-2.0187049403940798E-7-4.98675257412734E-14i;-1.0517365441049164E-7-6.854452187514852E-14i;8.168969156705976E-8+1.7382816507302702E-14i;2.128233783105291E-7+3.480647471369861E-13i;-1.578610217805735E-9-2.9596256701423696E-13i;-1.4471812925289741E-7-1.6978844493877238E-13i;-1.4204722583044105E-7+1.2274125985993377E-12i;-2.100698845250002E-7+4.986144861348175E-14i;8.14336309678257E-8-7.434024621815343E-13i;-1.7141056238087307E-7+2.803475224840168E-11i;1.854146959292364E-8-1.2996948533353625E-11i;1.2545661474839838E-7+1.3119714208508159E-11i;-1.382875630143732E-7+9.840342324529947E-13i
3.155224804291432E-7+1.9122155527760601E-10i;9.534612745678115E-8+9.269575062615005E-10i;1.511052711899877E-7+8.871725518300928E-10i;-3.068411974536221E-7+1.2449664239784582E-10i;1.286391810674559E-7+7.378893571752072E-10i;-1.334901371957692E-7-5.131875704615605E-10i;3.087507604432173E-7+4.6203794327068654E-14i;-2.564739357699993E-7-6.938733308096057E-14i;-2.4322345822578566E-7-6.391629584093067E-14i;-2.100755681042578E-7-9.856761182994499E-14i;8.525865221243186E-8-5.7792316953767634E-15i;-1.0534429424034237E-7-1.3630558135469742E-13i;-2.265087896451296E-7-5.945803125052428E-14i;-5.875593683118958E-8-8.294883629239893E-14i;1.3288989567180238E-7+1.012712991447437E-14i;2.2300793198667157E-7+3.2204662553855526E-13i;7.654944377942492E-8-3.405386320877846E-13i;-5.9136091970520934E-8-1.5185629681999623E-13i;-1.5898445679490236E-7-2.137498227619471E-12i;-1.1973150303128752E-7-7.223982672966043E-13i;1.1111748704162454E-7-5.699340596136738E-13i;-7.864287081371666E-8+1.9171222655635168E-11i;8.352597430946328E-8-8.821960148181439E-12i;1.3262821575912766E-7+1.159050263003326E-11i;-5.409281623421069E-8+1.0187828514448626E-12i
3.377370944917228E-7+2.4212153557948355E-10i;8.340819382128127E-8+9.898039821904921E-10i;1.3717644129822558E-7+9.02212962677397E-10i;-3.3050149792972256E-7+1.475026653160318E-10i;1.2943109088633332E-7+7.905687111053048E-10i;-1.1831982343508236E-7-3.742097849638919E-10i;3.039219186961695E-7+5.037659932005091E-14i;-2.932684589066756E-7-7.640651810669476E-14i;-2.727796654617758E-7-8.634306118976511E-14i;-1.8891934759543837E-7-8.462360868597478E-14i;1.7107757932719906E-7-2.23853240046306E-14i;-1.8233471562893416E-7-2.726153840915698E-13i;-2.4664131282326783E-7-7.130461746669067E-14i;-1.0273664968243589E-8-9.343562665745003E-14i;1.843588261905748E-7-7.46778000408498E-16i;2.2354670790081497E-7+2.86645656416492E-13i;1.5310597474307663E-7-3.508026875327019E-13i;5.3064174838841444E-8-9.597694416958445E-14i;-1.715345963140836E-7-6.2797900751076634E-12i;1.324080238064487E-9-1.6045309613704521E-12i;1.4106210461086148E-7-3.855619354447349E-13i;4.040483826629193E-8+5.769565252569563E-12i;1.4270578999727498E-7-2.490684238717569E-12i;1.2848222419762702E-7+8.726181150281683E-12i;4.968581183786371E-8+9.868591942647669E-13i
3.5995170855546636E-7+2.9302151583068456E-10i;7.147026020908227E-8+1.052650458124751E-9i;1.2324761142935228E-7+9.172533735711691E-10i;-3.5416179840664697E-7+1.7050868824860875E-10i;1.3022300068658676E-7+8.432480649619507E-10i;-1.031495096506584E-7-2.3523199930326865E-10i;2.9869493685933943E-7+5.438349264502388E-14i;-3.29408986775992E-7-8.310182708604372E-14i;-3.0032228069868285E-7-1.061177838668199E-13i;-1.663318220231646E-7-7.018289954896132E-14i;2.6003466521291604E-7-3.581868648876759E-14i;-2.610561874904445E-7-4.0363099950546377E-13i;-2.628708379506579E-7-8.092190200664295E-14i;3.903532096472975E-8-9.170197635374213E-14i;2.3444828387823492E-7-5.339561410890182E-15i;2.160258210903714E-7+1.9655731302074045E-13i;2.2562442604839196E-7-3.604168665905826E-13i;1.818839405690016E-7-2.2628733717289235E-14i;-1.7870667128630808E-7-1.0831781754428298E-11i;1.4173087419938513E-7-2.5457255286093272E-12i;1.6873900101531408E-7-1.8715585318259592E-13i;1.7378982737914844E-7-1.0497965155624949E-11i;1.9387867157448817E-7+5.2001238170860125E-12i;1.1276284756278828E-7+4.8373367258236475E-12i;1.6139788923206998E-7+8.9336011867186E-13i
3.821663226210608E-7+3.439214960739959E-10i;5.953232660900664E-8+1.1154969340742464E-9i;1.0931878157448345E-7+9.32293784503887E-10i;-3.778220988835332E-7+1.9351471116998502E-10i;1.310149104772665E-7+8.959274187894798E-10i;-8.797919585246362E-8-9.625421355594235E-11i;2.9320418229092186E-7+5.672697213463528E-14i;-3.6515442521738277E-7-9.075337375575235E-14i;-3.2659389287943354E-7-1.2925298915356705E-13i;-1.4277763994269862E-7-6.143930287605246E-14i;3.503961946368546E-7-5.238528729393488E-14i;-3.4021108138889454E-7-5.422885425132201E-13i;-2.7648133980675546E-7-9.296791228377475E-14i;8.869108249753228E-8-8.934157231583039E-14i;2.8275851611351733E-7-1.607177253999877E-14i;2.0301217625634075E-7+8.280670523158E-14i;2.942919334906955E-7-3.489675510407585E-13i;3.1812989946623124E-7+1.661061932009194E-13i;-1.807739340711062E-7-1.5580262458686997E-11i;2.910978084923569E-7-3.4907436236732853E-12i;1.9285902567815248E-7+1.8675007983372313E-14i;3.1203090494128026E-7-2.807257502862782E-11i;2.3818514911371308E-7+1.3499284384142813E-11i;8.703841571911719E-8+5.748065528581482E-13i;2.7322971448867955E-7+7.378687160484554E-13i
-4.6395475851702304E-8-6.233373248905519E-10i;2.8965676986405116E-7-1.2886726617274956E-10i;3.592543167402208E-7+5.819352708258211E-10i;8.062208151840355E-8-2.3756565169934873E-10i;1.2180435075693058E-7-5.384559427221706E-11i;-3.6342230547346024E-7-2.675463538276867E-9i;2.4059046306961494E-7-2.8262034797109892E-14i;3.5129383276392837E-7+4.810985970774068E-14i;2.830233996499534E-7+1.7142830932416824E-14i;-6.627063716549369E-8-8.330331044223248E-14i;3.548610301634406E-7+1.238302266837148E-14i;-3.2320159164752025E-7-4.4707563438867963E-13i;1.9535765390400608E-7+1.1192249081966707E-13i;1.3122879084731178E-7+1.2473316929822044E-13i;2.1778331281723775E-7+1.0701658691911598E-13i;-7.315746988728903E-8-1.1925925605689865E-14i;2.3794637670461203E-7-7.882770955539577E-13i;-3.0397699259855895E-7-5.174871330416321E-13i;-4.249877740896018E-8+8.12683442153529E-12i;-3.1472685344498524E-7+2.031661903098694E-12i;-6.641214803082471E-8+2.753118765554387E-13i;-2.892146182796592E-7+5.5924727182214707E-11i;1.4020591424055374E-7-2.680872546730416E-11i;-8.244371100899966E-8-1.204231397157302E-12i;-2.154759523888573E-7-7.821309013961592E-13i
-2.418086210937029E-8-5.724373437858505E-10i;2.77718835967156E-7-6.602079044720492E-11i;3.453254862010581E-7+5.969756810908295E-10i;5.696178074806176E-8-2.1455962959192977E-10i;1.225962608880022E-7-1.1662389047193605E-12i;-3.4825199232422996E-7-2.5364857578746474E-9i;2.462820977832433E-7-2.501844287930479E-14i;3.164453101354581E-7+4.21171204433429E-14i;2.5950212077005166E-7+2.6379056908575956E-14i;-9.005136767255138E-8-9.632887024611166E-14i;2.650841886531548E-7+7.70321908801988E-15i;-2.4631288570916195E-7-3.4371106615300807E-13i;1.8670936153043974E-7+9.434913951083435E-14i;8.51591036665307E-8+8.037364267221227E-14i;1.7467848938327068E-7+4.687698652836625E-14i;-9.354156162043442E-8-1.0118923171909423E-13i;1.836015095317219E-7-5.574821529490704E-13i;-1.7044864765595453E-7-3.626849893553946E-13i;-4.495103791432319E-8+3.620962338272715E-12i;-1.6839063248438736E-7+9.39140852768097E-13i;-4.9976389352446226E-8+3.373001475770709E-13i;-1.635154427701835E-7+3.4620267857741315E-11i;1.1560842205860104E-7-1.663690365771419E-11i;-5.179883760978292E-8-9.727177893316566E-13i;-1.2611285842808055E-7-4.958434389184126E-13i
-1.966248359804374E-9-5.21537362702961E-10i;2.657809020802272E-7-3.1743147147393616E-12i;3.3139665567730004E-7+6.120160913767428E-10i;3.3301479983385544E-8-1.9155360747454074E-10i;1.233881710097998E-7+5.1513116412441133E-11i;-3.330816791626346E-7-2.3975079773684035E-9i;2.5167138551271844E-7-2.1010134383573494E-14i;2.813554474438826E-7+3.585519171509147E-14i;2.351541206516881E-7+4.11374461324985E-14i;-1.1261977405423234E-7-1.1073980981116886E-13i;1.7688912769290903E-7+7.251247003003381E-15i;-1.701226455455512E-7-2.384132739240605E-13i;1.7615047652455242E-7+7.946526242844236E-14i;4.025394891072604E-8+5.706261525773695E-14i;1.301110108762688E-7+2.031129467233665E-14i;-1.0930433414960688E-7-1.7455959506957553E-13i;1.273558619790702E-7-3.0959769188500675E-13i;-4.457938348853058E-8-1.5022958674012714E-13i;-4.17229851934975E-8-4.4171800982742046E-13i;-3.104659201696343E-8-2.2483887122710977E-14i;-3.060549787171778E-8+3.5543720940606497E-13i;-4.308293307769607E-8+1.376992008972245E-11i;8.717022772540417E-8-6.6684287024944695E-12i;-3.2321254341234817E-8-1.4549654300696955E-12i;-3.790952513484329E-8-2.6417855809577843E-13i
2.0248365402889446E-8-4.706373816489865E-10i;2.538429682049758E-7+5.96721610247961E-11i;3.174678251790748E-7+6.270565016819477E-10i;9.641179229479454E-9-1.685475853384833E-10i;1.2418008112006143E-7+1.0419247166367353E-10i;-3.1791136598089056E-7-2.2585301966755786E-9i;2.566313475101815E-7-1.8435000879080288E-14i;2.457738517017353E-7+2.880838151146486E-14i;2.0930588597794153E-7+5.453995163176161E-14i;-1.3359246564908277E-7-1.2197889918867983E-13i;9.198160972986745E-8+1.3410412050110462E-15i;-9.587179624157423E-8-1.3841625775897458E-13i;1.6265261021427557E-7+5.999438253176431E-14i;-3.2588239863990792E-9+1.9093266062654053E-14i;8.448864424021037E-8-2.6745346823575277E-14i;-1.1860797546470534E-7-2.3497954005102406E-13i;6.88058854599768E-8-9.441235132743739E-14i;6.45887467043446E-8+8.266965713830268E-15i;-3.3155911980442096E-8-3.7893722932090234E-12i;8.763933946725192E-8-8.876621330887921E-13i;-1.0549425459126507E-8+3.113735488774561E-13i;6.38404239780558E-8-5.402237707531765E-12i;5.386488875483822E-8+2.464164530276445E-12i;-2.425621303522557E-8-2.8472292922800083E-12i;4.328066519997777E-8-2.338353800655571E-13i
4.246297918384271E-8-4.1973740063149945E-10i;2.419050343424542E-7+1.2251863676037249E-10i;3.035389947140187E-7+6.420969119893033E-10i;-1.4019121509129753E-8-1.4554156317592033E-10i;1.249719912163648E-7+1.5687182682824168E-10i;-3.0274105277191365E-7-2.1195524157102895E-9i;2.610594408075605E-7-1.5377101080925774E-14i;2.0955411054072246E-7+2.263452865831189E-14i;1.8158815760026807E-7+7.028584368371103E-14i;-1.5257363865651413E-7-1.3629309549351469E-13i;1.2595470560704926E-8-9.992938714993633E-16i;-2.5553327983679646E-8-5.381741711943249E-14i;1.4568316502819927E-7+4.1971778067869476E-14i;-4.448549477374467E-8-3.514306491872987E-15i;3.9249028491118264E-8-6.647851482183043E-14i;-1.2016978804871617E-7-2.88597251920108E-13i;9.532712105169944E-9+1.138714404589041E-13i;1.4736912015694527E-7+1.0456023787032041E-13i;-2.03983200650945E-8-6.10596287148549E-12i;1.7705466261868034E-7-1.4535794645849962E-12i;7.36277800256667E-9+2.6831828421540794E-13i;1.4692396678781431E-7-2.121143967726735E-11i;1.670982593269467E-8+9.976049753837633E-12i;-2.694816892209669E-8-4.962495350912879E-12i;1.0869952617191229E-7-3.250616990277685E-13i
6.46775929871973E-8-3.6883741965976927E-10i;2.2996710049385142E-7+1.853651124760294E-10i;2.8961016428775734E-7+6.571373222765414E-10i;-3.7679422228747076E-8-1.2253554097743113E-10i;1.25763901295853E-7+2.0955118188193608E-10i;-2.875707395293477E-7-1.9805746343897173E-9i;2.6487054414061226E-7-1.18113208499832E-14i;1.726476356819622E-7+1.4808611448201726E-14i;1.519055567392614E-7+7.537485551182395E-14i;-1.691557580236983E-7-1.4418781291344025E-13i;-5.8762747044676055E-8+4.1212731779635556E-16i;3.840692765256784E-8+2.874144053719997E-14i;1.2514936262414657E-7+2.137146515715252E-14i;-8.209168900266973E-8-3.509942234290615E-14i;-3.538762681122543E-9-8.47649829280183E-14i;-1.1341361480601337E-7-2.89414766416172E-13i;-4.757975582533009E-8+2.8242090474718427E-13i;1.9597620931054753E-7+2.237143096051904E-13i;-5.143866819813212E-9-7.196998872147786E-12i;2.2859237494129148E-7-1.7291035347389854E-12i;2.0456620216754263E-8+1.3426799577982529E-13i;1.9713664853092512E-7-3.210721109414633E-11i;-2.1788981318547017E-8+1.5155090779201693E-11i;-3.8413080248436074E-8-6.927836653573858E-12i;1.500556196553692E-7-4.798866943802432E-13i
8.689220681642314E-8-3.1793743873644554E-10i;2.1802916665986116E-7+2.4821158817136155E-10i;2.7568133390434013E-7+6.721777325430828E-10i;-6.13397229261684E-8-9.952951873500522E-11i;1.2655581135610593E-7+2.6223053681374423E-10i;-2.72400426248177E-7-1.8415968526704957E-9i;2.679974109448081E-7-7.469128270740579E-15i;1.3508005701019614E-7+6.905653843783377E-15i;1.2036211213218967E-7+7.602152358219213E-14i;-1.82957296034951E-7-1.4563576333044438E-13i;-1.1955413258245092E-7+4.7802452813523786E-15i;9.34459679424701E-8+1.0627404381589249E-13i;1.0128111994545381E-7+2.3145738246464256E-15i;-1.1457750159602119E-7-7.069193297559991E-14i;-4.152073029086683E-8-9.727874144383438E-14i;-9.84881855234E-8-2.546101587604638E-13i;-9.90667224495911E-8+3.788978935970514E-13i;2.0641205418373475E-7+2.7972727587650207E-13i;1.0539613083123897E-8-6.946145064633091E-12i;2.3778802490406065E-7-1.688790628456936E-12i;2.685703686752209E-8-1.4821027113137483E-14i;2.0917338058089455E-7-3.6972030341757074E-11i;-5.8390429309194035E-8+1.748798617558857E-11i;-5.5262962587905615E-8-8.550675989552184E-12i;1.6192117024897225E-7-6.573966187293988E-13i
1.0910682067416683E-7-2.6703745785839935E-10i;2.0609123284090849E-7+3.110580638577251E-10i;2.617525035665491E-7+6.872181428064536E-10i;-8.500002359880986E-8-7.652349644324233E-11i;1.273477213951776E-7+3.149098916237763E-10i;-2.5723011292470583E-7-1.7026190705428322E-9i;2.7038777870405253E-7-2.0116017013897125E-15i;9.693587241066716E-8-1.657194061754617E-16i;8.721232120209294E-8+7.358591058493841E-14i;-1.936369500859479E-7-1.457461455863691E-13i;-1.6745390611020366E-7+1.3182129967635002E-14i;1.3715363776136265E-7+1.690784187526289E-13i;7.454786836288544E-8-5.901547534620485E-15i;-1.404590187688179E-7-8.805576259532785E-14i;-7.238832195653763E-8-9.576467957262032E-14i;-7.62359778015088E-8-1.9399424895809642E-13i;-1.4137679849202984E-7+4.473089878641763E-13i;1.7960969634519283E-7+2.9692398347447904E-13i;2.4551147298931767E-8-5.465108219862911E-12i;2.056060678946885E-7-1.3491547812183794E-12i;2.5977966829254194E-8-1.6881589108866624E-13i;1.8294540419700603E-7-3.55270089685168E-11i;-8.956370242091497E-8+1.681064543848844E-11i;-7.3324107431295E-8-9.335267113334809E-12i;1.431674628018129E-7-7.469431165109992E-13i
1.3132143456196684E-7-2.1613747702261605E-10i;1.941532990377813E-7+3.739045395371871E-10i;2.4782367327622516E-7+7.022585530767318E-10i;-1.0866032424501547E-7-5.351747409590159E-11i;1.2813963141128232E-7+3.6758924631235587E-10i;-2.4205979955632086E-7-1.5636412880034382E-9i;2.7200254120054173E-7+5.22682493374746E-15i;5.834914164792034E-8-6.000205521960617E-15i;5.2840192256590497E-8+7.25116761564384E-14i;-2.009193388834514E-7-1.4469439311040082E-13i;-2.005402177754552E-7+3.5111225879051936E-14i;1.6751798372705488E-7+2.297471834989385E-13i;4.5641120646366193E-8-4.563136399755716E-15i;-1.5849297467898148E-7-6.406272269254501E-14i;-9.418843734471548E-8-6.947229087155045E-14i;-4.8219371775422776E-8-9.76826791931951E-14i;-1.7151355964386013E-7+4.594079227063188E-13i;1.2163226612688058E-7+3.340447966730293E-13i;3.5038821553235036E-8-3.06063007437095E-12i;1.3877898614168736E-7-7.283143871507209E-13i;1.8579026043496815E-8-2.5032550428590617E-13i;1.2424578587879205E-7-2.8297549662745378E-11i;-1.122897702527586E-7+1.357967625994623E-11i;-8.837837443141357E-8-9.141861733010449E-12i;9.799804846119748E-8-7.714709946043848E-13i
1.5353604848081044E-7-1.6523749622307977E-10i;1.822153652508356E-7+4.367510152223235E-10i;2.3389484303429475E-7+7.172989633734441E-10i;-1.32320624863532E-7-3.0511451692013404E-11i;1.289315414032055E-7+4.202686008839859E-10i;-2.2688948614147362E-7-1.424663505065052E-9i;2.7281678745060853E-7+1.096379694675584E-14i;1.948349670388551E-8-1.2298324154267323E-14i;1.7700741466739752E-8+6.3656953780552E-14i;-2.046101020534241E-7-1.4010401687862975E-13i;-2.174372121985929E-7+4.9872860261325E-14i;1.8307349655493434E-7+2.666086928131373E-13i;1.536998413912437E-8-4.623029026548604E-15i;-1.6774317226042762E-7-6.540043513061888E-14i;-1.054553460749474E-7-4.5017960725252755E-14i;-1.6499934874650004E-8-1.5274242755710094E-15i;-1.8714656493606986E-7+4.3742366907239346E-13i;4.29470110324334E-8+3.1931567322857946E-13i;4.0579808657145765E-8-1.2327759490009307E-13i;4.891380383219533E-8-4.855888561327217E-14i;6.699473502553883E-9-2.9306429443489683E-13i;4.3736970616391706E-8-1.686474283208713E-11i;-1.241176147191848E-7+8.258564217672296E-12i;-9.694203523393753E-8-8.124206887514918E-12i;3.481850380296946E-8-7.778668162203798E-13i
1.757506624311489E-7-1.1433751545243786E-10i;1.702774314802159E-7+4.995974909314377E-10i;2.1996601284093179E-7+7.323393737221191E-10i;-1.5598092545359045E-7-7.50542923626466E-12i;1.2972345137020724E-7+4.729479553459381E-10i;-2.117191726796148E-7-1.285685721750032E-9i;2.7281745773499364E-7+1.5099411072386333E-14i;-1.9477244678071607E-8-1.8978618828716333E-14i;-1.7699415077859105E-8+5.466956090648683E-14i;-2.046088082920904E-7-1.331651826641189E-13i;-2.1743581197671448E-7+5.728700591095299E-14i;1.830701665275105E-7+2.791587370126073E-13i;-1.5363484210971415E-8-8.09427941985702E-15i;-1.6774083828780656E-7-5.513273057561924E-14i;-1.0545118984186356E-7-2.533052379940436E-14i;1.648953756571112E-8+6.428381001336959E-14i;-1.8713753147923386E-7+3.3387474154780624E-13i;-4.2998091279615725E-8+1.90389010259446E-13i;4.045977496302431E-8+2.829015564338967E-12i;-4.90205321822495E-8+6.778053392895893E-13i;-6.7841335341306484E-9-4.0479096819580816E-13i;-4.4412833602099724E-8-3.343706172721193E-12i;-1.2389219495043145E-7+1.8380476252708464E-12i;-9.710528392533561E-8-6.3095160042463935E-12i;-3.470276459476469E-8-7.172884907734519E-13i
1.9796527641078645E-7-6.343753470861485E-11i;1.5833949772792686E-7+5.624439666759789E-10i;2.0603718269588276E-7+7.47379784142585E-10i;-1.796412260167032E-7+1.5500593266716027E-11i;1.3051536131104658E-7+5.256273097039247E-10i;-1.96548859170277E-7-1.1467079380776265E-9i;2.720045616916953E-7+1.9901954278580663E-14i;-5.834253331731823E-8-2.6511013841966863E-14i;-5.283813106870381E-8+3.8350872204842965E-14i;-2.009162160014941E-7-1.1990439331721143E-13i;-2.0053812025127092E-7+5.1669737202520056E-14i;1.6751138451549365E-7+2.748128527834067E-13i;-4.563334114870137E-8-9.503186605046071E-15i;-1.584913633727866E-7-3.6329987058071646E-14i;-9.418127161213003E-8-1.4125399110488469E-15i;4.8206401514637354E-8+1.3726889764352697E-13i;-1.7150308289022665E-7+1.781148527123686E-13i;-1.2165359796948295E-7+1.899721758606169E-14i;3.4699600464783526E-8+5.36241914017381E-12i;-1.3884294927797665E-7+1.267500864595732E-12i;-1.864744348350459E-8-4.802447313165591E-13i;-1.248220468013183E-7+9.95845921475316E-12i;-1.1167508336253146E-7-4.5195715622244685E-12i;-8.883818252566844E-8-4.1425782773397055E-12i;-9.785349640444571E-8-6.69557124892067E-13i
2.2017989041434816E-7-1.2537554003876171E-11i;1.4640156399838476E-7+6.252904424529437E-10i;1.9210835259853735E-7+7.624201946445302E-10i;-2.0330152655721478E-7+3.8506615819377284E-11i;1.3130727122380702E-7+5.783066639550808E-10i;-1.813785456129357E-7-1.0077301540582985E-9i;2.7039096831680387E-7+2.466060076120681E-14i;-9.692883317213636E-8-3.443789706375861E-14i;-8.720931131735283E-8+2.0866534795506607E-14i;-1.936313434701755E-7-1.0707683940433762E-13i;-1.6745429152719112E-7+4.201926945401602E-14i;1.3714770484307406E-7+2.435974497524497E-13i;-7.453777159096252E-8-1.3976999354208372E-14i;-1.4045845692733303E-7-3.0229348426545837E-14i;-7.238346231974051E-8+1.4274023361356368E-14i;7.62192037644741E-8+1.9588776700620051E-13i;-1.4136877116310812E-7+2.1994701558632508E-14i;-1.7960185115170372E-7-9.154861259172233E-14i;2.4057145201838374E-8+7.051920203052493E-12i;-2.0561854611859142E-7+1.6143102916633216E-12i;-2.602642423570396E-8-4.846498393427255E-13i;-1.8336033344806424E-7+2.082352787988556E-11i;-8.86654147432189E-8-9.72114090698983E-12i;-7.401005681019455E-8-2.058850084523049E-12i;-1.4298637759350069E-7-5.738680666960106E-13i
2.423945044356127E-7+3.836242663196745E-11i;1.3446363029610203E-7+6.881369182490866E-10i;1.7817952254774617E-7+7.774606052202863E-10i;-2.269618270805215E-7+6.151263843287054E-11i;1.320991811071726E-7+6.309860180888198E-10i;-1.6620823200793092E-7-8.687523696916501E-10i;2.6800178709509145E-7+2.9300752557788857E-14i;-1.3507309756055856E-7-4.205051595995717E-14i;-1.2035982300319887E-7+2.789630706203435E-15i;-1.8294987476053243E-7-9.428257918953393E-14i;-1.1955789903597227E-7+2.805340405164407E-14i;9.344247836294726E-8+1.8087706253859792E-13i;-1.0127135644805607E-7-2.1988727112058927E-14i;-1.1458146585245656E-7-1.9767752291703302E-14i;-4.152102621924217E-8+1.7026938467218828E-14i;9.847400947990711E-8+2.378532515492932E-13i;-9.907174663411779E-8-9.432015242329922E-14i;-2.0638960523316226E-7-1.5534457827845732E-13i;9.972340269909389E-9+7.567238888134183E-12i;-2.3776396515437519E-7+1.692097542016545E-12i;-2.688100953270702E-8-4.1186327990681454E-13i;-2.0941017719988779E-7+2.7392037891983197E-11i;-5.738061723094695E-8-1.2883668088504565E-11i;-5.604243413655762E-8-3.8339597298097876E-13i;-1.617376917178572E-7-4.4076860945829756E-13i
2.64609118467805E-7+8.926240717262583E-11i;1.2252569662537541E-7+7.509833940458966E-10i;1.642506925417745E-7+7.925010158600366E-10i;-2.506221275927189E-7+8.451866112039411E-11i;1.3289109096043698E-7+6.836653720973123E-10i;-1.5103791835634814E-7-7.297745849820222E-10i;2.648760068396917E-7+3.3098881703447904E-14i;-1.7264150647356524E-7-4.9876840934446326E-14i;-1.5190630218055454E-7-1.448625795838933E-14i;-1.6914657523771164E-7-8.170283269050839E-14i;-5.876968247230679E-8+1.4461583382252347E-14i;3.8406284734247735E-8+9.691014217166666E-14i;-1.2514361876053782E-7-2.961736940958184E-14i;-8.210113961454142E-8-2.1315249459712692E-14i;-3.545096621110365E-9+1.6560257557081163E-14i;1.1340928895966071E-7+2.3958886249744534E-13i;-4.760082154215052E-8-1.9425906692870537E-13i;-1.9595268853809845E-7-2.2644651719341673E-13i;-5.6875644740190555E-9+6.777203701286269E-12i;-2.2855106535728968E-7+1.427714137152972E-12i;-2.0452074554702727E-8-2.7091063171184387E-13i;-1.9720168411504278E-7+2.854568372514335E-11i;-2.0854778482709686E-8-1.348489401058429E-11i;-3.913068481167157E-8+4.2649672991188943E-13i;-1.4991159618375076E-7-3.6510051547060826E-13i
2.8682373250598006E-7+1.401623876079711E-10i;1.1058776298734155E-7+8.138298698346504E-10i;1.5032186257784386E-7+8.075414265576732E-10i;-2.742824280983857E-7+1.0752468388592095E-10i;1.336830007849065E-7+7.363447259873158E-10i;-1.358676046608452E-7-5.907967999494651E-10i;2.6106582031924817E-7+3.709649869992001E-14i;-2.0954905170085266E-7-5.768945698738182E-14i;-1.8159216954828385E-7-3.7546607758829816E-14i;-1.525616675335965E-7-6.72432086764527E-14i;1.2585764886574378E-8+1.2472934737908373E-15i;-2.5551755369545394E-8-6.951036479314962E-15i;-1.456797405665443E-7-4.1269654562672064E-14i;-4.449651539015083E-8-4.4359479734024986E-14i;3.9237027374427706E-8+1.0050691513264436E-14i;1.2016936708242854E-7+2.0090908356125683E-13i;9.50219311305687E-9-2.4721513211750996E-13i;-1.4735368086545442E-7-2.1988003329272084E-13i;-2.0811961897292983E-8+4.6821775091572944E-12i;-1.770040420417403E-7+9.081071742726696E-13i;-7.343545643420791E-9-1.6891295740409792E-13i;-1.4681572470854006E-7+2.398534553078827E-11i;1.7393398956995086E-8-1.140793206801325E-11i;-2.747275020352992E-8+4.322348844935637E-14i;-1.0858774113707001E-7-3.6548897858354463E-13i
3.090383465484205E-7+1.9106236794380818E-10i;9.864982937866731E-8+8.766763456242822E-10i;1.3639303265184226E-7+8.225818373134871E-10i;-2.979427285993997E-7+1.3053070672016347E-10i;1.3447491058437887E-7+7.890240797759511E-10i;-1.2069729092611939E-7-4.518190146335739E-10i;2.56638670271275E-7+4.1426410295867296E-14i;-2.457701039322467E-7-6.439471726489412E-14i;-2.0931371513293294E-7-5.856893465139958E-14i;-1.335777781761011E-7-5.314090634756175E-14i;9.197125569119096E-8-9.51634106321008E-15i;-9.587047614848975E-8-1.2510758401703295E-13i;-1.6265148807279114E-7-4.955343808992964E-14i;-3.269615126221836E-9-5.506751595268818E-14i;8.447395085499599E-8+6.100413375719323E-15i;1.1860945993386334E-7+1.8423355231119488E-13i;6.876943418472395E-8-2.415575419789114E-13i;-6.458321411000938E-8-1.6802920825131966E-13i;-3.3352455443996634E-8+1.4937659379609582E-12i;-8.758429663397552E-8+2.196908003080657E-13i;1.0577079926170453E-8-6.300980190292066E-16i;-6.356862427688453E-8+1.423940633575123E-11i;5.413959864176249E-8-6.79707019112452E-12i;-2.4466638457913632E-8-1.257118710062521E-12i;-4.319229074432341E-8-3.3270459123794185E-13i
3.31252960596155E-7+2.4196234820562226E-10i;8.671189579209851E-8+9.395228214369643E-10i;1.2246420275839457E-7+8.376222481326767E-10i;-3.216030290955008E-7+1.5353672959894436E-10i;1.3526682036497988E-7+8.417034334954171E-10i;-1.0552697715881152E-7-3.128412290889314E-10i;2.516793548626798E-7+4.567684117823036E-14i;-2.81353854180796E-7-7.133868677974413E-14i;-2.3516811128787162E-7-7.920637007877712E-14i;-1.126006559282662E-7-3.703652061737098E-14i;1.768808429231948E-7-2.5342813879586773E-14i;-1.7012423576917363E-7-2.524413365065937E-13i;-1.7615480294121094E-7-6.11888045115504E-14i;4.024901467312204E-8-7.272122269910341E-14i;1.300952228794115E-7+1.7340774250076263E-15i;1.0930996002747026E-7+1.1701112498942216E-13i;1.2732306422418792E-7-2.2560302729234608E-13i;4.457221514750388E-8-1.1611584384424784E-13i;-4.162602694637362E-8-2.3966580961047008E-12i;3.109554614524068E-8-5.914830078540441E-13i;3.063678738472079E-8+1.4499841752504703E-13i;4.3492480619118494E-8+4.86151068622852E-13i;8.693443645948781E-8-2.8736203324329824E-13i;-3.215332152216798E-8-3.847028691880816E-12i;3.798349360640244E-8-3.5847187719196663E-13i
3.5346757465004854E-7+2.928623284273218E-10i;7.477396221881337E-8+1.00236929728801E-9i;1.0853537289083098E-7+8.526626590142076E-10i;-3.452633295864573E-7+1.7654275249957196E-10i;1.3605873013418173E-7+8.943827871835309E-10i;-9.035666336689256E-8-1.7386344337902976E-10i;2.4629116245607155E-7+4.9101038878057404E-14i;-3.1644538091698466E-7-7.837360495151941E-14i;-2.5952178522231094E-7-9.70101004684072E-14i;-9.00307159107361E-8-2.0427958369253496E-14i;2.6507919300200273E-7-3.9297516786622275E-14i;-2.4631871604882335E-7-3.76060897914686E-13i;-1.8672126403116483E-7-6.838819243213608E-14i;8.515521142756272E-8-8.544502814713115E-14i;1.7466611545680418E-7-1.2418904395406984E-14i;9.356067827878938E-8+1.4470993799085282E-14i;1.835739604230295E-7-2.466191448307096E-13i;1.704384269025847E-7-1.3344267065600723E-13i;-4.453551591698331E-8-6.679797493934608E-12i;1.6842949310252833E-7-1.5099105983216777E-12i;5.0029097988275816E-8+3.032160079217239E-13i;1.640449211573041E-7-1.5789622410396258E-11i;1.1480732932138111E-7+7.338473417500135E-12i;-5.11859661776655E-8-7.239367641180803E-12i;1.261998802381981E-7-5.125607697173823E-13i
3.756821887096645E-7+3.437623086427567E-10i;6.283602864911293E-8+1.065215773181677E-9i;9.460654304035555E-8+8.677030699470623E-10i;-3.6892363007246466E-7+1.9954877540135007E-10i;1.3685063990020618E-7+9.47062140880503E-10i;-7.518634955992453E-8-3.4885657574298997E-11i;2.4059971314782243E-7+5.1927537351798056E-14i;-3.5129501438158765E-7-8.566562758463555E-14i;-2.8304649949866136E-7-1.1992275236619463E-13i;-6.624456948608049E-8-8.194956597758209E-15i;3.5486238075612444E-7-5.2780869707849E-14i;-3.232119519473425E-7-5.108466707723808E-13i;-1.95370900631941E-7-7.918662932803694E-14i;1.3122997700208366E-7-8.6760176318433E-14i;2.1776748627709937E-7-2.2698058066925492E-14i;7.317397811923665E-8-8.40010630885109E-14i;2.3791664854654075E-7-2.2514357372922468E-13i;3.0397349942599873E-7+3.316938385388901E-14i;-4.171952808297465E-8-1.1080857216675125E-11i;3.147604462925018E-7-2.3659027558094347E-12i;6.646569174170694E-8+5.199797048890866E-13i;2.898466443814455E-7-3.3119302197110796E-11i;1.3880177442036633E-7+1.5604682629428868E-11i;-8.142341768465012E-8-1.1225112169410992E-11i;2.1558827990719822E-7-6.40367649226032E-13i
-5.2879609388671615E-8-6.234965108298142E-10i;2.929604706803469E-7-1.7914842387305344E-10i;3.445420782780055E-7+5.173445575129835E-10i;8.952055077306502E-8-2.3153158731416327E-10i;1.2764008119141325E-7-2.7108665862413108E-12i;-3.5062945939156947E-7-2.614094984197487E-9i;1.883115932679832E-7-2.86315682686268E-14i;3.364412094704449E-7+4.708835675456233E-14i;2.3718473098753352E-7-1.2551646400973659E-14i;7.579133421483653E-9-2.876395268892282E-14i;3.5757081997343853E-7-2.881654634224683E-15i;-3.037876929121311E-7-4.2585403431373926E-13i;1.1278381945633685E-7+7.263817105196568E-14i;1.6537427647787807E-7+9.852024122698973E-14i;1.5212856712940227E-7+1.0470817998821357E-13i;5.124647048779518E-8+1.7627856374609638E-13i;1.7068191601339191E-7-6.212338320870395E-13i;-2.860135302289768E-7-5.376002546870373E-13i;7.914972520571152E-8+1.2853584717310938E-11i;-3.2883452195276373E-7+3.014957674458257E-12i;4.567978491770142E-8-7.187143470208975E-13i;-2.5540305927062375E-7+4.213161836615836E-11i;3.397668094080721E-8-1.9813804102296608E-11i;-2.088434147320799E-7-1.269910364473437E-11i;-1.4422813193998275E-7-1.9243636956361507E-12i
-3.066499565643116E-8-5.725965297721782E-10i;2.810225368213073E-7-1.1630194826293523E-10i;3.3061324773055913E-7+5.323849676988827E-10i;6.586024999051383E-8-2.0852556520133346E-10i;1.2843199128845439E-7+4.9968488579040254E-11i;-3.3545914623964085E-7-2.475117203731723E-9i;1.9428176586264574E-7-2.482527075593059E-14i;3.02721749284197E-7+4.150706100303172E-14i;2.1704906710868765E-7-8.245657621180368E-16i;-1.6521521520117673E-8-4.073343334295196E-14i;2.683407044160392E-7-3.2491347485446983E-15i;-2.2965845185176765E-7-3.1867743411716567E-13i;1.1000576363270067E-7+5.791735617172018E-14i;1.2387313660122402E-7+6.217668834898978E-14i;1.1544808827166814E-7+5.571898461634015E-14i;2.2778006458665237E-8+7.284285902005492E-14i;1.3367529390942287E-7-4.3715367527551063E-13i;-1.5527983866197458E-7-3.9046998868008906E-13i;7.138775142503534E-8+8.310281419502075E-12i;-1.86489291297173E-7+1.9273464370240882E-12i;5.4657911090899116E-8-5.859453048247718E-13i;-1.454297242129141E-7+2.5128673027013067E-11i;3.247252120425918E-8-1.1742974860375609E-11i;-1.7481649428431575E-7-1.1454883972112318E-11i;-8.252027660867607E-8-1.5851391393349477E-12i
-8.450381917813115E-9-5.216965487436811E-10i;2.6908460297778904E-7-5.345547265996284E-11i;3.166844171990987E-7+5.47425377900396E-10i;4.2199949212465126E-8-1.8551954307539694E-10i;1.292239013711446E-7+1.026478436663373E-10i;-3.202888330731705E-7-2.336139423143352E-9i;1.9988837215524785E-7-2.164980639466118E-14i;2.6886593258726124E-7+3.5973077450395065E-14i;1.963611182921089E-7+1.4155910430257745E-14i;-3.910695570290714E-8-5.624808861978778E-14i;1.8077739787308796E-7-1.396136018829017E-15i;-1.5630686117923744E-7-2.2056091275102573E-13i;1.0566949190243238E-7+4.545165807508191E-14i;8.419771828902315E-8+4.1374387433089083E-14i;7.727115317639905E-8+1.7652330244428728E-14i;-1.3469389395788374E-9+5.89187504329535E-16i;9.592890264297002E-8-2.316710598845138E-13i;-3.2142985788281105E-8-1.8504097803437798E-13i;7.019090572754105E-8+4.2144875223142414E-12i;-5.290975989474843E-8+9.430319694765029E-13i;6.660250916530267E-8-4.895264899490845E-13i;-4.0351523800527066E-8+8.728575236540237E-12i;2.8966563375608823E-8-3.909863794669887E-12i;-1.5300081542098096E-7-1.1172927119591243E-11i;-2.1895149237919458E-8-1.388356109799898E-12i
1.376423183241427E-8-4.70796567754498E-10i;2.571466691528553E-7+9.39100292982172E-12i;3.027555866937516E-7+5.624657881122602E-10i;1.8539648443336922E-8-1.6251352092818782E-10i;1.3001581143606637E-7+1.553271986543104E-10i;-3.051185198836568E-7-2.197161642342569E-9i;2.0501933909053623E-7-1.910685021132043E-14i;2.3463712936985985E-7+2.9631592564352233E-14i;1.7454988652572317E-7+2.942922224458042E-14i;-5.991088844085676E-8-6.998807983123979E-14i;9.656949063997208E-8-2.3683081029969224E-15i;-8.494402485506339E-8-1.235606937228957E-13i;9.910230071321001E-8+3.4098801585002444E-14i;4.63115935510868E-8+1.394877659135265E-14i;3.810370503184244E-8-2.1227630945243314E-14i;-2.0213926874350985E-8-6.603024003480561E-14i;5.702555119059396E-8-2.2822824712241667E-14i;7.433846277002985E-8-6.285040190437357E-14i;7.446991700491694E-8+8.307672440923711E-13i;6.287535344348315E-8+1.273588318858181E-13i;7.809440439731745E-8-3.988209557834999E-13i;5.273605911559254E-8-6.085701526731288E-12i;2.2892410763747724E-8+3.108113257554744E-12i;-1.4226379664008677E-7-1.167470656617541E-11i;3.359829267485667E-8-1.2938635619326168E-12i
3.597884559892561E-8-4.198965868126525E-10i;2.4520873534840035E-7+7.223747849494592E-11i;2.8882675622235823E-7+5.775061983200737E-10i;-5.12065231281394E-9-1.3950749875175741E-10i;1.308077214803895E-7+2.0800655352191776E-10i;-2.899482066639543E-7-2.0581838612451544E-9i;2.095813888888183E-7-1.592237535405047E-14i;1.9989327896325876E-7+2.2988107656546116E-14i;1.5129307741811123E-7+4.598199466547773E-14i;-7.861691830470093E-8-8.294243195769438E-14i;1.792112195714952E-8-4.825075931581336E-15i;-1.7478741358862135E-8-3.776106460933884E-14i;8.99409787177004E-8+2.0219986751783197E-14i;1.0812535206382626E-8-1.1439593477301446E-14i;-7.418796172299889E-10-5.651598380594817E-14i;-3.297591034045871E-8-1.408642634589712E-13i;1.7880791911239258E-8+1.402054524938243E-13i;1.5456845284165178E-7+3.306898362288857E-14i;8.28917507058689E-8-1.5916466128005166E-12i;1.5083318981383612E-7-4.498429006340366E-13i;8.585722696409924E-8-2.8893808284458837E-13i;1.2497996161600653E-7-1.7888459473320984E-11i;1.4366184607637395E-8+8.675309185643945E-12i;-1.4155925338141832E-7-1.288013159641995E-11i;7.803265308324999E-8-1.324794329896024E-12i
5.819345938567894E-8-3.6899660592459265E-10i;2.3327080156504823E-7+1.3508395403025078E-10i;2.748979257905152E-7+5.925466085152015E-10i;-2.878095305240779E-8-1.1650147653857165E-10i;1.3159963150211517E-7+2.6068590825504713E-10i;-2.7477789340838345E-7-1.919206079788662E-9i;2.134960850480922E-7-1.336064387667894E-14i;1.645750631270154E-7+1.5768081588194504E-14i;1.2647854642095187E-7+5.5137627232381267E-14i;-9.488065770217176E-8-8.90925792307827E-14i;-5.270936526927038E-8-3.4622841068166303E-15i;4.379476150213064E-8+5.2357688275296676E-14i;7.809947516039676E-8+6.380841729174003E-15i;-2.1309642159843096E-8-3.0273274886765584E-14i;-3.747098860934516E-8-6.393064662334111E-14i;-3.914648655923994E-8-1.6100240652863402E-13i;-1.9727129480456335E-8+2.4314801684613254E-13i;2.0092443196604873E-7+8.217364271570755E-14i;9.387642494736923E-8-2.8062674478559612E-12i;2.028224971109783E-7-7.615643553498041E-13i;8.718657408555073E-8-2.670549303286381E-13i;1.6867711051230093E-7-2.5515240141465428E-11i;4.178473878016782E-9+1.2206424477409253E-11i;-1.490213787789764E-7-1.4085444716356993E-11i;1.0579430711517999E-7-1.425924896020757E-12i
8.040807319592116E-8-3.1809662509239347E-10i;2.2133286780268077E-7+1.9793042953701658E-10i;2.6096909540211697E-7+6.075870186981505E-10i;-5.244125377237379E-8-9.349545428285897E-11i;1.3239154149989017E-7+3.133652628468424E-10i;-2.596075801126698E-7-1.7802282979356935E-9i;2.1670108537976123E-7-8.221032317473331E-15i;1.2869323742221817E-7+8.372422825296971E-15i;1.0016859412749538E-7+5.921809582196929E-14i;-1.083705336396957E-7-9.18460869529018E-14i;-1.1283725645868407E-7+2.7069417826767023E-15i;9.645886398955538E-8+1.2927502288117755E-13i;6.373807970524868E-8-6.9008171070337455E-15i;-4.889902024395523E-8-3.9961013615068097E-14i;-7.005915450189944E-8-6.323227653807458E-14i;-3.8779406419018606E-8-1.4025602058915857E-13i;-5.358545921620993E-8+3.385232026794735E-13i;2.0953773421695793E-7+1.6338978298892747E-13i;1.0561450092916664E-7-2.7405907743380445E-12i;2.1462933596374814E-7-7.539667280236235E-13i;8.037433170888736E-8-2.2655471113457848E-13i;1.793561434560763E-7-2.802885465924773E-11i;-6.446360670289554E-9+1.3396010004028887E-11i;-1.6167890642216043E-7-1.529437589961194E-11i;1.1325697338448554E-7-1.5651956873166298E-12i
1.0262268703213478E-7-2.671966443130307E-10i;2.0939493406082893E-7+2.607769050236044E-10i;2.470402650597596E-7+6.22627428881032E-10i;-7.610155447022925E-8-7.048943197992687E-11i;1.331834514728633E-7+3.660446172994724E-10i;-2.444372667737996E-7-1.6412505156743826E-9i;2.1914710963608534E-7-2.5172566892523516E-15i;9.231478406627375E-8+2.234228761656636E-15i;7.255894467043254E-8+6.097405166460571E-14i;-1.1878317291658184E-7-9.236699416058676E-14i;-1.6019162109208708E-7+1.2703685531139495E-14i;1.3824956269278273E-7+1.886312521097006E-13i;4.720580148986321E-8-9.068953900547217E-15i;-7.079778364065828E-8-4.363352709396092E-14i;-9.65433321471452E-8-5.560589315783951E-14i;-3.249947784218577E-8-9.461815743381501E-14i;-8.141320093678858E-8+3.6521339373192027E-13i;1.8137914522377644E-7+1.4343791979278733E-13i;1.1632805672931404E-7-1.506383062866155E-12i;1.8718462172151052E-7-4.279103790598769E-13i;6.508094605382946E-8-1.919728079511156E-13i;1.570451202657088E-7-2.5431321804987256E-11i;-1.605161397020218E-8+1.2105239341381764E-11i;-1.759193605158773E-7-1.5924087011185933E-11i;9.975602415468584E-8-1.6424457162332114E-12i
1.2483730089596342E-7-2.1629666358099283E-10i;1.97457000339009E-7+3.2362338049682704E-10i;2.3311143476502704E-7+6.376678390760766E-10i;-9.976185514417159E-8-4.748340962532847E-11i;1.3397536142046739E-7+4.1872397161843866E-10i;-2.2926695338977415E-7-1.5022727330064983E-9i;2.2079758885612386E-7+3.1301380819479105E-15i;5.555234010125288E-8-3.5426699050128865E-15i;4.3954789670660056E-8+5.880612619874938E-14i;-1.258713003997384E-7-9.445142913432961E-14i;-1.9288291702199608E-7+2.843712480239882E-14i;1.672595723840356E-7+2.2976148934732667E-13i;2.902096035683105E-8-8.257763620459973E-15i;-8.601698978604666E-8-3.572716752617043E-14i;-1.1524032775437906E-7-4.040226406036292E-14i;-2.1533213108727816E-8-4.725988990446748E-14i;-1.0124096919129524E-7+3.607810094473343E-13i;1.2250275295033854E-7+1.531642156314402E-13i;1.2443004648285226E-7+5.651344015847492E-13i;1.269092549665945E-7+1.2857171903587878E-13i;4.239915089124269E-8-1.7177806765434475E-13i;1.067838840548851E-7-1.8326744979373422E-11i;-2.3323812555574896E-8+8.744267344225098E-12i;-1.8802384828340705E-7-1.5947913598463804E-11i;6.819913389649408E-8-1.6556919976619677E-12i
1.470519147884411E-7-1.653966828908123E-10i;1.8551906663652634E-7+3.864698559670718E-10i;2.1918260451864429E-7+6.52708249298592E-10i;-1.234221557928843E-7-2.4477387217936248E-11i;1.3476727134251896E-7+4.714033258114364E-10i;-2.1409663995952104E-7-1.3632949499428347E-9i;2.2162937388255818E-7+8.501825282185212E-15i;1.8546417244323805E-8-9.709844964213797E-15i;1.4722899884182184E-8+5.189348425242188E-14i;-1.2946104393574201E-7-9.092126576922032E-14i;-2.0957697368487212E-7+4.29174798287587E-14i;1.8211965765824393E-7+2.650420068355867E-13i;9.793050662073795E-9-5.0178120804975115E-15i;-9.381578143312871E-8-2.886228497652892E-14i;-1.2490641591765584E-7-1.845492863373397E-14i;-7.53242820374256E-9+1.6997923904075156E-14i;-1.1153405761106057E-7+3.345206486907959E-13i;4.319867500870644E-8+1.740803171667498E-13i;1.2873138553304361E-7+3.220312116149486E-12i;4.4763500767378335E-8+7.945388140797218E-13i;1.470204312012921E-8-1.1412521296306057E-13i;3.771756691314717E-8-8.034065929297068E-12i;-2.7130373970993465E-8+3.906033370439255E-12i;-1.949809773878238E-7-1.5426466371238433E-11i;2.4291554874612936E-8-1.6542799966612346E-12i
1.692665287097058E-7-1.1449670223431633E-10i;1.7358113295287554E-7+4.49316331452455E-10i;2.0525377432065006E-7+6.67748659571151E-10i;-1.4708245641580975E-7-1.4713647634796804E-12i;1.3555918123901896E-7+5.24082679890271E-10i;-1.9892632648267043E-7-1.2243171665056468E-9i;2.2162988939873602E-7+1.3152833561778041E-14i;-1.8542122367354418E-8-1.6344922198512388E-14i;-1.4721489203059889E-8+4.192895568277471E-14i;-1.2945941033227085E-7-8.227305385628414E-14i;-2.095754579254569E-7+5.1869145012668065E-14i;1.8211687967649173E-7+2.782126645382924E-13i;-9.788606723676592E-9-5.355898776719343E-15i;-9.381266474086191E-8-2.0786029274747503E-14i;-1.2490348606771338E-7+4.7231523453225406E-15i;7.515283393661349E-9+8.310789457282437E-14i;-1.1152446821883883E-7+2.516662343435514E-13i;-4.3238741123198786E-8+8.616671255892243E-14i;1.2862454624767465E-7+5.963286447310004E-12i;-4.501758933082301E-8+1.4650694178924815E-12i;-1.475691519818572E-8-8.161043237951399E-14i;-3.7918020701457294E-8+3.5590427212641394E-12i;-2.6930809346383556E-8-1.6320892786410693E-12i;-1.9509869839119855E-7-1.4311445463621887E-11i;-2.3939427109230967E-8-1.6291974445912103E-12i
1.914811426579447E-7-6.359672160782015E-11i;1.6164319928875458E-7+5.121628069667279E-10i;1.9132494417061322E-7+6.827890699143589E-10i;-1.7074275701406504E-7+2.1534657733866787E-11i;1.363510911097263E-7+5.767620338645163E-10i;-1.8375601295908793E-7-1.0853393827163516E-9i;2.2079952433620867E-7+1.7993994370807528E-14i;-5.55475526244792E-8-2.328906168541077E-14i;-4.395261814225619E-8+2.8158333520695343E-14i;-1.2586951757261846E-7-6.984227364609359E-14i;-1.9288080957874613E-7+5.194721071109579E-14i;1.672556676934886E-7+2.743387728114667E-13i;-2.9016294502602525E-8-6.141589807079377E-15i;-8.60202221427304E-8-9.52852522571949E-15i;-1.1523818738418289E-7+2.290183770923987E-14i;2.1517555241868523E-8+1.267990366694994E-13i;-1.0124572534652837E-7+1.1085541655465851E-13i;-1.2250896940414398E-7-8.446212230843567E-14i;1.2412307104773364E-7+8.3274281312921E-12i;-1.2712146393718727E-7+2.0086130951651128E-12i;-4.243264626226864E-8-3.524160829970677E-14i;-1.069275471422466E-7+1.4414945867527814E-11i;-2.2808826635884326E-8-6.865005573630616E-12i;-1.8835093098694252E-7-1.2772950148814329E-11i;-6.782985019790647E-8-1.5493572255715905E-12i
2.136957566293269E-7-1.2696741020731238E-11i;1.4970526564625637E-7+5.750092825118537E-10i;1.7739611406773622E-7+6.978294803358691E-10i;-1.9440305759060316E-7+4.454068027596009E-11i;1.37143000954125E-7+6.294413877370527E-10i;-1.6858569938882546E-7-9.463615985864322E-10i;2.1915010658751027E-7+2.2197101463326182E-14i;-9.230957262053746E-8-3.049475362030801E-14i;-7.255625565157888E-8+1.9464190133729773E-14i;-1.187793090315939E-7-6.002638425494171E-14i;-1.601884068933042E-7+3.7981344364075537E-14i;1.3824340903480025E-7+2.394770205123185E-13i;-4.7201130079417626E-8-6.517003121818131E-15i;-7.0801057682805E-8+7.30850155983392E-15i;-9.653959939792228E-8+3.365899383914087E-14i;3.2488863100995596E-8+1.6080300126187457E-13i;-8.141319713149272E-8+2.7183427154488774E-14i;-1.8137144621444197E-7-1.743022608356107E-13i;1.1587292401101014E-7+9.87942517849171E-12i;-1.8736831868709547E-7+2.3616416698534585E-12i;-6.509210848792018E-8+5.6742293468423754E-14i;-1.5712089880216047E-7+2.271276626272107E-11i;-1.527640015733977E-8-1.088005457738301E-11i;-1.763873726697456E-7-1.1342572665998592E-11i;-9.936464606484593E-8-1.4879477978281825E-12i
2.3591037061911623E-7+3.82032395064551E-11i;1.3776733202772792E-7+6.378557580828973E-10i;1.6346728401085265E-7+7.128698908336289E-10i;-2.180633581494333E-7+6.754670287020017E-11i;1.3793491077218143E-7+6.821207415069505E-10i;-1.5341538577256543E-7-8.073838141236357E-10i;2.1670516734983843E-7+2.5893983022427568E-14i;-1.2868773994939047E-7-3.794260941226434E-14i;-1.0016603869306278E-7+2.281944763655509E-15i;-1.0836575269287607E-7-4.9883029589550517E-14i;-1.1284009771065423E-7+2.3602764311884615E-14i;9.645937116605406E-8+1.750539811326229E-13i;-6.373400173337694E-8-1.3582387497761566E-14i;-4.890997544818844E-8+1.2267418013242956E-14i;-7.006453212747168E-8+3.201414344722341E-14i;3.877377302260349E-8+1.7777292915701238E-13i;-5.360176495751734E-8-5.503306717069379E-14i;-2.0950307260049315E-7-1.7731018021332396E-13i;1.0509761796676735E-7+1.0349803614519705E-11i;-2.1477260697459911E-7+2.4065600451783168E-12i;-8.035903308568397E-8+1.5679233464424508E-13i;-1.7936107171413375E-7+2.6928450613562474E-11i;-5.5686556807444335E-9-1.2961116412961232E-11i;-1.6221389820120339E-7-1.023997278517687E-11i;-1.1287438374783951E-7-1.4133841600676081E-12i
2.5812498462227933E-7+8.910321995010998E-11i;1.258293984351751E-7+7.007022336672806E-10i;1.4953845399838765E-7+7.279103013987937E-10i;-2.417236586950529E-7+9.055272553195052E-11i;1.387268205645138E-7+7.348000951729737E-10i;-1.3824507211163937E-7-6.68406029333468E-10i;2.1350141142698387E-7+2.892788609413154E-14i;-1.645699406413523E-7-4.55647424072209E-14i;-1.2647734563818433E-7-1.3590649840314978E-14i;-9.487469590161296E-8-3.648818025947268E-14i;-5.271387673093371E-8+7.24954186762015E-15i;4.379466630936482E-8+1.0041596200729797E-13i;-7.809573583815566E-8-2.182098658885718E-14i;-2.1320175873629833E-8+4.075086456664394E-15i;-3.747365120038196E-8+1.2562432853615892E-14i;3.914369063821543E-8+1.4101825583107158E-13i;-1.9733715193549747E-8-1.5160441760011205E-13i;-2.0089055701849084E-7-2.6590257616272794E-13i;9.337868374231644E-8+9.61604329826194E-12i;-2.029459083653762E-7+2.1518926369390733E-12i;-8.715938389678085E-8+2.3095336687853756E-13i;-1.6860953249865234E-7+2.6151238192703028E-11i;5.029342750214712E-9-1.2705537333748043E-11i;-1.4950078699167568E-7-9.709688578213114E-12i;-1.0538957586856205E-7-1.3868348587397705E-12i
2.8033959863490424E-7+1.4000320030103328E-10i;1.1389146486835548E-7+7.635487092609109E-10i;1.3560962402805365E-7+7.429507120281201E-10i;-2.6538395923103303E-7+1.1355874826756176E-10i;1.395187303332835E-7+7.874794487447219E-10i;-1.2307475840848972E-7-5.294282442338354E-10i;2.0958742616456494E-7+3.285778711918758E-14i;-1.9988920750732714E-7-5.281810681097599E-14i;-1.5129463336884523E-7-3.3294336941605466E-14i;-7.860740043473887E-8-2.348709501382275E-14i;1.791433299859764E-8-7.297217072308883E-15i;-1.7477253746554686E-8+2.7242260883798284E-15i;-8.993734250826666E-8-3.068804657199099E-14i;1.0804674619867228E-8-1.492933215328113E-14i;-7.485001056835386E-10+1.1952708075249669E-17i;3.2970925842211236E-8+9.684851869748571E-14i;1.7876002402822997E-8-1.507400285944689E-13i;-1.545426590242855E-7-2.2620428461804588E-13i;8.252674634998055E-8+7.675070231342239E-12i;-1.5094649645573896E-7+1.7148734870328495E-12i;-8.583246701688249E-8+3.5017277226481517E-13i;-1.24861571542791E-7+2.0308893050789642E-11i;1.5018002154702666E-8-9.963766504819317E-12i;-1.4191216193911788E-7-1.0021065934132782E-11i;-7.762480765452872E-8-1.3720934433133916E-12i
3.025542126560327E-7+1.9090318057523725E-10i;1.0195353132289797E-7+8.263951848810302E-10i;1.2168079409653564E-7+7.579911227295691E-10i;-2.89044259758331E-7+1.3656477106194323E-10i;1.403106400829275E-7+8.401588022501169E-10i;-1.0790444466720597E-7-3.904504588634323E-10i;2.0502648476795033E-7+3.685241632606598E-14i;-2.3463463033176932E-7-5.914720346440115E-14i;-1.7455670362007476E-7-5.109959568673546E-14i;-5.990049575178916E-8-9.107030013951844E-15i;9.656055520329482E-8-1.868761833024165E-14i;-8.494105836436442E-8-1.0857578290306445E-13i;-9.910525414013331E-8-3.4706112091985653E-14i;4.6301500161354125E-8-2.7704697734794415E-14i;3.8095661195684927E-8+1.0183201558179029E-16i;2.022103186396878E-8+5.399792768791201E-14i;5.701986978147426E-8-1.3604607227120014E-13i;-7.432668826690864E-8-1.8101101922610632E-13i;7.430940154473547E-8+4.678028587210629E-12i;-6.300016952192725E-8+1.0524116522394563E-12i;-7.806189598172448E-8+4.610170531984211E-13i;-5.260714836293538E-8+9.826931394638223E-12i;2.3206181421146357E-8-5.029833661286186E-12i;-1.4238776748649037E-7-1.1096087691508018E-11i;-3.322409875799964E-8-1.3418493973030497E-12i
3.247688266867894E-7+2.4180316079208194E-10i;9.001559779128233E-8+8.892416605522306E-10i;1.0775196419969285E-7+7.730315335100255E-10i;-3.127045602762029E-7+1.5957079389870197E-10i;1.4110254981982436E-7+8.928381557227417E-10i;-9.273413089324128E-8-2.5147267326952103E-10i;1.9989631398560058E-7+4.0207691598707466E-14i;-2.688645135948766E-7-6.597804753980895E-14i;-1.9637123608029966E-7-7.09073838234528E-14i;-3.909358261475392E-8+5.142236461275113E-15i;1.8077097959995585E-7-3.182780904509938E-14i;-1.5630622092458863E-7-2.321068963914923E-13i;-1.0567403582961541E-7-4.233950288658196E-14i;8.41906420102341E-8-4.050344937070367E-14i;7.726157642686845E-8-5.927962257545107E-15i;1.3546878378656071E-9-3.9223177342061087E-14i;9.592447033624238E-8-1.0597640781621795E-13i;3.214113486171373E-8-1.2191182633748491E-13i;7.031393750840507E-8+1.0026306590497934E-12i;5.277557496688361E-8+2.969180290105034E-13i;-6.657675426994859E-8+5.747935313207533E-13i;4.049438066132791E-8-4.0238919532656425E-12i;2.8841635387548008E-8+1.5514383074167422E-12i;-1.528662182257727E-7-1.2978227964506155E-11i;2.2277417397671045E-8-1.385995707994291E-12i
3.4698344072812073E-7+2.927031409758021E-10i;7.807766426474538E-8+9.520881362912563E-10i;9.382313433223638E-8+7.880719443686715E-10i;-3.363648607839481E-7+1.8257681676379482E-10i;1.4189445955141372E-7+9.455175092012053E-10i;-7.756381709320702E-8-1.1249488750339826E-10i;1.9428984210460646E-7+4.3364845485904936E-14i;-3.027201707723972E-7-7.293378498767718E-14i;-2.1705897697557327E-7-9.10156090274224E-14i;-1.6503603224736372E-8+2.0533315014025996E-14i;2.6833985012181956E-7-4.467764519559859E-14i;-2.2965968457995295E-7-3.580094953190055E-13i;-1.1000597423337614E-7-5.100446712948241E-14i;1.2386620362139518E-7-5.6164433038085865E-14i;1.1543070941309736E-7-1.9716317182233266E-14i;-2.277935818909016E-8-1.3365433756702803E-13i;1.3365613246353705E-7-7.3799737372165E-14i;1.5527865571683166E-7-7.617814559862134E-14i;7.184454666415218E-8-2.9929777976030426E-12i;1.8634842222281275E-7-5.847496423158274E-13i;-5.464397850919153E-8+7.373116470331822E-13i;1.4556499183588627E-7-1.9935591464934676E-11i;3.18307046430878E-8+9.090625235962288E-12i;-1.7440710233872036E-7-1.580052445941673E-11i;8.290109001338212E-8-1.524342078805448E-12i
3.691980547786765E-7+3.4360312116052465E-10i;6.613973073486134E-8+1.0149346121007947E-9i;7.989430448543648E-8+8.031123552938302E-10i;-3.60025161282539E-7+2.0558283963351772E-10i;1.4268636928511187E-7+9.981968627231441E-10i;-6.23935032762895E-8+2.6482898368088598E-11i;1.8832000636316088E-7+4.665316714714781E-14i;-3.3643927698938756E-7-7.986200608978622E-14i;-2.3719476381914498E-7-1.0885239001331447E-13i;7.599705278404388E-9+3.3694506316245605E-14i;3.5757552496304366E-7-5.609575073423713E-14i;-3.0379057474351505E-7-4.856508567487304E-13i;-1.1278297756500063E-7-6.036557828166775E-14i;1.6536354519961413E-7-5.988090321136704E-14i;1.5210574189646612E-7-2.6404747898299084E-14i;-5.124610642672581E-8-2.2640925671721237E-13i;1.7065061906659096E-7-4.053870145137837E-14i;2.8601627658383954E-7+1.5484310971620203E-14i;7.994680753932198E-8-6.989361787572414E-12i;3.2867197757538907E-7-1.3801933068500308E-12i;-4.566210389556438E-8+9.150046948639917E-13i;2.5551523628110713E-7-3.674249673835899E-11i;3.2809063051571796E-8+1.710797612252571E-11i;-2.0812918287332747E-7-1.9416081210896333E-11i;1.4462793142133156E-7-1.6492035383269337E-12i
-5.936374292470386E-8-6.236556966604306E-10i;2.962641714165289E-7-2.294295814099154E-10i;3.298298397962744E-7+4.527538442494037E-10i;9.841902003513122E-8-2.2549752295482195E-10i;1.334758116976057E-7+4.842386151344706E-11i;-3.3783661333842154E-7-2.5527264303879508E-9i;1.3667134116016283E-7-2.742560524237519E-14i;3.203772739225875E-7+4.703051579589328E-14i;1.8901747148146236E-7-4.069005380926414E-14i;7.688143486711166E-8+2.5811639168331745E-14i;3.5827019466505295E-7-1.7449298800669927E-14i;-2.8197818870361754E-7-3.9164517381027214E-13i;3.067129985386024E-8+3.980903657413543E-14i;1.878044121468622E-7+7.133286596470598E-14i;8.819034362266416E-8+1.0360895284155409E-13i;1.6274937961835318E-7+3.414385793441538E-13i;9.37273582943608E-8-4.787133482575832E-13i;-2.6574000830351326E-7-5.188157107202616E-13i;1.7177127311770756E-7+1.620077749418327E-11i;-3.3101640920437984E-7+3.742899800862768E-12i;1.310954957838856E-7-1.5065214660371236E-12i;-2.0990568293224945E-7+2.658394068044197E-11i;-7.148028065073347E-8-1.1997419330323926E-11i;-2.7373603041300253E-7-1.9645286907714805E-11i;-6.390116969977941E-8-2.4456107948160056E-12i
-3.7149129204400375E-8-5.727557156708498E-10i;2.8432623761000874E-7-1.6658310594226942E-10i;3.159010092417505E-7+4.677942543454168E-10i;7.475871923732406E-8-2.0249150082786733E-10i;1.3426772174765834E-7+1.0110321640716083E-10i;-3.2266630017978586E-7-2.4137486498227503E-9i;1.4298795544498323E-7-2.4428871064836993E-14i;2.880137507959616E-7+4.168327690503006E-14i;1.7281629632081412E-7-2.4547511693954555E-14i;5.2466289395216975E-8+9.148587492543322E-15i;2.6958092915517415E-7-1.4947217069435043E-14i;-2.1111439311686894E-7-2.956325426842333E-13i;3.429468804460292E-8+2.5520801304663915E-14i;1.5196548281831678E-7+4.504429426104113E-14i;5.8908235653504096E-8+5.470209859657718E-14i;1.2656664640081926E-7+2.330308358370432E-13i;7.621397188326533E-8-3.0380476375120085E-13i;-1.3784350008331875E-7-3.5544131171412E-13i;1.5923234885179912E-7+1.1639114545490635E-11i;-1.9407607458671426E-7+2.6578550863712896E-12i;1.3434892897940298E-7-1.2933359069099939E-12i;-1.1893439506866127E-7+1.4430252679082035E-11i;-4.9561341649627805E-8-6.26062850231506E-12i;-2.39031240274461E-7-1.7624805161028327E-11i;-3.3584280393420494E-8-2.1267024173773247E-12i
-1.493451547840757E-8-5.218557347145423E-10i;2.7238830382251934E-7-1.0373663049665713E-10i;3.0197217870356474E-7+4.828346644502258E-10i;5.109841844319021E-8-1.7948547868782925E-10i;1.3505963178022458E-7+1.537825712041837E-10i;-3.0749598700524617E-7-2.274770869120204E-9i;1.4886425241573358E-7-2.2462796785830702E-14i;2.5558631756904516E-7+3.57519435435464E-14i;1.562252333344902E-7-8.899453627980523E-15i;2.9889040185140395E-8-5.407938348290822E-15i;1.825806297312502E-7-1.2631426613541289E-14i;-1.4099563543263743E-7-1.9591254928252E-13i;3.64957096749409E-8+1.516170352410736E-14i;1.1845750881842963E-7+3.0274484476758703E-14i;2.7947692937506456E-8+1.6823852150268033E-14i;9.47256505821761E-8+1.5379777762931087E-13i;5.8658876031843505E-8-1.42038502352075E-13i;-1.7339556103004562E-8-2.307643491223725E-13i;1.5389837346947695E-7+7.577261899770783E-12i;-6.549350301689692E-8+1.6407196895323754E-12i;1.4072685186592573E-7-1.1323736288348202E-12i;-3.2062620561203154E-8+2.830155962492364E-12i;-2.8457647880067506E-8-8.249498818439267E-13i;-2.1649852373812058E-7-1.657246179692252E-11i;-3.741817212359569E-9-1.994629461831638E-12i
7.280098258008167E-9-4.709557538049654E-10i;2.60450370058958E-7-4.089015507938383E-11i;2.880433481921476E-7+4.978750745598598E-10i;2.743811765654366E-8-1.564794565257598E-10i;1.3585154179031966E-7+2.0646192587663616E-10i;-2.923256738054287E-7-2.135793088186318E-9i;1.5420556364909035E-7-1.9698558572818903E-14i;2.2287545873562253E-7+2.969207046804179E-14i;1.3879259659901371E-7+5.865821756640169E-15i;9.293141884126973E-9-2.105057498266352E-14i;9.895137493158367E-8-9.031218217841388E-15i;-7.281576425359628E-8-1.1256553262733188E-13i;3.698406855698632E-8+7.830739023043956E-15i;8.701149167563633E-8+7.003951150012149E-15i;-4.074547527400867E-9-1.7404488209347705E-14i;6.726210170193012E-8+7.336166114305863E-14i;4.072564601012236E-8+5.5018706347582144E-14i;8.660361836980965E-8-8.784482972843426E-14i;1.54092353400965E-7+4.188372702768561E-12i;4.6229904526832305E-8+8.52386885433258E-13i;1.4587781762594817E-7-9.388245599717683E-13i;4.47686536850923E-8-7.303948188395838E-12i;-8.20681201347893E-9+3.9405973285393876E-12i;-2.04253992835347E-7-1.6259538828879708E-11i;2.343635268815354E-8-1.866610172849032E-12i
2.9494712009126758E-8-4.2005577295043803E-10i;2.4851243632195954E-7+2.195632030140678E-11i;2.741145177155098E-7+5.129154846670142E-10i;3.777816881039671E-9-1.3347343433247686E-10i;1.3664345177470391E-7+2.591412804049632E-10i;-2.7715536057304244E-7-1.9968153069423076E-9i;1.5892983657415882E-7-1.674598145929741E-14i;1.8974238450687904E-7+2.315631948492776E-14i;1.2025096497609124E-7+2.756708154914074E-14i;-9.094601726918517E-9-3.1907540818015495E-14i;2.088400131624478E-8-1.2219984184914512E-14i;-8.404109974461167E-9-1.933567456424187E-14i;3.559926921135213E-8+2.327534596008834E-16i;5.791786718465749E-8-6.579150329106236E-16i;-3.597483975846556E-8-3.707750019657235E-14i;4.453373664455148E-8-1.9085748938744955E-15i;2.2712172017526998E-8+1.573383453335039E-13i;1.6439394470324748E-7-5.743100938199598E-14i;1.5834279061093255E-7+1.7414474673895304E-12i;1.3162435694611824E-7+2.7335300000469465E-13i;1.4605662677233982E-7-7.349445926002368E-13i;1.0430554558553607E-7-1.4954057010547997E-11i;1.0630931191812117E-8+7.459264499810587E-12i;-2.0106022819432292E-7-1.6446758395892817E-11i;4.498708540353244E-8-1.837504356396478E-12i
5.1709325778550655E-8-3.691557921574133E-10i;2.365745026121019E-7+8.480279564506156E-11i;2.6018568727907674E-7+5.279558947689868E-10i;-1.988248388005837E-8-1.104674121023803E-10i;1.3743536173168453E-7+3.118206347789893E-10i;-2.619850473028377E-7-1.857837525336303E-9i;1.6296871448399894E-7-1.4061023936633022E-14i;1.5612766033297558E-7+1.663840108435171E-14i;1.0050476083025402E-7+3.8467237157892193E-14i;-2.4999882094140077E-8-3.9021836421257244E-14i;-4.919796014393369E-8-1.2383101514109358E-14i;5.0054546214022066E-8+7.155206725485711E-14i;3.231582110717384E-8-9.151980555160543E-15i;3.184304057442061E-8-9.174303273051593E-15i;-6.619948602246037E-8-3.93666859149914E-14i;2.689085863144969E-8-3.0979484743077793E-14i;5.388111661839809E-9+2.2932809109774715E-13i;2.0847395416282656E-7+2.763143666165591E-15i;1.6518430447439925E-7+4.2925822458637785E-13i;1.8294798383090676E-7-6.623670835717022E-14i;1.385137720743795E-7-5.542075990171506E-13i;1.4019566436796466E-7-1.9146857936766238E-11i;2.73272731785058E-8+9.326967836674477E-12i;-2.0524383915525985E-7-1.6980215104775986E-11i;5.805502431250851E-8-1.8807728594802555E-12i
7.392393956929766E-8-3.1825581142626797E-10i;2.2463656892845507E-7+1.4764927095199367E-10i;2.4625685688648765E-7+5.429963048657069E-10i;-4.35427846238191E-8-8.746138983104565E-11i;1.3822727166092466E-7+3.6449998899670296E-10i;-2.4681473399125983E-7-1.718859743336673E-9i;1.662658604410914E-7-9.048481248153896E-15i;1.2203057294551823E-7+1.055426687931318E-14i;7.958680246740107E-8+4.5878482664794944E-14i;-3.814214238214733E-8-4.1822137295221966E-14i;-1.0883551953639834E-7-2.4128711600852233E-15i;1.0026749786700883E-7+1.4491696065684807E-13i;2.7249129833176765E-8-1.492296394209246E-14i;9.59889237869781E-9-4.144407880465252E-15i;-9.305186464431075E-8-3.235138265648651E-14i;1.4337701725702265E-8-3.6433995979227534E-14i;-1.027118391886933E-8+2.8542146499066546E-13i;2.1502990636769024E-7+5.466002378742728E-14i;1.7308912117734198E-7+3.637087829266281E-13i;1.9619066735905597E-7-7.896873533400637E-14i;1.2164452544000233E-7-3.3950986093854277E-13i;1.488079369190218E-7-1.9337581918575508E-11i;4.1247228967361454E-8+9.361432217902358E-12i;-2.1430470229052292E-7-1.7763391028167207E-11i;6.08571472806797E-8-1.9745859093176747E-12i
9.613855338369322E-8-2.673558307529868E-10i;2.1269863526971347E-7+2.1049574622850074E-10i;2.3232802654007E-7+5.580367149656837E-10i;-6.720308534785385E-8-6.445536751506112E-11i;1.3901918156254479E-7+4.171793430613257E-10i;-2.3164442063594868E-7-1.5798819609314608E-9i;1.6877687406866268E-7-4.130239919792554E-15i;8.750533724898968E-8+4.939806690035687E-15i;5.7648053605795973E-8+4.712817164658408E-14i;-4.8258884123756594E-8-4.397662136954414E-14i;-1.5578336554001515E-7+7.113809821836917E-15i;1.4008809283693525E-7+2.0274774607192663E-13i;2.0653436908542273E-8-1.2759198642923518E-14i;-7.973213253942446E-9+7.240516703114333E-16i;-1.148879481713223E-7-2.124054869972623E-14i;6.421581635160447E-9-2.7477748075298272E-15i;-2.3189515727209263E-8+3.0856265930242E-13i;1.8508391088658426E-7+5.867586898384262E-14i;1.8057529321849635E-7+1.3550908319248759E-12i;1.7225853627190892E-7+2.3825179141265784E-13i;9.530301333469518E-8-1.7282068044778094E-13i;1.3023202552004036E-7-1.5666825232290797E-11i;5.199163767697574E-8+7.514419223716128E-12i;-2.2514930231554909E-7-1.8424835708427154E-11i;5.3077432510360656E-8-2.060713439068984E-12i
1.1835316722336751E-7-2.1645585013021257E-10i;2.0076070163440347E-7+2.7334222148431985E-10i;2.1839919624115263E-7+5.730771250822944E-10i;-9.086338605033564E-8-4.1449345151857345E-11i;1.3981109143699903E-7+4.698586969834296E-10i;-2.1647410723549316E-7-1.4409041781256725E-9i;1.7046954387752068E-7+1.2221792141725185E-15i;5.2645459704258586E-8-1.2933250352624392E-15i;3.492088925562845E-8+4.531900491660359E-14i;-5.513570979636868E-8-4.6534306260621966E-14i;-1.8819248463964186E-7+2.169882668028035E-14i;1.677228260005189E-7+2.3387146365718254E-13i;1.2884868306795089E-8-1.154125339806539E-14i;-2.0146781993044783E-8-4.303651259878843E-15i;-1.3030608034309064E-7-1.3201945838401339E-14i;2.2331563780380597E-9+1.8050932357434753E-14i;-3.241675469369243E-8+2.7581199974304077E-13i;1.2459976333692168E-7+6.432293894616301E-14i;1.863407375468416E-7+3.178377258613285E-12i;1.1714807926715278E-7+7.911865093156526E-13i;6.08385869475703E-8-6.937282892223173E-14i;8.855527248698911E-8-8.744614723615105E-12i;5.930222615606317E-8+4.1539590887787215E-12i;-2.3461896350048846E-7-1.8691034481347244E-11i;3.612416239194493E-8-2.0948875716779744E-12i
1.405677810892723E-7-1.6555586955281724E-10i;1.8882276802105724E-7+3.361886967302613E-10i;2.0447036599029865E-7+5.881175352280593E-10i;-1.14523686730002E-7-1.8443322740789076E-11i;1.4060300128494817E-7+5.225380507735822E-10i;-2.0130379378923063E-7-1.3019263949304945E-9i;1.7132142289219325E-7+6.248288481767197E-15i;1.7573714064811464E-8-6.999666911213429E-15i;1.1697504762374556E-8+4.072392257021532E-14i;-5.8613075392379646E-8-4.586486826285889E-14i;-2.0473850093511273E-7+3.3585238292275387E-14i;1.8187459039285134E-7+2.5482348895382497E-13i;4.37815380587589E-9-7.941750771383022E-15i;-2.6370847728128486E-8-1.0379305714862897E-15i;-1.382791780716155E-7+3.534005698590954E-16i;4.6488709219549564E-10+5.3145677825295887E-14i;-3.720711097464755E-8+2.3667709843258064E-13i;4.3880906506347975E-8+7.006744346127902E-14i;1.8942382995813146E-7+5.577418643199836E-12i;4.134134279283426E-8+1.3991180132670237E-12i;2.0922970114680004E-8+1.0042717212523871E-13i;3.141360270121589E-8+3.217937192786083E-13i;6.308684787802435E-8-1.9829247248771237E-13i;-2.401072852800436E-7-1.865199463626449E-11i;1.2935184131724238E-8-2.0696894233563395E-12i
1.627823949813452E-7-1.1465588901386896E-10i;1.7688483442849953E-7+3.9903517197992627E-10i;1.9054153578739293E-7+6.031579454206363E-10i;-1.3818398738640586E-7+4.562699714619316E-12i;1.4139491110708783E-7+5.752174044448006E-10i;-1.8613348029700804E-7-1.1629486113641348E-9i;1.7132199425582895E-7+1.0465818068610701E-14i;-1.7570387617481925E-8-1.3229020519570352E-14i;-1.1694618036463402E-8+3.116257726533915E-14i;-5.8613166865968366E-8-3.5641764028461203E-14i;-2.047374989619012E-7+4.223911909712064E-14i;1.8187540739797814E-7+2.7640754408159616E-13i;-4.378425885971435E-9-4.447763396670146E-15i;-2.6377113317788605E-8+8.245229096968082E-16i;-1.3828402982280153E-7+1.9930010273525148E-14i;-4.714750455298345E-10+8.774066005007295E-14i;-3.722579254741375E-8+1.3870908597691096E-13i;-4.3899897898051224E-8-2.895362398685851E-14i;1.8932841066363755E-7+8.129671574641967E-12i;-4.168838482022014E-8+2.0235599182233595E-12i;-2.0913894459675712E-8+1.9830606780326217E-13i;-3.114635750985323E-8+9.858194000951296E-12i;6.321841835980518E-8-4.82702276843331E-12i;-2.4017643901417083E-7-1.8209839846002347E-11i;-1.243978996243226E-8-2.044204833779425E-12i
1.8499700889822135E-7-6.375590850976451E-11i;1.649469008562513E-7+4.618816472478283E-10i;1.7661270563186697E-7+6.181983556772489E-10i;-1.6184428802021912E-7+2.7568722210492612E-11i;1.421868209040263E-7+6.278967580098964E-10i;-1.709631667589871E-7-1.0239708274490824E-9i;1.7047130366765737E-7+1.541501679343083E-14i;-5.264241403701719E-8-1.9913559935996575E-14i;-3.491854134296977E-8+2.320621696945705E-14i;-5.513475502109708E-8-2.5792626214130632E-14i;-1.8818893547506687E-7+4.39829578888443E-14i;1.67720455800278E-7+2.7685725976334805E-13i;-1.2883735325805672E-8-1.4412577409916901E-15i;-2.015356437372567E-8+2.8212261579819575E-14i;-1.303085664629775E-7+4.146807786280463E-14i;-2.2468808781296398E-9+1.192340535312386E-13i;-3.2434102353073307E-8+4.1924206608941586E-14i;-1.2461018644259741E-7-1.3162299869620595E-13i;1.8606271745408438E-7+1.0333694067818011E-11i;-1.1747920705588858E-7+2.5277087653012225E-12i;-6.083990343194624E-8+3.427520864058174E-13i;-8.830168602325061E-8+1.8274903251941448E-11i;5.971819251388453E-8-8.923365941513697E-12i;-2.3480329468376673E-7-1.7329746392504415E-11i;-3.5639749975414114E-8-1.97416124111656E-12i
2.0721162283717388E-7-1.2855928044027513E-11i;1.530089673046089E-7+5.247281225443994E-10i;1.6268387552275409E-7+6.33238766009443E-10i;-1.8550458863335253E-7+5.0574744743543086E-11i;1.429787306763433E-7+6.80576111479214E-10i;-1.5579285317566142E-7-8.849930432024378E-10i;1.6877986217949712E-7+1.8774600380309218E-14i;-8.750160900143188E-8-2.6641733281220467E-14i;-5.764451758599646E-8+1.9985722153445025E-14i;-4.825682327343827E-8-1.650164549392743E-14i;-1.557816983658176E-7+3.567273655710588E-14i;1.400854310266954E-7+2.4541128493660737E-13i;-2.0650709932948267E-8-2.51507055907816E-16i;-7.977549196171574E-9+4.1783485757591245E-14i;-1.148871922284228E-7+5.0566323149357464E-14i;-6.4366401807944604E-9+1.1283885827300022E-13i;-2.3190612565688715E-8-1.3736159881914725E-14i;-1.8504948193526353E-7-2.1694642095651666E-13i;1.8016306917812114E-7+1.1816364719282334E-11i;-1.7253069060484692E-7+2.8545544167336702E-12i;-9.528496295945993E-8+4.688940503154795E-13i;-1.2995695829813144E-7+2.405266266953012E-11i;5.264469091088658E-8-1.1785500829887717E-11i;-2.2541945492875195E-7-1.649584879930742E-11i;-5.2559025056135394E-8-1.921912570876333E-12i
2.2942623679488233E-7+3.8044052368499E-11i;1.4107103377402699E-7+5.875745978704211E-10i;1.4875504545886585E-7+6.48279176416375E-10i;-2.0916488922857928E-7+7.358076732049382E-11i;1.437706404251383E-7+7.332554648589113E-10i;-1.4062253954810215E-7-7.460152586359181E-10i;1.6626920688210797E-7+2.2712388600457335E-14i;-1.2202699653418818E-7-3.377959343221802E-14i;-7.958453139857074E-8+4.2054023841627666E-15i;-3.813694707744481E-8-5.981963830053427E-15i;-1.0883618517002776E-7+2.1023704899005824E-14i;1.0027009433501626E-7+1.8352803576913805E-13i;-2.7248385030281918E-8-2.2931710873324234E-15i;9.589920800466179E-9+4.595706900176003E-14i;-9.306197749478568E-8+4.5209785408185894E-14i;-1.434515960607698E-8+1.1291574679448068E-13i;-1.0286353377354728E-8-6.453103508522772E-14i;-2.1499059678888312E-7-2.2933827535672313E-13i;1.7262854390470023E-7+1.2278343084721903E-11i;-1.9645425290606101E-7+2.908846579641605E-12i;-1.216146673508519E-7+5.928669757961907E-13i;-1.4859927546460592E-7+2.6053351196742083E-11i;4.1995052694034197E-8-1.2800392510537585E-11i;-2.1461144253714155E-7-1.5847965038674006E-11i;-6.038691260440436E-8-1.8876345232176373E-12i
2.5164085076774866E-7+8.894403270840462E-11i;1.2913310026459958E-7+6.50421073218255E-10i;1.3482621543869867E-7+6.633195868925452E-10i;-2.3282518980902276E-7+9.658678995876461E-11i;1.4456255015208625E-7+7.859348181513191E-10i;-1.2545222587785068E-7-6.070374737586308E-10i;1.6297316094430106E-7+2.5215716179151662E-14i;-1.5612428649162542E-7-4.066368404811497E-14i;-1.005025881077151E-7-8.011590364471282E-15i;-2.499299577817565E-8+4.738344681259369E-15i;-4.9200499910182265E-8+4.1830135885741176E-15i;5.005631224440845E-8+1.0848271984254495E-13i;-3.231113363109428E-8-8.592505197496993E-15i;3.1838376266325057E-8+3.4579189524506273E-14i;-6.62055001506621E-8+9.658553415991287E-15i;-2.690599513401276E-8+5.1218268631267535E-14i;5.390039711570894E-9-1.1571840534598646E-13i;-2.0843911175728947E-7-3.27806931665201E-13i;1.6474956260277632E-7+1.1637351501799098E-11i;-1.8319268180281174E-7+2.6745338253661414E-12i;-1.3849479853506492E-7+6.707579994753453E-13i;-1.4002387677250068E-7+2.3564942709320294E-11i;2.8065055964780944E-8-1.1740731900537052E-11i;-2.0552591141228466E-7-1.5601587792158624E-11i;-5.753969845673236E-8-1.9170757704179555E-12i
2.7385546475316095E-7+1.3984401297083893E-10i;1.1719516677440517E-7+7.132675485910718E-10i;1.20897385460136E-7+6.783599974404663E-10i;-2.5648549037693065E-7+1.195928126633098E-10i;1.453544598602248E-7+8.386141713718778E-10i;-1.1028191216739816E-7-4.68059688588993E-10i;1.5893521134055646E-7+2.8145222461727682E-14i;-1.897402102016432E-7-4.7834933401583987E-14i;-1.2025212036114567E-7-2.9281104163648285E-14i;-9.085825351305115E-9+1.7344193837914265E-14i;2.0873615871755197E-8-1.0412331034403215E-14i;-8.39631234215192E-9+1.4142726532618324E-14i;-3.559615012086783E-8-1.6755587325340436E-14i;5.791566106119363E-8+1.0737783851691111E-14i;-3.598380173920333E-8-4.867240724845373E-15i;-4.454729748834204E-8-1.0911360836688099E-14i;2.2728076384413526E-8-6.657340883051253E-14i;-1.643764483461766E-7-2.2171925972425784E-13i;1.5803187855762964E-7+9.86814882616084E-12i;-1.3187314545829507E-7+2.246450648339013E-12i;-1.4604886142243472E-7+7.241547101088699E-13i;-1.0421495996356039E-7+1.6726075959802696E-11i;1.1234642032505278E-8-8.529738318768643E-12i;-2.0127329888335047E-7-1.5806837773926244E-11i;-4.445103868978576E-8-1.9163268382173336E-12i
2.9607007875038347E-7+1.9074399317826627E-10i;1.0525723329877631E-7+7.761140240107097E-10i;1.0696855552048703E-7+6.934004080721384E-10i;-2.8014579093291124E-7+1.425988354148533E-10i;1.4614636955420953E-7+8.912935245542647E-10i;-9.511159842026843E-8-3.2908190316403186E-10i;1.5421208378048185E-7+3.209834403102414E-14i;-2.2287260390821962E-7-5.4311920200494066E-14i;-1.3879406601023435E-7-4.6714141084013405E-14i;9.30099992057955E-9+3.0273554982686186E-14i;9.894692403336429E-8-2.0603079061968754E-14i;-7.281113287489548E-8-9.340955849194067E-14i;-3.698397200533061E-8-1.9957823913090763E-14i;8.700242854750124E-8+2.227498255758576E-15i;-4.0829739091832856E-9+9.179555481041937E-16i;-6.726009127508752E-8-6.938319441220845E-14i;4.073889561143009E-8-2.5265082028528077E-14i;-8.658160168948969E-8-1.3135870390157484E-13i;1.5397327244135007E-7+7.090008730374847E-12i;-4.647799675153031E-8+1.6688192033686297E-12i;-1.458528390350682E-7+8.064601883916119E-13i;-4.47785572387789E-8+6.004504049718338E-12i;-7.86253262718997E-9-3.3909344508066882E-12i;-2.0434708379526524E-7-1.6406270679349042E-11i;-2.2900822026704673E-8-1.89056821517824E-12i
3.1828469276028146E-7+2.4164397333709905E-10i;9.331929983042404E-8+8.389604994985558E-10i;9.303972561655741E-8+7.084408187912696E-10i;-3.0380609147625214E-7+1.6560485820992213E-10i;1.4693827924042958E-7+9.439728777301517E-10i;-7.99412846409615E-8-1.9010411752060327E-10i;1.4887180795099007E-7+3.54534522878045E-14i;-2.555843359400377E-7-6.104337458918105E-14i;-1.5622922957437267E-7-6.676748617250173E-14i;2.98982574944459E-8+4.5276264749752294E-14i;1.8257687316026308E-7-2.8095622486242648E-14i;-1.409918515068158E-7-2.0477517550784785E-13i;-3.649514600130507E-8-2.906308225561888E-14i;1.1844972235824044E-7-2.339935230659527E-14i;2.793843021786961E-8-1.1984396052655483E-14i;-9.472817224429652E-8-1.4406833011814218E-13i;5.8671679079764674E-8+1.5470812691047456E-14i;1.734320201023508E-8-8.21199892647401E-14i;1.5404885295526785E-7+3.7094220768175995E-12i;6.523012047801913E-8+9.239863823724882E-13i;-1.4072828325022794E-7+8.740294021852218E-13i;3.193921938865225E-8-7.562187314384729E-12i;-2.848178665449467E-8+3.064740047372153E-12i;-2.1646300032988076E-7-1.7549371577941432E-11i;4.286893066982614E-9-1.9266087415804037E-12i
3.4049930678401754E-7+2.9254395346652305E-10i;8.138136636071782E-8+9.018069750755976E-10i;7.911089574459808E-8+7.234812296008777E-10i;-3.2746639200585373E-7+1.8861088103957332E-10i;1.4773018892628313E-7+9.966522309387128E-10i;-6.47709708346513E-8-5.1126331702043195E-11i;1.4299571585021108E-7+3.915515090787051E-14i;-2.880113347053902E-7-6.720544146342428E-14i;-1.7281959290005103E-7-8.370496612550188E-14i;5.247872410677265E-8+6.272915185332268E-14i;2.695817949005363E-7-3.92064622669893E-14i;-2.1111127522982083E-7-3.258096240812964E-13i;-3.429009981225049E-8-2.9995972257025055E-14i;1.519556573250641E-7-2.7536050307749078E-14i;5.889246601840945E-8-4.326327656315455E-15i;-1.2657419503849688E-7-2.6433277080430687E-13i;7.6215276473764E-8+9.343320598651121E-14i;1.3784259860291127E-7-3.1013239040638323E-14i;1.5969359884074846E-7+8.649001718439401E-14i;1.9379418848139986E-7+1.4712774989166402E-13i;-1.3436430364767502E-7+9.815485577958668E-13i;1.1868247904789556E-7-2.2686665472269816E-11i;-5.000294274351053E-8+1.0315281827228952E-11i;-2.3884094536850907E-7-1.9608806641719643E-11i;3.413615957911695E-8-2.0377947040531004E-12i
3.627139208201569E-7+3.4344393360394464E-10i;6.944343288191384E-8+9.646534507497073E-10i;6.518206589705267E-8+7.385216404915498E-10i;-3.5112669252265735E-7+2.1161690387411775E-10i;1.4852209861870883E-7+1.049331584220876E-9i;-4.960065700933763E-8+8.785145423287115E-11i;1.366795058780551E-7+4.2493635159740054E-14i;-3.2037434154535684E-7-7.37571904616718E-14i;-1.8902041432528606E-7-9.91218416043514E-14i;7.689588408721199E-8+7.767362043871914E-14i;3.5827701306913945E-7-5.301725348051844E-14i;-2.8197702674756846E-7-4.4369586765100453E-13i;-3.066476079218902E-8-3.2380585152458495E-14i;1.8779130862920026E-7-2.4248495513767586E-14i;8.817047434167075E-8-6.392478186758524E-15i;-1.6275774961918346E-7-3.6549532171065994E-13i;9.371984892838282E-8+1.46148156753311E-13i;2.6574317800807485E-7+1.8720457223979486E-14i;1.725584539967744E-7-3.557956898295324E-12i;3.307100678278718E-7-6.075064767896321E-13i;-1.3111956707071144E-7+1.1217714010913973E-12i;2.0952478291699834E-7-3.8515624526653844E-11i;-7.235283810225733E-8+1.7908752991042057E-11i;-2.7339074090109517E-7-2.2303331249404354E-11i;6.448439987514773E-8-2.147099038653822E-12i
-6.584787646046885E-8-6.238148823688681E-10i;2.9956787206098593E-7-2.797107387510742E-10i;3.151176012905003E-7+3.881631310389269E-10i;1.0731748930478892E-7-2.1946345862278173E-10i;1.393115422857361E-7+9.955859008943562E-11i;-3.250437673191893E-7-2.4913578768916373E-9i;8.605925861086135E-8-2.7798115776285488E-14i;3.0296948007951023E-7+4.635599183953368E-14i;1.3887470241654535E-7-5.966021477510113E-14i;1.396043912911589E-7+7.636265794862034E-14i;3.568832335547921E-7-3.506354995889681E-14i;-2.581324378778663E-7-3.473913115788105E-13i;-4.8232684453676456E-8+4.4782803215907804E-15i;1.957937112843737E-7+5.037131438641089E-14i;2.883951438351272E-8+9.194170642191681E-14i;2.533255357950032E-7+4.619972186859524E-13i;1.0314220264525314E-8-3.4522176057326757E-13i;-2.453552278556724E-7-4.923699122850812E-13i;2.2599312156686798E-7+1.7782608357769227E-11i;-3.20322510921346E-7+4.063425485255232E-12i;1.7935837875995836E-7-1.9769865217131773E-12i;-1.5489088230694952E-7+1.037475366395215E-11i;-1.66591598308255E-7-4.014015742475746E-12i;-2.6788148112389055E-7-2.1278668551173816E-11i;1.9162387341957425E-8-2.372046150634405E-12i
-4.363326275357692E-8-5.729149014704829E-10i;2.876299383226674E-7-2.1686426345616423E-10i;3.0118877073091584E-7+4.0320354103455155E-10i;8.365718848889618E-8-1.964574364734056E-10i;1.4010345227495803E-7+1.5223794463767936E-10i;-3.098734541492354E-7-2.3523800961859113E-9i;9.278037732891936E-8-2.5608981975349145E-14i;2.721773334049397E-7+4.123925569892252E-14i;1.2704573698909923E-7-4.264478761213738E-14i;1.1496486706274618E-7+5.6030381201720616E-14i;2.6873961222603496E-7-3.0610201978088394E-14i;-1.9101850681110235E-7-2.600072029393775E-13i;-3.808729857088811E-8-5.497702852671292E-15i;1.667249855968643E-7+2.7025662922339052E-14i;7.63334193918465E-9+4.5658702086359044E-14i;2.108177090267325E-7+3.4323322607246414E-13i;1.3325764308277614E-8-1.8157107089255444E-13i;-1.2016739007718742E-7-3.643588441302027E-13i;2.1000176846060798E-7+1.3301612439437487E-11i;-1.904034563511398E-7+2.9843630931211004E-12i;1.7982674013388314E-7-1.7516565144876232E-12i;-8.57017806023016E-8+3.3005067079394905E-12i;-1.234936242670466E-7-7.480841324422471E-13i;-2.36136869926259E-7-1.874348195231074E-11i;1.6404908880756867E-8-2.111554839031516E-12i
-2.1418649041622473E-8-5.220149206057084E-10i;2.75692004605086E-7-1.5401778819630714E-10i;2.872599401876333E-7+4.1824395103158967E-10i;5.999688767606965E-8-1.7345141431300474E-10i;1.4089536224526134E-7+2.049172990779132E-10i;-2.9470314096284593E-7-2.213402315333375E-9i;9.897086485242357E-8-2.3206338489103663E-14i;2.4137340624027023E-7+3.5710186468974253E-14i;1.1491400281416219E-7-2.6721119740890762E-14i;9.249060846499675E-8+4.168269551128979E-14i;1.8226935714117858E-7-2.203654171518496E-14i;-1.2455756181656895E-7-1.7010614285476585E-13i;-2.9369705643293104E-8-1.3178642227281676E-14i;1.403457562972526E-7+1.0637402954705902E-14i;-1.5458570747396605E-8+1.271901522051673E-14i;1.7277007834075582E-7+2.710104606350096E-13i;1.6702500041816108E-8-2.5256860627652732E-14i;-2.1346071992129756E-9-2.359615639500535E-13i;2.0132761923977765E-7+9.330284504511111E-12i;-6.83290576662483E-8+2.0244504310041266E-12i;1.8344615476977903E-7-1.5524612668267974E-12i;-1.9607830227864944E-8-3.3330116737099184E-12i;-8.04749836659358E-8+2.3134070970811905E-12i;-2.1506359115214464E-7-1.68954391901082E-11i;1.3973898173698838E-8-1.9588075924546827E-12i
7.959646798250172E-10-4.711149397924457E-10i;2.6375407091571097E-7-9.117131297659828E-11i;2.733311096719579E-7+4.332843610316168E-10i;3.6336586869620216E-8-1.5044539212974388E-10i;1.4168727218945517E-7+2.575966533748471E-10i;-2.7953282774929535E-7-2.0744245342351396E-9i;1.0455500891656313E-7-1.9429066526040194E-14i;2.1035154014209555E-7+3.006156681797254E-14i;1.0214732114098723E-7-8.929823968909076E-15i;7.219586357472148E-8+2.6743071001683603E-14i;9.914476039409086E-8-1.520573788315557E-14i;-5.990631032890295E-8-8.631364995988787E-14i;-2.1983954699218378E-8-1.4392775756382455E-14i;1.1615993213264877E-7-4.913891308968773E-16i;-3.975267506241471E-8-6.348830760675023E-15i;1.3841487515961072E-7+1.8785652669641277E-13i;2.0213207755259062E-8+9.928418310332931E-14i;9.948093758985577E-8-1.1894528024092444E-13i;1.9795251419018006E-7+6.04333466624816E-12i;3.7950293849506287E-8+1.231703561295943E-12i;1.8526199790253023E-7-1.2997097884394678E-12i;3.880001732944035E-8-8.720365133280115E-12i;-3.699610634806848E-8+4.77284894646391E-12i;-2.0274487441577427E-7-1.5793114706590286E-11i;1.169488230195155E-8-1.85762433479918E-12i
2.3010578414659253E-8-4.202149590419735E-10i;2.518161372580334E-7-2.8324837797284143E-11i;2.594022791919283E-7+4.4832477103687504E-10i;1.267628607277128E-8-1.2743936991436454E-10i;1.4247918210365083E-7+3.102760075101442E-10i;-2.6436251450107243E-7-1.9354467528217382E-9i;1.094663663223698E-7-1.5628509598146618E-14i;1.789821990659052E-7+2.48090829206449E-14i;8.855017052827852E-8+1.1190727228969239E-14i;5.421258932470275E-8+1.2649058149546021E-14i;2.156497957319902E-8-1.3265951134354425E-14i;1.1562863903156052E-9-2.2206600923864167E-15i;-1.5881781312458307E-8-1.5490470477141817E-14i;9.419054891492648E-8+1.4780065131206065E-14i;-6.417048242501436E-8+1.5220721214094005E-15i;1.0772436353559803E-7+1.2511733243163457E-13i;2.361379034515518E-8+1.884229676662502E-13i;1.749833444073995E-7-5.344539117809429E-14i;1.9839432140874459E-7+3.599353320962227E-12i;1.1937542324125713E-7+6.948513036654506E-13i;1.8130905327628175E-7-9.828634513953524E-13i;8.382330707009016E-8-1.213174376727599E-11i;5.748773359377095E-9+6.285567695251478E-12i;-1.9816281673913852E-7-1.5228838025585304E-11i;9.526098410298147E-9-1.7397077998893832E-12i
4.5225192166088574E-8-3.693149783576134E-10i;2.3987820363184374E-7+3.452163734059273E-11i;2.4547344875248713E-7+4.633651810449568E-10i;-1.0984014711483665E-8-1.0443334766218157E-10i;1.4327109198714157E-7+3.6295536147931075E-10i;-2.4919220121372326E-7-1.7964689710474996E-9i;1.1364656624116481E-7-1.2924400296456186E-14i;1.472022696194642E-7+1.855776269974547E-14i;7.404371562757211E-8+2.2208205362523066E-14i;3.8740517870117206E-8+7.379773978174231E-15i;-4.8073182243909564E-8-1.1795989527227336E-14i;5.657448734231048E-8+8.371904011073909E-14i;-1.10055543191155E-8-2.2606035436075037E-14i;7.474782624641834E-8+2.0043694585480352E-14i;-8.744895252574468E-8+5.2628080829541756E-15i;8.08467994774011E-8+7.346778599865739E-14i;2.666717892814922E-8+2.2209587518566673E-13i;2.1687907336761113E-7-2.8156544893591134E-14i;2.0136869122904223E-7+2.238324971997074E-12i;1.6871010380693288E-7+3.5322275034874716E-13i;1.6874053745114285E-7-6.92001430897755E-13i;1.1072988535951018E-7-1.3015067849747114E-11i;4.583600816171555E-8+6.552357594647277E-12i;-1.9994214601955696E-7-1.5122359993151766E-11i;7.574986361909434E-9-1.7407805915131848E-12i
6.743980593680712E-8-3.184149977394906E-10i;2.2794027003579944E-7+9.73681124330717E-11i;2.315446183568826E-7+4.784055910524545E-10i;-3.464431548047444E-8-8.1427325370814E-11i;1.4406300184017173E-7+4.1563471527954724E-10i;-2.3402188788430244E-7-1.6574911888831279E-9i;1.170495378241126E-7-9.08617464705444E-15i;1.1501027514361658E-7+1.283504904291835E-14i;5.866154891787209E-8+2.972827848471756E-14i;2.6002212895125766E-8+1.6754196419992847E-15i;-1.0732812238261697E-7-5.342841314717831E-15i;1.0416141594365619E-7+1.489873749248553E-13i;-7.241314390305195E-9-2.5259986538093188E-14i;5.832594096954553E-8+2.4021359591938254E-14i;-1.0818697852671236E-7+1.4915735597618004E-16i;5.781090374542585E-8+6.732737930120962E-14i;2.9242700880277693E-8+2.598434757868866E-13i;2.213614342747049E-7+5.085951854890353E-14i;2.0563322899492504E-7+2.0304169818909133E-12i;1.820978227424136E-7+3.307079522715722E-13i;1.460486128020066E-7-4.0141999951114935E-13i;1.1667063931828568E-7-1.1072720541046631E-11i;8.109423651220954E-8+5.4923872762784596E-12i;-2.0611795546910023E-7-1.5554570940533678E-11i;5.778596413359719E-9-1.812707226867165E-12i
8.96544197289903E-8-2.675150171826467E-10i;2.1600233646774094E-7+1.602145874849449E-10i;2.176157880071618E-7+4.934460010650463E-10i;-5.830461623188616E-8-5.842130303837618E-11i;1.4485491166381165E-7+4.683140689177797E-10i;-2.1885157451105698E-7-1.5185134063177162E-9i;1.1963590445912367E-7-4.7717028361880364E-15i;8.244705446207117E-8+7.337243050829574E-15i;4.2508082697083504E-8+3.294732761697889E-14i;1.6220422669863345E-8-6.794498865357875E-16i;-1.539646861985382E-7+8.27651188637042E-15i;1.4188541992552907E-7+2.0532529524397003E-13i;-4.429615025154263E-9-1.9828387237402003E-14i;4.5440013281689564E-8+3.1284622227113485E-14i;-1.2507871926280583E-7+6.116044056333118E-15i;3.8321627564822455E-8+7.760198194217927E-14i;3.1225052848845975E-8+2.405828060739746E-13i;1.8947605764105888E-7+3.436480079459124E-14i;2.100242948222308E-7+2.8537881613527383E-12i;1.6039200824012497E-7+6.249349718551912E-13i;1.1322036319908824E-7-1.3185795112334798E-13i;1.0175095112363443E-7-6.533662423728233E-12i;1.0951269902832973E-7+3.1972054310058737E-12i;-2.1412250833195672E-7-1.6130948868842994E-11i;4.109471494458593E-9-1.8732075628121905E-12i
1.1186903354416048E-7-2.1661503667741489E-10i;2.0406440292554633E-7+2.230610625095661E-10i;2.0368695770443873E-7+5.084864110980618E-10i;-8.196491696396294E-8-3.541528066466551E-11i;1.456468214592457E-7+5.209934224085949E-10i;-2.036812610930407E-7-1.379535623361024E-9i;1.2137570602572149E-7-9.492124492457917E-17i;4.9592577568709435E-8+1.347754250606876E-15i;2.575712418299178E-8+3.113874793844512E-14i;9.587117814793207E-9-3.447424860726437E-15i;-1.8615752532661023E-7+2.2398345720229375E-14i;1.680631605399797E-7+2.328049426092968E-13i;-2.3529009037809428E-9-1.1520870153023678E-14i;3.65572539237908E-8+3.35060635379094E-14i;-1.3702556600856164E-7+1.2019414493967106E-14i;2.1735054294487147E-8+8.886142328986448E-14i;3.25596963023176E-8+1.6599431322530777E-13i;1.2717086026493845E-7+3.997984678231561E-14i;2.1355058505956246E-7+4.492731693047894E-12i;1.0923940970096576E-7+1.1618453646248566E-12i;7.18017462775475E-8+4.7358427762754284E-14i;6.912814858561137E-8+3.7638164056505646E-14i;1.2946293099920804E-7-2.7257445944895473E-14i;-2.2130969739893166E-7-1.6688087995882813E-11i;2.5429087380103982E-9-1.896167803729906E-12i
1.340836473831916E-7-1.6571505621767295E-10i;1.9212646940712892E-7+2.85907537517587E-10i;1.8975812744913253E-7+5.235268211630653E-10i;-1.0562521767549488E-7-1.2409258248834909E-11i;1.4643873122782826E-7+5.736727757659642E-10i;-1.8851094762995045E-7-1.2405578400255795E-9i;1.22250330238435E-7+4.2878352509137896E-15i;1.655276490319592E-8-4.296895393350683E-15i;8.629617254251415E-9+2.997626885631367E-14i;6.235893534952313E-9+2.3356323670749624E-16i;-2.025924236281958E-7+2.8220526100931457E-14i;1.814700754445688E-7+2.5680812419066675E-13i;-7.354151724295034E-10-7.641883612303956E-15i;3.202206749000076E-8+2.900875984563566E-14i;-1.4321308639708631E-7+2.7657053265741376E-14i;7.034293838969225E-9+9.976699422673326E-14i;3.322567218026588E-8+1.1085901041453109E-13i;4.471796577128627E-8-4.3450787019958885E-14i;2.154590612710432E-7+6.695922201335941E-12i;3.854443429170884E-8+1.7031980892047748E-12i;2.462962577122177E-8+2.8693512303897297E-13i;2.4648678581467043E-8+7.639307612289044E-12i;1.3979606919730664E-7-3.779128924970898E-12i;-2.2550377346742145E-7-1.7211444911279133E-11i;1.01275964326912E-9-1.946054647746127E-12i
1.5629826124606255E-7-1.1481507580143837E-10i;1.8018853591062006E-7+3.48754012515971E-10i;1.7582929724099233E-7+5.385672312682045E-10i;-1.2928551836595617E-7+1.0596764208904207E-11i;1.4723064097086985E-7+6.263521289994131E-10i;-1.7334063412187818E-7-1.1015800563227563E-9i;1.22251336496931E-7+8.64645999673619E-15i;-1.6550444548199573E-8-9.792023852464547E-15i;-8.625817271214952E-9+2.4721010718866942E-14i;6.233824149918064E-9+5.023399806145144E-15i;-2.025908049867737E-7+3.649666137061131E-14i;1.8147016732526912E-7+2.650626400345866E-13i;7.287863017101208E-10+1.8900206221007386E-16i;3.201468118368711E-8+3.267273173470605E-14i;-1.4321623178906807E-7+4.025411019063837E-14i;-7.024651142219539E-9+1.1875482919107015E-13i;3.32086694093763E-8+5.1569181090879885E-14i;-4.473443684332795E-8-8.056367860949094E-14i;2.1537145943067112E-7+9.025982478748752E-12i;-3.894280391432219E-8+2.3118093726522357E-12i;-2.4565189836682386E-8+4.869488133683225E-13i;-2.3989135668480338E-8+1.506676331112487E-11i;1.3989960030362977E-7-7.412826427183922E-12i;-2.2553336617016258E-7-1.746794586084252E-11i;-5.139761639346101E-10-1.930796652891596E-12i
1.7851287513178483E-7-6.391509542264048E-11i;1.6825060243458608E-7+4.116004875226187E-10i;1.619004670793206E-7+5.536076414310308E-10i;-1.5294581903564246E-7+3.3602786702237144E-11i;1.4802255068966072E-7+6.790314821268886E-10i;-1.58170320569261E-7-9.626022722760676E-10i;1.2137694801390165E-7+1.2344947659090428E-14i;-4.9590780203851786E-8-1.6303041047665796E-14i;-2.5754220266258855E-8+2.0513037818017054E-14i;9.588568363355274E-9+1.5427862539372988E-14i;-1.861536014576223E-7+3.4423636228769904E-14i;1.6806381260053558E-7+2.6714778960614105E-13i;2.3481897250565835E-9+1.14173159867468E-15i;3.6548900397045304E-8+4.47284245095065E-14i;-1.370340984814915E-7+5.6833709305167563E-14i;-2.173438031131919E-8+1.0954647297648028E-13i;3.253712574745222E-8-3.133798626024462E-14i;-1.2718783830646463E-7-1.7148571711768067E-13i;2.132982255901379E-7+1.1112087062724996E-11i;-1.0963469647214768E-7+2.7564405945095013E-12i;-7.175595933993307E-8+6.207742744307885E-13i;-6.853165830943821E-8+2.098926028564471E-11i;1.2979096087115995E-7-1.0384315025529864E-11i;-2.2133691557824888E-7-1.734981607100126E-11i;-2.07033062517303E-9-1.911378924108253E-12i
2.007274890384947E-7-1.3015115082170175E-11i;1.5631266897798942E-7+4.744469625526362E-10i;1.4797163696306585E-7+5.686480516634265E-10i;-1.7660611968570903E-7+5.6608809227333055E-11i;1.48814460385642E-7+7.317108351631845E-10i;-1.4300000697294828E-7-8.23624487907424E-10i;1.1963856157203335E-7+1.562583858896633E-14i;-8.244510014813706E-8-2.245689023865663E-14i;-4.250554170580462E-8+1.489851932972719E-14i;1.6221404579997274E-8+2.2854259336844574E-14i;-1.5396315076655566E-7+2.8860649230649246E-14i;1.4188798885239958E-7+2.3945731918428637E-13i;4.42521820733271E-9+4.859277430348844E-15i;4.543093796042747E-8+6.633906978853877E-14i;-1.2508833720103715E-7+7.158933134867785E-14i;-3.832670065987921E-8+8.801697370644498E-14i;3.120758105108366E-8-5.5542644188929214E-14i;-1.89437489667148E-7-1.9147690659678935E-13i;2.096588344998292E-7+1.2538864463708035E-11i;-1.6072644360979755E-7+3.054165490679149E-12i;-1.1317138833965257E-7+7.808796915520842E-13i;-1.0122134862314562E-7+2.4366132162712193E-11i;1.1002014687687482E-7-1.2102508377711792E-11i;-2.1419447843754025E-7-1.7009445146776554E-11i;-3.6586787695463565E-9-1.8386936444512218E-12i
2.2294210296389087E-7+3.7884865214156524E-11i;1.4437473553979322E-7+5.372934376134755E-10i;1.3404280689097041E-7+5.836884619695326E-10i;-2.0026642031790363E-7+7.961483178639738E-11i;1.4960637006072214E-7+7.843901881217134E-10i;-1.2782969333425818E-7-6.846467032326278E-10i;1.1705353332289741E-7+1.853679483296962E-14i;-1.1500858281806064E-7-2.912648100215344E-14i;-5.866062868046717E-8+4.622772185034921E-15i;2.6002536278931763E-8+3.378351686496007E-14i;-1.073248593336961E-7+1.4782670125445904E-14i;1.0416189800990666E-7+1.8799456362400905E-13i;7.234458312139321E-9+4.611375570029824E-15i;5.831574697539922E-8+6.527587477702649E-14i;-1.0819301201075251E-7+5.338722526643025E-14i;-5.780943654378161E-8+4.630767309040378E-14i;2.9233252947135048E-8-8.27765469690647E-14i;-2.2132102268985841E-7-2.2921792722265997E-13i;2.0521059649630293E-7+1.3054990189386983E-11i;-1.8242383438149586E-7+3.0976977126570725E-12i;-1.460011793731978E-7+8.898897463312271E-13i;-1.1627562496981002E-7+2.434267436351156E-11i;8.169939796816054E-8-1.2197043467520016E-11i;-2.0620454126984647E-7-1.6802808443312898E-11i;-5.340615750450124E-9-1.8590847527800992E-12i
2.451567169055687E-7+8.878484545441457E-11i;1.3243680211851882E-7+6.001399127046176E-10i;1.2011397686150528E-7+5.987288723488075E-10i;-2.2392672093420397E-7+1.0262085439384968E-10i;1.5039827971741724E-7+8.370695410114253E-10i;-1.126593796549748E-7-5.456689182664569E-10i;1.1365162611285876E-7+2.1437652920231226E-14i;-1.4720140055785536E-7-3.6147689861733473E-14i;-7.404436891326547E-8-7.229841835322387E-15i;3.874202172393445E-8+4.2725995280576436E-14i;-4.807263252174839E-8-4.482824925681363E-15i;5.6574538550903585E-8+1.1093756642404694E-13i;1.1001656101929547E-8-1.176989063842375E-15i;7.474329632114673E-8+5.413563884041836E-14i;-8.744908594481141E-8+1.8769132861583907E-14i;-8.085562611449005E-8-2.6155793411134673E-14i;2.6678881868819954E-8-6.698327266025619E-14i;-2.1683964021875612E-7-2.521500147642688E-13i;2.0097042218778972E-7+1.2497706704280608E-11i;-1.6901941225651045E-7+2.908691153329087E-12i;-1.687178650715128E-7+9.41544734512017E-13i;-1.1048491324828354E-7+2.054623706627644E-11i;4.6443288193052666E-8-1.0469462387558496E-11i;-2.000276794680371E-7-1.664804804408695E-11i;-7.110949268955971E-9-1.9199160894925132E-12i
2.6737133086183416E-7+1.3968482563113363E-10i;1.2049886871120867E-7+6.62986387830733E-10i;1.0618514687270941E-7+6.137692828036455E-10i;-2.4758702153601177E-7+1.2562687705867284E-10i;1.5119018935932346E-7+8.897488938464988E-10i;-9.748906593761062E-8-4.066911330255145E-10i;1.0947187071728291E-7+2.4128162714907366E-14i;-1.7898009084525017E-7-4.2951096782975284E-14i;-8.854817022244576E-8-2.102363995850802E-14i;5.421527652172354E-8+5.119377336508624E-14i;2.1555492947805577E-8-1.9019861737700572E-14i;1.1688312543909315E-9+1.7931346982807795E-14i;1.5882923596900653E-8-4.075435882575188E-15i;9.418039556813724E-8+3.548499584677795E-14i;-6.418233612282106E-8-4.8044111945804026E-15i;-1.0773284881224198E-7-1.0361367208028246E-13i;2.3626656003346485E-8-1.0256069480742797E-14i;-1.7496465422845942E-7-2.2601573299536542E-13i;1.9811433254771536E-7+1.0933294772193621E-11i;-1.1970296685069052E-7+2.5257811149840125E-12i;-1.813002813425496E-7+9.670734709967692E-13i;-8.379252976717847E-8+1.3130736076296362E-11i;6.2692675408920316E-9-6.948598375643502E-12i;-1.9824061646896346E-7-1.65561658496708E-11i;-9.058984640584426E-9-1.9061707406860786E-12i
2.895859448321363E-7+1.9058480576541357E-10i;1.085609353129076E-7+7.258328630147408E-10i;9.225631692227321E-8+6.288096933466115E-10i;-2.7124732212360706E-7+1.486328997641431E-10i;1.5198209899125492E-7+9.424282466628563E-10i;-8.231875218531201E-8-2.677133475427322E-10i;1.0456149375122628E-7+2.750477617516856E-14i;-2.1034926922410758E-7-4.944923560035485E-14i;-1.0214567363581186E-7-3.9942819158075636E-14i;7.219980199134882E-8+6.554541941716419E-14i;9.914616574212108E-8-2.3213423552055415E-14i;-5.990412196622128E-8-7.854882881771938E-14i;2.198663824138625E-8-6.057324305096992E-15i;1.1615420558627299E-7+1.9729987659330665E-14i;-3.975584307674022E-8-3.885860821986536E-15i;-1.3842638203712628E-7-1.60260988621464E-13i;2.0239390553761615E-8+3.1586179291926265E-14i;-9.944411496799447E-8-1.0070936625056376E-13i;1.9785804606003728E-7+8.478370566658072E-12i;-3.824802027455797E-8+1.9591392903205636E-12i;-1.8526490816666977E-7+9.74911574563167E-13i;-3.89329878185976E-8+2.6943913572118838E-12i;-3.667058056294536E-8-1.920422575257773E-12i;-2.0282251260890966E-7-1.6558997388261634E-11i;-1.1167875848556509E-8-1.891234624227498E-12i
3.1180055881709556E-7+2.414847858570185E-10i;9.662300191673636E-8+7.886793382753182E-10i;7.83274870076042E-8+6.438501039811577E-10i;-2.9490762269640867E-7+1.7163892251435592E-10i;1.5277400861941036E-7+9.951075994890157E-10i;-6.71484384019083E-8-1.2873556185116927E-10i;9.897785863907802E-8+3.0628440682626106E-14i;-2.4137101226203855E-7-5.527651042104667E-14i;-1.149125771814339E-7-5.889992284724535E-14i;9.24961895176272E-8+8.242032163243767E-14i;1.8226673073861286E-7-2.6423470915376183E-14i;-1.245491562104686E-7-1.8070438165404992E-13i;2.9374344686400093E-8-7.919019275584211E-15i;1.4033792079163204E-7+4.9670679403170574E-15i;-1.5468821971564674E-8-7.630552860553562E-15i;-1.7277925685803722E-7-2.490667525192176E-13i;1.6730927476797095E-8+1.3370912461432312E-13i;2.133569502737362E-9-3.220594502075444E-14i;2.0148454565001562E-7+5.430887615422106E-12i;6.798668556708338E-8+1.2701760030082922E-12i;-1.8347356399208853E-7+1.007330806038926E-12i;1.9231786911864582E-8-9.874255681753174E-12i;-8.039872239090612E-8+4.145224457265565E-12i;-2.1512112657190803E-7-1.7105642850542246E-11i;-1.3426731882794363E-8-1.9359262497448322E-12i
3.340151728180329E-7+2.9238476592425533E-10i;8.46850685142783E-8+8.515258136386579E-10i;6.439865712625876E-8+6.588905147133953E-10i;-3.185679232530732E-7+1.9464494530059978E-10i;1.5356591825110446E-7+1.0477869523677518E-9i;-5.197812459135447E-8+1.0242224014970891E-11i;9.278783485193312E-8+3.401547428291863E-14i;-2.721748361396033E-7-6.115662292588823E-14i;-1.2704462815699836E-7-6.920589053647845E-14i;1.1497231310800795E-7+9.878528119833017E-14i;2.6874173622220253E-7-4.246724385112716E-14i;-1.9101202043087675E-7-2.8635779693659087E-13i;3.809436489280708E-8-2.8336311674514855E-15i;1.6671643166031954E-7+1.3222304423740563E-15i;7.62124576100574E-9-1.4040035817916878E-14i;-2.1083079289494656E-7-3.772917370470216E-13i;1.3351073924588586E-8+2.2175044720919987E-13i;1.2016313074341206E-7-8.878862955850795E-14i;2.1044690492950084E-7+2.1340881903253093E-12i;1.9004334086815503E-7+5.747340730631329E-13i;-1.798772495818364E-7+1.0461605839969264E-12i;8.510268596834236E-8-2.367336923902759E-11i;-1.2373015031497081E-7+1.0734074886566372E-11i;-2.3618821308253664E-7-1.805238879102769E-11i;-1.5839684791681736E-8-1.9741048550607793E-12i
3.562297868342901E-7+3.4328474600118785E-10i;7.2747135097703E-8+9.143722891213682E-10i;5.046982727300745E-8+6.739309255401862E-10i;-3.4222822379371765E-7+2.1765096809707263E-10i;1.543578278933345E-7+1.1004663053456866E-9i;-3.680781075966341E-8+1.4922001000891113E-10i;8.606702114350511E-8+3.812274643807176E-14i;-3.0296629524687143E-7-6.753748529935191E-14i;-1.3887237233741883E-7-8.428568257407317E-14i;1.3961394087228E-7+1.170631671575445E-13i;3.5689136488390205E-7-4.7733479392433486E-14i;-2.5812785569938997E-7-3.926386738621166E-13i;4.82440697110335E-8+4.6543318102634524E-15i;1.957831871666666E-7+4.793127968319857E-15i;2.8823751996761182E-8+3.584173579547102E-15i;-2.5334447451473625E-7-4.922281197592998E-13i;1.0332619283640541E-8+3.208268701180973E-13i;2.453540625274769E-7-8.039398450211171E-15i;2.267469629804866E-7-1.1321728568171275E-12i;3.1993776313015024E-7-6.582377839392511E-14i;-1.7942967838923E-7+1.0836751707087889E-12i;1.5406981838699718E-7-3.792877747968292E-11i;-1.6715540474473408E-7+1.764670613973933E-11i;-2.6793180280369E-7-1.9495279882643343E-11i;-1.8558431826675495E-8-2.036218349421437E-12i
-7.233200999646262E-8-6.239740679481677E-10i;3.028715726071224E-7-3.299918958749163E-10i;3.0040536275760245E-7+3.2357241787487936E-10i;1.1621595858187683E-7-2.134293943183481E-10i;1.4514727296142973E-7+1.5069331917516212E-10i;-3.1225092133703024E-7-2.429989323721028E-9i;3.692686291704604E-8-2.7760684739983307E-14i;2.8414294728667015E-7+4.580349453636611E-14i;8.73861785284074E-8-7.48475583621874E-14i;1.9368797788262572E-7+1.2096118996586522E-13i;3.5348251447967256E-7-4.946996733011297E-14i;-2.3280919247141967E-7-3.0331175393394836E-13i;-1.2075747972373993E-7-3.055973709109649E-14i;1.8747656003277377E-7+2.1294200680788606E-14i;-2.3129553423733323E-8+8.32137169478177E-14i;3.1578531364060105E-7+5.365566766300767E-13i;-7.495650230223918E-8-2.2164768018871987E-13i;-2.2728974609419557E-7-4.315731150179121E-13i;2.370226627440285E-7+1.743517180934708E-11i;-2.9711555641194757E-7+3.932130071207567E-12i;1.8463206371288405E-7-2.1143035871314907E-12i;-9.361141685662044E-8-5.22692696585556E-12i;-2.416056646263901E-7+3.5192082387935417E-12i;-1.9639487800072375E-7-1.7886160730493114E-11i;9.799353011668685E-8-1.7627705358630864E-12i
-5.011739630425705E-8-5.730740871631843E-10i;2.9093363895237196E-7-2.671454207839396E-10i;2.864765321949804E-7+3.386128277603046E-10i;9.255565774526792E-8-1.9042337213799366E-10i;1.4593918287625785E-7+2.033726733057901E-10i;-2.9708060815136515E-7-2.2910115428373475E-9i;4.4095216911506774E-8-2.508055478542785E-14i;2.551293441802566E-7+4.12278299274342E-14i;8.024915249588497E-8-5.697934730083393E-14i;1.6901956939892368E-7+1.0186301859383309E-13i;2.6589801367567957E-7-4.0598182242683204E-14i;-1.6989895206590514E-7-2.1927485382506173E-13i;-1.0440214433327073E-7-3.3288638027560523E-14i;1.6626827184086146E-7+1.3408530399273682E-14i;-3.591184382514429E-8+4.4589574766680683E-14i;2.6927034506591876E-7+4.246443445101059E-13i;-5.1644859272433544E-8-6.82071439214128E-14i;-1.0446629194551252E-7-3.2250504967167253E-13i;2.1950088362806146E-7+1.3175701477982412E-11i;-1.7587492688859556E-7+2.919530113161259E-12i;1.8599859786433054E-7-1.877038720312462E-12i;-4.827376332452846E-8-7.261295103174088E-12i;-1.8202383487676584E-7+4.355732209039307E-12i;-1.7125711922834938E-7-1.5025169909596936E-11i;6.278425954526673E-8-1.5536948520686287E-12i
-2.79027826074289E-8-5.221741064121177E-10i;2.7899570531989E-7-2.0429894573673853E-10i;2.7254770164905203E-7+3.5365323764411183E-10i;6.889535691130727E-8-1.6741734994862147E-10i;1.4673109277097758E-7+2.560520273187868E-10i;-2.819102949485754E-7-2.152033761799188E-9i;5.063311101490255E-8-2.289706709463801E-14i;2.261379326754418E-7+3.661020598847873E-14i;7.283585455471037E-8-3.733307555899131E-14i;1.468141118224845E-7+8.317560727606021E-14i;1.7993902448253507E-7-3.502500289648883E-14i;-1.0750833072371176E-7-1.4109014277896078E-13i;-8.956036377050751E-8-3.423365140330243E-14i;1.4790845306925932E-7-1.4103445696105632E-15i;-5.073455505154341E-8+1.5863219076709736E-14i;2.2727215861419668E-7+3.4132728833995786E-13i;-2.7784586994786192E-8+5.781585914708451E-14i;1.1441635226845747E-8-2.2152572901416398E-13i;2.0866161040126548E-7+9.39474521329974E-12i;-6.182008193544741E-8+1.97933578375672E-12i;1.9016680190910308E-7-1.6510471104854164E-12i;-4.874588886138353E-9-8.99072400668647E-12i;-1.220740251073283E-7+5.0590726065057174E-12i;-1.5376559688296725E-7-1.271301549263646E-11i;2.871869639737231E-8-1.4098323876499948E-12i
-5.688168901802E-9-4.712741257176034E-10i;2.6705777171965685E-7-1.4145247073453983E-10i;2.586188711319425E-7+3.6869364753546564E-10i;4.523505608283083E-8-1.4441132773517778E-10i;1.475230026361999E-7+3.087313811742142E-10i;-2.6673998171663254E-7-2.0130559805048303E-9i;5.648657215411429E-8-1.9027659285237217E-14i;1.9697830762822846E-7+3.206453328535753E-14i;6.494403765649895E-8-2.0955685158007303E-14i;1.2696109305550277E-7+6.917604258114345E-14i;9.729148546428407E-8-2.2032254262952836E-14i;-4.6774976606293305E-8-6.052617064864651E-14i;-7.576593907213744E-8-3.199220686107923E-14i;1.31741695840044E-7+1.7696694246632834E-16i;-6.686686976175092E-8+1.017911158036073E-14i;1.8844069039472037E-7+2.855966171122165E-13i;-3.4491074377520416E-9+1.558405494315657E-13i;1.1100338983351701E-7-1.0487566273013212E-13i;2.0250174878981384E-7+6.232430174177205E-12i;3.748378204445669E-8+1.2370113402800666E-12i;1.9211812742930024E-7-1.38498250387682E-12i;3.33456165756744E-8-9.815560045157246E-12i;-6.07773957293928E-8+5.358776439798852E-12i;-1.4286886033998778E-7-1.0855171860368531E-11i;-2.3726965232435457E-9-1.2936299738237819E-12i
1.652644481599478E-8-4.2037414508974824E-10i;2.5511983815451926E-7-7.860599577287125E-11i;2.446900406509095E-7+3.837340574408538E-10i;2.1574755262648867E-8-1.214053054898285E-10i;1.4831491246871229E-7+3.614107348585673E-10i;-2.515696684487214E-7-1.874078198895803E-9i;6.160431066436676E-8-1.5405709559952637E-14i;1.6752918002945891E-7+2.5989943295406774E-14i;5.645196865364076E-8-7.308357496266205E-15i;1.0950086089628674E-7+5.729040157839249E-14i;2.0132375941126084E-8-1.5913885789467072E-14i;1.062376378538203E-8+1.2554451887920398E-14i;-6.276429668809172E-8-3.325190441720491E-14i;1.1752194783490454E-7+1.529305224109544E-14i;-8.341139330484675E-8+2.2312300541154013E-14i;1.5240840082019168E-7+2.046319474490845E-13i;2.0607535320331306E-8+2.0678003007110006E-13i;1.8456319770712686E-7-4.349375579378815E-14i;1.9970113961865537E-7+3.839174519720392E-12i;1.1358768841204502E-7+7.179040001931751E-13i;1.8787796918313726E-7-1.0895888814648878E-12i;6.258143774909368E-8-9.307578873784126E-12i;3.0102017064962215E-10+4.95318768948164E-12i;-1.3801514283994897E-7-9.637646865307018E-12i;-2.753192442315966E-8-1.2114987109011248E-12i
3.874105854877412E-8-3.694741645297306E-10i;2.4318190462372574E-7-1.5759520858023654E-11i;2.3076121021034436E-7+3.9877446735421273E-10i;-2.085545546547307E-9-9.839928320926324E-11i;1.4910682226850982E-7+4.140900883693961E-10i;-2.363993551411186E-7-1.7351004169309769E-9i;6.59423124854334E-8-1.2079812165148502E-14i;1.377312791527813E-7+2.0606149119894368E-14i;4.7315255319030283E-8+5.2508672389196335E-15i;9.455814715175884E-8+5.035949081862913E-14i;-4.912810260312704E-8-7.919085547847241E-15i;6.27140795752822E-8+8.99790386187128E-14i;-5.0412347562303924E-8-3.3054841065302677E-14i;1.0525546590147228E-7+2.744629553271449E-14i;-9.935913385123389E-8+3.536710616673924E-14i;1.1921821607522028E-7+1.539967658832016E-13i;4.326289973235258E-8+2.196516249330467E-13i;2.2455486106495505E-7-1.690870847816126E-14i;1.9924768768396906E-7+2.4848543381245657E-12i;1.5957044512285016E-7+4.4908099617036663E-13i;1.746647436206265E-7-7.385795552025546E-13i;7.957122985689744E-8-7.2020787460102894E-12i;5.8247178399113325E-8+3.816432376586278E-12i;-1.383898193542011E-7-8.995554752296135E-12i;-4.3949966850059775E-8-1.1515185923812068E-12i
6.095567229894426E-8-3.18574184037072E-10i;2.3124397112513485E-7+4.7086954002982996E-11i;2.1683237981306758E-7+4.1381487726934767E-10i;-2.5745846342274498E-8-7.539326089300034E-11i;1.4989873203676419E-7+4.667694417054783E-10i;-2.2122904179156409E-7-1.59612263458205E-9i;6.946078046546906E-8-8.581259579256289E-15i;1.0757635924603955E-7+1.4966554767602325E-14i;3.7557837458613736E-8+1.3413650165290207E-14i;8.230552399748614E-8+4.394481095905005E-14i;-1.0806360529836314E-7+8.504611002414576E-16i;1.0745076270209842E-7+1.511682723548454E-13i;-3.859522752654791E-8-3.131909239734926E-14i;9.508078557088381E-8+3.5865101719535255E-14i;-1.1367807907251649E-7+3.6161856869001765E-14i;8.88652191260099E-8+1.330919277688757E-13i;6.328952627960872E-8+2.1169934467047506E-13i;2.2720321884693262E-7+7.072579129347715E-14i;2.00209666683767E-7+2.191797147212905E-12i;1.7185705871648095E-7+4.460278127216064E-13i;1.5097042690119223E-7-4.0470653134846637E-13i;8.249526751062795E-8-3.4677421103694925E-12i;1.0979423221328315E-7+1.896087847697773E-12i;-1.4244166639750261E-7-9.000407784623918E-12i;-4.984197515401281E-8-1.1718232296114437E-12i
8.317028606848308E-8-2.6767420360675864E-10i;2.1930603765626646E-7+1.0993342881407685E-10i;2.0290354946087873E-7+4.288552871903976E-10i;-4.9406147122373195E-8-5.238723854072072E-11i;1.5069064177495082E-7+5.194487948744575E-10i;-2.0605872839867723E-7-1.4571448518404079E-9i;7.21277893033877E-8-5.317987366364368E-15i;7.709937149883801E-8+9.232090787790302E-15i;2.7255681050216385E-8+1.739563612299969E-14i;7.292575566322298E-8+3.6913553401922216E-14i;-1.5445055921824566E-7+7.552106063981641E-15i;1.4291346539584179E-7+1.9795816687190056E-13i;-2.722675616680195E-8-2.3986730922546265E-14i;8.721235572095764E-8+4.846674730020987E-14i;-1.253901110503826E-7+2.866618207082316E-14i;6.119766726538089E-8+1.242797657937796E-13i;7.951647196342704E-8+1.707480312875943E-13i;1.935667511761302E-7+7.721989464526499E-14i;2.0176182976026336E-7+2.8561742897694403E-12i;1.5120716532714207E-7+6.968402719190556E-13i;1.1690513867098697E-7-9.301794689665114E-14i;7.136962927055283E-8+1.5932658138857896E-12i;1.5171285817300242E-7-6.708576128014527E-13i;-1.4817502563243882E-7-9.541394020772136E-12i;-4.509462916685608E-8-1.2008111640511721E-12i
1.0538489985881767E-7-2.1677422322880667E-10i;2.073681042145692E-7+1.7277990358866644E-10i;1.8897471915474892E-7+4.4389569713211566E-10i;-7.306644788515619E-8-2.938121615324074E-11i;1.5148255148477235E-7+5.721281478937557E-10i;-1.9088841496185576E-7-1.3181670687175824E-9i;7.392035673650575E-8-1.2421326311316435E-15i;4.6368165101689923E-8+3.625998232781549E-15i;1.6532003278643945E-8+1.919324361219113E-14i;6.657168923764193E-8+3.5646274937604744E-14i;-1.86469345546298E-7+1.7096228237102137E-14i;1.6751748466418594E-7+2.2642408664264436E-13i;-1.6196852912454313E-8-1.421039782624813E-14i;8.18361042963199E-8+5.422118422412349E-14i;-1.3369315669949282E-7+4.098907108876797E-14i;3.574671611670518E-8+1.325669063778615E-13i;9.092976371500056E-8+8.677063574481718E-14i;1.295923459509132E-7+2.383539846845991E-14i;2.0322017543123685E-7+4.3572787207554554E-12i;1.0292782026624878E-7+1.1447145775174685E-12i;7.40805569027631E-8+1.748481004248852E-13i;4.834839696946271E-8+7.499205235990405E-12i;1.8130146043576668E-7-3.612077371169347E-12i;-1.5354397227493251E-7-1.0567362225468737E-11i;-3.114083886617124E-8-1.282827661643216E-12i
1.2759951367077821E-7-1.658742428962392E-10i;1.954301707975057E-7+2.3562637833787914E-10i;1.7504588889497346E-7+4.5893610710507523E-10i;-9.672674862942962E-8-6.375193730274043E-12i;1.522744611680557E-7+6.248075007793452E-10i;-1.7571810148106096E-7-1.1791892852269308E-9i;7.482102381890932E-8+2.4374452519322823E-15i;1.547519584570549E-8-1.7217586160692253E-15i;5.5425404990420855E-9+1.8367407458607065E-14i;6.336334485775793E-8+3.768512505570712E-14i;-2.0281456715923483E-7+2.5259968293794395E-14i;1.8011745660677037E-7+2.51103607032371E-13i;-5.380305113064309E-9-4.971019057478803E-15i;7.910328498434198E-8+5.526199919767905E-14i;-1.380007793388259E-7+5.177757388684709E-14i;1.1758623482976843E-8+1.3542440787494695E-13i;9.681273992975579E-8-4.2934768487070233E-16i;4.55387390998734E-8-3.6796579356354644E-14i;2.0404386972216518E-7+6.382519064295217E-12i;3.6322412671758476E-8+1.6836758584253648E-12i;2.5421555472721982E-8+4.086789262480652E-13i;1.7374433912356886E-8+1.344045912016994E-11i;1.9663251632046708E-7-6.603119425076004E-12i;-1.5670919141694692E-7-1.1561641283856208E-11i;-1.0989297537841131E-8-1.3164214338617662E-12i
1.4981412750447036E-7-1.1497426260820729E-10i;1.83492237402636E-7+2.984728530680864E-10i;1.6111705868122148E-7+4.739765171145864E-10i;-1.2038704935454845E-7+1.663082872893661E-11i;1.530663708266213E-7+6.774868535415119E-10i;-1.605477879566231E-7-1.0402115013792506E-9i;7.482140290670236E-8+6.042791608865736E-15i;-1.5473861264261682E-8-6.765224853169273E-15i;-5.538086154970747E-9+1.8007335866630004E-14i;6.336398852544685E-8+4.1845408515469836E-14i;-2.0281290983931906E-7+2.775118118441482E-14i;1.801167037928395E-7+2.598755714509595E-13i;5.367233412656276E-9+4.106032449499845E-15i;7.910404917338169E-8+6.624401722959116E-14i;-1.380005734961567E-7+6.43156560743046E-14i;-1.1732290819423902E-8+1.3641642509115882E-13i;9.681797296788037E-8-6.529093497705592E-14i;-4.5554127049900236E-8-1.101977793036998E-13i;2.039580987882787E-7+8.568921455529232E-12i;-3.6709274526607745E-8+2.2415226247809597E-12i;-2.5312610267624213E-8+6.291136438007694E-13i;-1.642651023918453E-8+1.8581438784599318E-11i;1.9673110179410584E-7-9.196549911492563E-12i;-1.566584667565128E-7-1.2430053603037904E-11i;1.1351405009557483E-8-1.3224507841576583E-12i
1.720287413592514E-7-6.407428235924824E-11i;1.715543040277654E-7+3.613193277961041E-10i;1.4718822851269222E-7+4.890169271744557E-10i;-1.4404735006049334E-7+3.9636851219712156E-11i;1.5385828046231594E-7+7.301662061979411E-10i;-1.4537747438924286E-7-9.012337171952803E-10i;7.392185140004818E-8+8.367670350491742E-15i;-4.6367444054359196E-8-1.2500493732346656E-14i;-1.6528180891779447E-8+1.6621580091631087E-14i;6.657132053425066E-8+4.6919222865961196E-14i;-1.8646596905826466E-7+2.4438847619481293E-14i;1.6751924429311E-7+2.537498618845922E-13i;1.6188102379730997E-8+6.3571890291982385E-15i;8.182842043316071E-8+7.102637015283203E-14i;-1.337014109168538E-7+7.191872839488121E-14i;-3.573774609287179E-8+1.0224528554695033E-13i;9.091371330507897E-8-1.1210360341116961E-13i;-1.2959676612288552E-7-1.905030080584097E-13i;2.0298887083149717E-7+1.054735349260316E-11i;-1.0330118324509647E-7+2.6544296779331585E-12i;-7.399848279654699E-8+7.890580221529323E-13i;-4.7486832312400924E-8+2.2035228439686905E-11i;1.8154166170873869E-7-1.1055295322787768E-11i;-1.5343199026444616E-7-1.3018310643022702E-11i;3.147468021663283E-8-1.337889024799231E-12i
1.9424335523392386E-7-1.3174302146192478E-11i;1.5961637067090574E-7+4.2416580254031757E-10i;1.3325939838830736E-7+5.040573372978097E-10i;-1.677076507478329E-7+6.264287373590331E-11i;1.5465019007718233E-7+7.828455587688593E-10i;-1.3020716078000196E-7-7.622559326995658E-10i;7.213093993693414E-8+1.1681290964125777E-14i;-7.709866372636347E-8-1.822440835630778E-14i;-2.7252554650168414E-8+1.436181176649826E-14i;7.29237587717081E-8+5.5473975050734623E-14i;-1.5444784917791934E-7+1.421467306676682E-14i;1.429157366644968E-7+2.2791901473966147E-13i;2.721818892960341E-8+7.806140643782641E-15i;8.720474771555123E-8+7.731724575359446E-14i;-1.253985456295264E-7+6.82542478974317E-14i;-6.119389135143474E-8+5.2803295314269487E-14i;7.950522364946561E-8-1.1528645127869607E-13i;-1.9353392145699118E-7-1.9948799074057624E-13i;2.014303893373516E-7+1.1935789109836271E-11i;-1.5153983242614298E-7+2.9399507955166587E-12i;-1.1683050195447896E-7+9.494698854650122E-13i;-7.063511325880463E-8+2.3153050928889082E-11i;1.5208288088710588E-7-1.1649436684197239E-11i;-1.4805099021443605E-7-1.3289675519610989E-11i;4.5403679012652556E-8-1.3027867445631984E-12i
2.1645796912691482E-7+3.772567803347576E-11i;1.4767843732990872E-7+4.870122773156167E-10i;1.1933056830672955E-7+5.190977474943042E-10i;-1.9136795141754045E-7+8.564889627559024E-11i;1.5544209967370064E-7+8.355249112737955E-10i;-1.1503684713039789E-7-6.232781479135988E-10i;6.946409479512248E-8+1.4925528195700446E-14i;-1.075761622028582E-7-2.4456706459488702E-14i;-3.75554225221988E-8+7.054256493923085E-15i;8.230641264814795E-8+6.417589050708093E-14i;-1.08058241918975E-7+7.249139555877373E-15i;1.0745069203719088E-7+1.7502489904159281E-13i;3.8590189253942536E-8+8.981944801893314E-15i;9.507655083658769E-8+8.145925146741508E-14i;-1.1368176601738081E-7+5.5395265273288936E-14i;-8.887007880523705E-8-6.706522956045796E-15i;6.329239776445284E-8-1.0277985851194136E-13i;-2.2717202717386567E-7-1.989771741851175E-13i;1.9981074175182422E-7+1.2502440364541031E-11i;-1.7218271874366307E-7+3.0221792897336675E-12i;-1.5091779316477747E-7+1.042373590529001E-12i;-8.195896173494811E-8+2.1453679580743315E-11i;1.1024264663456546E-7-1.0883689944434783E-11i;-1.4224752400839405E-7-1.3357111545600153E-11i;5.0153439497519284E-8-1.3305202769908824E-12i
2.3867258303667E-7+8.862565817553138E-11i;1.3574050400219673E-7+5.49858752127864E-10i;1.0540173826639998E-7+5.341381577678323E-10i;-2.1502825207072765E-7+1.0865491884771138E-10i;1.562340092549154E-7+8.882042637265953E-10i;-9.986653344236319E-8-4.843003628551618E-10i;6.594683391119612E-8+1.6576707980492767E-14i;-1.377309215786346E-7-3.1483321514976594E-14i;-4.7312658111669566E-8-7.138332196108813E-16i;9.455770152735993E-8+7.319898834936798E-14i;-4.913163993391687E-8-9.963209206822415E-15i;6.272125765017674E-8+1.0412570031165149E-13i;5.041035870162161E-8+6.4818606287126664E-15i;1.052502176153895E-7+6.15089631105088E-14i;-9.936260374154206E-8+1.6275611004020085E-14i;-1.1922835155596388E-7-1.153403385739007E-13i;4.328140797227237E-8-9.978867258839574E-14i;-2.2452143394041734E-7-2.740648265741767E-13i;1.9886961837194326E-7+1.207555027581526E-11i;-1.5988622865698598E-7+2.843606130476961E-12i;-1.7463456591916793E-7+1.012129875220927E-12i;-7.927591024114273E-8+1.67461417463666E-11i;5.871799574065976E-8-8.752484160531403E-12i;-1.3821770829688743E-7-1.323323104915817E-11i;4.427104995871467E-8-1.4172415627254362E-12i
2.608871969621775E-7+1.3952563826954917E-10i;1.2380257068410618E-7+6.127052269819965E-10i;9.14729082655467E-8+5.491785681191644E-10i;-2.386885527081654E-7+1.3166094146392643E-10i;1.5702591882479506E-7+9.408836161413738E-10i;-8.469621971834782E-8-3.4532257754013466E-10i;6.161006024429081E-8+2.0317691284606384E-14i;-1.6752846442007798E-7-3.7980000516213417E-14i;-5.644834684458922E-8-1.535878125555217E-14i;1.0949979692487272E-7+8.30460516416575E-14i;2.0126457114764336E-8-2.5084085127132727E-14i;1.063323612074822E-8+2.6786237960386924E-14i;6.276832236085615E-8+9.116234313331596E-15i;1.1751635188882776E-7+6.392675169697366E-14i;-8.341570315463074E-8+8.265447163779541E-15i;-1.5243123214060945E-7-1.6328767263577478E-13i;2.0628452650757003E-8-3.770790525221037E-15i;-1.8454309707308308E-7-1.8404111211897779E-13i;1.9943473558667652E-7+1.0766392914998268E-11i;-1.1390362159738511E-7+2.50453834746697E-12i;-1.878908410674763E-7+1.0135986902364818E-12i;-6.255978250450973E-8+9.42312223161007E-12i;6.967475104680849E-10-5.150244908951809E-12i;-1.379314244879462E-7-1.2628130454822231E-11i;2.7867534460924227E-8-1.3840632848603008E-12i
2.8310181090316803E-7+1.9042561832817178E-10i;1.1186463737046692E-7+6.755517018986702E-10i;7.754407830221829E-8+5.64218978558202E-10i;-2.623488533298602E-7+1.5466696411717944E-10i;1.5781782838829235E-7+9.935629685496455E-10i;-6.952590596119673E-8-2.063447919971262E-10i;5.6493046202755524E-8+2.3360754719701E-14i;-1.9697682175635518E-7-4.386480174147175E-14i;-6.494005750600726E-8-2.8370095867368537E-14i;1.269603729221651E-7+9.657890976517288E-14i;9.728754189433943E-8-3.17134967161438E-14i;-4.676479185375734E-8-6.205449605933433E-14i;7.576993194354883E-8+1.1032954436470772E-14i;1.3173546629141618E-7+5.063919096621931E-14i;-6.687197717403294E-8-1.1007326115386333E-15i;-1.8845707515632945E-7-2.272838126326542E-13i;-3.415367436884485E-9+6.589795017603179E-14i;-1.1099434621782289E-7-1.3596144155859207E-13i;2.0241212144637913E-7+8.646999150410818E-12i;-3.7812241220887494E-8+1.986835240855601E-12i;-1.9215070759158743E-7+9.735928934350847E-13i;-3.361898828573404E-8-7.348690268267764E-14i;-6.047822334195012E-8-5.507006550529038E-13i;-1.428932322477409E-7-1.2130400218396558E-11i;2.7395086162742034E-9-1.3898582165926632E-12i
3.053164248602501E-7+2.4132559835249747E-10i;9.992670405463086E-8+7.383981768978406E-10i;6.361524837448673E-8+5.792593890912773E-10i;-2.860091539351291E-7+1.7767298681209994E-10i;1.5860973795145005E-7+1.046242320982285E-9i;-5.4355592174043E-8-6.736700625382469E-11i;5.06402242343888E-8+2.559989600835355E-14i;-2.2613600508666854E-7-4.9962288210879036E-14i;-7.283188318543384E-8-4.783900914910367E-14i;1.4681411327316497E-7+1.153087756506639E-13i;1.7993802346554337E-7-3.4691403792928576E-14i;-1.0749856882815242E-7-1.5229743592323068E-13i;8.956548272726585E-8+1.3336160907138544E-14i;1.479022149272968E-7+3.744827396478854E-14i;-5.0739931226187547E-8-1.2667162982151409E-14i;-2.2728668994814195E-7-3.114677161481334E-13i;-2.7741974442947128E-8+1.8916097220839214E-13i;-1.1443478368570908E-8-3.7378665382823155E-14i;2.0880304797275014E-7+5.934342454019885E-12i;6.147462467735633E-8+1.3756407284858486E-12i;-1.9022463911460463E-7+8.938801470586987E-13i;4.301898930609549E-9-1.098620536417747E-11i;-1.219297523874231E-7+4.731376090218711E-12i;-1.5391942381459015E-7-1.1769815892861443E-11i;-2.8318764147559047E-8-1.3832726555702463E-12i
3.2753103883493094E-7+2.922255783536666E-10i;8.798877072843584E-8+8.012446520077582E-10i;4.968641848107506E-8+5.942997997268148E-10i;-3.096694545224274E-7+2.0067900954745125E-10i;1.5940164752145302E-7+1.0989216734815498E-9i;-3.918527835975139E-8+7.16107796630053E-11i;4.4102305727343573E-8+2.8163954074144915E-14i;-2.5512701339402845E-7-5.569110079160296E-14i;-8.024404200968898E-8-5.603808828560789E-14i;1.690225124749371E-7+1.3455006547697683E-13i;2.6590035133920305E-7-4.6300276728449404E-14i;-1.698892183183821E-7-2.389296245248513E-13i;1.0441275284314607E-7+2.36505649148106E-14i;1.6626210274474986E-7+3.1415754705734284E-14i;-3.5919992305975655E-8-2.218155229982441E-14i;-2.6929027043110205E-7-4.443940309322194E-13i;-5.1602770650091396E-8+2.876320776680218E-13i;1.044525824946899E-7-1.3420107521900557E-13i;2.199049092738082E-7+3.022744931991989E-12i;1.7550348396560524E-7+7.184011897253598E-13i;-1.8608112306319896E-7+8.097389639602575E-13i;4.7400840507035415E-8-2.2682432642270087E-11i;-1.8207644144665594E-7+1.0321483022306728E-11i;-1.7152891992590121E-7-1.1765125428527791E-11i;-6.235418698155167E-8-1.4540628564237998E-12i
3.4974565282633265E-7+3.431255583625408E-10i;7.605083738471775E-8+8.640911272465291E-10i;3.575758861747303E-8+6.093402104633246E-10i;-3.333297550920076E-7+2.2368503229817385E-10i;1.6019355710484015E-7+1.1516010260931162E-9i;-2.4014964523538533E-8+2.1058856571046074E-10i;3.693441099864723E-8+3.197402254719644E-14i;-2.841399939933958E-7-6.160515363830815E-14i;-8.738026828335507E-8-7.217923841769457E-14i;1.9369203335540137E-7+1.461843456150572E-13i;3.534908979789735E-7-5.1016793016623164E-14i;-2.3280184858748884E-7-3.4757560749130846E-13i;1.2077146536947427E-7+3.122870557974557E-14i;1.8746993171558025E-7+3.409645809849717E-14i;-2.313861307454824E-8-1.7977688545367686E-14i;-3.158108225176556E-7-5.253062710885662E-13i;-7.491386332094126E-8+4.814101549440965E-13i;2.2728000966460374E-7+5.707213461171216E-14i;2.3771352613003105E-7+3.1440866308104E-14i;2.967226303808267E-7+1.6576698482347087E-13i;-1.8474422878466404E-7+7.852939063955345E-13i;9.244664633509549E-8-3.458395758852149E-11i;-2.41867466908234E-7+1.6182736938077963E-11i;-1.9682645172213247E-7-1.19550657928468E-11i;-9.752546387525597E-8-1.405452085567159E-12i
-7.881614353257121E-8-6.241332534100028E-10i;3.0617527305710464E-7-3.802730527470326E-10i;2.856931241980988E-7+2.589817047739901E-10i;1.2511442786587771E-7-2.0739533002629233E-10i;1.509830037222681E-7+2.0182804877558835E-10i;-2.9945807539048046E-7-2.3686207708749564E-9i;-1.0238870204678676E-8-2.699605807040831E-14i;2.6387602018335634E-7+4.575014210161238E-14i;3.538735999688294E-8-8.471377811509669E-14i;2.3725180964618072E-7+1.6012603942125085E-13i;3.482671298840611E-7-5.999094751951506E-14i;-2.0666996149039401E-7-2.52596576874017E-13i;-1.8370432366569968E-7-6.16225742091957E-14i;1.6218744732088388E-7-1.4240401575704537E-15i;-6.54657571747228E-8+6.91684759969027E-14i;3.450693736491826E-7+5.69762485869702E-13i;-1.5668948310861073E-7-9.712794187280936E-14i;-2.137459446497851E-7-3.5058573391966407E-13i;2.0603376774374396E-7+1.524316927013765E-11i;-2.631020366572966E-7+3.4099288479925925E-12i;1.474592397953116E-7-1.9324426229313866E-12i;-2.9874219046272914E-8-1.8940683744487972E-11i;-2.883615822380663E-7+9.93200511021548E-12i;-7.845692247843193E-8-1.0684006503672336E-11i;1.6618524958362696E-7-7.616877271709472E-13i
-5.660152985621066E-8-5.732332727573263E-10i;2.942373394996309E-7-3.1742657788945174E-10i;2.717642936338947E-7+2.7402211453971614E-10i;1.014541270062199E-7-1.8438930780896448E-10i;1.517749135506694E-7+2.5450740242369077E-10i;-2.8428776218571917E-7-2.2296429897844848E-9i;-2.5949620365443693E-9-2.4197934178724062E-14i;2.3683317009348178E-7+4.2099896764737764E-14i;3.312790217142958E-8-6.518302967892382E-14i;2.128333910977575E-7+1.3912272506824609E-13i;2.6125556111147344E-7-4.745953557422478E-14i;-1.4836892948891721E-7-1.841334086503987E-13i;-1.618546290891586E-7-5.6687054942494554E-14i;1.4979948633677796E-7-4.039571290589366E-15i;-6.979801938031846E-8+3.9647509311720325E-14i;2.974825056444883E-7+4.630155059919879E-13i;-1.1459777692794912E-7+4.716799667896706E-14i;-9.274397069571259E-8-2.3466302375782424E-13i;1.890962888931328E-7+1.1335592906454835E-11i;-1.520374799043024E-7+2.495260058671715E-12i;1.53385588776093E-7-1.6854801380148518E-12i;-9.590777539064493E-9-1.628250613032265E-11i;-2.1887105744871E-7+8.570215191504767E-12i;-6.256566648365111E-8-7.77287614323749E-12i;1.0139203195855851E-7-5.954143758678972E-13i
-3.438691617535866E-8-5.223332921433651E-10i;2.822994059679242E-7-2.545801030794328E-10i;2.5783546308811524E-7+2.890625243081709E-10i;7.7793826148846E-8-1.613832855811229E-10i;1.525668233559974E-7+3.0718675594003924E-10i;-2.6911744896166713E-7-2.0906652085259713E-9i;4.314388087253039E-9-2.161014494437588E-14i;2.0983627680840562E-7+3.76973404642111E-14i;3.0585138114183545E-8-4.729794797845379E-14i;1.9111882408476127E-7+1.2173285526345796E-13i;1.758023014452487E-7-3.5365285291178426E-14i;-9.044647683912175E-8-1.0861727035971621E-13i;-1.416242959025162E-7-5.298058436203444E-14i;1.4021873634729022E-7-7.871580679822318E-15i;-7.619899549060508E-8+2.554069303725662E-14i;2.543141379942843E-7+3.94648684955746E-13i;-7.190734049856006E-8+1.3929469715597361E-13i;2.1523260713640052E-8-1.4841446455957327E-13i;1.7747073747425048E-7+7.82247166162458E-12i;-4.7415360806730544E-8+1.6176370477903563E-12i;1.613735228488594E-7-1.4743827063359603E-12i;9.935556578532299E-9-1.3508814891259155E-11i;-1.4879756933820666E-7+7.141574692679827E-12i;-5.034412086622417E-8-5.024099532003133E-12i;3.844381443669605E-8-4.606305942154601E-13i
-1.2172302486244953E-8-4.714333115912001E-10i;2.703614724724926E-7-1.9173362831688446E-10i;2.4390663257270765E-7+3.041029340912077E-10i;5.41335252962006E-8-1.3837726332802175E-10i;1.5335873312852026E-7+3.598661092837505E-10i;-2.5394713570633114E-7-1.9516874270010983E-9i;1.0455276251325439E-8-1.8528155701723404E-14i;1.8270952524803493E-7+3.3001876739240685E-14i;2.7680295010931E-8-3.476279492973407E-14i;1.718919760128538E-7+1.068506789326628E-13i;9.360074371308673E-8-2.415065003190738E-14i;-3.399764560620855E-8-3.4903626808016245E-14i;-1.2223599558932962E-7-4.809676543869417E-14i;1.3268375687521833E-7-1.7240721721135016E-16i;-8.396534426729259E-8+2.6187067890360127E-14i;2.1389526010800084E-7+3.431256722954517E-13i;-2.8554757787051218E-8+1.9976966826816671E-13i;1.19537876774257E-7-8.889328083560117E-14i;1.6948896520608563E-7+4.868435040403156E-12i;4.3598125479630297E-8+9.172003136222348E-13i;1.6684538044070313E-7-1.2601460579656667E-12i;2.696777159196701E-8-1.0201657851949668E-11i;-7.68853423952547E-8+5.4527957269035166E-12i;-4.204846875860562E-8-2.736628484842281E-12i;-1.8862694516625098E-8-3.903674557128126E-13i
1.004231121385003E-8-4.2053333110559993E-10i;2.5842353901371376E-7-1.288871535976806E-10i;2.2997780209314784E-7+3.1914334389282496E-10i;3.047322445073297E-8-1.153712410455595E-10i;1.541506428673028E-7+4.1254546245343644E-10i;-2.3877682241475316E-7-1.8127096451662151E-9i;1.5795266195700112E-8-1.5460933625894647E-14i;1.553412501122486E-7+2.733249481209529E-14i;2.437121172277928E-8-2.0808485819131502E-14i;1.5510262474850917E-7+9.37316203455877E-14i;1.6833095845182326E-8-1.665305257176654E-14i;1.9385186562288665E-8+3.145901989170828E-14i;-1.0324666140040129E-7-4.324858222837244E-14i;1.2672375071510964E-7+1.74575936343806E-14i;-9.239892985399374E-8+3.039724542283472E-14i;1.756745453689418E-7+2.733399317257789E-13i;1.4267923383615906E-8+2.130035555713903E-13i;1.9161648443280805E-7-2.5899959765490203E-14i;1.64209861985582E-7+2.5978300166717833E-12i;1.1306369114522417E-7+4.25000337896065E-13i;1.6612497214819058E-7-9.714697132374504E-13i;3.960819639252358E-8-6.2183212657458386E-12i;-4.950515954249676E-9+3.4478777243849116E-12i;-3.801756250251296E-8-9.825603475402763E-13i;-6.479068352034682E-8-3.2911213200233724E-13i
3.225692492737203E-8-3.696333506852778E-10i;2.464856055898489E-7-6.604067892619136E-11i;2.16048971653145E-7+3.341837537080819E-10i;6.8129236148904546E-9-9.236521873170865E-11i;1.5494255257331041E-7+4.652248154517314E-10i;-2.2360650908394884E-7-1.6737318629881153E-9i;2.0299293478285405E-8-1.1948032163348132E-14i;1.276722886774924E-7+2.2321062763731322E-14i;2.0643441555314932E-8-7.958144597810182E-15i;1.408168994280338E-7+8.580880519657744E-14i;-5.208741800506163E-8-6.865513147872821E-15i;6.785030622857331E-8+9.407709989530653E-14i;-8.442304172575424E-8-3.932881922496264E-14i;1.2204026298626854E-7+2.5056256255162346E-14i;-1.0079695657092963E-7+4.355603926614349E-14i;1.395478856689887E-7+2.1855571870958824E-13i;5.469870983641063E-8+2.1095822911459107E-13i;2.3017929835919833E-7+4.872003854833634E-14i;1.608815877950449E-7+1.2689036006643404E-12i;1.545234943895487E-7+1.9169688905945442E-13i;1.564512710250734E-7-6.153456034147212E-13i;4.62368295014635E-8-1.6206924200331044E-12i;6.370656678556455E-8+1.154724652067375E-12i;-3.7758572206868656E-8+3.641792610883667E-14i;-9.409919957576139E-8-2.608103878311233E-13i
5.4471538656463846E-8-3.187333703298727E-10i;2.345476721988089E-7-3.1942043156575054E-12i;2.021201412553303E-7+3.492241635264485E-10i;-1.6847377209093243E-8-6.935919638686497E-11i;1.557344622478876E-7+5.17904168274753E-10i;-2.0843619571200594E-7-1.5347540804361693E-9i;2.3940867854358588E-8-8.730656234815227E-15i;9.969438326546202E-8+1.76327881626452E-14i;1.6526572905738695E-8+3.0973854179786745E-15i;1.291472516596276E-7+7.888598224907038E-14i;-1.1074624257335488E-7+2.6008107894870972E-15i;1.0948526736249703E-7+1.4757511719747794E-13i;-6.564830114557571E-8-3.1939035018921716E-14i;1.1844738262317955E-7+3.784799076400801E-14i;-1.0849369540603342E-7+4.316573858750105E-14i;1.055580523311802E-7+1.7201009942736705E-13i;9.053098070080247E-8+1.7605128186048494E-13i;2.3147161785266213E-7+9.409078337533723E-14i;1.5901549913439944E-7+9.393319084158285E-13i;1.6462637965758511E-7+2.2137174738768155E-13i;1.3650593464377206E-7-2.7677968071741067E-13i;4.603597594807642E-8+3.4017105851773148E-12i;1.2502320028491034E-7-1.3457852109578883E-12i;-4.047560732307324E-8+2.596712470513358E-13i;-1.0329579114782474E-7-2.0656271157570585E-13i
7.668615240293434E-8-2.6783339003545865E-10i;2.226097388379853E-7+5.965227023452491E-11i;1.8819131090135527E-7+3.64264573349486E-10i;-4.0507678019211585E-8-4.6353174011616456E-11i;1.565263718927932E-7+5.705835209293784E-10i;-1.9326588229784722E-7-1.395776297502073E-9i;2.6695373772805063E-8-5.811257790124515E-15i;7.143705362745493E-8+1.1941290508143659E-14i;1.2071065626141055E-8+8.971814092030427E-15i;1.2023463510309756E-7+7.100473396931625E-14i;-1.5692235067341955E-7+6.286728337640319E-15i;1.4249685237073145E-7+1.8831542099546145E-13i;-4.689568041502292E-8-2.298254300562962E-14i;1.1583002076531213E-7+5.088327057419008E-14i;-1.1487666237462128E-7+4.224415454746622E-14i;7.364204681065054E-8+1.4862853859193393E-13i;1.195901968673919E-7+9.347140590712986E-14i;1.9654186940070727E-7+7.896306765171825E-14i;1.5812608304277313E-7+1.5232232005250308E-12i;1.4407402461588788E-7+4.574342357186012E-13i;1.0641484474099724E-7+3.5543277214264425E-14i;3.9042219682730446E-8+8.506225524536035E-12i;1.7499775399800598E-7-3.926669992145342E-12i;-4.468334058010781E-8-2.9606679101408744E-13i;-9.200317563513545E-8-2.244143601645017E-13i
9.890076616815099E-8-2.1693340979487072E-10i;2.1067180550446164E-7+1.224987447362806E-10i;1.7426248059209524E-7+3.793049831887351E-10i;-6.41679788138018E-8-2.334715160730381E-11i;1.5731828151011127E-7+6.232628734332366E-10i;-1.7809556884107116E-7-1.256798514195695E-9i;2.8542401696546126E-8-2.4188155883369654E-15i;4.295700123873983E-8+6.152426237518407E-15i;7.353267501816003E-9+1.0715839328713472E-14i;1.1421238422782042E-7+6.771656789465506E-14i;-1.887932326781018E-7+1.5736371406558373E-14i;1.6539499777334436E-7+2.175064081951958E-13i;-2.8141444484527995E-8-1.4337980359952485E-14i;1.1412896272955127E-7+6.216217259367676E-14i;-1.194244215528614E-7+5.437100088627621E-14i;4.3423981652835036E-8+1.4934219443459518E-13i;1.4010885399763056E-7-1.4962227918503755E-14i;1.3136357648454404E-7+3.3357918833080213E-15i;1.577474191819207E-7+2.8812097254332765E-12i;9.78222182696704E-8+8.607618787333516E-13i;6.770910196682576E-8+2.9485601201987814E-13i;2.6230451375806068E-8+1.3297283316886966E-11i;2.1038221211050684E-7-6.3833375970467786E-12i;-4.862007310739066E-8-1.566254520566351E-12i;-6.316976182032505E-8-2.9460932545093194E-13i
1.2111537995289598E-7-1.660334296003381E-10i;1.987338721954466E-7+1.853452192023094E-10i;1.603336503277248E-7+3.943453930555229E-10i;-8.782827959168837E-8-3.4112917423217577E-13i;1.5811019110189254E-7+6.759422258042895E-10i;-1.6292525534179713E-7-1.117820730533137E-9i;2.946959955877755E-8+7.053701902280074E-16i;1.4335181013423641E-8+1.3874773046396548E-15i;2.4720555111641664E-9+1.055613006001397E-14i;1.1117375603945775E-7+7.05795915846496E-14i;-2.0506489372610708E-7+2.6692209441846254E-14i;1.7712550319945695E-7+2.4693516893406177E-13i;-9.382533181642151E-9-2.4274262746194614E-15i;1.132808236332499E-7+8.030071082981038E-14i;-1.2180152763029273E-7+8.588887800279943E-14i;1.434132016052012E-8+1.4252545819459017E-13i;1.507004781651025E-7-1.20157086198476E-13i;4.614127791733957E-8-5.194258461073312E-14i;1.5760935951002683E-7+4.774338346294453E-12i;3.4515531190308896E-8+1.3529884327784197E-12i;2.327887990185335E-8+4.943302873353841E-13i;9.579331283660775E-9+1.7281828992962405E-11i;2.2872681474597516E-7-8.421793948479771E-12i;-5.095734835494727E-8-2.972118336154652E-12i;-2.2417008115937996E-8-3.383446120707914E-13i
1.4332999375741893E-7-1.1513344944773507E-10i;1.8679593890817701E-7+2.481916936433178E-10i;1.464048201078788E-7+4.093858029579354E-10i;-1.1148858035211958E-7+2.2664893286543645E-11i;1.5890210067026005E-7+7.286215780568446E-10i;-1.4775494180054962E-7-9.788429465294041E-10i;2.9469748397711328E-8+3.3293754541485017E-15i;-1.4335248892774616E-8-3.7899376999413275E-15i;-2.466326152074467E-9+1.170671128946048E-14i;1.1117367645440445E-7+7.370103718484196E-14i;-2.0506478413575876E-7+2.085436070304515E-14i;1.7712928471710166E-7+2.642131384444734E-13i;9.371424216937255E-9+1.0283725854528852E-14i;1.1327460556222625E-7+9.672532116247247E-14i;-1.218086715407628E-7+9.77920224515331E-14i;-1.4324000984962354E-8+1.3477561359026832E-13i;1.50688913034733E-7-1.9936436023590273E-13i;-4.612931691771882E-8-1.1459672654283693E-13i;1.5752964834815516E-7+6.8543746582186326E-12i;-3.480433078482225E-8+1.8275443039504132E-12i;-2.315770638525945E-8+6.771356873320294E-13i;-8.475484559527257E-9+1.9995841915868348E-11i;2.2877364566499905E-7-9.936811444791082E-12i;-5.0849866128697695E-8-4.345380899885829E-12i;2.252540883553539E-8-3.775469757155395E-13i
1.6554460758141318E-7-6.423346933145709E-11i;1.7485800563988086E-7+3.110381680748524E-10i;1.3247598993174012E-7+4.244262129063189E-10i;-1.3514888109479464E-7+4.567091577256202E-11i;1.5969401021750079E-7+7.813009302086402E-10i;-1.3258462821822342E-7-8.39865162202561E-10i;2.8543376534576698E-8+5.550364132892838E-15i;-4.2957071841974954E-8-8.594527866160422E-15i;-7.348578904928603E-9+1.6169803812977465E-14i;1.1421170610963761E-7+7.822041898631557E-14i;-1.8879128334461634E-7+1.779609667838338E-14i;1.654024715019665E-7+2.5490487215819333E-13i;2.812745680529795E-8+1.6217238573684453E-14i;1.1411642412398585E-7+1.0448002790282798E-13i;-1.1944074795632735E-7+9.788263126520641E-14i;-4.340053745103285E-8+8.794147051498964E-14i;1.4008689618870298E-7-2.1372352434547255E-13i;-1.3135203150777818E-7-1.902547979007668E-13i;1.5753109855197926E-7+8.723366063453675E-12i;-9.811750071340079E-8+2.2431234307009863E-12i;-6.759115994310772E-8+8.687964498595284E-13i;-2.5235699935543002E-8+2.102807960346178E-11i;2.1052609786805545E-7-1.0606698988280221E-11i;-4.834303390881945E-8-5.494575826384873E-12i;6.324325930246032E-8-4.242198444964847E-13i
1.8775922142415176E-7-1.3333489247655192E-11i;1.629200723878606E-7+3.738846425146893E-10i;1.1854715979820373E-7+4.3946662291344486E-10i;-1.588091818198401E-7+6.867693827854452E-11i;1.6048591974609737E-7+8.33980282279527E-10i;-1.174143145960683E-7-7.008873775766041E-10i;2.669679935285462E-8+8.38536681499061E-15i;-7.143744493415275E-8-1.3771646215623507E-14i;-1.2065714479564063E-8+1.2668810973892546E-14i;1.2023664573815271E-7+8.204944837194375E-14i;-1.5691735021002052E-7+6.304367630758953E-15i;1.4249824794010957E-7+2.141990691453073E-13i;4.6888555949568745E-8+1.6043136983624362E-14i;1.158287942605724E-7+9.547848048177936E-14i;-1.1488067303455507E-7+7.745718893090644E-14i;-7.363417681384373E-8+1.541390933029913E-14i;1.1959547559627425E-7-1.934282141379954E-13i;-1.9652803167708193E-7-1.8015528048830384E-13i;1.5778556165795677E-7+1.0088031352508327E-11i;-1.4435326195660782E-7+2.5318240899708236E-12i;-1.0631854868171545E-7+9.80156840438899E-13i;-3.819009876181306E-8+2.0125863024070567E-11i;1.752220708319162E-7-1.0224019676640636E-11i;-4.424107826047196E-8-6.322352705853372E-12i;9.210835346363697E-8-3.9513289478472253E-13i
2.099738352846457E-7+3.75664908125886E-11i;1.509821391492544E-7+4.367311169831232E-10i;1.0461832970589027E-7+4.545070329912966E-10i;-1.8246948252766192E-7+9.168296079873311E-11i;1.61277829258867E-7+8.866596342941627E-10i;-1.0224400093571258E-7-5.619095926761016E-10i;2.3944156827557336E-8+1.0252307363398359E-14i;-9.96956385247039E-8-1.9843292582831068E-14i;-1.6522635423373052E-8+1.4190680698254877E-14i;1.2914593146833672E-7+8.674623726018579E-14i;-1.1073819900677289E-7-5.1256788429908315E-15i;1.0948562384378767E-7+1.6410326159316599E-13i;6.564665759585797E-8+1.6775316928804056E-14i;1.184416053676268E-7+9.463204126933716E-14i;-1.0850095216185753E-7+4.150093295436406E-14i;-1.0557268748786962E-7-7.817778096444592E-14i;9.051896798802591E-8-1.67901269649334E-13i;-2.3145381019934407E-7-2.477039538839737E-13i;1.5864846620293938E-7+1.073243546947273E-11i;-1.6489915560904952E-7+2.619144457778133E-12i;-1.3646224917634892E-7+1.032916646733142E-12i;-4.545480125260558E-8+1.7111453548333945E-11i;1.2526108229225033E-7-8.854859704412095E-12i;-4.0049944952391015E-8-6.699596254036142E-12i;1.0334489858627345E-7-4.791291319506856E-13i
2.3218844916194405E-7+8.84664708485309E-11i;1.3904420592069905E-7+4.995775914902046E-10i;9.068949965327567E-8+4.695474431467582E-10i;-2.061297832187374E-7+1.1468898333831048E-10i;1.6206973875923867E-7+9.393389862701068E-10i;-8.707368723913797E-8-4.2293180752045483E-10i;2.030269894121896E-8+1.293557172548115E-14i;-1.2767261427765148E-7-2.6197982609220328E-14i;-2.0638919016659538E-8+8.467855334427216E-15i;1.4081620308772752E-7+9.628872262725585E-14i;-5.20885882900158E-8-1.4108982347487858E-14i;6.78599439480691E-8+1.0003742282354752E-13i;8.442023961181255E-8+1.617794666918212E-14i;1.220344708819448E-7+7.794273815949343E-14i;-1.0080260095371084E-7+2.083106605687877E-14i;-1.395531862796035E-7-1.740649811730186E-13i;5.4717691001413504E-8-1.3067300066712468E-13i;-2.3015171331339091E-7-2.1791500292349974E-13i;1.6051024673775296E-7+1.0504479924630623E-11i;-1.5478842656095488E-7+2.502177147278723E-12i;-1.564130367876933E-7+9.998799620797833E-13i;-4.594041673260251E-8+1.2147541891252567E-11i;6.400816321006296E-8-6.442458851125524E-12i;-3.731732729444731E-8-6.423082546667117E-12i;9.416062023495056E-8-5.306348302388104E-13i
2.54403063055509E-7+1.3936645085433017E-10i;1.2710627269806808E-7+5.624240660445663E-10i;7.676066963877364E-8+4.845878533822462E-10i;-2.2979008389331322E-7+1.3769500590581427E-10i;1.628616482513348E-7+9.920183382234567E-10i;-7.190337350864583E-8-2.839540221264257E-10i;1.5799177905825757E-8+1.540272250792355E-14i;-1.553403325554416E-7-3.267627597729711E-14i;-2.4364577502985288E-8-5.957626419609087E-15i;1.5510221582891925E-7+1.0728810478891735E-13i;1.6830800895220012E-8-2.7485817162470776E-14i;1.939717469495556E-8+3.431609591185177E-14i;1.0324675889372248E-7+2.079108463266892E-14i;1.2671858068432104E-7+7.752063518073299E-14i;-9.240172800637083E-8+1.3757761061489718E-14i;-1.7567585118624283E-7-2.2078707493097572E-13i;1.4309270473239987E-8-5.3835794338305777E-14i;-1.9159537457999022E-7-1.7452516396232244E-13i;1.6391788132805172E-7+9.414723220188919E-12i;-1.1332980544190345E-7+2.2089340570440147E-12i;-1.6610180242804112E-7+8.588091592632014E-13i;-3.961707243068131E-8+5.506367874962601E-12i;-4.630623348788753E-9-3.194800868489052E-12i;-3.767529760723984E-8-5.635071108370207E-12i;6.49091269899233E-8-5.419699730646407E-13i
2.766176769654179E-7+1.9026643083649898E-10i;1.1516833947608953E-7+6.252705406649169E-10i;6.283183966086941E-8+4.996282637054655E-10i;-2.5345038455114777E-7+1.6070102850105612E-10i;1.6365355774018784E-7+1.044697690183719E-9i;-5.673305974673336E-8-1.4497623651847523E-10i;1.0461090180451255E-8+1.810617310151095E-14i;-1.8270886971317998E-7-3.8791593640873245E-14i;-2.7674993128795948E-8-1.9582362151114104E-14i;1.7188912850016258E-7+1.238333934288296E-13i;9.360022980614574E-8-3.354988957695383E-14i;-3.398696069819196E-8-4.224187657775834E-14i;1.222391860729769E-7+2.3587175063032117E-14i;1.3268072354424143E-7+6.485678481928072E-14i;-8.396878010664801E-8+3.4302687755353035E-15i;-2.1391258569433543E-7-2.892566746167029E-13i;-2.8514400233929928E-8+3.737585434188191E-14i;-1.195302207179767E-7-1.2736551316192675E-13i;1.693864241444743E-7+7.608484616024435E-12i;-4.387000966351776E-8+1.7602584754220672E-12i;-1.6689038429689513E-7+6.952005623622926E-13i;-2.733262464970538E-8-2.344037456148932E-12i;-7.663887747622148E-8+6.45693979523436E-13i;-4.199131305907674E-8-4.493346766223664E-12i;1.8968793555684506E-8-5.397528529038487E-13i
2.9883229089239853E-7+2.411664107908178E-10i;1.0323040624826212E-7+6.881170153705579E-10i;4.8903009718273044E-8+5.146686741233657E-10i;-2.7711068519139553E-7+1.837070511356434E-10i;1.6444546723172591E-7+1.0973770421787075E-9i;-4.156274595590792E-8-5.998450719037498E-12i;4.320856507734342E-9+2.0017797603835446E-14i;-2.0983525539366282E-7-4.456405299619658E-14i;-3.057939637284926E-8-3.4389219284764064E-14i;1.911162740771175E-7+1.3907815321595523E-13i;1.758033312319201E-7-3.927025968015463E-14i;-9.043582575487051E-8-1.2690973384104808E-13i;1.4163125513211552E-7+3.0862412026668095E-14i;1.402171456634931E-7+5.6400924851550144E-14i;-7.620098930811785E-8-2.1043342100482574E-14i;-2.54336582056584E-7-3.5850177384227314E-13i;-7.185763905392037E-8+2.01838569153795E-13i;-2.1527666996940155E-8-6.76689553135826E-14i;1.7757891209035372E-7+5.228719849721476E-12i;4.712965707436261E-8+1.188573152722149E-12i;-1.6145630978097928E-7+5.501985230824589E-13i;-1.0641488849469715E-8-1.0847290973244415E-11i;-1.4861968084134662E-7+4.769760401366954E-12i;-5.0547202927761865E-8-3.4033675250219466E-12i;-3.830319954266802E-8-5.306840941430595E-13i
3.2104690483799005E-7+2.920663907244923E-10i;9.129247300676091E-8+7.509634901905583E-10i;3.497417981044223E-8+5.297090846466573E-10i;-3.0077098581243635E-7+2.067130738118636E-10i;1.6523737673289375E-7+1.1500563942519258E-9i;-2.6392432138272055E-8+1.32979335251575E-10i;-2.5878550286213523E-9+2.249119395263001E-14i;-2.3683165261582188E-7-5.04882310670425E-14i;-3.3121619317692874E-8-4.8069535524796904E-14i;2.1283106581181348E-7+1.5396361705800075E-13i;2.61258774946218E-7-4.571399849776989E-14i;-1.4835827211916705E-7-2.1234995081287663E-13i;1.618647494174696E-7+3.6338414145609373E-14i;1.4979901247026345E-7+4.5269781724469485E-14i;-6.979936731074744E-8-4.081666457072228E-14i;-2.9750820587329697E-7-4.363171202383444E-13i;-1.1453879671903968E-7+3.7540397727157576E-13i;9.272455753316076E-8+2.882837635887587E-14i;1.894491866608155E-7+2.5894808390888113E-12i;1.517278139456468E-7+6.16066476196438E-13i;-1.535054150290865E-7+3.911949454849206E-13i;8.548775167420455E-9-1.9611941269183706E-11i;-2.187712350970069E-7+9.10941784252377E-12i;-6.305810628133086E-8-2.229682325097994E-12i;-1.0121132293860214E-7-4.671872222390282E-13i
3.432615188010636E-7+3.4296637066612024E-10i;7.93545397450919E-8+8.138099651439946E-10i;2.104534993330506E-8+5.447494952739606E-10i;-3.244312864147759E-7+2.2971909650684037E-10i;1.6602928624978273E-7+1.2027357464476152E-9i;-1.122211829849499E-8+2.719571213543352E-10i;-1.0231704127868028E-8+2.4783498374051093E-14i;-2.638737550384864E-7-5.571197293312574E-14i;-3.537888908248954E-8-6.05256946460681E-14i;2.3725126310864194E-7+1.7007756944488228E-13i;3.4827519167371467E-7-5.094938003813596E-14i;-2.0666064608067117E-7-3.028435649971593E-13i;1.837212969516021E-7+4.711114750313607E-14i;1.6218615843572234E-7+4.4920560237795594E-14i;-6.546759124068763E-8-4.753320051284168E-14i;-3.4510180666415533E-7-5.322531460517588E-13i;-1.5663207820772026E-7+5.63661260470012E-13i;2.1372543582722202E-7+1.61768076637192E-13i;2.0663780745423064E-7-6.764944408820759E-14i;2.62770021432057E-7+5.75518140751848E-14i;-1.47602218009246E-7+2.463972983977455E-13i;2.8497585061701743E-8-2.8447405099916833E-11i;-2.8835601950973694E-7+1.3508460237709836E-11i;-7.921706714419064E-8-1.1458222151489344E-12i;-1.6597707813813116E-7-4.0201037531394254E-13i
-8.530027706787453E-8-6.242924387846014E-10i;3.094789734231213E-7-4.3055420933803027E-10i;2.7098088561711966E-7+1.9439099175838953E-10i;1.3401289715607174E-7-2.013612657222064E-10i;1.5681873455682933E-7+2.5296277885856686E-10i;-2.866652294726333E-7-2.3072522183139803E-9i;-5.492650486230591E-8-2.586652162465106E-14i;2.421883690608004E-7+4.568660822160378E-14i;-1.614417139679483E-8-8.895388490608952E-14i;2.687129881992031E-7+1.9418585959423387E-13i;3.4154197028731064E-7-6.461511161068264E-14i;-1.8040131992907806E-7-1.9840766670114827E-13i;-2.3413051437983875E-7-8.55599203697152E-14i;1.205949938232691E-7-2.4200346092457434E-14i;-9.674746641740079E-8+5.865207330335196E-14i;3.3900806578849576E-7+5.595624432164577E-13i;-2.2924383471250926E-7+4.256235438153469E-14i;-2.0638120806003946E-7-2.5298471591962634E-13i;1.4026825241883033E-7+1.1616100499397752E-11i;-2.2116749049159051E-7+2.5869978057764867E-12i;7.505326290314741E-8-1.3763234091437774E-12i;3.248132123841427E-8-2.9751109297637674E-11i;-3.015551325825343E-7+1.4798716278366347E-11i;5.654651583404635E-8-1.6454359673205994E-12i;2.1877516379579244E-7+4.405827762154165E-13i
-6.30856634082741E-8-5.733924582858425E-10i;2.9754103997722743E-7-3.677077347380108E-10i;2.5705205505323574E-7+2.094314014009987E-10i;1.1035259627118334E-7-1.7835524345936373E-10i;1.5761064428619634E-7+3.056421319590407E-10i;-2.7149491624498E-7-2.168274436990387E-9i;-4.6792830695056046E-8-2.3077598931226726E-14i;2.1729874632402642E-7+4.224956515893373E-14i;-1.3467081836376388E-8-7.249652275885139E-14i;2.4490075344886775E-7+1.7171066122858216E-13i;2.5511259030996306E-7-4.904232602253405E-14i;-1.270721010822808E-7-1.399088914908996E-13i;-2.078629038074453E-7-7.353188967065665E-14i;1.1781025196531067E-7-2.4526864462179377E-14i;-9.289004099174098E-8+3.046198078562301E-14i;2.9363240202131097E-7+4.817550174623901E-13i;-1.7111933645343088E-7+1.701491102498649E-13i;-8.649449558984757E-8-1.4516137693753573E-13i;1.259151693879011E-7+8.129714568117245E-12i;-1.2150416507954245E-7+1.7515810099139645E-12i;8.857666467245282E-8-1.1899390793620892E-12i;2.74033761686585E-8-2.2990821879452558E-11i;-2.2997982710062376E-7+1.149952927623056E-11i;6.217297845961054E-8+1.0722524837493058E-12i;1.2931272571603144E-7+5.124515498577915E-13i
-4.087104974427494E-8-5.224924778286192E-10i;2.856031065599888E-7-3.04861260191643E-10i;2.431232245094408E-7+2.244718110492286E-10i;8.669229538831108E-8-1.5534922118621117E-10i;1.5840255399012626E-7+3.583214849142607E-10i;-2.5632460299610834E-7-2.0292966554852052E-9i;-3.9501587997743994E-8-2.1016099059418755E-14i;1.9246928207656581E-7+3.803352161167051E-14i;-1.1111117931040559E-8-5.893270014550743E-14i;2.2395954415546974E-7+1.558367343410656E-13i;1.7016033340052858E-7-3.7296326004219555E-14i;-7.398225894646219E-8-7.273150921826194E-14i;-1.8331921013967523E-7-6.3437516208026E-14i;1.1756869526072691E-7-1.977032992690964E-14i;-9.098078505038785E-8+2.4368531937318495E-14i;2.5235495182279025E-7+4.108108849479239E-13i;-1.1247250542048046E-7+2.1801377353983574E-13i;2.675481856963683E-8-8.566928286716675E-14i;1.148352205620046E-7+4.972270542898375E-12i;-2.746066706737828E-8+9.447995992254366E-13i;1.030029553842885E-7-1.0698966969797223E-12i;2.2735193041698698E-8-1.630575947047926E-11i;-1.5779162164015244E-7+8.251191543853475E-12i;6.847875685121311E-8+4.0357678900712E-12i;4.2222547388968354E-8+5.898292394472223E-13i
-1.8656436072472607E-8-4.715924974372598E-10i;2.7366517318224094E-7-2.42014785694916E-10i;2.2919439399741293E-7+2.3951222071812476E-10i;6.303199450953128E-8-1.323431988875565E-10i;1.5919446365865698E-7+4.1100083768525835E-10i;-2.411542897141221E-7-1.8903188737049E-9i;-3.306433920451144E-8-1.7531980876381175E-14i;1.6753858369668047E-7+3.343167668754156E-14i;-9.028773322611956E-9-4.532644864065097E-14i;2.0558059990717355E-7+1.3996959012897332E-13i;8.838907413107797E-8-2.6587543556092915E-14i;-2.21718112429995E-8-1.1035705380289426E-14i;-1.5945480861189717E-7-5.31980051536132E-14i;1.1907985087542449E-7-2.9286352054067444E-15i;-9.040397445239437E-8+3.870386581967674E-14i;2.1345683632385303E-7+3.517129691241051E-13i;-5.306046594297516E-8+2.5321694039379924E-13i;1.238299244721056E-7-1.3171604819470702E-14i;1.06031542292069E-7+2.260684602209514E-12i;5.418488216179196E-8+3.2513996483099986E-13i;1.1470098041358825E-7-9.059327059922025E-13i;1.8312581957469442E-8-9.504563609042778E-12i;-8.35750649908283E-8+4.9768999210473036E-12i;7.3544711811678E-8+6.591097815135813E-12i;-3.698257837946522E-8+6.582902914711526E-13i
3.558177609192925E-9-4.206925171086013E-10i;2.617272398414006E-7-1.7916831124645366E-10i;2.1526556352067504E-7+2.5455263040700346E-10i;3.937169363699188E-8-1.0933717656312336E-10i;1.5998637329361157E-7+4.636801902821521E-10i;-2.2598397639621762E-7-1.7513410916201482E-9i;-2.7498264778459017E-8-1.4822557689872983E-14i;1.4240336146151352E-7+2.864867499005674E-14i;-7.1871224349939604E-9-3.182582860094146E-14i;1.8964434734678573E-7+1.2602205673614595E-13i;1.1988126660326868E-8-1.594863672809467E-14i;2.6870501897295845E-8+5.0565243482504643E-14i;-1.3567084818952863E-7-4.4632486570944816E-14i;1.2168675809513995E-7+1.3849572014960381E-14i;-9.070049563237824E-8+4.3009243554719045E-14i;1.763185838701539E-7+2.9466773090692734E-13i;5.599239114793104E-9+2.507063047073111E-13i;1.9503520627544117E-7+5.745230062493018E-14i;9.900704945133624E-8+1.7888409639185481E-13i;1.1603278534486035E-7-1.277691233130196E-13i;1.20444677602901E-7-6.682329594687605E-13i;1.4198112798710621E-8-2.7029705435147906E-12i;-9.113544217061533E-9+1.6788425224038866E-12i;7.62864965933279E-8+8.683850507538981E-12i;-1.002138674718127E-7+7.054652065092319E-13i
2.577279130279441E-8-3.697925368409149E-10i;2.4978930653525345E-7-1.1632183684792977E-10i;2.0133673308226663E-7+2.695930401130735E-10i;1.571139277282345E-8-8.633115421242101E-11i;1.6077828289639035E-7+5.163595427114383E-10i;-2.1081366303998778E-7-1.6123633092047896E-9i;-2.2819938866239253E-8-1.2440678981082791E-14i;1.1701205471606998E-7+2.409196270830486E-14i;-5.557854316433445E-9-1.7372768321109674E-14i;1.7614980209948457E-7+1.153468958026982E-13i;-5.662314360961208E-8-1.1005098239504935E-14i;7.141295086722654E-8+1.0392137745573908E-13i;-1.1167438251049368E-7-3.77589457005162E-14i;1.2482878191099427E-7+2.459306599905039E-14i;-9.151327647272393E-8+4.163272259146908E-14i;1.4088677653479693E-7+2.4180343427446807E-13i;6.09362053046947E-8+1.8694248710727874E-13i;2.3280877722698592E-7+1.0520325737159259E-13i;9.356935888264602E-8-1.0432617036091616E-12i;1.520680593487638E-7-3.277850099067927E-13i;1.1787183030374937E-7-4.0106262483267375E-13i;1.0523593481246851E-8+3.695250639694992E-12i;6.199448466902864E-8-1.4191383867208373E-12i;7.62949787001223E-8+9.983503481127477E-12i;-1.3989013398371494E-7+7.746553058511072E-13i
4.7987405010261505E-8-3.188925566331577E-10i;2.3785137326128556E-7-5.347536251086302E-11i;1.8740790268453759E-7+2.8463344982623266E-10i;-7.94890808089098E-9-6.332513183652524E-11i;1.6157019246884705E-7+5.690388949727488E-10i;-1.956433496439199E-7-1.4733855264327341E-9i;-1.9050880001754024E-8-1.0294545460980871E-14i;9.135280219968502E-8+1.9519136921154037E-14i;-4.112798124133351E-9-5.726619894705086E-15i;1.6517100340665946E-7+1.0788272142039354E-13i;-1.150308477687886E-7-1.2645775967644542E-14i;1.0969185512750763E-7+1.516374098286768E-13i;-8.733911582366797E-8-2.937948606430072E-14i;1.2799586420262647E-7+3.889689182069982E-14i;-9.254471171685894E-8+4.2625189264625567E-14i;1.0715909808737484E-7+1.9928995984419327E-13i;1.1000128783616271E-7+1.0818031631089766E-13i;2.3340442371306822E-7+1.3693964380368093E-13i;8.946851889837936E-8-1.3736979789255818E-12i;1.5922747785670719E-7-3.2051498401535043E-13i;1.0564150278916665E-7-1.1473761508375255E-13i;7.445394232722444E-9+9.355242232742594E-12i;1.2562745933517482E-7-4.187845619793286E-12i;7.421159224770893E-8+1.03250906734101E-11i;-1.5127787974049044E-7+8.216219023783278E-13i
7.020201873327133E-8-2.6799257648415906E-10i;2.2591344001683647E-7+9.37111175613079E-12i;1.7347907232906183E-7+2.996738595413763E-10i;-3.160920892226333E-8-4.031910943689265E-11i;1.6236210201298052E-7+6.2171824706899E-10i;-1.804730362071919E-7-1.3344077432912017E-9i;-1.6207606237200055E-8-6.861513502471326E-15i;6.544908055373077E-8+1.484390918149942E-14i;-2.8203355591135563E-9+1.8945411203211555E-15i;1.5681024478558407E-7+1.0143193746475691E-13i;-1.610192841754243E-7+5.534278096992554E-15i;1.4005134502863E-7+1.889810981337112E-13i;-6.266360977589141E-8-1.8822907202569493E-14i;1.307711273323895E-7+5.3968481365068676E-14i;-9.354478207855176E-8+5.635219775115974E-14i;7.508243730660304E-8+1.6843998330992487E-13i;1.4986064119652172E-7-6.063687426958292E-15i;1.9784941130839413E-7+9.200494866829942E-14i;8.655352969964321E-8-8.497248496149818E-13i;1.3814243514018248E-7-7.048884384906832E-14i;8.383132157600264E-8+1.6375623122652448E-13i;4.954660809879805E-9+1.3962744457223265E-11i;1.7763312447251268E-7-6.483484167411287E-12i;7.105019265789777E-8+9.696040761674326E-12i;-1.3382674668931068E-7+8.29850816982344E-13i
9.24166324730784E-8-2.1709259638848992E-10i;2.1397550679904087E-7+7.221758596314897E-11i;1.5955024201661858E-7+3.1471426926789536E-10i;-5.526950974973811E-8-1.7313087015009513E-11i;1.6315401153089314E-7+6.743975990152442E-10i;-1.653027227295377E-7-1.1954299597892475E-9i;-1.4303486567524277E-8-3.2509536457998938E-15i;3.935217669927915E-8+1.0167080423200646E-14i;-1.6428022487074127E-9+7.460759915668615E-15i;1.5116744658324838E-7+9.711923886295002E-14i;-1.9276399893202162E-7+1.958036083946468E-14i;1.6111727195174253E-7+2.1155941357722682E-13i;-3.7718223580686794E-8-9.873650939336024E-15i;1.3281333011595798E-7+7.116576877332602E-14i;-9.43269800821143E-8+7.290016829249338E-14i;4.442333762162667E-8+1.450192026251412E-13i;1.7796712980203817E-7-1.3099735318552682E-13i;1.3211460207532458E-7-3.060279501283969E-14i;8.469170294783763E-8+4.090384741503946E-13i;9.3389419338883E-8+3.3660550904805893E-13i;5.394902350386387E-8+4.263539748362201E-13i;2.9882053166338375E-9+1.7237745767441358E-11i;2.1444529552846065E-7-8.207569092083577E-12i;6.80253895951602E-8+8.241428610864093E-12i;-9.154900244495908E-8+7.810040126729493E-13i
1.1463124623049018E-7-1.661926163372724E-10i;2.0203757360485128E-7+1.3506406012696208E-10i;1.4562141174733877E-7+3.297546790195053E-10i;-7.892981056209972E-8+5.692935427272255E-12i;1.639459210248581E-7+7.270769508329935E-10i;-1.5013240921118552E-7-1.056452175945256E-9i;-1.3349682857652527E-8-1.9872791232857553E-16i;1.3131443010208334E-8+4.727637991302783E-15i;-5.371255093320783E-10+2.4500399098269546E-15i;1.4832593843832808E-7+9.874234459596255E-14i;-2.0897179558336906E-7+2.4377029870473622E-14i;1.7190648354343046E-7+2.4255341086798074E-13i;-1.2598331179463193E-8+4.0752602516616635E-15i;1.338928101605066E-7+9.01852109328044E-14i;-9.474888720363928E-8+1.1507555762964008E-13i;1.4708122927393184E-8+1.4530219076997605E-13i;1.9250679229249414E-7-2.5848421387272797E-13i;4.638914804280988E-8-5.3939983834709253E-14i;8.372474631340113E-8+2.1723560688426145E-12i;3.292072096155981E-8+7.399123896323238E-13i;1.866809935514935E-8+5.395787040582447E-13i;1.346213345702029E-9+1.8988318893527156E-11i;2.3352293815154267E-7-9.216433254371032E-12i;6.633223330899063E-8+6.554393475766328E-12i;-3.254772823319592E-8+7.207745146866809E-13i
1.3684586000586488E-7-1.1529263632632512E-10i;1.9009964043124256E-7+1.9791053425727884E-10i;1.3169258152081314E-7+3.4479508880318865E-10i;-1.02590111358511E-7+2.8698957889819414E-11i;1.6473783049722448E-7+7.797563025365302E-10i;-1.3496209565280677E-7-9.174743917757863E-10i;-1.3349298419012118E-8+1.2569628395345148E-15i;-1.313220734220067E-8+1.3534973098780657E-16i;5.440705709479873E-10+1.0036854624272771E-14i;1.4832557421126875E-7+9.76692354016629E-14i;-2.0897140293346485E-7+1.707316209373294E-14i;1.7190814703079066E-7+2.5300869578891923E-13i;1.2583419866841506E-8+1.5100340574555685E-14i;1.338917244013531E-7+1.1409969451789706E-13i;-9.475152761405519E-8+1.1755870053495322E-13i;-1.4676895008735793E-8+1.0983396028783153E-13i;1.9250723617001854E-7-3.164067085853923E-13i;-4.636771796776647E-8-1.1035407225055027E-13i;8.365197683267761E-8+4.113658640393912E-12i;-3.308238797386143E-8+1.2220521558209167E-12i;-1.852319127684923E-8+7.230424008609291E-13i;-2.1430542351279434E-10+1.9193151788169502E-11i;2.3353640178933325E-7-9.493280799192788E-12i;6.647781554279012E-8+4.685069987074675E-12i;3.2383643442829046E-8+6.731934262509356E-13i
1.590604737991449E-7-6.439265634709361E-11i;1.7816170727511762E-7+2.607570083709623E-10i;1.1776375133621181E-7+3.5983549862967345E-10i;-1.2625041213847178E-7+5.1704980369547584E-11i;1.655297399505187E-7+8.324356541458999E-10i;-1.19791782055443E-7-7.784966072993849E-10i;-1.4303587828230926E-8+2.9979180717468745E-15i;-3.935302195535991E-8-4.669679487939287E-15i;1.6493576996634767E-9+1.3646549804130578E-14i;1.511688973735292E-7+9.951858080315453E-14i;-1.927614188903508E-7+7.587587064680775E-15i;1.611207986368387E-7+2.453071487474434E-13i;3.770331793946804E-8+2.3982676141015226E-14i;1.3280902463558972E-7+1.241460971660406E-13i;-9.432880781549882E-8+1.0542665847192901E-13i;-4.4391119267366074E-8+6.772782769281502E-14i;1.7797336422545576E-7-3.2723440320714567E-13i;-1.3210935003869094E-7-1.6486032402001587E-13i;8.444945637810545E-8+5.896346990273538E-12i;-9.356469414004719E-8+1.6286584133458622E-12i;-5.3815317091350843E-8+8.837808536752698E-13i;-1.951411111238968E-9+1.7834580925511707E-11i;2.1448248597162245E-7-9.002662395404676E-12i;6.851298766038517E-8+3.1012399792899733E-12i;9.139089148576951E-8+6.229827177550221E-13i
1.8127508760996707E-7-1.3492676392077221E-11i;1.6622377413330204E-7+3.236034824878411E-10i;1.0383492119243766E-7+3.748759085122458E-10i;-1.4991071290176675E-7+7.471100286130992E-11i;1.6632164938749862E-7+8.851150056827397E-10i;-1.0462146842044313E-7-6.395188225402158E-10i;-1.6206912592081873E-8+4.659343592695677E-15i;-6.545023757319456E-8-1.0029809779023727E-14i;2.826703702280737E-9+1.5090014869791675E-14i;1.5681082162637324E-7+1.0248102436826953E-13i;-1.6101313598535388E-7-8.944590643729442E-16i;1.400553068569562E-7+2.0646332844297652E-13i;6.265322667135066E-8+2.5232320362644996E-14i;1.307640878244721E-7+1.162667231757237E-13i;-9.354970253928762E-8+7.969473404859737E-14i;-7.506272621609923E-8-2.859735474566003E-14i;1.4986338995094092E-7-2.937996008541703E-13i;-1.9784320849395422E-7-2.1890011953410474E-13i;8.621238935019655E-8+7.255002915648793E-12i;-1.3831734797266932E-7+1.873405196753499E-12i;-8.372434169933041E-8+9.481723302616378E-13i;-4.1085063883255984E-9+1.5124707226333988E-11i;1.7768917828424288E-7-7.835129125115526E-12i;7.172343807788569E-8+1.8078833386871464E-12i;1.3365437009879886E-7+5.556196887813441E-13i
2.0348970143778642E-7+3.740730354644731E-11i;1.542858410024348E-7+3.864499566278783E-10i;8.990609108816869E-8+3.899163184631543E-10i;-1.73571013648378E-7+9.771702535990819E-11i;1.6711355881123184E-7+9.377943571711125E-10i;-8.94511547494652E-8-5.005410375217933E-10i;-1.904921616626831E-8+6.648649652495081E-15i;-9.135362550742973E-8-1.531526439618787E-14i;4.118926116719178E-9+1.6212042611008222E-14i;1.6517104992577086E-7+1.046826002220582E-13i;-1.1502335380664176E-7-8.31047730771769E-15i;1.0969571218780832E-7+1.5297136358447145E-13i;8.73294519535107E-8+2.775698908110647E-14i;1.2799230758550936E-7+1.0988143141157346E-13i;-9.25477270893131E-8+4.888725624151343E-14i;-1.0714222071380938E-7-1.2383897160192772E-13i;1.1001898290791007E-7-2.397092349568582E-13i;-2.3338548595810296E-7-2.2534465744903633E-13i;8.908116121139251E-8+7.972300525669023E-12i;-1.5939000328353246E-7+2.0137566825607618E-12i;-1.0555466564168681E-7+9.329011587928573E-13i;-6.846906549108598E-9+1.1260847740727465E-11i;1.257213842719599E-7-5.9844184278869835E-12i;7.495958466100079E-8+1.350161882680388E-12i;1.5109318063326325E-7+5.347335464338821E-13i
2.2570431528210366E-7+8.830728346859507E-11i;1.4234790787871934E-7+4.492964308030265E-10i;7.597726102193086E-8+4.049567284882766E-10i;-1.972313143783712E-7+1.2072304786998936E-10i;1.6790546822535004E-7+9.904737086289365E-10i;-7.428084104451197E-8-3.6156325226375743E-10i;-2.2816945863254175E-8+9.350095780585956E-15i;-1.1701281060183888E-7-2.1093655007471715E-14i;5.563533044580354E-9+1.3398458940295105E-14i;1.761474603070688E-7+1.1323909826245925E-13i;-5.662247774170611E-8-1.2840086557781861E-14i;7.14241211366554E-8+1.0325332935994768E-13i;1.1166842286779167E-7+3.085393562913456E-14i;1.2482540927452257E-7+1.0239824951432823E-13i;-9.151941649582604E-8+3.084059716702552E-14i;-1.4088435649500674E-7-1.9775627520655966E-13i;6.096349644792562E-8-1.8734495219172521E-13i;-2.327871430446413E-7-2.1638496982489152E-13i;9.320980823952647E-8+7.950067604410765E-12i;-1.5222765225572672E-7+1.9466049337779815E-12i;-1.1783414963307187E-7+8.292381624113513E-13i;-1.0246905553384015E-8+6.570780491557159E-12i;6.211834633658568E-8-3.6467410252612155E-12i;7.695810747634904E-8+1.6159747296987322E-12i;1.3968342239544735E-7+4.710477840111989E-13i
2.4791892914286983E-7+1.3920726337312032E-10i;1.3040997475769892E-7+5.121429050260746E-10i;6.204843099238855E-8+4.199971385941249E-10i;-2.2089161509151293E-7+1.4372907039724607E-10i;1.6869737763405166E-7+1.0431530600751746E-9i;-5.9110527307681764E-8-2.2258546678439235E-10i;-2.749333240863742E-8+1.1371468623278246E-14i;-1.4240403592301665E-7-2.7272427403678324E-14i;7.1928694685004635E-9+2.231472931334364E-15i;1.8963944413905022E-7+1.245945823220631E-13i;1.1987142440309576E-8-2.265496495434977E-14i;2.688239392607355E-8+4.352029000198871E-14i;1.3567067311601054E-7+3.3980410252603775E-14i;1.216881020112187E-7+8.861303920177631E-14i;-9.070628522390409E-8+2.2117259095918133E-14i;-1.7633514058770667E-7-2.6038679071326844E-13i;5.632750331286234E-9-1.0215077601748547E-13i;-1.9502569797908216E-7-1.6241406454450584E-13i;9.875585738415048E-8+7.096598481318892E-12i;-1.161904138861489E-7+1.7059703900244341E-12i;-1.2046942414710693E-7+6.171490952039755E-13i;-1.4252404048059098E-8+1.3263684471839618E-12i;-8.977791519020986E-9-1.0316946591267717E-12i;7.670153767811943E-8+2.612227524920564E-12i;1.0001759968591294E-7+4.2545039402671554E-13i
2.701335430204169E-7+1.9010724326222294E-10i;1.1847204163406257E-7+5.749893793148388E-10i;4.81196009983724E-8+4.350375487872742E-10i;-2.445519157873142E-7+1.667350929459921E-10i;1.69489287042324E-7+1.0958324115374294E-9i;-4.394021354114137E-8-8.360768110392649E-11i;-3.3059422757509883E-8+1.3641791131293194E-14i;-1.6753837540504947E-7-3.30466973070459E-14i;9.035517986534147E-9-7.287932993750382E-15i;2.0557590501677397E-7+1.4073478379504106E-13i;8.838891564380933E-8-2.755584204391245E-14i;-2.2158358562797123E-8-2.1663251352124402E-14i;1.5945604658998108E-7+3.8557059780366995E-14i;1.1908001324652002E-7+7.144080603823745E-14i;-9.040508763289322E-8+2.2877825635511727E-15i;-2.1346684193186647E-7-3.2198489932261376E-13i;-5.300765869916733E-8+6.077250636634395E-15i;-1.2383143468026752E-7-1.6013059581995532E-13i;1.0589828951420841E-7+5.5851079042822205E-12i;-5.4357967879646954E-8+1.3198249358380279E-12i;-1.1474595771957986E-7+3.6699716154486673E-13i;-1.8717947707186645E-8-4.1411293013245065E-12i;-8.338790673334426E-8+1.6974134910721077E-12i;7.371049854568513E-8+4.286915924892158E-12i;3.6824948203679234E-8+4.495024108318494E-13i
2.9234815691555683E-7+2.4100722313690194E-10i;1.0653410850148576E-7+6.378358536918732E-10i;3.419077103915208E-8+4.5007795907643875E-10i;-2.682122164647664E-7+1.8974111552389108E-10i;1.7028119645591576E-7+1.1485117630481934E-9i;-2.8769899746829456E-8+5.537010475919551E-11i;-3.9496169575505885E-8+1.5448038374739982E-14i;-1.9246875065663058E-7-3.8544196539836527E-14i;1.1118890320065277E-8-2.2220449400583997E-14i;2.2395493516527338E-7+1.5568094187261266E-13i;1.7016167247505622E-7-3.085312063344295E-14i;-7.396926501313964E-8-9.87168598127219E-14i;1.833265547133654E-7+4.570905050315526E-14i;1.175701977613602E-7+5.375577332337794E-14i;-9.097877277864004E-8-2.2340343272489123E-14i;-2.5237340474103756E-7-3.7975103718895633E-13i;-1.1241406796997309E-7+1.8439032063043328E-13i;-2.676896867601557E-8-2.1698666565429047E-14i;1.1488527703823324E-7+3.5172354659497077E-12i;2.7275743313781777E-8+8.006667003290519E-13i;-1.0308605608012979E-7+9.263874852019269E-14i;-2.348830276418884E-8-9.508760765754317E-12i;-1.5758783389213245E-7+4.417175048970442E-12i;6.82849519670138E-8+6.289321518439451E-12i;-4.235366504632674E-8+5.272090683820727E-13i
3.145627708298069E-7+2.919072030034439E-10i;9.459617535251622E-8+7.006823281881189E-10i;2.0261941114749715E-8+4.651183694741454E-10i;-2.9187251712221076E-7+2.1274713813307424E-10i;1.7107310588147942E-7+1.2011911146506103E-9i;-1.3599585926235864E-8+1.9434789078780936E-10i;-4.678679122489102E-8+1.7194917578793057E-14i;-2.1729802460981952E-7-4.424657613942406E-14i;1.3475875702159533E-8-3.763753320713472E-14i;2.448964381790999E-7+1.7026538159874352E-13i;2.55116667825149E-7-4.118297355734195E-14i;-1.2706066227694642E-7-1.8023172352546752E-13i;2.0787725934034307E-7+5.360094700224557E-14i;1.1781387537829728E-7+3.9879556120178043E-14i;-9.288599170304641E-8-4.527874878092042E-14i;-2.9366268378444795E-7-4.409193316832429E-13i;-1.7106075463858876E-7+3.8429159392653206E-13i;8.647002963209397E-8+1.4835769452361576E-13i;1.2618457659824342E-7+1.1543519761791407E-12i;1.213072013223296E-7+2.341882418880672E-13i;-8.86999094526388E-8-2.094464461842247E-13i;-2.849641731482094E-8-1.4661653411500808E-11i;-2.2976953012537762E-7+7.044336823280221E-12i;6.157304376757645E-8+8.43068842487077E-12i;-1.2943090574461614E-7+6.179456940113496E-13i
3.367773847617517E-7+3.4280718288718576E-10i;8.265824218132944E-8+7.635288028208843E-10i;6.333111221351211E-9+4.801587799779501E-10i;-3.155328177604297E-7+2.357531607541784E-10i;1.7186501532464432E-7+1.2538704663871706E-9i;1.5707279163601626E-9+3.3332567694767186E-10i;-5.4919924986321825E-8+1.8700281192590304E-14i;-2.4218724507543965E-7-4.943588550910208E-14i;1.615435687777161E-8-5.0360739021201803E-14i;2.687090615328733E-7+1.8534244911092324E-13i;3.4154966601412734E-7-4.313224586635028E-14i;-1.8039145824380905E-7-2.7049812759290157E-13i;2.3415160566012019E-7+5.937545234269469E-14i;1.206003381008886E-7+1.8173250808163746E-14i;-9.67420763559207E-8-6.695090440757896E-14i;-3.3904908064676006E-7-5.256576297397421E-13i;-2.291846229965666E-7+6.112187877647932E-13i;2.0635014241526045E-7+3.5752066713662234E-13i;1.4077005372316207E-7-1.2913370015040196E-12i;2.20954905387165E-7-3.201081108182113E-13i;-7.521322504029796E-8-4.626478760140645E-13i;-3.391267250148801E-8-1.9715487358531798E-11i;-3.013325164519671E-7+9.684840926521199E-12i;5.5532675416967894E-8+1.0852936752554418E-11i;-2.1888645583886215E-7+7.690328882573456E-13i
-9.178441060124917E-8-6.244516241105387E-10i;3.127826737216469E-7-4.808353656223467E-10i;2.562686470214983E-7+1.2980027884891964E-10i;1.42911366451656E-7-1.9532720137557352E-10i;1.6265446545009442E-7+3.040975093757976E-10i;-2.738723835749153E-7-2.2458836659867903E-9i;-9.661799967762066E-8-2.4365990455867717E-14i;2.1913374079799444E-7+4.49702339056698E-14i;-6.614459562188132E-8-9.503264616583723E-14i;2.869140953386321E-7+2.1478154616100806E-13i;3.33698035351009E-7-6.100155760869768E-14i;-1.546451989084993E-7-1.513307400658154E-13i;-2.696064392779931E-7-1.0084419733711351E-13i;6.475492739984292E-8-5.2376222994652096E-14i;-1.1656233643024133E-7+4.256236755241453E-14i;2.9875797336731845E-7+4.960219896508599E-13i;-2.8724753648381727E-7+1.994363043260883E-13i;-2.0606496771611755E-7-1.2531656058007818E-13i;5.20834641328508E-8+7.0365876387522E-12i;-1.7503308085407595E-7+1.5406251530934013E-12i;-1.962362271245963E-8-5.392417395500608E-13i;9.006367525460354E-8-3.6956361850647947E-11i;-2.795522983980528E-7+1.7801651749021395E-11i;1.757075249282237E-7+6.636212654824258E-12i;2.5272473131757765E-7+1.462547370767401E-12i
-6.956979695914199E-8-5.735516437861832E-10i;3.0084474040069436E-7-4.179888913009435E-10i;2.4233981645958256E-7+1.4484068836804512E-10i;1.1925106553955698E-7-1.7232117905847272E-10i;1.6344637506851833E-7+3.567768618672258E-10i;-2.5870207032086196E-7-2.1069058844081542E-9i;-8.799816612575821E-8-2.2256486229546536E-14i;1.9656471812874135E-7+4.0960818733294074E-14i;-5.8608027447425285E-8-8.307663617398727E-14i;2.641246190947991E-7+1.9622614809187847E-13i;2.4785111055907985E-7-5.150457176663671E-14i;-1.0659615804131368E-7-9.429735266725821E-14i;-2.4028542225487423E-7-8.650632498528416E-14i;7.207403558772202E-8-4.923706418394306E-14i;-1.0501328924258116E-7+1.93209492251894E-14i;2.587860943136404E-7+4.349491190144012E-13i;-2.1688774014622776E-7+2.47135234296102E-13i;-8.652376654960838E-8-3.0562312107892126E-14i;4.1742947476253736E-8+4.070736212559468E-12i;-8.758612168803032E-8+7.849553990912245E-13i;3.147452605412894E-9-5.292731612529274E-13i;6.020835745354057E-8-2.6883895222418124E-11i;-2.13924178673824E-7+1.2970229850659318E-11i;1.7222209923494484E-7+9.29822828898537E-12i;1.4505337200323214E-7+1.4743182246921637E-12i
-4.735518331286764E-8-5.226516635017822E-10i;2.8890680710940343E-7-3.551424170429076E-10i;2.2841098591856437E-7+1.5988109789017512E-10i;9.559076462927916E-8-1.4931515673462916E-10i;1.642382846608862E-7+4.0945621420480444E-10i;-2.435317570447877E-7-1.9679281026388758E-9i;-8.032599275198885E-8-2.0195113848137808E-14i;1.7406226462459497E-7+3.7561732645630476E-14i;-5.1447375169815125E-8-6.851291745880807E-14i;2.442767976593011E-7+1.773912729522008E-13i;1.6338968978765733E-7-4.191854061024011E-14i;-5.8659221330347816E-8-4.2538756930905905E-14i;-2.1275248835545028E-7-6.927124965015651E-14i;8.147490177467181E-8-3.675804567419296E-14i;-9.514349721396641E-8+1.4984897459142705E-14i;2.2235823211094626E-7+3.6083581712889464E-13i;-1.4614375618503957E-7+2.952494393545574E-13i;2.640315486547832E-8+1.4951835590018868E-14i;3.230677037773329E-8+1.3009025913240904E-12i;-4.8911556586903055E-9+9.243255072133567E-14i;2.54610040085784E-8-5.112022551441485E-13i;3.1857889116751125E-8-1.7026164215232393E-11i;-1.4777154896252953E-7+8.256696265525195E-12i;1.7307652616304496E-7+1.2181121072518137E-11i;4.006275083211481E-8+1.5159574825814283E-12i
-2.5140569659339973E-8-4.717516832824409E-10i;2.769688738591243E-7-2.9229594284194166E-10i;2.144821554099653E-7+1.749215074336165E-10i;7.193046372254943E-8-1.2630913438771E-10i;1.650301942168369E-7+4.6213556635090946E-10i;-2.283614437347856E-7-1.8289503205883677E-9i;-7.359253035638786E-8-1.7578514426296598E-14i;1.5148135759085856E-7+3.359039982952843E-14i;-4.449410776901489E-8-5.6335877101822386E-14i;2.2699719269977377E-7+1.6362960380614123E-13i;8.203208398762694E-8-3.1920683410160795E-14i;-1.1810973503125388E-8+1.1903490305444476E-14i;-1.85778030829174E-7-5.382018901862486E-14i;9.220805853419788E-8-1.813909723196669E-14i;-8.647764250777465E-8+2.389252020372961E-14i;1.8799472013257503E-7+3.197483936103986E-13i;-7.462923091836372E-8+3.0062007147923687E-13i;1.232151633421453E-7+7.755685941350034E-14i;2.3602140679088853E-8-1.0921363386438857E-12i;6.665867967810967E-8-4.5016497916835003E-13i;4.492294591443653E-8-4.433437603338862E-13i;6.451366818541672E-9-7.473468221436553E-12i;-7.976077577343236E-8+3.734960722178856E-12i;1.749555064522072E-7+1.4912801107117173E-11i;-5.531833273768595E-8+1.565438120250561E-12i
-2.9259559969495474E-9-4.208517031222417E-10i;2.650309406459119E-7-2.2944946869728663E-10i;2.0055332493617802E-7+1.8996191699542602E-10i;4.8270162821215357E-8-1.0330311201980146E-10i;1.6582210373944742E-7+5.14814918320951E-10i;-2.13191130389186E-7-1.6899725382356943E-9i;-6.779833843521396E-8-1.540526142761579E-14i;1.287289592792152E-7+2.9449972190013313E-14i;-3.763990296658344E-8-4.354083955628973E-14i;2.1210813673515729E-7+1.492872774407799E-13i;5.974779640527175E-9-2.015876216248878E-14i;3.257723785116053E-8+6.381943288665796E-14i;-1.5865343532630706E-7-4.4046849012485906E-14i;1.0347711849366516E-7+8.689882462468677E-16i;-7.883325961659077E-8+3.15927142864898E-14i;1.5518945665768602E-7+2.8160225047045485E-13i;-4.105972096707917E-9+2.6580945398437936E-13i;1.942500876714647E-7+1.4700881532532007E-13i;1.5705688476827763E-8-2.9247737832697636E-12i;1.202414547842764E-7-8.551778506899263E-13i;5.900444184649321E-8-3.3263098546999526E-13i;-1.3933814231116329E-8+1.3098057890020932E-12i;-1.1518625360341105E-8-4.456236582692761E-13i;1.7602312688505546E-7+1.710972076223316E-11i;-1.3112451805018734E-7+1.6091722646435467E-12i
1.9288657676043668E-8-3.699517230175287E-10i;2.53093007466502E-7-1.6660299460622993E-10i;1.866244944994875E-7+2.0500232657517322E-10i;2.4609861927195013E-8-8.029708963176766E-11i;1.6661401323108552E-7+5.674942701282781E-10i;-1.9802081700635682E-7-1.5509947555630524E-9i;-6.294862991582561E-8-1.4148905536414214E-14i;1.0575630684384386E-7+2.5387287551953558E-14i;-3.0819579407912044E-8-2.8181861953674666E-14i;1.9956318150290466E-7+1.393910866147916E-13i;-6.23493816162609E-8-1.735001373331359E-14i;7.291651518744809E-8+1.1514446782641928E-13i;-1.3102189598853463E-7-3.239761524651322E-14i;1.144749320020394E-7+1.7815710218852626E-14i;-7.220530142259436E-8+3.552817468456977E-14i;1.238914094901637E-7+2.339498717860791E-13i;6.24161324513004E-8+1.5207645039501016E-13i;2.3194536171356566E-7+1.7866239471756876E-13i;8.811740655602736E-9-4.021146087217019E-12i;1.5034985812696686E-7-1.0535857088309876E-12i;6.562733115131237E-8-1.7300205668134868E-13i;-2.744246625456193E-8+8.778687882214376E-12i;5.373232739528483E-8-3.965034935714961E-12i;1.7553552914809045E-7+1.855387031468205E-11i;-1.781252817845443E-7+1.6467213109193451E-12i
4.150327136135057E-8-3.1905174296685475E-10i;2.41155074318083E-7-1.0375652057243963E-10i;1.7269566410184912E-7+2.200427361687386E-10i;9.495610423899993E-10-5.72910672252002E-11i;1.6740592269387453E-7+6.201736217791854E-10i;-1.8285050358513983E-7-1.4120169725543935E-9i;-5.905216268777949E-8-1.1322505425518366E-14i;8.255253576582727E-8+2.14801145288579E-14i;-2.399662969051471E-8-1.1280175976219092E-14i;1.8939266892138544E-7+1.30458067327956E-13i;-1.2052684712427313E-7-1.3519445957413006E-14i;1.075958855530641E-7+1.5457946742632362E-13i;-1.0275652323109503E-7-2.324100034918373E-14i;1.244116177696201E-7+3.66336547909363E-14i;-6.668836855085237E-8+3.96509875951224E-14i;9.414826028919028E-8+1.8298995725801685E-13i;1.2139893716460963E-7+3.2008189149837646E-14i;2.325827223133879E-7+1.380545591704784E-13i;3.108231903166998E-9-4.317638525422778E-12i;1.5419021787483103E-7-1.0196877204205552E-12i;6.363599456515991E-8+4.980624615189736E-14i;-3.292910813913492E-8+1.440598176352281E-11i;1.1216068265919916E-7-6.6609414114083E-12i;1.736065084068247E-7+1.8863524138083336E-11i;-1.9052700428866262E-7+1.6785349606708261E-12i
6.3717885060488E-8-2.6815176296971073E-10i;2.2921714119785362E-7-4.091004660902194E-11i;1.5876683374465277E-7+2.350831457672497E-10i;-2.271073983143796E-8-3.428504480206734E-11i;1.681978321301008E-7+6.728529732748017E-10i;-1.676801901250307E-7-1.2730391891961135E-9i;-5.611895378491547E-8-8.243379668963868E-15i;5.913720119084794E-8+1.752943696762896E-14i;-1.715751483902901E-8-3.1280548291185264E-15i;1.816662835213578E-7+1.220153708535188E-13i;-1.663437410309997E-7+6.048969410556111E-15i;1.3511023363673565E-7+1.8238033801264604E-13i;-7.388723247835876E-8-1.5375486114565012E-14i;1.3256919330639706E-7+5.665986455575587E-14i;-6.240477981470967E-8+6.351894721051269E-14i;6.591670104634347E-8+1.5421351327786314E-13i;1.6931158916193506E-7-9.117649886807324E-14i;1.9718234339192516E-7+1.0504309301970666E-13i;-1.2778935334501168E-9-3.827598156871047E-12i;1.3235218507913305E-7-7.53762872201277E-13i;5.303992174126885E-8+2.5807969545597663E-13i;-3.0401524859356486E-8+1.7913564295462244E-11i;1.599338688082462E-7-8.375159313237312E-12i;1.709425320408229E-7+1.81827997025863E-11i;-1.6763716310126307E-7+1.70950689082747E-12i
8.593249877463578E-8-2.1725178302277616E-10i;2.1727920810289696E-7+2.193642728582124E-11i;1.4483800342863748E-7+2.5012355537429114E-10i;-4.637104069279509E-8-1.127902236446813E-11i;1.6898974154204774E-7+7.255323246259401E-10i;-1.5250987662593237E-7-1.1340614054923336E-9i;-5.415818550270526E-8-5.133406596833431E-15i;3.5554007724601244E-8+1.2622887493994882E-14i;-1.0301428109233513E-8+1.1129992351047507E-15i;1.764616270201891E-7+1.181948435790194E-13i;-1.979756329982408E-7+1.798815156755912E-14i;1.542048942004016E-7+2.0362642624099942E-13i;-4.4540206925717696E-8-7.974502524720847E-15i;1.3835767568298039E-7+6.84330811067784E-14i;-5.946929288721014E-8+7.446173665257295E-14i;3.89750688485316E-8+1.1893420581800372E-13i;2.0311183522549087E-7-2.3433757162343864E-13i;1.316898827706995E-7-3.080700645987873E-14i;-4.276469204323983E-9-2.690744135888908E-12i;8.899648050364997E-8-4.205876244331627E-13i;3.5133913444662497E-8+4.5397699918843544E-13i;-2.1074854631996036E-8+1.9224685158756015E-11i;1.937538650112489E-7-9.151834434929077E-12i;1.6850639092308602E-7+1.6568367051208223E-11i;-1.1439999532620279E-7+1.6515725998417236E-12i
1.0814711250458596E-7-1.6635180311882272E-10i;2.0534127503007923E-7+8.478290112561685E-11i;1.3090917315386667E-7+2.651639650001493E-10i;-7.003134154048199E-8+1.1727000086056158E-11i;1.6978165093205772E-7+7.78211675851446E-10i;-1.3733956308816789E-7-9.950836214606182E-10i;-5.3175964200823664E-8-2.6521086478641365E-15i;1.1862984582310342E-8+7.828214399077089E-15i;-3.432374058056144E-9+2.5100151287512535E-15i;1.7384108376923984E-7+1.138560766834476E-13i;-2.1412762898376905E-7+1.9367330501565733E-14i;1.6398603780444355E-7+2.1683407006345653E-13i;-1.4885381148344539E-8+4.08390343275649E-15i;1.413599514651121E-7+8.925553640007982E-14i;-5.797586974285635E-8+9.866585410208394E-14i;1.2899576840023078E-8+1.0425112893512509E-13i;2.2059815634284507E-7-3.304267086102086E-13i;4.621973943729593E-8-6.30378325126169E-14i;-5.827683123928649E-9-1.082301500103082E-12i;3.1323406638037645E-8+1.6308737043454172E-15i;1.2328036600681105E-8+6.143927354977682E-13i;-7.204042712455445E-9+1.8519337492225342E-11i;2.1127166501269233E-7-8.968414867499222E-12i;1.671349418000804E-7+1.4549350081845779E-11i;-4.0658561266247035E-8+1.621599130090584E-12i
1.3036172625077612E-7-1.1545182325149461E-10i;1.9340334197616068E-7+1.4762937492338753E-10i;1.1698034291986333E-7+2.802043746544073E-10i;-9.369164237359102E-8+3.473302254856601E-11i;1.7057356030264857E-7+8.308910269688838E-10i;-1.2216924951254384E-7-8.561058371183429E-10i;-5.317530667282589E-8-1.2825594347575603E-15i;-1.1864809084121225E-8+3.266548598615573E-15i;3.4408476957540987E-9+8.291667476054431E-15i;1.7384017969390447E-7+1.156593979688596E-13i;-2.1412655015965529E-7+1.1198556487698478E-14i;1.6398767458619125E-7+2.3389555837918976E-13i;1.4872788456591119E-8+1.81665715094627E-14i;1.413600870103057E-7+1.1653278966441175E-13i;-5.798051673033009E-8+1.1091798084667389E-13i;-1.2870844085654E-8+7.656847714198831E-14i;2.2059873961125088E-7-4.0842472822320734E-13i;-4.619901251075455E-8-1.4066550403324944E-13i;-5.885132593985206E-9+7.658112260290494E-13i;-3.133511197643799E-8+4.583164716310905E-13i;-1.2194891683256873E-8+6.766430388898767E-13i;8.224764620261722E-9+1.6079428329952718E-11i;2.1124740224437765E-7-7.990581773966551E-12i;1.6730515392918313E-7+1.239517961862837E-11i;4.02692496596061E-8+1.5531123396583545E-12i
1.5257634001334627E-7-6.455184341188E-11i;1.814654089378119E-7+2.104758486964602E-10i;1.0305151272579482E-7+2.9524478434795924E-10i;-1.1735194319147516E-7+5.773904502036252E-11i;1.7136546965654229E-7+8.835703779978712E-10i;-1.0699893590022125E-7-7.171280524871034E-10i;-5.415796961244527E-8+1.7263847851213434E-16i;-3.5555929232494495E-8-1.5463365065101457E-15i;1.0309835252416948E-8+1.0945579570196792E-14i;1.7646011984649602E-7+1.1467619318704326E-13i;-1.979739823500645E-7+3.4590455370171504E-16i;1.5421066496300743E-7+2.2122646302830932E-13i;4.452981605807923E-8+2.674140921679628E-14i;1.3834992382407373E-7+1.2761514517265966E-13i;-5.9473371429205645E-8+9.488138274940679E-14i;-3.8952091332078774E-8+3.779932698793933E-14i;2.0311354721485586E-7-4.1477662644195907E-13i;-1.3166769144689099E-7-1.7153978263403936E-13i;-4.49683214931817E-9+2.474831375437128E-12i;-8.900958603162978E-8+8.550865041804628E-13i;-3.501200855692607E-8+7.625485685662281E-13i;2.2001286465644423E-8+1.2504024342499466E-11i;1.9366957574854335E-7-6.4063131415091774E-12i;1.690656050729044E-7+1.043600573904403E-11i;1.1400244908429401E-7+1.4879177503586405E-12i
1.7479095379223662E-7-1.3651863589421453E-11i;1.6952747591161485E-7+2.7332232246694436E-10i;8.912268257059585E-8+3.1028519409516054E-10i;-1.4101224399364697E-7+8.074506749631092E-11i;1.721573789965772E-7+9.362497289620792E-10i;-9.182862225257922E-8-5.781502675903575E-10i;-5.611814389826587E-8+1.2580143004017013E-15i;-5.913924444365226E-8-6.2624933699900405E-15i;1.716592095274159E-8+1.246228020506716E-14i;1.8166506328664002E-7+1.1211987739396744E-13i;-1.663370950663128E-7-7.40467923909209E-15i;1.351130683036567E-7+1.8261195861741927E-13i;7.388000363534714E-8+2.9939190918714514E-14i;1.3256434986975094E-7+1.2976608047543234E-13i;-6.240707727488683E-8+7.15653208384002E-14i;-6.589952228507414E-8-4.683727978661021E-14i;1.6931365616097453E-7-3.5112156368047015E-13i;-1.9718063502585602E-7-1.9952096876536393E-13i;-1.5984521311806971E-9+3.7838763103597196E-12i;-1.323786201050583E-7+1.1139695497924735E-12i;-5.29408559368434E-8+8.064214501447267E-13i;3.11691296700641E-8+8.31298659725735E-12i;1.597987508783828E-7-4.493880078642642E-12i;1.7176153777077596E-7+8.8668069137879E-12i;1.6725167470275412E-7+1.4078344902356796E-12i
1.9700556758725906E-7+3.72481162245162E-11i;1.5758954289387056E-7+3.361687962552488E-10i;7.519385245305006E-8+3.2532560390806247E-10i;-1.646725447797607E-7+1.037510899725915E-10i;1.7294928832598675E-7+9.889290798860284E-10i;-7.665830857125702E-8-4.391724824501943E-10i;-5.905046261596931E-8+4.0050230112843594E-15i;-8.25540675074889E-8-1.1369631772294924E-14i;2.4003092683794838E-8+1.2898082353075004E-14i;1.8938978030898796E-7+1.1705806899820296E-13i;-1.2052014325668432E-7-1.1614337002227832E-14i;1.0760398189326202E-7+1.3971506779954066E-13i;1.0274471746290338E-7+3.7649768568673324E-14i;1.24405797529001E-7+1.2604454737548967E-13i;-6.669629384497972E-8+5.5715610628441543E-14i;-9.412965466064418E-8-1.2689982083360762E-13i;1.2141386903363073E-7-3.133218599053927E-13i;-2.32565744747255E-7-2.3145453819519904E-13i;2.7460030485288357E-9+4.591255652269235E-12i;-1.5421388507699303E-7+1.2710760275392524E-12i;-6.3565792798271E-8+7.361886682681573E-13i;3.343599154257995E-8+4.01130905530627E-12i;1.1204889327349285E-7-2.383707019538764E-12i;1.7452691883919393E-7+8.326816208712941E-12i;1.900921967552339E-7+1.385017430607507E-12i
2.1922018139830977E-7+8.814809602816321E-11i;1.4565160988057468E-7+3.990152700723441E-10i;6.12650223718241E-8+3.403660137927896E-10i;-1.8833284554957265E-7+1.2675711245489412E-10i;1.7374119764848495E-7+1.0416084307853291E-9i;-6.14879948581801E-8-3.0019469708548507E-10i;-6.294591383188861E-8+5.804587210658073E-15i;-1.0575756014368813E-7-1.6598091305372524E-14i;3.082559461795742E-8+1.0981418773740901E-14i;1.995586841025622E-7+1.2534732048839287E-13i;-6.234725522045268E-8-1.425519234454422E-14i;7.292937455101217E-8+9.799638010708193E-14i;1.31012353167695E-7+4.105153689027863E-14i;1.1447286492979461E-7+1.183201733363972E-13i;-7.221237733730297E-8+3.6522937982655145E-14i;-1.2388195343584995E-7-1.9001216762255737E-13i;6.244797252813016E-8-2.25216202485788E-13i;-2.319295438022128E-7-2.0576691962469577E-13i;8.463144213929252E-9+4.719355903757724E-12i;-1.5037490475596911E-7+1.2476780179930349E-12i;-6.559784790000402E-8+5.791878870695776E-13i;2.766203578050296E-8+1.2003900417884707E-13i;5.365949722729617E-8-4.067535367785423E-13i;1.7638352576370912E-7+8.667575895254937E-12i;1.7768244010887557E-7+1.3475828795298012E-12i
2.4143479522557E-7+1.3904807581879422E-10i;1.337136768671784E-7+4.618617439318953E-10i;4.733619232574364E-8+3.554064237558523E-10i;-2.1199314630263554E-7+1.497631349498619E-10i;1.7453310696826936E-7+1.0942877816787076E-9i;-4.6317681115302114E-8-1.612169115137431E-10i;-6.779478573345642E-8+8.147485937520535E-15i;-1.2872989119098819E-7-2.2078373578409715E-14i;3.764696208434554E-8+5.2912704675980065E-15i;2.121027432465769E-7+1.3358096356546754E-13i;5.977111859340753E-9-1.3452656124909014E-14i;3.2589212908860916E-8+4.537870178186085E-14i;1.586501954439593E-7+4.221199719574051E-14i;1.0347877651031048E-7+9.933348317641201E-14i;-7.883475345904188E-8+2.6536372771153956E-14i;-1.5519109890837988E-7-2.3572778350856434E-13i;-4.065442488776606E-9-9.69393925109129E-14i;-1.94242026866548E-7-9.333710393804674E-14i;1.5422450600090238E-8+4.09567544639349E-12i;-1.202649826684098E-7+1.064016538848461E-12i;-5.901114402682075E-8+3.388560042909483E-13i;1.3861658998282819E-8-3.104978963982016E-12i;-1.1537692139009297E-8+1.3082450837108118E-12i;1.76645085339133E-7+9.972380609611352E-12i;1.3070323466063168E-7+1.367364639369015E-12i
2.636494090695742E-7+1.899480556000925E-10i;1.217757438483733E-7+5.247082178540054E-10i;3.3407362314012166E-8+3.7044683380536783E-10i;-2.3565344703816734E-7+1.7276915746168182E-10i;1.7532501629017098E-7+1.14696713259414E-9i;-3.114736734439093E-8-2.223912575331528E-11i;-7.358859664085973E-8+9.824710748897111E-15i;-1.5148211390015673E-7-2.727146982663265E-14i;4.450228988614629E-8-1.1794010217824707E-15i;2.2699099307863806E-7+1.4528997747573354E-13i;8.203249251050972E-8-1.962459366501368E-14i;-1.17972156110814E-8-2.650802629610544E-14i;1.8578174373133622E-7+4.344373780903102E-14i;9.221003958190389E-8+6.119733444398327E-14i;-8.647458395704881E-8-3.618998742087234E-15i;-1.8800507764077294E-7-3.1955974230701625E-13i;-7.458301066442683E-8+2.821186544506288E-14i;-1.2322501192123278E-7-9.709675597777518E-14i;2.3430924981328954E-8+2.8269602021209323E-12i;-6.669720070587124E-8+6.752465652371483E-13i;-4.496587685031392E-8-7.782340888937139E-15i;-6.84621778256091E-9-5.522056432770747E-12i;-7.96945808358696E-8+2.608896224447684E-12i;1.7522840510837003E-7+1.1906415791121343E-11i;5.491458421127742E-8+1.3389679562318086E-12i
2.858640229312791E-7+2.4084803537947907E-10i;1.0983781081800752E-7+5.875546918655025E-10i;1.9478532336295355E-8+3.854872439524058E-10i;-2.59313747754988E-7+1.957751799920475E-10i;1.761169256197314E-7+1.1996464835697864E-9i;-1.5977053546969105E-8+1.1673866017935595E-10i;-8.032144294777008E-8+1.1143082408110822E-14i;-1.740627329889429E-7-3.277429011060727E-14i;5.145675212708763E-8-1.5634506066835466E-14i;2.4427040640687306E-7+1.6004591514219453E-13i;1.6339141817256104E-7-2.2404065348015522E-14i;-5.864634855084174E-8-9.489138679056624E-14i;2.1276335112884648E-7+4.911649738866531E-14i;8.147987266487204E-8+4.7568505566728223E-14i;-9.51368063272124E-8-2.2443573712393725E-14i;-2.2237918549987434E-7-3.573126817017328E-13i;-1.4609389680323844E-7+1.923179097906978E-13i;-2.6425150195262384E-8+9.179697982385237E-14i;3.2298631790217446E-8+1.0663923561248754E-12i;4.845772011543412E-9+2.0235608615399195E-13i;-2.5540146065426167E-8-4.022870013729567E-13i;-3.2564768454711135E-8-7.105779695468488E-12i;-1.4760128409381702E-7+3.5732208974904965E-12i;1.7290427686173264E-7+1.4565682912175152E-11i;-4.04505797374346E-8+1.451127604966034E-12i
3.080786368121721E-7+2.917480151687612E-10i;9.789987776897749E-8+6.504011660005732E-10i;5.549702393091774E-9+4.0052765421011904E-10i;-2.8297404845133935E-7+2.1878120253839025E-10i;1.7690883496325743E-7+1.252325834652009E-9i;-8.06739723993131E-10+2.557164462710968E-10i;-8.799297081107786E-8+1.2334544436726513E-14i;-1.9656492300535645E-7-3.7605942691804466E-14i;5.861835141810245E-8-2.4865742571860027E-14i;2.6411796204172043E-7+1.7638089224397344E-13i;2.4785532882230254E-7-2.7849281045652358E-14i;-1.0658468186622262E-7-1.647528998015465E-13i;2.4030291264460777E-7+5.736907602305083E-14i;7.208209249710209E-8+1.824241359377297E-14i;-1.0500370710885685E-7-4.3974164761363166E-14i;-2.588183470506903E-7-4.3930576214980437E-13i;-2.1683566682870543E-7+3.821839792767824E-13i;8.649245542557566E-8+2.4460729450364965E-13i;4.1928052538601285E-8-9.92712365247742E-13i;8.753394461584441E-8-3.1822059926176945E-13i;-3.2645417044496383E-9-7.952065290444868E-13i;-6.122354703276857E-8-8.118874274124827E-12i;-2.1363951832385926E-7+4.281367707093177E-12i;1.715535856369578E-7+1.7619463419601518E-11i;-1.4543949273355138E-7+1.5778162856361722E-12i
3.3029325071079655E-7+3.426479949825741E-10i;8.596194469602981E-8+7.132476402742297E-10i;-8.379127518945365E-9+4.1556806457703237E-10i;-3.0663434912813516E-7+2.4178722509027854E-10i;1.7770074432599117E-7+1.3050051858776448E-9i;1.4363574120798516E-8+3.946942324917428E-10i;-9.661221062020029E-8+1.3200358631307848E-14i;-2.1913367275166173E-7-4.244846404927004E-14i;6.615610392973295E-8-3.746707197179885E-14i;2.869072933102116E-7+1.9265206363124254E-13i;3.3370512313946406E-7-3.208165931362391E-14i;-1.5463516787665706E-7-2.426299306442153E-13i;2.696309082541071E-7+6.317172131251E-14i;6.476589784211859E-8-9.213517272871157E-15i;-1.1655017481139297E-7-6.859093376202264E-14i;-2.9880189611155095E-7-5.233145111761936E-13i;-2.8719441439090315E-7+6.037614133124848E-13i;2.0602520958668073E-7+4.4135607553593716E-13i;5.247293519347088E-8-3.2461040942358363E-12i;1.749731526173188E-7-8.652808780051273E-13i;1.9469850941387203E-8-1.181974763201211E-12i;-9.138576942814289E-8-8.868687948068765E-12i;-2.7914820514121454E-7+4.881520916558859E-12i;1.7453187005956065E-7+2.1104494078955956E-11i;-2.531245390385793E-7+1.7693849231226786E-12i
-9.82685441319185E-8-6.246108094282368E-10i;3.160863739672816E-7-5.311165215583023E-10i;2.4155640841624215E-7+6.520956607751743E-11i;1.518098357515942E-7-1.8929313694834342E-10i;1.6849019638850926E-7+3.552322402940571E-10i;-2.6107953769043113E-7-2.184515113869056E-9i;-1.3480866542487538E-7-2.2000342795616798E-14i;1.9479857820363098E-7+4.371853863335642E-14i;-1.1351976076123187E-7-1.0035522853314733E-13i;2.9122438075869407E-7+2.2101040294564586E-13i;3.251823287962726E-7-5.519668973617096E-14i;-1.2994925879658862E-7-1.1627911696805455E-13i;-2.8843934001017117E-7-1.0693522407327825E-13i;-2.010758680573324E-9-6.352172843741307E-14i;-1.2552080632092862E-7+1.6502592533995345E-14i;2.2878059958576517E-7+3.770576467436814E-13i;-3.2616080966538416E-7+3.4990512330525266E-13i;-2.127417795314394E-7+7.685725904006659E-15i;-4.311205945664794E-8+2.1655835772677663E-12i;-1.287514924194814E-7+4.674972687445995E-13i;-1.200465226017416E-7+4.0494582062907684E-13i;1.4029145835298038E-7-4.030527393803919E-11i;-2.2475212489232314E-7+1.8902581571916156E-11i;2.5054996137312674E-7+1.204785654340886E-11i;2.670610610543028E-7+2.1343872061145055E-12i
-7.605393050808219E-8-5.737108292919567E-10i;3.04148440782656E-7-4.68270047547815E-10i;2.2762757785711339E-7+8.024997546157498E-11i;1.281495348105251E-7-1.6628711457469573E-10i;1.6928210588594607E-7+4.0791159211717673E-10i;-2.4590922440769623E-7-2.0455373320138434E-9i;-1.257189868228775E-7-2.0040087018062607E-14i;1.747017099746308E-7+4.069961936516323E-14i;-1.0133174371979422E-7-8.673250265434868E-14i;2.699093305158757E-7+2.029487024149593E-13i;2.399052682268484E-7-4.4507238156828586E-14i;-8.743709070795428E-8-6.475926878037546E-14i;-2.576407791942609E-7-8.97565464459966E-14i;1.5585902903652375E-8-5.516563779912793E-14i;-1.0698139651434565E-7+2.4944085480226792E-15i;1.9702870185175297E-7+3.3250866140170317E-13i;-2.482068819574598E-7+3.555967932327397E-13i;-9.277786234053962E-8+7.527688653127981E-14i;-4.8663742627025465E-8-2.0990984463767675E-13i;-5.390211463852406E-8-1.61016925854457E-13i;-8.798871712335587E-8+2.83118078672533E-13i;8.70599080872148E-8-2.7744977289286725E-11i;-1.7251137318199112E-7+1.2977112827398011E-11i;2.407987673682114E-7+1.4470942413400747E-11i;1.4876109618850797E-7+2.0942324614499946E-12i
-5.383931688039335E-8-5.228108491922687E-10i;2.9221050762736706E-7-4.0542357360579316E-10i;2.1369874731905232E-7+9.529038484810458E-11i;1.0448923387109853E-7-1.4328109219808223E-10i;1.7007401535784322E-7+4.6059094378534336E-10i;-2.307389111028328E-7-1.9065595499658543E-9i;-1.1767820311667189E-7-1.9292683798014174E-14i;1.5467345149065502E-7+3.733895587931884E-14i;-8.958281613885088E-8-7.604680949291721E-14i;2.5150127368308803E-7+1.8675584239963477E-13i;1.5591609565121243E-7-3.7008618109030196E-14i;-4.4933262314697867E-8-2.0677709548010547E-14i;-2.2863703042916683E-7-7.15970842532774E-14i;3.4635777492313395E-8-4.536846704754684E-14i;-8.970753893625089E-8-1.6265117682543687E-15i;1.68045380545626E-7+2.8256583663868006E-13i;-1.7003483436694524E-7+3.607839691355603E-13i;2.0514586308426473E-8+1.3441199285990382E-13i;-5.573015033301151E-8-2.5553671311164297E-12i;1.706409919328647E-8-7.622895052676784E-13i;-5.779109218082421E-8+1.3402069062818716E-13i;3.629954298427242E-8-1.5558301957858593E-11i;-1.1992262336393365E-7+7.1941686829769856E-12i;2.376755323699048E-7+1.7344094987934246E-11i;3.3214698618443054E-8+2.1179369658419438E-12i
-3.1624703246029754E-8-4.719108691543724E-10i;2.802725745133069E-7-3.425770997292368E-10i;1.997699168134958E-7+1.1033079425399402E-10i;8.082893293475312E-8-1.2027506980231436E-10i;1.7086592479344266E-7+5.132702952583806E-10i;-2.1556859776392815E-7-1.767581767634302E-9i;-1.1065758542750649E-7-1.7199154328949585E-14i;1.3458440490553155E-7+3.412660803413633E-14i;-7.799024558118451E-8-6.458586039449947E-14i;2.3558737322057414E-7+1.7103207814128657E-13i;7.495092186394516E-8-2.7305435461274898E-14i;-3.3331046078525234E-9+2.3248309607882923E-14i;-2.000915271417518E-7-5.345745765137211E-14i;5.44906446257392E-8-2.9494388833185947E-14i;-7.342202995826848E-8+6.687677035606968E-15i;1.4083715358859401E-7+2.5328571481815445E-13i;-9.113857210169676E-8+3.5090184969416704E-13i;1.1773167526087173E-7+2.2696639925085523E-13i;-6.359306600758921E-8-4.5981250183304345E-12i;7.81955066935266E-8-1.2320580789892552E-12i;-3.046648408382046E-8+8.060106740535183E-14i;-8.89818060741322E-9-4.083544318369138E-12i;-6.589544323318016E-8+1.8351442470015355E-12i;2.3701494008325545E-7+2.012084838805862E-11i;-7.164778022297476E-8+2.186079855907104E-12i
-9.4100896037031E-9-4.2101088917095964E-10i;2.683346414358904E-7-2.7973062591958125E-10i;1.858410863421397E-7+1.2537120367436076E-10i;5.716863200308787E-8-9.726904739243828E-11i;1.716578341964323E-7+5.659496465533546E-10i;-2.003982843899928E-7-1.6286039850010615E-9i;-1.0464144676177753E-7-1.5678605454353805E-14i;1.1435165383600796E-7+3.063008992003155E-14i;-6.637502446046489E-8-4.804099636479813E-14i;2.2195290980697188E-7+1.5767029401916683E-13i;-7.796078308213312E-10-2.2350906146312034E-14i;3.611969093058424E-8+6.580405658059529E-14i;-1.7123251297470158E-7-3.9413955263488656E-14i;7.426687367677881E-8-9.681904827521887E-15i;-5.824639692132685E-8+1.2300756846551327E-14i;1.1514088131037102E-7+2.1375943417600406E-13i;-1.3406403776669818E-8+2.9619389634814194E-13i;1.892663790700097E-7+2.39804357473494E-13i;-7.159403655453264E-8-6.1821148209265646E-12i;1.232755041447809E-7-1.5703376546885938E-12i;-7.779344867346306E-9+5.722923276909231E-14i;-4.4508735091633404E-8+5.9006687597451645E-12i;-1.1706035929213646E-8-2.8284958357178575E-12i;2.3656574479666757E-7+2.2348033862547173E-11i;-1.5465759481350182E-7+2.2140019796191147E-12i
1.2804524048060223E-8-3.7011090923693033E-10i;2.5639670839112055E-7-2.1688415216992753E-10i;1.719122559066067E-7+1.4041161311093092E-10i;3.350833107782714E-8-7.42630249697262E-11i;1.7244974356983634E-7+6.186289976890462E-10i;-1.8522797098004986E-7-1.489626202057078E-9i;-9.962337750788937E-8-1.3853845522422681E-14i;9.393153707705936E-8+2.693604485417558E-14i;-5.4636882391103617E-8-2.937123728844463E-14i;2.1051549592500553E-7+1.46407246813371E-13i;-6.88387149831929E-8-1.6475276428970022E-14i;7.199757248318003E-8+1.0523800545321194E-13i;-1.4167391755142111E-7-2.6323050480487644E-14i;9.294372046432445E-8+1.56316076973642E-14i;-4.45374488007997E-8+2.4734328774294455E-14i;9.099766901193113E-8+1.7983316163811583E-13i;5.988006894894192E-8+1.8384841065519974E-13i;2.2759621131987987E-7+2.5768632107152584E-13i;-7.91549495278991E-8-7.109668266961833E-12i;1.4735630386271153E-7-1.7436281108396345E-12i;8.570293392127104E-9+1.16549025801135E-13i;-6.697985535705551E-8+1.3665459239430075E-11i;4.009514448366907E-8-6.412902037344609E-12i;2.3534377126946864E-7+2.3621934607951975E-11i;-2.055186486632101E-7+2.201803809319044E-12i
3.501913771073087E-8-3.1921092935022795E-10i;2.444587753757768E-7-1.5403767847542263E-10i;1.5798342550846946E-7+1.554520225657756E-10i;9.848030160696116E-9-5.125700253466093E-11i;1.7324165291621062E-7+6.713083486794126E-10i;-1.7005765753333943E-7-1.3506484187959152E-9i;-9.56034754484579E-8-1.1295095814537745E-14i;7.331368568902792E-8+2.3172510136821563E-14i;-4.273390565972168E-8-1.639065413621265E-14i;2.012742913477149E-7+1.3870829553212953E-13i;-1.268042545585507E-7-6.85089609283541E-15i;1.0285065534163849E-7+1.425913638469605E-13i;-1.1129222109876674E-7-1.7474266323783032E-14i;1.0946459460953064E-7+3.079294905149749E-14i;-3.2763999352587944E-8+3.816262123384021E-14i;6.84811794922724E-8+1.3663945986094892E-13i;1.2483446663818714E-7+9.648746698558988E-15i;2.2901267647884274E-7+2.2416012123780327E-13i;-8.580750925964693E-8-7.343991287516572E-12i;1.4793514748658677E-7-1.7016741537797949E-12i;1.753827076667412E-8+1.9919309218848162E-13i;-7.423185038171299E-8+1.8603762818951516E-11i;8.644476718865674E-8-8.706473245461891E-12i;2.3327501791121402E-7+2.400578296714637E-11i;-2.1781894499462913E-7+2.2192265246387297E-12i
5.7233751385619166E-8-2.6831094951043674E-10i;2.3252084238678518E-7-9.119120484575402E-11i;1.4405459514884925E-7+1.7049243203182144E-10i;-1.3812270746692713E-8-2.8250980090579023E-11i;1.7403356223814533E-7+7.239876995296335E-10i;-1.5488734404963878E-7-1.2116706352090036E-9i;-9.258450445318398E-8-8.926411606978215E-15i;5.2514284400347774E-8+1.9205619964778746E-14i;-3.066509330707034E-8-8.536466259744943E-15i;1.9427052617591567E-7+1.327013302010566E-13i;-1.7246685736492267E-7+4.122077830104841E-15i;1.2733734147145466E-7+1.6915810444004973E-13i;-8.013312167916933E-8-1.0481882471721407E-14i;1.2284448303181018E-7+4.9933607021619423E-14i;-2.3410817513504183E-8+5.4444408211999314E-14i;4.754182583948577E-8+1.1734485397480376E-13i;1.776006725758077E-7-1.5634292421398557E-13i;1.945339312292948E-7+1.0470009218637498E-13i;-9.117125225551836E-8-6.889075036658656E-12i;1.255578304290417E-7-1.5041888499020623E-12i;1.9093245134382558E-8+2.9008895323564745E-13i;-6.627911515828358E-8+2.0462192229464718E-11i;1.2431661418289034E-7-9.641588436222127E-12i;2.3082829416064701E-7+2.3274019916817175E-11i;-1.908018972882767E-7+2.2163863892488217E-12i
7.944836507385176E-8-2.1741096971609924E-10i;2.2058290942124044E-7-2.8344731289336598E-11i;1.3012576482849023E-7+1.855328415056917E-10i;-3.7472571642893745E-8-5.244957639358359E-12i;1.7482547153801838E-7+7.766670502443525E-10i;-1.3971703052894625E-7-1.0726928512953475E-9i;-9.056851867520316E-8-6.355047202653647E-15i;3.156994776905031E-8+1.4796694534906085E-14i;-1.8456431963792437E-8-3.2116653433524147E-15i;1.8955917165535513E-7+1.2676943004182108E-13i;-2.039983966383614E-7+1.6590253627228207E-14i;1.4433838842106504E-7+1.8326692899893533E-13i;-4.834558455872095E-8-4.5473855347447624E-15i;1.3226566328109627E-7+6.105672399611901E-14i;-1.6916670650197653E-8+6.581279806453242E-14i;2.793324383567366E-8+8.032512374956608E-14i;2.148471798973751E-7-2.9045214570850456E-13i;1.3004409026466834E-7+8.284083673931357E-15i;-9.49096294957732E-8-5.846275052540635E-12i;8.39272099465811E-8-1.1923819629159615E-12i;1.4335266303247431E-8+4.29153787937607E-13i;-4.538798398704611E-8+1.946123531180241E-11i;1.5114942752565884E-7-9.25266289158826E-12i;2.2867891764387606E-7+2.1509860604449788E-11i;-1.2989790130407496E-7+2.1789737043607246E-12i
1.0166297877619696E-7-1.6651098996064667E-10i;2.086449764759517E-7+3.450174220380594E-11i;1.1619693454736126E-7+2.005732509949663E-10i;-6.113287252673242E-8+1.7761064817357764E-11i;1.7561738081824283E-7+8.293464008399729E-10i;-1.245467169717254E-7-9.33715067069982E-10i;-8.955913460979249E-8-4.7378701598617724E-15i;1.0533017643910492E-8+1.053834105513922E-14i;-6.159290460052207E-9+2.1611563226153374E-15i;1.8718983284622654E-7+1.22112097786912E-13i;-2.200989847476267E-7+1.5491850368922528E-14i;1.530462847393088E-7+1.910830383506213E-13i;-1.616515264776334E-8+5.512443798072864E-15i;1.3713421977010575E-7+8.145188597519489E-14i;-1.3588594222838275E-8+7.354574854454776E-14i;9.220297237777628E-9+5.29126075003437E-14i;2.3411202574718064E-7-3.9349277920597205E-13i;4.5645420161421985E-8-9.6416315796505E-14i;-9.685000551270068E-8-4.371887201204173E-12i;2.949829522841909E-8-7.909917487942057E-13i;5.310297393580553E-9+5.694043708698726E-13i;-1.5853284241486765E-8+1.604504271629841E-11i;1.6501816493918536E-7-7.760554593293348E-12i;2.2751495880702892E-7+1.9186886896995874E-11i;-4.6128228153670624E-8+2.1114655276977776E-12i
1.2387759249313106E-7-1.1561101023806245E-10i;1.9670704354748563E-7+9.734821564562036E-11i;1.0226810430488013E-7+2.1561366050813008E-10i;-8.47931733972809E-8+4.076708727860881E-11i;1.7640929008155307E-7+8.820257513335086E-10i;-1.0937640337897793E-7-7.947372825509249E-10i;-8.955968258885386E-8-3.449415112079273E-15i;-1.0535718041961022E-8+6.500080009405056E-15i;6.169319357496075E-9+8.77815910760425E-15i;1.8718784059018357E-7+1.2047289675476247E-13i;-2.2009852396886274E-7+8.309294004653882E-15i;1.5304943069819013E-7+1.972398009849102E-13i;1.6154163310470897E-8+1.6456837171703835E-14i;1.3712462478366106E-7+1.0729460368865366E-13i;-1.3586977846749784E-8+8.359414121826374E-14i;-9.187507443726656E-9+3.805109258928582E-14i;2.3411094871531323E-7-4.5280480190381873E-13i;-4.5650172446446625E-8-1.7424165388549053E-13i;-9.694040841056681E-8-2.67624152747255E-12i;-2.9371716481946754E-8-3.4807306784610536E-13i;-5.199804597923897E-9+6.311848967451028E-13i;1.6663410945221334E-8+1.1030792979439016E-11i;1.649418244373658E-7-5.512435770950141E-12i;2.2774009400496994E-7+1.6760729027100197E-11i;4.5638838998103626E-8+2.0472621118499175E-12i
1.4609220622492466E-7-6.471103053878243E-11i;1.8476911063246297E-7+1.6019468905507353E-10i;8.833927410015096E-8+2.3065407005848233E-10i;-1.0845347425379408E-7+6.37731097412949E-11i;1.7720119933064935E-7+9.347051017448941E-10i;-9.420608975195507E-8-6.55759497760167E-10i;-9.05680216016202E-8-2.2335121217345528E-15i;-3.1572145166572897E-8+1.5768387563607374E-15i;1.8464553783369293E-8+7.541580583284862E-15i;1.8955616764704032E-7+1.2068247185278647E-13i;-2.039952906166246E-7+7.449301178933439E-17i;1.443426437193943E-7+1.8929769217662126E-13i;4.8327648573680157E-8+2.853050610656307E-14i;1.322611614216919E-7+1.167128924762475E-13i;-1.6918580022046186E-8+7.415378581583632E-14i;-2.789363973926677E-8+1.6009801071258352E-14i;2.1485803399917816E-7-4.627696374711421E-13i;-1.3003522636365238E-7-1.678093081804027E-13i;-9.510705623182827E-8-1.0592090371312927E-12i;-8.379321355445415E-8+4.761547641041609E-14i;-1.4234352124752556E-8+6.348198292657067E-13i;4.611745040146133E-8+5.3598446479352915E-12i;1.509535621754757E-7-2.8747504856673776E-12i;2.2929059599751978E-7+1.4681568103788056E-11i;1.293700601958237E-7+1.9716894180856543E-12i
1.683068199717341E-7-1.3811050850866568E-11i;1.7283117772720497E-7+2.2304116245541744E-10i;7.441044393212807E-8+2.45694479659331E-10i;-1.3211377509562318E-7+8.677913220060469E-11i;1.779931085685851E-7+9.873844520995491E-10i;-7.903577609211483E-8-5.167817127218659E-10i;-9.25834570698639E-8-7.626503102340098E-16i;-5.251621626304229E-8-2.956870266076326E-15i;3.067149404400322E-8+9.467896668117301E-15i;1.9426598594181135E-7+1.2140938197540956E-13i;-1.7246206420122114E-7-6.3616210441548365E-15i;1.273468610092093E-7+1.645078098966547E-13i;8.011207096433245E-8+3.629265400078662E-14i;1.2283764655450238E-7+1.2489510651561397E-13i;-2.3419263362586337E-8+6.280445920214378E-14i;-4.750218792890564E-8-5.0746468023725254E-14i;1.776214741648526E-7-4.362286579016796E-13i;-1.945254372774068E-7-2.3551805784123764E-13i;-9.146104353501715E-8+2.6295510366457457E-13i;-1.25435739177641E-7+3.362631521643591E-13i;-1.9015181849646467E-8+6.11597315891821E-13i;6.6847909382529E-8-4.914197350568233E-14i;1.2405120002164147E-7-3.23119429102063E-13i;2.3174039943462775E-7+1.3089088120631299E-11i;1.9025138618297007E-7+1.899951662391123E-12i
1.9052143373372485E-7+3.7088928832055646E-11i;1.6089324482792928E-7+2.858876358649912E-10i;6.048161379972413E-8+2.6073488932222956E-10i;-1.557740759221458E-7+1.0978515465561896E-10i;1.7878501779855472E-7+1.0400638024179608E-9i;-6.386546240101792E-8-3.7780392745675277E-10i;-9.560249455424654E-8+1.5940859529278418E-15i;-7.331548111215308E-8-7.610279048027113E-15i;4.274114571691486E-8+9.089315069728648E-15i;2.0126952507385902E-7+1.2348150493308859E-13i;-1.2679986108668188E-7-1.0407931796396043E-14i;1.028607747899238E-7+1.2705431094781253E-13i;1.1127653581999765E-7+4.2778719754697654E-14i;1.0945814322687341E-7+1.2031823805505705E-13i;-3.276581331404073E-8+4.6740174470993315E-14i;-6.844869452439694E-8-1.1217907350642669E-13i;1.2486038476752992E-7-3.4772430996996977E-13i;-2.2900120847327443E-7-2.363003295007278E-13i;-8.617324644597159E-8+1.0831359019796052E-12i;-1.478120037694E-7+4.723257543749748E-13i;-1.7471484991024588E-8+5.120485902305576E-13i;7.462203747497013E-8-4.353873261885081E-12i;8.612565873029687E-8+1.7822068814005575E-12i;2.3434760004790292E-7+1.2390739338853546E-11i;2.1726489681176297E-7+1.867901368797062E-12i
2.1273604751108548E-7+8.79889085057844E-11i;1.489553119305715E-7+3.4873410929302357E-10i;4.6552783701893826E-8+2.7577529905361775E-10i;-1.794343767328708E-7+1.3279117711572119E-10i;1.7957692702424298E-7+1.09274315271313E-9i;-4.8695148680356134E-8-2.388261419808073E-10i;-9.962181755037925E-8+3.463766181002001E-15i;-9.393334585828053E-8-1.2070528625468248E-14i;5.46449612070259E-8+9.471732972462969E-15i;2.1050961302404086E-7+1.2790041657875124E-13i;-6.883624417630314E-8-1.01238885679827E-14i;7.200963926465715E-8+8.480947446281539E-14i;1.4166592747772544E-7+4.89549271412577E-14i;9.293910375289569E-8+1.11029306582934E-13i;-4.453682400767218E-8+3.398999090052529E-14i;-9.097935045226718E-8-1.6252750016094611E-13i;5.990765158251901E-8-2.3288218626763883E-13i;-2.275877300277371E-7-2.0597005116473912E-13i;-7.952211241538826E-8+1.3192262192821001E-12i;-1.4723714219452222E-7+4.903623937478711E-13i;-8.531291968984803E-9+3.2231015420265504E-13i;6.714344527016041E-8-6.993681258019644E-12i;3.9793210647719886E-8+3.192166316038782E-12i;2.3635536412911998E-7+1.2864245517059236E-11i;2.0495835110982174E-7+1.862155564338031E-12i
2.3495066130414384E-7+1.3888888817077514E-10i;1.3701737903059124E-7+4.115805827569646E-10i;3.262395363766288E-8+2.908157088610951E-10i;-2.030946775271545E-7+1.5579719958543104E-10i;1.8036883624972493E-7+1.1454225030074496E-9i;-3.352483493185494E-8-9.984835631127077E-11i;-1.0463905025100323E-7+5.3221386576660465E-15i;-1.1435331134888007E-7-1.7016943015939286E-14i;6.6383605436566E-8+8.262072624329665E-15i;2.219458920370732E-7+1.3248717511753882E-13i;-7.77063216635574E-10-9.908284933021214E-15i;3.613166802467464E-8+2.901645629715633E-14i;1.712309028894911E-7+4.9527390584547945E-14i;7.426637993366839E-8+8.466686930051097E-14i;-5.824233815663275E-8+2.3927804896444468E-14i;-1.1513600521992043E-7-2.1210634425126875E-13i;-1.337462289237677E-8-1.2144645547793002E-13i;-1.892652599166393E-7-6.675893980551932E-14i;-7.190237026631361E-8+8.724401531084995E-13i;-1.2315893650853315E-7+3.042315561577159E-13i;7.782758225192917E-9+1.0207848079352382E-14i;4.4430602929455654E-8-7.685513288035843E-12i;-1.1922161154583664E-8+3.78034153770497E-12i;2.3732408088838927E-7+1.4352618111364983E-11i;1.5409845620353865E-7+1.894047298089178E-12i
2.571652751135755E-7+1.8978886783136426E-10i;1.2507944612280292E-7+4.744270562790378E-10i;1.8695123606384907E-8+3.0585611875401624E-10i;-2.2675497830409094E-7+1.7880322206790378E-10i;1.8116074547966887E-7+1.1981018533295722E-9i;-1.835452115709366E-8+3.9129429534137125E-11i;-1.1065443321365149E-7+6.720399151211859E-15i;-1.3458590623573423E-7-2.1926116055713184E-14i;7.799950617441032E-8+3.5457544670948017E-15i;2.355795627220478E-7+1.4585409208951453E-13i;7.495291293341688E-8-1.1614448220226341E-14i;-3.3208666546194738E-9-2.2911755700857548E-14i;2.0009681032494907E-7+4.996888756734307E-14i;5.4494747224947004E-8+4.6151513326844936E-14i;-7.341446834617895E-8-4.84650714376107E-15i;-1.408451202462036E-7-2.6552886903371157E-13i;-9.110224040100822E-8-1.40132921129894E-14i;-1.177442920743596E-7-3.5346061650351286E-14i;-6.379506956250433E-8-1.2187180437962518E-13i;-7.808571189400743E-8-6.35334234135066E-14i;3.043325834125037E-8-4.0499236011697896E-13i;8.570491530566199E-9-6.617626816833306E-12i;-6.5965852181376E-8+3.417736021194326E-12i;2.3737367226145913E-7+1.6622938148397555E-11i;7.109521600721499E-8+1.9097344758007786E-12i
2.793798889404284E-7+2.4068884749782023E-10i;1.1314151320124934E-7+5.37273529888092E-10i;4.766293608092564E-9+3.2089652874533234E-10i;-2.5041527906230294E-7+2.018092445621783E-10i;1.8195265471933744E-7+1.2507812037189228E-9i;-3.1842073571914397E-9+1.781072155409404E-10i;-1.1767437345091705E-7+8.097860075586035E-15i;-1.546747760754436E-7-2.6685919252345686E-14i;8.959292089762914E-8-7.48330948828637E-15i;2.514928645186798E-7+1.5870486862806157E-13i;1.5591863208547838E-7-1.30932339015931E-14i;-4.492145474261928E-8-8.495996044678942E-14i;2.286495256748478E-7+5.832595550087908E-14i;3.464417179325763E-8+2.956479476810699E-14i;-8.969647518837775E-8-2.6795999581649156E-14i;-1.6806547812298768E-7-2.9414133757480594E-13i;-1.6999590645813173E-7+1.6953744712645202E-13i;-2.0539981486809844E-8+1.4795039956191108E-13i;-5.578909295711322E-8-1.5994704073836986E-12i;-1.6960111457223286E-8-4.610449232796882E-13i;5.7723415125434664E-8-8.394712572737088E-13i;-3.687522421779624E-8-3.99815346354099E-12i;-1.1980504228764654E-7+2.3986452954580334E-12i;2.3753416785651332E-7+1.9549527522916165E-11i;-3.3764824274829007E-8+2.00675715387613E-12i
3.0159450278622E-7+2.9158882718522823E-10i;1.0120358025917939E-7+6.001200036210755E-10i;-9.162536356280684E-9+3.3593693884976865E-10i;-2.740755797999502E-7+2.2481526706365426E-10i;1.8274456397470346E-7+1.3034605542246467E-9i;1.1986106467379428E-8+3.17085001698927E-10i;-1.2571455294730786E-7+9.16466661791916E-15i;-1.747028313716904E-7-3.0955723698957175E-14i;1.0134279255851288E-7-1.445104645352437E-14i;2.699003910359382E-7+1.7232562921273633E-13i;2.399095091070704E-7-1.2560517189911729E-14i;-8.742638492069944E-8-1.4386608425528427E-13i;2.576603422648159E-7+6.31870772050838E-14i;1.559816975748302E-8+9.078015201629952E-15i;-1.0696678893128516E-7-4.634156913448735E-14i;-1.9706008151215553E-7-3.588023748908443E-13i;-2.4816684646867204E-7+3.795805476932155E-13i;9.274226612683828E-8+3.880383687910697E-13i;-4.8557216248256554E-8-3.3832575336165713E-12i;5.400329269210281E-8-9.095734592207492E-13i;8.788945388859706E-8-1.2829809187876716E-12i;-8.787743557885323E-8-4.114951588800088E-13i;-1.7218181277872292E-7+9.630341610502722E-13i;2.401082374691531E-7+2.3153779853261397E-11i;-1.4932060198939205E-7+2.2091203607074746E-12i
3.238091166495639E-7+3.424888069046012E-10i;8.92656472917571E-8+6.629664774942241E-10i;-2.3091366289522537E-8+3.509773490649147E-10i;-2.9773588051789696E-7+2.4782128956324025E-10i;1.8353647325067205E-7+1.3561399048819749E-9i;2.7156420313466628E-8+4.56062787982261E-10i;-1.34803678273025E-7+9.61363565474259E-15i;-1.9479951062198904E-7-3.566577553378723E-14i;1.1353191154916974E-7-2.5822526926536915E-14i;2.9121495114635817E-7+1.8866726649608862E-13i;3.251887235015762E-7-1.2556786132653776E-14i;-1.2993982676370297E-7-2.059853112749402E-13i;2.8846612768296285E-7+6.878763698207671E-14i;-1.994817390672839E-9-2.875890226350123E-14i;-1.255026701359923E-7-6.747982151281362E-14i;-2.2882326481752244E-7-4.3096605241520015E-13i;-3.261204524786432E-7+6.006136702660314E-13i;2.1269663469741293E-7+6.009877098217973E-13i;-4.283144252682001E-8-5.426009595170249E-12i;1.2885291054676455E-7-1.4236482495710823E-12i;1.1991674909469814E-7-1.7639213829057821E-12i;-1.4135013183414217E-7+3.5423739182076523E-12i;-2.2420164221937913E-7-6.704597047225307E-13i;2.492986016728718E-7+2.7386919668840647E-11i;-2.6764984903597087E-7+2.4593899046534536E-12i
-1.0475267765951847E-7-6.247699947713141E-10i;3.193900741714699E-7-5.813976771068863E-10i;2.268441698042069E-7+6.188534671991015E-13i;1.6070830505483673E-7-1.832590724050215E-10i;1.7432592736139015E-7+4.063669715922835E-10i;-2.482866918148097E-7-2.1231465619509833E-9i;-1.6901188750108822E-7-1.786290515412773E-14i;1.692908933021283E-7+4.286729559134412E-14i;-1.5718299858995946E-7-9.705511703664638E-14i;2.815845681856449E-7+2.1337913505383013E-13i;3.1648106109799464E-7-3.812296352606042E-14i;-1.067187654174812E-7-9.263584683603719E-14i;-2.897887359342113E-7-1.0922395029451561E-13i;-7.529647989548573E-8-6.355558311850213E-14i;-1.2520732379672064E-7-1.2912689571810095E-14i;1.3655125925609568E-7+2.0323797899140196E-13i;-3.4265448231465275E-7+4.655106745094618E-13i;-2.2543147624692364E-7+8.622475007553285E-14i;-1.2898791003452986E-7-2.2594040500197414E-12i;-8.621818367027223E-8-4.563247447489023E-13i;-2.0849231221207016E-7+1.3175992636447125E-12i;1.8164926764108525E-7-4.009615923655422E-11i;-1.4343008127570103E-7+1.83177771519993E-11i;2.632356183839861E-7+1.3058065423750728E-11i;2.626923539688067E-7+2.2938490273041183E-12i
-8.253806405467549E-8-5.738700148325331E-10i;3.0745214113324056E-7-5.185512034465528E-10i;2.1291533924814387E-7+1.5659262698263304E-11i;1.3704800408324493E-7-1.6025304997720081E-10i;1.75117836728974E-7+4.5904632268965813E-10i;-2.3311637850186416E-7-1.984168779797303E-9i;-1.5948424688937704E-7-1.680550189837776E-14i;1.5180373776796687E-7+3.9985583005661985E-14i;-1.4067648672350444E-7-8.598932149797667E-14i;2.622115526137208E-7+1.985876972213545E-13i;2.317440947308025E-7-2.784759382161902E-14i;-6.995537278909247E-8-4.843548845792319E-14i;-2.592036380073411E-7-8.967036696134488E-14i;-4.7640087735702344E-8-5.416815760364142E-14i;-1.0050418790065025E-7-1.839940790900568E-14i;1.1509173717927047E-7+1.9506703156018977E-13i;-2.622892564688721E-7+4.4990332594032213E-13i;-1.0438366736239582E-7+1.7698110705476157E-13i;-1.2984860848315908E-7-4.0649107190480044E-12i;-2.3908034399256195E-8-9.494179765250856E-13i;-1.6895423983310506E-7+1.0629822072395696E-12i;1.0712550696251018E-7-2.5870966012206693E-11i;-1.1049921872794746E-7+1.1665180257871404E-11i;2.51283074984065E-7+1.5434972320890537E-11i;1.418587045790627E-7+2.2412609475282937E-12i
-6.03234504462661E-8-5.229700349263364E-10i;2.9551420812317637E-7-4.557047298576987E-10i;1.9898650871299628E-7+3.069967193287505E-11i;1.13387703113182E-7-1.37247027550278E-10i;1.7590974607222742E-7+5.117256736348376E-10i;-2.179460651670493E-7-1.8451909974530046E-9i;-1.5109905649644864E-7-1.691443573671948E-14i;1.343815334161399E-7+3.710726335818622E-14i;-1.246763746240089E-7-7.987762611811045E-14i;2.455982148993005E-7+1.8550074656668836E-13i;1.481978334671559E-7-2.2629360377136506E-14i;-3.312095109271206E-8-8.796727791787116E-15i;-2.3034830381009332E-7-7.122852362047448E-14i;-1.927550320799814E-8-5.2800611848022845E-14i;-7.655302127427282E-8-1.3730926582498858E-14i;9.546325764686534E-8+1.7976128656672158E-13i;-1.8186315159534553E-7+3.914400874869234E-13i;9.864567681337835E-9+2.571355518671974E-13i;-1.3430592365572272E-7-5.9216682561337114E-12i;3.5347548546043497E-8-1.4729217828549036E-12i;-1.3247060196257425E-7+7.678602127899779E-13i;3.589977477933878E-8-1.2140918885531467E-11i;-7.744012481050117E-8+5.26740256529752E-12i;2.463684392715948E-7+1.8269829817363116E-11i;2.364724371092662E-8+2.24810512581392E-12i
-3.810883683173544E-8-4.720700550768563E-10i;2.835762751535721E-7-3.928582563416667E-10i;1.8505767821000156E-7+4.574008118389062E-11i;8.972740214578813E-8-1.1424100510953699E-10i;1.7670165538007147E-7+5.64405024383815E-10i;-2.027757517985284E-7-1.7062132148251849E-9i;-1.438098472208546E-7-1.528721829897825E-14i;1.1691228440327978E-7+3.427722714239165E-14i;-1.0879422588066476E-7-6.712545944251794E-14i;2.313223057250992E-7+1.6939351051039423E-13i;6.759766787499447E-8-1.9625530892134717E-14i;2.9807724972688955E-9+2.5276957899973367E-14i;-2.0186656463294592E-7-5.16671383673386E-14i;9.299777843489473E-9-3.688912949172184E-14i;-5.3301662053694545E-8-4.769272944502405E-15i;7.73431576259196E-8+1.6105287235510327E-13i;-1.0079235383644675E-7+3.635113820824182E-13i;1.0805747011511602E-7+3.3911620351699895E-13i;-1.4087355854045877E-7-7.608714758906265E-12i;8.611003946037467E-8-1.8769802973382755E-12i;-9.877978232604052E-8+5.689430810319612E-13i;-2.7347681951851334E-8+4.698600544222594E-13i;-4.3562371523442756E-8-5.611113751584536E-13i;2.443034729110066E-7+2.0910061741355346E-11i;-8.355292548384948E-8+2.3049594201811333E-12i
-1.5894223210083605E-8-4.2117007527631883E-10i;2.71638342219567E-7-3.3001178289925326E-10i;1.7112884774037982E-7+6.078049044786275E-11i;6.606710118243877E-8-9.123498266119285E-11i;1.7749356465653555E-7+6.170843749558189E-10i;-1.8760543839581097E-7-1.5672354318996089E-9i;-1.3758663158587356E-7-1.4416221879904452E-14i;9.932390076272914E-8+3.092829346940698E-14i;-9.278557132282869E-8-4.943252976277067E-14i;2.191515043990552E-7+1.577202609361373E-13i;-7.833240569668018E-9-1.678637543234548E-14i;3.7250980018324023E-8+6.424231525889542E-14i;-1.7297363360462804E-7-3.543691630366731E-14i;3.715143326151587E-8-1.409353253301179E-14i;-3.118425519627366E-8+6.2159478093911484E-15i;6.081268296330715E-8+1.2444151574476314E-13i;-2.0973639759868215E-8+2.7397067792064563E-13i;1.8067670515042772E-7+3.4867279492667287E-13i;-1.484143753131757E-7-8.907846382820744E-12i;1.2284629910236426E-7-2.1757178030719794E-12i;-6.889740847991884E-8+4.110055133632614E-13i;-7.671052400902765E-8+1.0916564808980841E-11i;-9.66144058777333E-9-5.376979946176517E-12i;2.428616992811667E-7+2.3057968353152635E-11i;-1.681090018320071E-7+2.3186986473416073E-12i
6.320390419886797E-9-3.702700955184558E-10i;2.597004093165535E-7-2.6716530952013765E-10i;1.5720001730513508E-7+7.582089972801158E-11i;4.240680022466184E-8-6.822896020721128E-11i;1.782854739052235E-7+6.697637253745757E-10i;-1.7243512495855346E-7-1.4282576486748065E-9i;-1.3241156102116897E-7-1.3446858123478039E-14i;8.157834213496582E-8+2.744851615522356E-14i;-7.65164970050716E-8-3.226053530231982E-14i;2.089815459058551E-7+1.4798020746850453E-13i;-7.565150221301583E-8-1.3743328595531179E-14i;6.843688705949331E-8+9.895464186542503E-14i;-1.4327859527519882E-7-2.4786137762734995E-14i;6.308621048739722E-8+7.046082912247167E-15i;-1.0920359004315064E-8+1.1155560754322346E-14i;4.6063248285879926E-8+9.770525558238628E-14i;5.425085259353373E-8+1.4782606718982366E-13i;2.202492813511902E-7+3.249277950580617E-13i;-1.5602303702285376E-7-9.670366603348633E-12i;1.4120568222369776E-7-2.3473261492936936E-12i;-4.4115048754656365E-8+3.064805937043489E-13i;-1.070222349020369E-7+1.828852896057756E-11i;2.2676974521065483E-8-8.747196313557456E-12i;2.410545293555775E-7+2.4353353029026403E-11i;-2.1934119031327678E-7+2.3102349859330416E-12i
2.8535004059427486E-8-3.19370115800644E-10i;2.477624764408429E-7-2.0431883619615226E-10i;1.432711869053747E-7+9.086130902758501E-11i;1.874649927402993E-8-4.5222937747568727E-11i;1.790773831291466E-7+7.22443075660142E-10i;-1.5726481148647604E-7-1.2892798651521198E-9i;-1.2827522553453684E-7-1.16308476988659E-14i;6.366592132422658E-8+2.3707294700843102E-14i;-5.993672471001544E-8-2.2715998179946617E-14i;2.0078881868366942E-7+1.415994690179686E-13i;-1.3342670438048337E-7-3.549010276792688E-15i;9.526525085329895E-8+1.3041817346930227E-13i;-1.1265878312957252E-7-1.4743505338984842E-14i;8.582071470250853E-8+2.1157418928932132E-14i;6.6496764116981555E-9+3.1992927606825415E-14i;3.320493127093471E-8+8.368956580986023E-14i;1.2091174027111193E-7-3.59948284540231E-14i;2.2307493668114648E-7+2.9517634080822037E-13i;-1.629754201300148E-7-9.82936081425836E-12i;1.3898802308142954E-7-2.3359673125107597E-12i;-2.5322988882716586E-8+2.553975526513007E-13i;-1.1531230477156418E-7+2.1991345044814504E-11i;5.1553858828911816E-8-1.036673078308229E-11i;2.387265557387854E-7+2.4643996056833688E-11i;-2.306152960692286E-7+2.27562683858624E-12i
5.0749617709641955E-8-2.684701361225604E-10i;2.3582454358937142E-7-1.4147236293664562E-10i;1.2934235654218146E-7+1.0590171834054473E-10i;-4.913801668004189E-9-2.2216915285815802E-11i;1.7986929233103838E-7+7.751224258186113E-10i;-1.4209449797944877E-7-1.1503020813257294E-9i;-1.2517349364547295E-7-9.243109392251187E-15i;4.5600062538923824E-8+2.0129161350499093E-14i;-4.3058298903326787E-8-1.3345145816951816E-14i;1.9459366111406743E-7+1.34116702512201E-13i;-1.7894740820395068E-7+6.552021986857504E-15i;1.165619743649021E-7+1.457295077319789E-13i;-8.11741248967855E-8-7.502666377796599E-15i;1.0413089559091017E-7+3.5505063026617395E-14i;2.0694853131478807E-8+4.208877097218465E-14i;2.2163917108066706E-8+5.599205788593599E-14i;1.7505882071510515E-7-1.9309614931921915E-13i;1.9016517734954558E-7+1.7199277397423202E-13i;-1.6869936599064907E-7-9.423539843887358E-12i;1.1668390371199977E-7-2.16208782162369E-12i;-1.2619753093820761E-8+2.700505407908031E-13i;-1.0162828102534856E-7+2.184768966286245E-11i;7.509964020282737E-8-1.02736854181688E-11i;2.3623835618239983E-7+2.3784076876965804E-11i;-2.0117054808828555E-7+2.242227776970834E-12i
7.296423137167715E-8-2.1757015648331555E-10i;2.2388661075936621E-7-7.862588975017515E-11i;1.1541352621642889E-7+1.209421276639493E-10i;-2.8574102599991945E-8+7.891071766420747E-13i;1.8066120151312456E-7+8.278017758534197E-10i;-1.269241844373232E-7-1.011324297192389E-9i;-1.2310599643899915E-7-8.55442672520307E-15i;2.7412090332408978E-8+1.607495636836868E-14i;-2.5938476050465796E-8-7.104960218080832E-15i;1.9043101682757933E-7+1.2944237098735791E-13i;-2.1038690063292798E-7+9.904252996491092E-15i;1.3135229859955757E-7+1.613260816576057E-13i;-4.900463952388333E-8-1.1526011733108567E-15i;1.1696240243524165E-7+4.755411990740078E-14i;3.049760771982284E-8+4.3969517350918507E-14i;1.2638080089583681E-8+3.2170725337341465E-14i;2.132632120679641E-7-3.373844897652991E-13i;1.273709354451306E-7-7.067088768779262E-16i;-1.727885661281133E-7-8.47412922889866E-12i;7.75556498161257E-8-1.9012942992711363E-12i;-5.177371640390305E-9+3.099262942209214E-13i;-6.924652725379586E-8+1.820427922783362E-11i;9.172680915927841E-8-8.657829862137446E-12i;2.3417424237927165E-7+2.191809438082767E-11i;-1.3667230513799108E-7+2.149349017536469E-12i
9.517884504626411E-8-1.6667017687867408E-10i;2.1194867794739386E-7-1.5779416632523125E-11i;1.0148469592782866E-7+1.3598253700136442E-10i;-5.2234403520799064E-8+2.3795129637236467E-11i;1.8145311067809673E-7+8.804811257780657E-10i;-1.1175387086090276E-7-8.723465127662195E-10i;-1.2207159740270615E-7-6.9470812451438794E-15i;9.145497013375217E-9+1.2461619992450738E-14i;-8.661680062296461E-9-1.6005768865230057E-15i;1.8834010887931716E-7+1.207062850106781E-13i;-2.2644183411310883E-7+1.1753636302553587E-14i;1.389268449082602E-7+1.57890972265684E-13i;-1.6393570714535305E-8+1.5203595127356702E-15i;1.2358209287914666E-7+6.298865880647152E-14i;3.553716378663383E-8+4.735059358500534E-14i;4.113061893277981E-9+2.4609601409278438E-14i;2.3302634078169248E-7-4.115508168356052E-13i;4.476363810595203E-8-7.304624283783579E-14i;-1.7492814686913187E-7-7.1886861115884045E-12i;2.724433057783746E-8-1.481467358717934E-12i;-1.2857921124092337E-9+4.1512303640038726E-13i;-2.4374249630566422E-8+1.203870282792586E-11i;1.0027212783572075E-7-5.758087574758154E-12i;2.3310309959597977E-7+1.945494746467147E-11i;-4.8514148623039976E-8+2.101108446619765E-12i
1.1739345873386861E-7-1.1577019730197338E-10i;2.0001074514993648E-7+4.706705642860736E-11i;8.755586567563998E-8+1.5102294636162464E-10i;-7.589470442953095E-8+4.680115209488367E-11i;1.8224501982880823E-7+9.331604756094916E-10i;-9.658355725140502E-8-7.333687280652503E-10i;-1.2207102475926756E-7-5.5783241394766006E-15i;-9.148254940522659E-9+8.61446602541536E-15i;8.670105732821052E-9+3.788239177014879E-15i;1.883390906770159E-7+1.182716072964048E-13i;-2.264400696708094E-7+5.2888033783092215E-15i;1.3892989841382304E-7+1.5840601802331373E-13i;1.6372549060341263E-8+1.3600691063192656E-14i;1.2358223814984756E-7+8.448723550416311E-14i;3.5530179822669344E-8+5.5572369834614124E-14i;-4.06660022697619E-9+2.943375640000111E-14i;2.330322347719387E-7-4.601129542953094E-13i;-4.477082546037068E-8-1.5210316681620558E-13i;-1.7497647492276255E-7-5.655169749269056E-12i;-2.697812689658033E-8-1.0815096475250125E-12i;1.355659393316436E-9+4.664997743954282E-13i;2.4877603027133316E-8+4.485032448400557E-12i;1.0017890463306608E-7-2.279601954351232E-12i;2.3333329648162728E-7+1.6920221169082735E-11i;4.799275631053596E-8+2.0243760416700946E-12i
1.3960807243481016E-7-6.487021774522006E-11i;1.8807281236345853E-7+1.0991352944996986E-10i;7.36270354588918E-8+1.6606335575690572E-10i;-9.955500532541555E-8+6.980717454777514E-11i;1.8303692896810318E-7+9.858398253655405E-10i;-8.141324361020163E-8-5.943909431108734E-10i;-1.2310536995215562E-7-4.993379772735034E-15i;-2.7414805431129194E-8+4.237764387456156E-15i;2.5946575448586787E-8+8.307765446007466E-15i;1.9042735013567892E-7+1.1759330908226182E-13i;-2.1038263379177665E-7-1.2883291717397398E-15i;1.3135735755936288E-7+1.5591966003210926E-13i;4.898410088588072E-8+2.7317694756838106E-14i;1.1695835506392536E-7+9.908362139755994E-14i;3.0492139358142796E-8+4.677979897334642E-14i;-1.2593402157624814E-8-9.452479508859372E-15i;2.132741959777203E-7-4.783815056301728E-13i;-1.2738156017637504E-7-2.322589305564537E-13i;-1.7296126709831045E-7-4.1442600886743465E-12i;-7.729713109337262E-8-6.979034092200907E-13i;5.240137500560605E-9+4.2056370897745076E-13i;6.969748499684695E-8-3.1220826593770284E-12i;9.142228539234897E-8+1.2592686155699923E-12i;2.3482270862188432E-7+1.4747962719804618E-11i;1.361497119681057E-7+1.93838225646585E-12i
1.6182268614936582E-7-1.3970238199145438E-11i;1.7613487958434664E-7+1.7276000245062201E-10i;5.969820527654368E-8+1.8110376519842527E-10i;-1.2321530620775527E-7+9.281319699413501E-11i;1.838288380989751E-7+1.0385191750678644E-9i;-6.624292993876378E-8-4.554131579264686E-10i;-1.2517292700295832E-7-3.1588718279107347E-15i;-4.5602653260940755E-8+3.6704762606175403E-16i;4.306572562678928E-8+8.654081961926425E-15i;1.945873124649547E-7+1.1856784071777328E-13i;-1.7894452098111305E-7-3.9165433280422915E-15i;1.1657244251922657E-7+1.3584028205146076E-13i;8.115510610774163E-8+3.653895687747122E-14i;1.041226952230267E-7+1.0147365172464187E-13i;2.069098293719703E-8+4.352557992744148E-14i;-2.2125944383279882E-8-4.5566161777050463E-14i;1.7508075753858934E-7-4.58669670502279E-13i;-1.901587668351576E-7-2.586496686406678E-13i;-1.68976546885709E-7-2.898893945913811E-12i;-1.164273445016143E-7-3.983619628985372E-13i;1.2672154789965527E-8+3.6641787338923555E-13i;1.0196505391988701E-7-9.434419433384872E-12i;7.46458200174089E-8+4.292520070129834E-12i;2.3719951383397177E-7+1.3174175435758121E-11i;2.006240270180303E-7+1.883649160045901E-12i
1.840372998779539E-7+3.692974134050403E-11i;1.641969468087983E-7+2.356064754482946E-10i;4.576937512771873E-8+1.9614417469737692E-10i;-1.4687560707575942E-7+1.1581921943491524E-10i;1.8462074722462068E-7+1.09119852473481E-9i;-5.107261623850885E-8-3.164353725308382E-10i;-1.2827437217565912E-7-1.650138901110611E-15i;-6.366858169729628E-8-3.580198016272399E-15i;5.994504137356494E-8+1.002406865249288E-14i;2.0078190230349304E-7+1.1798329173559327E-13i;-1.3342174219251027E-7-8.360203889899538E-15i;9.527510799161462E-8+1.0499468211844655E-13i;1.1264676464422279E-7+4.2438384889693315E-14i;8.581311152563958E-8+9.460037116878079E-14i;6.647712416018491E-9+3.056938115386059E-14i;-3.317688723221104E-8-7.258529208009844E-14i;1.2092694131710627E-7-3.74529748333589E-13i;-2.2307500403290929E-7-2.388325403440022E-13i;-1.6331077830017626E-7-2.0740285876005293E-12i;-1.3873974311458924E-7-2.410223272639655E-13i;2.5365259248317412E-8+2.4579971819744887E-13i;1.1553311610804947E-7-1.3446806957934298E-11i;5.1010029058993936E-8+6.282455047233326E-12i;2.3984180349803106E-7+1.2585231959868938E-11i;2.3006589140854783E-7+1.8839286946998553E-12i
2.0625191362109828E-7+8.782972087217974E-11i;1.522590140327233E-7+2.9845294845574706E-10i;3.184054501149714E-8+2.1118458426093668E-10i;-1.7053590792857114E-7+1.3882524187831952E-10i;1.854126563484758E-7+1.1438778743812002E-9i;-3.590230251097293E-8-1.774575869400168E-10i;-1.3241019095212663E-7+9.609164440526002E-16i;-8.158073400543747E-8-7.890979905210038E-15i;7.652457158215106E-8+1.0960011872357422E-14i;2.0897372677564397E-7+1.227625851224051E-13i;-7.564851162069067E-8-3.6385172144950536E-15i;6.844806131173448E-8+6.970426154330238E-14i;1.432698422492393E-7+5.011731607387067E-14i;6.308401306308773E-8+8.307727798766867E-14i;-1.0917383359415423E-8+2.5649924501484404E-14i;-4.6043946731798053E-8-1.0355645183644443E-13i;5.427543503735218E-8-2.672066519191064E-13i;-2.2024810075651736E-7-2.1183913769485782E-13i;-1.5636750220980623E-7-1.7585294118438093E-12i;-1.4095732077600612E-7-2.3715146792625937E-13i;4.4136092064188675E-8+5.1639414499007754E-14i;1.0710468759656476E-7-1.4500494955957088E-11i;2.21527373955383E-8+6.971279613334132E-12i;2.4211876972815773E-7+1.3145133399943677E-11i;2.1877924617794799E-7+1.9157920333533798E-12i
2.284665273792279E-7+1.3872970040061314E-10i;1.403210812517128E-7+3.612994214930053E-10i;1.7911714927063492E-8+2.262249938996265E-10i;-1.9419620876546395E-7+1.6183126432777818E-10i;1.8620456547448433E-7+1.1965572240312278E-9i;-2.0731988757701997E-8-3.847980117154979E-11i;-1.3758461899236952E-7+2.4665735144004558E-15i;-9.932616456069805E-8-1.2549672323785253E-14i;9.279412574578025E-8+1.043613013430685E-14i;2.1914278689106808E-7+1.275044360328315E-13i;-7.830564539889947E-9-1.050283022793247E-14i;3.726224841533521E-8+2.5729107721751632E-14i;1.7297139561012566E-7+5.037149979258968E-14i;3.7153936830455946E-8+5.689304252042602E-14i;-3.1177614636196275E-8+7.204823446245001E-15i;-6.080553219865753E-8-1.384194701251809E-13i;-2.0946906198354508E-8-1.5274792090432636E-13i;-1.8068246760823684E-7-9.927763097223992E-14i;-1.4871548093911378E-7-2.011152191446169E-12i;-1.226021926695149E-7-4.5330425389146405E-13i;6.889487012678774E-8-2.9716051959652885E-13i;7.664306751394302E-8-1.2434106820781383E-11i;-1.0070162725711765E-8+6.156926825636885E-12i;2.4367803678981634E-7+1.4675288754952722E-11i;1.6754280921182463E-7+1.9527448397560333E-12i
2.506811411530072E-7+1.89629679929133E-10i;1.2838314846081125E-7+4.2414589458245137E-10i;3.982884873955029E-9+2.412654036233877E-10i;-2.1785650958548416E-7+1.848372867873075E-10i;1.8699647460708094E-7+1.24923657371361E-9i;-5.56167498004335E-9+1.0049798475878331E-10i;-1.4380722638760748E-7+3.2718007935142948E-15i;-1.1691443622639702E-7-1.6607684656335598E-14i;1.0880353468191507E-7+5.165029505463657E-15i;2.3131276089374129E-7+1.345891184535754E-13i;6.760026739828999E-8-6.166131730433481E-15i;2.991731553614316E-9-2.2084113631985735E-14i;2.0187180700157986E-7+5.6412886738762325E-14i;9.306868720203653E-9+3.359254018398916E-14i;-5.329103093802823E-8-1.3496317704234305E-14i;-7.734814575634167E-8-1.4553474155941036E-13i;-1.0076535304865089E-7+3.593052733142064E-15i;-1.0807333210519268E-7+9.533702952559162E-14i;-1.410890983508633E-7-2.798292668835797E-12i;-8.587081939688513E-8-6.963039320421826E-13i;9.875374509358852E-8-7.152719237421634E-13i;2.7126494190298422E-8-7.494798913628755E-12i;-4.377025536630739E-8+4.033728032836776E-12i;2.447131139555125E-7+1.706210393386517E-11i;8.298336081765162E-8+2.007879132379136E-12i
2.7289575494354623E-7+2.4052965946564084E-10i;1.1644521565437471E-7+4.869923677525633E-10i;-9.945945147493057E-9+2.563058134448241E-10i;-2.415168103871764E-7+2.0784330925760213E-10i;1.8778838375122142E-7+1.3019159234655516E-9i;9.608638821228885E-9+2.3947577083939214E-10i;-1.510958721863797E-7+4.4546546669980015E-15i;-1.343835677529443E-7-2.0466216403145895E-14i;1.2468653673384943E-7+1.6745204401686371E-15i;2.4558791392363116E-7+1.4894863012661426E-13i;1.4820090877502358E-7-4.570480040661373E-15i;-3.311064543806973E-8-6.777307529367146E-14i;2.3036117960034188E-7+6.377589259663343E-14i;-1.9263989317563312E-8+1.3300387782057042E-14i;-7.653836136656511E-8-2.974280629121151E-14i;-9.547971584581362E-8-1.8438892983458366E-13i;-1.8183693242033174E-7+1.5510194052285804E-13i;-9.890991410995629E-9+1.887047722246042E-13i;-1.3440348079119218E-7-3.978816419296391E-12i;-3.511153230030071E-8-1.0570982209883675E-12i;1.3242186435839306E-7-1.1533440442369433E-12i;-3.62734478306919E-8-4.731542930322135E-13i;-7.73836846157166E-8+8.920184329464113E-13i;2.462647967535713E-7+1.9999020097966562E-11i;-2.4224579266890078E-8+2.1077078223173746E-12i
2.9511036875247634E-7+2.914296390277567E-10i;1.04507282825986E-7+5.498388410441454E-10i;-2.3874775135870432E-8+2.7134622337963195E-10i;-2.651771111685491E-7+2.308493317299361E-10i;1.885802929125309E-7+1.3545952733396645E-9i;2.477895264614816E-8+3.7845355706292665E-10i;-1.5948053819766696E-7+6.317217406586713E-15i;-1.5180565680373596E-7-2.4562331310520702E-14i;1.4068756575377497E-7-1.0404039940625488E-14i;2.6220052327394697E-7+1.6220032920562038E-13i;2.3174831279387674E-7+1.4752975414762453E-15i;-6.99461158856691E-8-1.2054402872363374E-13i;2.5922402449530273E-7+6.861459307195369E-14i;-4.762427313800543E-8-2.549027921631128E-15i;-1.0048542847462205E-7-3.2557341536124154E-14i;-1.151189075761104E-7-2.0708043419134658E-13i;-2.622645272364161E-7+3.829407675448193E-13i;1.0434739833229223E-7+5.218837994515566E-13i;-1.2980864537617914E-7-5.534858833154903E-12i;2.4145082504295437E-8-1.4377093132140497E-12i;1.6888416638882472E-7-1.60853659257194E-12i;-1.0764748381888643E-7+7.888191490876845E-12i;-1.1014219995018418E-7-2.750410190804612E-12i;2.50614791691966E-7+2.3846482935431728E-11i;-1.4245420777722406E-7+2.3522986621998393E-12i
3.1732498257853145E-7+3.4232961862828464E-10i;9.256934997121111E-8+6.126853144747899E-10i;-3.780360509336663E-8+2.863866334266611E-10i;-2.888374119303238E-7+2.5385535419443695E-10i;1.8937220209553169E-7+1.4072746233708827E-9i;3.9949266492178686E-8+5.174313434068329E-10i;-1.6900768713117446E-7+7.570321839581045E-15i;-1.6929272501771944E-7-2.843121344285881E-14i;1.5719509621860303E-7-1.991175847013831E-14i;2.8157280384086316E-7+1.7767023937204326E-13i;3.164868024722925E-7+8.289974195672409E-15i;-1.0671073660171384E-7-1.6816687464042911E-13i;2.898166427803949E-7+7.841847866037376E-14i;-7.52763987698777E-8-2.844256365172311E-14i;-1.251843380911969E-7-4.1681828550045406E-14i;-1.3658886126873857E-7-2.451773595522864E-13i;-3.426315936311558E-7+5.829876438090271E-13i;2.25385661086514E-7+7.742036956014288E-13i;-1.2880367403165585E-7-7.321635374801354E-12i;8.646277535187979E-8-1.920861633009174E-12i;2.084014781556632E-7-2.0823923974081254E-12i;-1.823191454141844E-7+1.6707667381111645E-11i;-1.427596771765767E-7-6.674793975877499E-12i;2.6199111225818257E-7+2.8381009272890568E-11i;-2.633253877815734E-7+2.6230528749907434E-12i
-1.1123681118411747E-7-6.249291801704836E-10i;3.226937743431381E-7-6.316788322298907E-10i;2.12131931186392E-7-6.397185896430256E-11i;1.696067743603038E-7-1.772250077114635E-10i;1.8016165836042602E-7+4.5750170326173854E-10i;-2.3549384594586716E-7-2.061778010237662E-9i;-1.9878245038166172E-7-1.5218508749399584E-14i;1.4274261753701302E-7+4.010508246759918E-14i;-1.961051974603949E-7-9.716107923058022E-14i;2.585399582998934E-7+1.9833786333800802E-13i;3.0808339765021736E-7-2.2968331586639977E-14i;-8.520045870741419E-8-7.360916811190227E-14i;-2.737600103233075E-7-1.0917195271746885E-13i;-1.5001495673300475E-7-7.050946565993406E-14i;-1.1791470320103789E-7-3.6898647944090086E-14i;3.169942135945235E-8+9.081393839909492E-15i;-3.3500239154634563E-7+4.955686681665845E-13i;-2.4237825735740657E-7+1.3822915318088492E-13i;-1.9125231342112447E-7-5.646664179944748E-12i;-5.06106455673558E-8-1.1422903780742426E-12i;-2.693190112013672E-7+2.0152755313479025E-12i;2.1368163163952E-7-3.706571147147726E-11i;-4.497520784236236E-8+1.6446791006663736E-11i;2.111167981925039E-7+9.695258576930383E-12i;2.418767410019005E-7+1.8343323909151772E-12i
-8.902219759880145E-8-5.740292004335814E-10i;3.1075584146039805E-7-5.688323589658927E-10i;1.982031006334875E-7-4.8931449908867E-11i;1.459464733569037E-7-1.542189852372164E-10i;1.8095356759011159E-7+5.101810535726102E-10i;-2.203235326015319E-7-1.9228002277601666E-9i;-1.888600743087167E-7-1.5019240076914093E-14i;1.2798284748869557E-7+3.804377609221026E-14i;-1.7572644360159696E-7-8.875009692763963E-14i;2.415643169514203E-7+1.8488583496045336E-13i;2.2384224947279675E-7-1.7419748153973605E-14i;-5.434888464229196E-8-3.875596794122109E-14i;-2.4507862896939085E-7-8.787046757901398E-14i;-1.1291337928417096E-7-6.251583972233527E-14i;-8.796766243750803E-8-3.37012618608222E-14i;2.1657900857902192E-8+3.536763277772333E-14i;-2.5755909373320657E-7+4.756904402906976E-13i;-1.1977312144760181E-7+2.739331710115789E-13i;-1.8823879696828587E-7-6.937546310675559E-12i;-4.2112961364216624E-10-1.5235206670886111E-12i;-2.2562594192794273E-7+1.6241165194197689E-12i;1.2049201926139186E-7-2.183221652942805E-11i;-3.506611940092447E-8+9.410604663807452E-12i;2.0121326874967666E-7+1.2033120051668755E-11i;1.2652192391150395E-7+1.8257378224629593E-12i
-6.68075840101434E-8-5.231292207260792E-10i;2.988179086043069E-7-5.059858857727286E-10i;1.8427427010116578E-7-3.389104084743528E-11i;1.2228617235492907E-7-1.312129627665706E-10i;1.817454767968493E-7+5.62860403738017E-10i;-2.051532192356833E-7-1.783822445096966E-9i;-1.8016450059671095E-7-1.4482881968393244E-14i;1.1328210563687775E-7+3.544964133409429E-14i;-1.5592007116495567E-7-8.128742170925187E-14i;2.2709196768711505E-7+1.7221412014733917E-13i;1.4069904768893567E-7-1.0720484818300122E-14i;-2.3378637170299085E-8-2.1707892226643356E-15i;-2.1799050681854632E-7-6.701069485561258E-14i;-7.590649231936996E-8-5.179673003050002E-14i;-5.819852369335306E-8-2.0210750134101107E-14i;1.2418906705498314E-8+4.7305540001714053E-14i;-1.8019589695903434E-7+4.052304251767453E-13i;-4.146349217183222E-9+3.788915947177886E-13i;-1.9028893810918403E-7-8.335647129959596E-12i;4.74653888891373E-8-1.9325400770769187E-12i;-1.858063410925159E-7+1.2397264619725578E-12i;3.127132871271103E-8-7.2286460047532755E-12i;-2.5275510096035626E-8+2.695299393571306E-12i;1.9686245780002473E-7+1.479924150060831E-11i;1.3520052772765897E-8+1.8511812153331817E-12i
-4.459297041587192E-8-4.722292410698493E-10i;2.8687997578711437E-7-4.4313941265741997E-10i;1.7034543960026026E-7-1.8850631770935366E-11i;9.862587135526868E-8-1.082069402872648E-10i;1.8253738596967554E-7+6.155397537097863E-10i;-1.8998290583686602E-7-1.644844662154411E-9i;-1.7263289938070906E-7-1.2915452343532354E-14i;9.854565685943356E-8+3.339069728632695E-14i;-1.362035569456291E-7-6.656513245191141E-14i;2.1471899915810333E-7+1.5733612972453696E-13i;6.042812580435638E-8-8.138548530436961E-15i;7.0148722880147E-9+2.177779173780078E-14i;-1.912052267852494E-7-5.064555828340611E-14i;-3.930879860216801E-8-3.754029297173408E-14i;-2.8802944432829828E-8-9.079727347035741E-15i;4.450811303376909E-9+2.955921813153784E-14i;-1.0230093386930785E-7+3.51843348054459E-13i;9.543809320681827E-8+4.382613981093888E-13i;-1.953573524730326E-7-9.626927057928778E-12i;8.823738007660939E-8-2.283358780123284E-12i;-1.4858074326160027E-7+9.413573833721242E-13i;-4.779077482765123E-8+5.839969192893678E-12i;-1.5409355399820144E-8-3.2681821749110187E-12i;1.9468300051926537E-7+1.7276583824046796E-11i;-8.886528604345468E-8+1.913159259214141E-12i
-2.2378356815292582E-8-4.213292614558611E-10i;2.7494204300374034E-7-3.8029293961910887E-10i;1.5641660913153874E-7-3.810222681375848E-12i;7.496557035906413E-8-8.520091780613014E-11i;1.8332929511291264E-7+6.682191035093953E-10i;-1.7481259240505205E-7-1.5058668789232696E-9i;-1.6622245490258306E-7-1.2795426943479152E-14i;8.371257927554103E-8+3.0171757820212085E-14i;-1.1627421056999382E-7-5.3063644170869244E-14i;2.0421479215224495E-7+1.5005277759072666E-13i;-1.4735050158250893E-8-5.878432957715545E-15i;3.589145395973146E-8+5.878407318127716E-14i;-1.6397495883805944E-7-3.616726162071042E-14i;-4.071562547305577E-9-2.4534540639142177E-14i;-5.211180014610514E-10-1.2267333298814507E-15i;-1.7590719813689838E-9+1.6439745331104245E-14i;-2.5662368518152937E-8+2.324490152517798E-13i;1.6956711751751667E-7+4.4180411083918127E-13i;-2.0198686898058822E-7-1.0622408378261799E-11i;1.1711562536882922E-7-2.566319766693697E-12i;-1.1432832792357967E-7+6.309081224506511E-13i;-1.0906539512452128E-7+1.6159733067875846E-11i;-5.699133624298395E-9-7.939051180533376E-12i;1.9290067890627005E-7+1.9229386080549102E-11i;-1.6934138861440513E-7+1.9006759263421296E-12i
-1.6374320754354596E-10-3.7042928187820843E-10i;2.6300411024917326E-7-3.174464666456857E-10i;1.4248777869551973E-7+1.1230186424592161E-11i;5.130526936762402E-8-6.219489532615756E-11i;1.8412120423068305E-7+7.208984531644255E-10i;-1.5964227894046923E-7-1.366889095407861E-9i;-1.609052116186335E-7-1.2280037565233883E-14i;6.875060512389022E-8+2.7417286186322936E-14i;-9.596837169429104E-8-3.5672505486503525E-14i;1.9546658478594028E-7+1.4035220414711883E-13i;-8.2339098596346E-8-1.913368505492535E-15i;6.218436799165286E-8+8.551465028926673E-14i;-1.3592832031110617E-7-2.3277897311759423E-14i;2.8475147029194843E-8+2.5647016569685343E-15i;2.558842731342713E-8+1.2568877120169827E-14i;-5.843084974312747E-9-4.90870660419171E-15i;4.65340961166114E-8+9.366979205962494E-14i;2.108175805064027E-7+3.7438205206768343E-13i;-2.0907367801208243E-7-1.1232838518674951E-11i;1.3038322404229696E-7-2.7119825755345834E-12i;-8.396848373232405E-8+4.2241647575770665E-13i;-1.4593239024091266E-7+2.2641431116396944E-11i;3.4136700702591552E-9-1.0832871328347054E-11i;1.9076416644286296E-7+2.0359026250114936E-11i;-2.1758882915673036E-7+1.907794415799171E-12i
2.205087040831935E-8-3.195293023337106E-10i;2.510661775194587E-7-2.5459999372674354E-10i;1.2855894829299786E-7+2.6270595551467415E-11i;2.7644968382302593E-8-3.9188872847313256E-11i;1.849131133263528E-7+7.735778026998126E-10i;-1.444719654431855E-7-1.2279113116137392E-9i;-1.566638817928838E-7-1.1803787625881443E-14i;5.36512820112987E-8+2.4196141114787713E-14i;-7.522856595678682E-8-2.4599631028402764E-14i;1.8843674583304474E-7+1.3634285170902662E-13i;-1.3994670963298482E-7+9.879407512549293E-16i;8.481152932801394E-8+1.0980249062073834E-13i;-1.0695223595351475E-7-1.3737513605424643E-14i;5.6849944435723216E-8+1.253244544545224E-14i;4.83421364989425E-8+1.8929086658201585E-14i;-7.649856398327272E-9-1.0105786383524547E-15i;1.1049231583721087E-7-7.55508407690364E-14i;2.155028416264466E-7+3.166847413273312E-13i;-2.1575680284746564E-7-1.1343546649245374E-11i;1.2617663059873176E-7-2.7218283661532006E-12i;-5.823880608085452E-8+2.3164134778812064E-13i;-1.5460060606791923E-7+2.4681479454367053E-11i;1.1419718768954871E-8-1.1663957151700315E-11i;1.882112829200822E-7+2.0479908786905998E-11i;-2.2721824624607216E-7+1.822260091017707E-12i
4.4265484033407994E-8-2.686293228216362E-10i;2.391282448115417E-7-1.9175352087334595E-10i;1.1463011792505977E-7+4.131100469255772E-11i;3.984667404552758E-9-1.6182850372242194E-11i;1.8570502240261054E-7+8.262571521207594E-10i;-1.293016519130537E-7-1.0889335275359366E-9i;-1.534884005729035E-7-1.0443135525137404E-14i;3.842522725163736E-8+2.0772374427652163E-14i;-5.407523455499634E-8-1.6231012397943955E-14i;1.8313013101120386E-7+1.290963235269854E-13i;-1.8534305759927773E-7+4.722482490977291E-15i;1.0277808365308454E-7+1.2144802641903392E-13i;-7.710529038291139E-8-7.710609875382452E-15i;7.961971775578108E-8+2.2552703617174437E-14i;6.659424597745159E-8+2.6470956816252997E-14i;-7.291138844786814E-9-1.1447526456515477E-15i;1.6244303424860185E-7-2.2168371034175067E-13i;1.846256113819276E-7+1.9560090904551644E-13i;-2.2136808511877683E-7-1.0962739676798757E-11i;1.049224361020416E-7-2.5855229511039393E-12i;-3.7272153095012675E-8+1.5208100243658453E-13i;-1.3514936504764107E-7+2.2241266841330254E-11i;1.7842844685387707E-8-1.0458135193402448E-11i;1.8561306566031635E-7+1.9519117092573306E-11i;-1.9751452344502605E-7+1.7495884680801743E-12i
6.648009766891729E-8-2.1772934334151976E-10i;2.2719031212270954E-7-1.2890704809119907E-10i;1.0070128759261888E-7+5.6351413846605695E-11i;-1.9675633564159977E-8+6.823172097901717E-12i;1.8649693146163973E-7+8.789365014318863E-10i;-1.1413133834991932E-7-9.499557431733917E-10i;-1.5137338116060705E-7-1.0504108708961518E-14i;2.3098178000097217E-8+1.705761946779782E-14i;-3.2588391494779634E-8-1.0160182321702172E-14i;1.795698910290705E-7+1.212612405343511E-13i;-2.166995412869615E-7+6.4497120238826946E-15i;1.1525854937682027E-7+1.2842848601201774E-13i;-4.656748024759033E-8-4.205249724062081E-15i;9.555049483888176E-8+2.8178917308632352E-14i;7.935712737441781E-8+2.2396906947750924E-14i;-5.146893632802229E-9-1.752567017668784E-14i;1.9910786132697395E-7-3.3841384918143543E-13i;1.240096732053069E-7+4.8385895678596935E-14i;-2.2540735166347723E-7-1.0172062908431509E-11i;6.939462869712244E-8-2.3442094713532077E-12i;-2.0460456850695133E-8+1.3050086513717096E-13i;-9.179370739756216E-8+1.5939603627767725E-11i;2.2314258956611012E-8-7.517167539748176E-12i;1.8353290138273453E-7+1.7713699367283555E-11i;-1.3395493154924343E-7+1.6542879380380946E-12i
8.869471131557971E-8-1.668293638908004E-10i;2.1525237944937062E-7-6.606057538138508E-11i;8.677245729514193E-8+7.139182301493386E-11i;-4.333593452272742E-8+2.982919456045233E-11i;1.872888405063365E-7+9.316158506422998E-10i;-9.896102475490842E-8-8.109779585383047E-10i;-1.503165338931871E-7-9.9142037515339E-15i;7.705828374034603E-9+1.3281264087176175E-14i;-1.0885222689369916E-8-6.394686695225076E-15i;1.7778089096653674E-7+1.1472734576149367E-13i;-2.3271628831797552E-7+2.5517775592424883E-15i;1.2165201908556682E-7+1.2989024768759424E-13i;-1.558165848966226E-8+4.554664722373146E-16i;1.0375205581885688E-7+3.630298141029791E-14i;8.59328509354425E-8+1.8611978947343042E-14i;-1.836822456082871E-9-1.0108124016898092E-15i;2.1807821869763484E-7-4.0318793073716916E-13i;4.364033166484591E-8-4.526778685691234E-14i;-2.2754644069556826E-7-9.05877773667733E-12i;2.4363422588807128E-8-2.013148731400132E-12i;-6.478843491109502E-9+1.508888985677963E-13i;-3.242947548516526E-8+7.008925159973675E-12i;2.452009305389137E-8-3.3340826145277317E-12i;1.8244787508838888E-7+1.540340711430898E-11i;-4.7487463120735685E-8+1.5889177662676758E-12i
1.1090932497376868E-7-1.1592938446400393E-10i;2.033144467879809E-7-3.2141027311917508E-12i;7.284362703177206E-8+8.643223220635251E-11i;-6.699623547035399E-8+5.28352170135742E-11i;1.8808074953959648E-7+9.842951997701339E-10i;-8.379071112934914E-8-6.720001736495719E-10i;-1.503162880143476E-7-8.052115710591842E-15i;-7.708869157126929E-9+9.59899484673417E-15i;1.089279426530812E-8-2.775289421464833E-15i;1.7778024738405074E-7+1.1111441875016997E-13i;-2.3271535022559553E-7+1.8405844918088466E-15i;1.2165287399022373E-7+1.2629230175393602E-13i;1.5557568249524068E-8+9.050251649127067E-15i;1.0375391254257494E-7+5.036308803612535E-14i;8.59324663489709E-8+2.390004276087256E-14i;1.8822141449317365E-9+2.2614225729365203E-14i;2.1808360971333472E-7-4.419241008946732E-13i;-4.363247352174112E-8-1.3877377651052728E-13i;-2.2760095653219628E-7-7.717698634463688E-12i;-2.398806050008521E-8-1.633852485840367E-12i;6.50631575624209E-9+1.706632912493207E-13i;3.256201556613214E-8-2.9469181597775962E-12i;2.4368316238689E-8+1.357806385274877E-12i;1.8268312762891014E-7+1.2897610221145298E-11i;4.7051458195531973E-8+1.506731697932171E-12i
1.3312393864378483E-7-6.502940505510126E-11i;1.913765141349982E-7+5.963236987294484E-11i;5.8914796801432746E-8+1.0147264143166214E-10i;-9.065653640633543E-8+7.58412394583023E-11i;1.888726585643178E-7+1.0369745488300705E-9i;-6.862039747473458E-8-5.33022388527648E-10i;-1.5137318135198042E-7-7.078131571475267E-15i;-2.3101125370637063E-8+6.462804721105059E-15i;3.2595588028115516E-8+4.634522482784286E-15i;1.795655230244014E-7+1.1124596594517302E-13i;-2.1669847690786932E-7+1.0409589816353832E-15i;1.1526369734896302E-7+1.2330245127511365E-13i;4.65436153455323E-8+2.3237608678203535E-14i;9.554787254539945E-8+6.115470351903677E-14i;7.935838141204828E-8+1.9299281300577863E-14i;5.190657976763756E-9-5.1738117070746135E-15i;1.991231114980208E-7-4.815611575907511E-13i;-1.2399718019829392E-7-2.8857760149208584E-13i;-2.2557197854893702E-7-6.365496449756406E-12i;-6.902214084661775E-8-1.2673455021110837E-12i;2.048525003822368E-8+1.3003554630167924E-13i;9.190277872907951E-8-1.2276649902199154E-11i;2.1885279422539762E-8+5.713411160840854E-12i;1.8417206606240567E-7+1.0827728870979611E-11i;1.3351244366775975E-7+1.4281248138180058E-12i
1.5533855232602092E-7-1.4129425661004186E-11i;1.7943858148686192E-7+1.224788424416891E-10i;4.4985966603052226E-8+1.1651305069888977E-10i;-1.1431683732992755E-7+9.884726189690543E-11i;1.8966456758343435E-7+1.0896538978345355E-9i;-5.34500837925729E-8-3.940446031930839E-10i;-1.534877532786089E-7-5.53344386828289E-15i;-3.8428360843622826E-8+3.4790026746463716E-15i;5.408237463391174E-8+9.739018564249466E-15i;1.83123767260302E-7+1.0980887380628467E-13i;-1.8534084290670573E-7+6.186582301026715E-16i;1.0278930427358393E-7+1.0629456224656671E-13i;7.708680196216783E-8+3.177127892641741E-14i;7.961493501374977E-8+6.452918422861232E-14i;6.658827086544492E-8+2.0109919187552782E-14i;7.32372384340471E-9-3.575282173453243E-14i;1.6246485859425037E-7-4.809844629156198E-13i;-1.8462270972246116E-7-3.156366027273207E-13i;-2.2161076063819516E-7-5.216870642702692E-12i;-1.0457038593800181E-7-9.769897314000052E-13i;3.7286420330539674E-8+9.674467106411502E-14i;1.3521388713788084E-7-1.925346182141769E-11i;1.722475128906571E-8+9.094409357058386E-12i;1.865725922526023E-7+9.330123586601728E-12i;1.9709062715764845E-7+1.399362520335453E-12i
1.7755316602097833E-7+3.6770553724327723E-11i;1.6750064883992084E-7+1.8532531499470202E-10i;3.10571364358462E-8+1.3155346001902994E-10i;-1.3797713824028293E-7+1.2185328432994046E-10i;1.9045647659997183E-7+1.1423332468039738E-9i;-3.827977008416275E-8-2.550668176644532E-10i;-1.5666308437895443E-7-3.7453537017042E-15i;-5.365425113240303E-8-3.4046454489452213E-16i;7.52354371241905E-8+1.1069297393101734E-14i;1.8842846727170344E-7+1.1197525392474477E-13i;-1.3994308148925767E-7-4.091661474408594E-15i;8.48215132504057E-8+8.858908006917043E-14i;1.0693614104439077E-7+4.107588604680521E-14i;5.684651642181699E-8+6.111280676662904E-14i;4.8342705276550196E-8+1.998797332541032E-14i;7.67759395229496E-9-2.8248304774854436E-14i;1.1051370600937465E-7-4.23474197654938E-13i;-2.1550570641114732E-7-3.4368793610133785E-13i;-2.1605443515961536E-7-4.406237364354702E-12i;-1.2583225755872915E-7-8.136861928677071E-13i;5.8243757055423696E-8-1.433195515011943E-14i;1.5463321861468279E-7-2.2755291152156578E-11i;1.0677568695983649E-8+1.08316073731545E-11i;1.893025216293683E-7+8.835061443245719E-12i;2.2679154338572908E-7+1.4240331986455808E-12i
1.9976777972928077E-7+8.767053310611917E-11i;1.5556271619025668E-7+2.4817178755181396E-10i;1.7128306299112948E-8+1.4659386940229465E-10i;-1.6163743913647655E-7+1.4485930676135118E-10i;1.9124838561721987E-7+1.1950125957589836E-9i;-2.3109456350813778E-8-1.1608903195964148E-10i;-1.6090398259058047E-7-1.4568963166238737E-15i;-6.875350561344656E-8-4.044155046922794E-15i;9.59758647842476E-8+1.1551275548205096E-14i;1.9545746508065722E-7+1.1337047304978724E-13i;-8.233585379836946E-8-2.0081129420803446E-15i;6.21941958729529E-8+5.694513747656807E-14i;1.3591866267825404E-7+4.650077044153437E-14i;2.847611186465061E-8+5.704838132062046E-14i;2.55927912080844E-8+1.359394601736577E-14i;5.86159707041589E-9-1.6702354589395955E-14i;4.6553976001957996E-8-2.8588681885017225E-13i;-2.1082257015543937E-7-2.359803334568041E-13i;-2.0938210512790986E-7-4.060878429983219E-12i;-1.3004373373339877E-7-8.179750493328486E-13i;8.396834498231957E-8-1.741957015343457E-13i;1.4592712851350133E-7-2.2027565508690593E-11i;2.6821411251186693E-9+1.0665891625845684E-11i;1.9180987336660431E-7+9.402888883742605E-12i;2.1715467062312043E-7+1.4907107457752294E-12i
2.2198239345144652E-7+1.3857051248850997E-10i;1.436247835336424E-7+3.1101826013157546E-10i;3.199476192054818E-9+1.6163427885842707E-10i;-1.8529774001766535E-7+1.6786532919560471E-10i;1.9204029463883423E-7+1.2476919447219039E-9i;-7.939142593981872E-9+2.288875390641425E-11i;-1.6622077893036908E-7-2.4015997771721575E-16i;-8.37153870287632E-8-7.770800483188977E-15i;1.1628236636420854E-7+1.3476337794483462E-14i;2.0420471370420253E-7+1.182115483911394E-13i;-1.4732101019937678E-8-4.1921524361831096E-15i;3.590111244173042E-8+2.420121031227921E-14i;1.6397234614415754E-7+5.084432301811893E-14i;-4.066379517522586E-9+3.508533515541613E-14i;-5.126549435142863E-10+3.4856697310825196E-16i;1.7676355648410216E-9-4.040143324049457E-14i;-2.5644274269466283E-8-1.5325609057725123E-13i;-1.6957697231943112E-7-1.7940902870082386E-13i;-2.022657567444064E-7-4.161291482386399E-12i;-1.1678141038789954E-7-9.555727688151846E-13i;1.1432092436504597E-7-4.92795851371826E-13i;1.0901970540611576E-7-1.7088514781549402E-11i;-6.28982339185089E-9+8.434987449105703E-12i;1.9371357604871033E-7+1.0835239196120633E-11i;1.6889928715563975E-7+1.5370531080999926E-12i
2.4419700718821435E-7+1.8947049187406632E-10i;1.316868508654097E-7+3.7386473275531336E-10i;-1.0729353885636836E-8+1.7667468839823418E-10i;-2.0895804088280026E-7+1.908713516382122E-10i;1.9283220366893748E-7+1.3003712937187113E-9i;7.231171185197266E-9+1.618665399187394E-10i;-1.7263076581288174E-7+4.3083770627214277E-16i;-9.854837041011849E-8-1.1339877843938188E-14i;1.3621245908012932E-7+7.853145207820162E-15i;2.147079962208066E-7+1.2261224512722523E-13i;6.043108104566616E-8-7.471571238145653E-15i;7.024019745312016E-9-1.9541908653703658E-14i;1.9121016668017942E-7+5.469512426566178E-14i;-3.9299268373239476E-8+8.267267556277572E-15i;-2.879017918394098E-8-1.3267428176900424E-14i;-4.452463214778757E-9-3.573394273221071E-14i;-1.0228570154040621E-7+3.2987852019543613E-15i;-9.545512588428564E-8+3.73186646121988E-14i;-1.955702601424682E-7-4.759648337932854E-12i;-8.790742639397393E-8-1.1662659783860115E-12i;1.4856506955902326E-7-8.746011929145599E-13i;4.7704912165874675E-8-8.325385051458111E-12i;-1.5747479187124963E-8+4.5124285186779954E-12i;1.9510822062595942E-7+1.3109491318185641E-11i;8.841352984434164E-8+1.616146358032789E-12i
2.6641162094075626E-7+2.403704712703859E-10i;1.1974891818024765E-7+4.3671120545252154E-10i;-2.465818393332778E-8+1.9171509803397705E-10i;-2.3261834173030878E-7+2.138773740889234E-10i;1.936241127121256E-7+1.3530506427869871E-9i;2.2401484986276616E-8+3.008443260684371E-10i;-1.8016191953483309E-7+1.447479427119587E-15i;-1.1328473644388143E-7-1.4638693401335595E-14i;1.559297705605909E-7+1.854637605382777E-15i;2.2708007752228537E-7+1.305674670299478E-13i;1.4070238805053331E-7-1.1619325573376937E-15i;-2.3370296428341308E-8-6.258944276555465E-14i;2.1800317372615535E-7+6.136743834735891E-14i;-7.589253421600333E-8+1.920585707599478E-15i;-5.818135841345705E-8-1.911071746548002E-14i;-1.2430342648212169E-8-2.5066022241231548E-14i;-1.801844010497746E-7+2.0506090525090926E-13i;4.121376677702927E-9+2.9504987976690603E-13i;-1.9040804416659954E-7-5.738547304611527E-12i;-4.7136736170822785E-8-1.454024220689329E-12i;1.8578212604819188E-7-1.2808405364396095E-12i;-3.139612576145827E-8+3.1514860837572962E-12i;-2.5279102408646437E-8-7.127622350623457E-13i;1.9679544404959892E-7+1.5923995554265776E-11i;-1.3985449252506239E-8+1.7576825744802758E-12i
2.886262347107761E-7+2.91270450695828E-10i;1.0781098547209765E-7+4.995576782658678E-10i;-3.85870139491685E-8+2.0675550778132212E-10i;-2.562786425580585E-7+2.3688339653689526E-10i;1.9441602177364486E-7+1.4057299919794904E-9i;3.757179880974056E-8+4.398221123512751E-10i;-1.8885706215743203E-7+2.703086515512465E-15i;-1.2798543387239023E-7-1.8028736399851685E-14i;1.7573698217831472E-7-7.18698076767813E-15i;2.415515497088051E-7+1.4264093313559962E-13i;2.238463432744684E-7+7.992103608025203E-15i;-5.434165084132326E-8-9.927233210722775E-14i;2.450989750162228E-7+6.811943209800455E-14i;-1.128949201854698E-7-1.8558261879456427E-14i;-8.794598051948789E-8-2.5943270717301054E-14i;-2.1678566134008956E-8-2.893226938444434E-14i;-2.575519033260775E-7+3.9366916651541757E-13i;1.1973993825144506E-7+5.802900655188803E-13i;-1.882475037417935E-7-7.033652683974219E-12i;7.539226910526272E-10-1.822466799787599E-12i;2.2559333977012173E-7-1.7115209490965513E-12i;-1.2065425999166372E-7+1.616416341639121E-11i;-3.468879774019534E-8-6.662518044939953E-12i;2.006036669058024E-7+1.948250809981343E-11i;-1.270089343333501E-7+1.9703077453980047E-12i
3.108408484973614E-7+3.421704301604706E-10i;9.587305273677932E-8+5.624041512150459E-10i;-5.251584393452726E-8+2.2179591764116857E-10i;-2.799389433664857E-7+2.598894189751425E-10i;1.9520793085776871E-7+1.4584093413316176E-9i;5.274211265382893E-8+5.787998987494269E-10i;-1.9877902260788578E-7+4.042959424677186E-15i;-1.427452225066587E-7-2.130576687726098E-14i;1.9611664058637452E-7-1.976074454025028E-14i;2.58526289261411E-7+1.544054218215979E-13i;3.080885008187737E-7+1.992024021693152E-14i;-8.519452330000675E-8-1.4508950956956752E-13i;2.7378803940548574E-7+7.722277931897489E-14i;-1.4999186870847287E-7-4.1230974239195595E-14i;-1.1788828805233927E-7-2.4475568169626747E-14i;-3.1728976791219205E-8-4.120112635617435E-14i;-3.349998962367679E-7+6.164112579021345E-13i;2.423363764821005E-7+9.835901949349138E-13i;-1.9114534125297452E-7-8.597702119544685E-12i;5.095641451283997E-8-2.2645015452789935E-12i;2.6927798589486917E-7-2.1514780303047914E-12i;-2.138814611699925E-7+2.984336261836349E-11i;-4.420129013000968E-8-1.2824166141172552E-11i;2.0995376863565795E-7+2.357887798021952E-11i;-2.424005659732784E-7+2.222008158823322E-12i
-1.1772094470637793E-7-6.250883656453354E-10i;3.2599747448887235E-7-6.819599869133572E-10i;1.9741969256228178E-7-1.2856257122058757E-10i;1.7850524366693217E-7-1.711909428473817E-10i;1.8599738937990204E-7+5.086364352921901E-10i;-2.2270100008358916E-7-2.000409458733377E-9i;-2.2372116381848124E-7-1.4821870092484088E-14i;1.15301698691183E-7+3.6732873061498566E-14i;-2.293505385468954E-7-9.42210113931407E-14i;2.2323425576228627E-7+1.7476706999397137E-13i;3.004609868273952E-7-2.152384000300187E-14i;-6.546162128548998E-8-6.028305522955495E-14i;-2.4142915739959195E-7-1.057978685498225E-13i;-2.207632517129987E-7-8.207138445666653E-14i;-1.0642495727985373E-7-7.405939332071204E-14i;-7.482857233710374E-8-1.9368489836480554E-13i;-3.033114275285713E-7+4.707363072396418E-13i;-2.6125659424163227E-7+1.722805079297082E-13i;-2.1968014178444727E-7-7.563389718702904E-12i;-2.3990485708228306E-8-1.5039256247073591E-12i;-2.913234665170858E-7+2.430889438133264E-12i;2.3693400778103076E-7-3.211682207367974E-11i;5.907709992069309E-8+1.3832158715815113E-11i;1.0711277721398086E-7+2.6185262560311605E-12i;2.0775079004445493E-7+8.673324851407288E-13i
-9.550633114096627E-8-5.741883861152694E-10i;3.14059541770835E-7-6.19113514091875E-10i;1.83490862012881E-7-1.135221623630909E-10i;1.5484494263046948E-7-1.4818492033518852E-10i;1.8678929846338262E-7+5.613157847536602E-10i;-2.0753068670629906E-7-1.861431675901285E-9i;-2.1345962882661737E-7-1.3789088293406564E-14i;1.0337042276592741E-7+3.539111924166357E-14i;-2.0565404412847232E-7-8.350232942923753E-14i;2.0908175854882607E-7+1.6054117328543848E-13i;2.1665250867290562E-7-1.4712498778738014E-14i;-4.064785658668453E-8-3.9492584225332406E-14i;-2.162648850212752E-7-8.34381562881913E-14i;-1.7525115337145752E-7-6.79413126194489E-14i;-7.219978606702463E-8-6.084252616412313E-14i;-7.342901417601654E-8-1.4673808989948258E-13i;-2.3399871457237057E-7+4.457794720635902E-13i;-1.3685466279752793E-7+2.953675650397438E-13i;-2.1421839862821224E-7-8.398859523605921E-12i;1.4763213180875665E-8-1.790747953631683E-12i;-2.479565260717601E-7+1.9815508667358314E-12i;1.2811985685537666E-7-1.6440649739304153E-11i;4.487185951255544E-8+6.6703544770574065E-12i;1.0277519383700372E-7+4.961119931974037E-12i;1.0539162375682574E-7+9.194960175445284E-13i
-7.32917175724248E-8-5.23288406610104E-10i;3.021216090774301E-7-5.562670413407738E-10i;1.6956203148351248E-7-9.848175349673942E-11i;1.3118464159533093E-7-1.2517889782913879E-10i;1.8758120752566092E-7+6.139951340777292E-10i;-1.9236037330804072E-7-1.7224538928905466E-9i;-2.0449689126181387E-7-1.2960324595372937E-14i;9.148947992255951E-8+3.305202631933323E-14i;-1.8258847867352156E-7-7.920538462806687E-14i;1.9707054037384805E-7+1.5348268349584843E-13i;1.33858763307389E-7-6.267553979861719E-15i;-1.5697523932683208E-8-1.682625004284582E-15i;-1.9247873979469896E-7-6.363162358133198E-14i;-1.3061822419680197E-7-6.37353131492143E-14i;-3.75738361070405E-8-3.7992186338891365E-14i;-7.225065354746126E-8-1.1177674367114263E-13i;-1.6484639832887434E-7+3.563562620512442E-13i;-1.963501026534256E-8+4.314948580431426E-13i;-2.1442038435622124E-7-9.369624074897868E-12i;5.1860683611400874E-8-2.1282334433987906E-12i;-2.0872451331837614E-7+1.4739975597217338E-12i;2.3781076731103906E-8-1.5254270749524591E-12i;3.031476336784499E-8-1.1919889087531387E-13i;1.0095821295940658E-7+7.61579077386705E-12i;4.9884334693526E-9+9.743110503893395E-13i
-5.107710399879633E-8-4.723884271517246E-10i;2.9018367642065024E-7-4.934205686647118E-10i;1.5563320098446027E-7-8.34413446126882E-11i;1.0752434056213338E-7-1.0217287531728625E-10i;1.883731165560506E-7+6.666744832180393E-10i;-1.7719005987787132E-7-1.5834761096120281E-9i;-1.9675632316809255E-7-1.1271745061717806E-14i;7.958196118394373E-8+3.1537317015643573E-14i;-1.5959105314560626E-7-6.566495503936849E-14i;1.868434493676111E-7+1.4015633663586772E-13i;5.387200023960821E-8+4.219521616034422E-16i;8.81626488012729E-9+1.7644314656380776E-14i;-1.6892880686840952E-7-4.906607051943955E-14i;-8.698788986978135E-8-4.9482294484304515E-14i;-2.986097368567751E-9-2.3387926414282714E-14i;-7.000775381199959E-8-1.0800618678079953E-13i;-9.527214841695405E-8+2.888289699314116E-13i;8.154326439729901E-8+5.339406252805142E-13i;-2.180225063731718E-7-1.0306414931870916E-11i;8.324477153070126E-8-2.405451242076898E-12i;-1.7175901879714057E-7+1.0925178576813325E-12i;-6.853411306605913E-8+1.154099012770122E-11i;1.5063319468974588E-8-6.003575299809108E-12i;9.979015050799415E-8+9.855371413077957E-12i;-8.592999102320178E-8+1.0422382014589782E-12i
-2.886249041971396E-8-4.2148844772863755E-10i;2.782457437951055E-7-4.3057409606850594E-10i;1.4170437051602166E-7-6.840093571563954E-11i;8.386403953184099E-8-7.916685280944068E-11i;1.8916502555935292E-7+7.193538321949382E-10i;-1.620197464163538E-7-1.444498326059479E-9i;-1.9018425116893497E-7-1.1290758670490115E-14i;6.759855250951497E-8+2.922957256464796E-14i;-1.363092540825849E-7-4.895805225948894E-14i;1.7819059536040526E-7+1.3291259418203367E-13i;-2.1060650600549437E-8+4.41331494627877E-15i;3.2124473149065086E-8+4.7653001993610675E-14i;-1.4495106999919805E-7-3.383619561817169E-14i;-4.530537034354833E-8-2.7173333670002272E-14i;3.054109877141022E-8-8.891148639983646E-15i;-6.579140419500809E-8-1.1022057725685714E-13i;-2.6848564497307292E-8+1.6592328596524995E-13i;1.5737900113316364E-7+5.085477579601423E-13i;-2.2346183752550987E-7-1.1014261832464277E-11i;1.049670991833288E-7-2.625540479668437E-12i;-1.3698067115982482E-7+7.122667087106932E-13i;-1.3968297056042814E-7+2.1293823077394467E-11i;-5.31966564333874E-10-1.0341905680321001E-11i;9.829106338591617E-8+1.1588596709943354E-11i;-1.5718643663115094E-7+1.0548530098141046E-12i
-6.647876834603325E-9-3.7058846833445417E-10i;2.66307811195576E-7-3.677276235402158E-10i;1.277755400783685E-7-5.336052680278556E-11i;6.020373850560604E-8-5.616083030951275E-11i;1.8995693454009238E-7+7.720331810378916E-10i;-1.4684943292420847E-7-1.305520542239529E-9i;-1.8474411963305494E-7-1.2186789998834029E-14i;5.551304241763472E-8+2.6995814514111647E-14i;-1.125536101071474E-7-3.8900388386735345E-14i;1.7100374676486275E-7+1.298160835557834E-13i;-8.848016991106727E-8+4.4891735011825724E-15i;5.335795709343998E-8+7.432109148634797E-14i;-1.2021548928501899E-7-2.4009732241065654E-14i;-7.005615301980761E-9-1.1253457847393425E-14i;6.164498108867617E-8+1.0107417015195265E-14i;-5.904974520339827E-8-1.093150367875985E-13i;3.759529534734531E-8+2.798713592103972E-14i;2.0050360278948065E-7+4.3263060908541085E-13i;-2.2958588530667885E-7-1.1470855338806108E-11i;1.139877366215583E-7-2.775706735700059E-12i;-1.0498957639195793E-7+3.390870437024654E-13i;-1.8177668282632232E-7+2.655761714231277E-11i;-1.571842042580886E-8-1.265374878254938E-11i;9.613291792321149E-8+1.2582720346848688E-11i;-1.9950774952330437E-7+1.0484023435401752E-12i
1.556673675734936E-8-3.196884889668195E-10i;2.5436987861798613E-7-3.048811510668992E-10i;1.1384670967208122E-7-3.8320117869071106E-11i;3.654343748468619E-8-3.31548078171669E-11i;1.9074884350175267E-7+8.247125297741102E-10i;-1.3167911940173008E-7-1.1665427581606728E-9i;-1.804119159425774E-7-1.2562696563204294E-14i;4.331842876506051E-8+2.3519193258981846E-14i;-8.825994913225192E-8-2.852521354217051E-14i;1.6524032053804426E-7+1.2509783383250947E-13i;-1.4594421077352607E-7+6.289325149699793E-15i;7.163728062245658E-8+9.159959470928611E-14i;-9.462332066033858E-8-1.3877338848292295E-14i;2.6268192238360222E-8-3.694183032955512E-15i;8.883811795361748E-8+1.2583708816571869E-14i;-4.958926850682003E-8-8.8970469676644E-14i;9.467877558809788E-8-1.4656648408788448E-13i;2.0724528490762937E-7+3.6670511634901696E-13i;-2.3551067436318222E-7-1.1548490857759099E-11i;1.0879560854264708E-7-2.8064720994562885E-12i;-7.636734534588537E-8+5.026673267175896E-14i;-1.9030925239637362E-7+2.6765472181593427E-11i;-2.9548991276438807E-8-1.2609309990709595E-11i;9.346812962783178E-8+1.2524789158900725E-11i;-2.0716336945090012E-7+9.427378607915827E-13i
3.778135035724991E-8-2.6878850962427295E-10i;2.4243194605925684E-7-2.420346786560919E-10i;9.99178792980936E-8-2.3279708918773216E-11i;1.2883136470505111E-8-1.0148785334276137E-11i;1.9154075244695889E-7+8.773918784115753E-10i;-1.1650880584888535E-7-1.0275649738219679E-9i;-1.7717250530741904E-7-1.2417027859463093E-14i;3.1023282584426624E-8+2.071265745792966E-14i;-6.34594318267089E-8-1.9174473841890424E-14i;1.608961972832309E-7+1.176636206865435E-13i;-1.912350473275599E-7+1.0126715381547829E-14i;8.615462793323123E-8+9.720920777290163E-14i;-6.823639670560941E-8-9.388151838860479E-15i;5.290518446803893E-8+4.006423905886501E-15i;1.1069494534523522E-7+1.4314118727344227E-14i;-3.756435402655943E-8-7.038636028708027E-14i;1.4103258886742334E-7-2.6837139895039726E-13i;1.7859312252786184E-7+2.55175230416093E-13i;-2.405551370173442E-7-1.1223348373846688E-11i;8.974846095240556E-8-2.702081044895712E-12i;-5.128721720144056E-8-1.0257708611103026E-13i;-1.6539186294221743E-7+2.203073419203837E-11i;-4.104466631328607E-8-1.0270882360714517E-11i;9.076062356388824E-8+1.1568553478047876E-11i;-1.7952946533204344E-7+8.622098962488459E-13i
5.99959639661805E-8-2.178885303067549E-10i;2.3049401351659668E-7-1.7918820631541163E-10i;8.598904895717243E-8-8.239299954018526E-12i;-1.0777164535591179E-8+1.2857237138407223E-11i;1.923326613780789E-7+9.300712269537431E-10i;-1.0133849226571649E-7-8.885871892229999E-10i;-1.750169463019448E-7-1.2335644296515533E-14i;1.8647774538907286E-8+1.7007501390677498E-14i;-3.825036157505382E-8-1.401246035533678E-14i;1.5798509273360826E-7+1.138011688956583E-13i;-2.225232737778432E-7+8.034095924094167E-15i;9.623662775482558E-8+1.0415846460972431E-13i;-4.1216783005701946E-8-4.3872140400866254E-15i;7.151798972258311E-8+3.048412189916188E-15i;1.2600703535029063E-7+9.412598005094759E-15i;-2.3445705181788923E-8-4.93090061925924E-14i;1.7373559287502626E-7-3.682005469805911E-13i;1.203241809465802E-7+9.377681884266745E-14i;-2.442193180671767E-7-1.0540673023884792E-11i;5.909336685842818E-8-2.5040295024762462E-12i;-2.933699269532441E-8-1.5852596520945658E-13i;-1.120505408489483E-7+1.314424538776526E-11i;-4.934207301426859E-8-6.082762384142235E-12i;8.859050120264491E-8+9.96305989825832E-12i;-1.2150682812148413E-7+7.775386133016629E-13i
8.221057758479731E-8-1.6698855101383752E-10i;2.185560809866642E-7-1.1634173404707088E-10i;7.206021864902679E-8+6.801109026571139E-12i;-3.443746553259961E-8+3.586325959974216E-11i;1.9312457029786314E-7+9.827505754072828E-10i;-8.616817865312312E-8-7.496094043734961E-10i;-1.7394016007157826E-7-1.1318453210857157E-14i;6.220637654018062E-9+1.4122717753469662E-14i;-1.277751953978048E-8-8.890563141058632E-15i;1.5652331102069973E-7+1.0609368294473062E-13i;-2.385049989968504E-7+4.735494318833295E-15i;1.0140562008723553E-7+1.0006246935944726E-13i;-1.379195647469401E-8+1.2686109033938326E-15i;8.109034645224524E-8+5.568376766476184E-15i;1.338908007141593E-7+3.9838475705499E-15i;-7.959866701361756E-9-3.6427977894067454E-14i;1.9065863923809718E-7-4.140755425396074E-13i;4.240725834430099E-8-6.036619701757019E-14i;-2.461619187450388E-7-9.618835271163427E-12i;2.0736521424113693E-8-2.2369642049565036E-12i;-9.52769762564765E-9-1.348038395243458E-13i;-3.966653979061943E-8+1.6744811605118793E-12i;-5.375624518571861E-8-6.92535478034822E-13i;8.747667873312241E-8+7.841741021230147E-12i;-4.298578355388492E-8+7.130110412218354E-13i
1.0442519121344416E-7-1.1608857174126204E-10i;2.0661814846598148E-7-5.349526183972788E-11i;5.813138837270307E-8+2.1841518031796293E-11i;-5.8097766519802534E-8+5.886928204819388E-11i;1.9391647920917957E-7+1.0354299237893434E-9i;-7.099786501252828E-8-6.106316192924636E-10i;-1.739399692151429E-7-9.67109940703634E-15i;-6.224073768428584E-9+1.13799461405708E-14i;1.2784074700907298E-8-4.151575331839001E-15i;1.5652220499664155E-7+1.0146175741878563E-13i;-2.3850483933272254E-7+4.10810771438031E-15i;1.0140885970069683E-7+9.427822216635551E-14i;1.3767542929879469E-8+9.255615464000486E-15i;8.109084245216712E-8+1.324843067672097E-14i;1.338883491210472E-7+1.980954855783002E-15i;7.997676578477167E-9-1.4745016982292945E-15i;1.906680918119228E-7-4.322091014895351E-13i;-4.239515636005204E-8-2.3415908562707676E-13i;-2.462088122084898E-7-8.518785086394538E-12i;-2.0319108523585984E-8-1.890145895249946E-12i;9.505746915227993E-9-9.534864459706221E-14i;3.94151943221643E-8-1.0499099820364589E-11i;-5.393158176213633E-8+5.024141402587108E-12i;8.769625577668766E-8+5.478308535314796E-12i;4.2761269612893755E-8+6.239545226387218E-13i
1.266398048523352E-7-6.518859248561587E-11i;1.9468021595102962E-7+9.351210315826504E-12i;4.420255812690825E-8+3.688192707004123E-11i;-8.175806749661571E-8+8.187530448536894E-11i;1.9470838811490338E-7+1.0881092721112399E-9i;-5.582755134559414E-8-4.716538340000666E-10i;-1.7501615089914072E-7-8.695652855958139E-15i;-1.865119649666984E-8+8.43369133406593E-15i;3.825518010621464E-8+2.7435539633345196E-15i;1.5798355769620976E-7+9.807602845893974E-14i;-2.225208700654552E-7+1.9284181087252965E-15i;9.624734369279704E-8+8.874627423211644E-14i;4.1191801002989744E-8+1.949504622900394E-14i;7.152011346228652E-8+1.818149287470444E-14i;1.2599425948985432E-7-5.754819196484985E-15i;2.3475994896815207E-8+3.243186916078533E-15i;1.737641541345611E-7-4.545752819656375E-13i;-1.2033613081609003E-7-3.4681459607162945E-13i;-2.4435694653730596E-7-7.400600530963505E-12i;-5.8693825916960913E-8-1.57249949971905E-12i;2.930019655375204E-8-8.682120000400317E-14i;1.1181797804784318E-7-2.1262643081138182E-11i;-4.982662071531052E-8+1.0093933888436119E-11i;8.924327676283882E-8+3.610296849857872E-12i;1.2130838091921402E-7+5.755510030169662E-13i
1.4885441850182438E-7-1.42886132455632E-11i;1.8274228343834149E-7+7.219768242639762E-11i;3.027372791046908E-8+5.1922336148037313E-11i;-1.054183684623755E-7+1.048813269156826E-10i;1.9550029701792172E-7+1.1407886203819629E-9i;-4.0657237653901075E-8-3.3267604851531034E-10i;-1.7717182475801263E-7-7.590523670318961E-15i;-3.10267699478973E-8+6.037975616996649E-15i;6.346484748713754E-8+7.291225463985541E-15i;1.6089101447956555E-7+9.362634283990986E-14i;-1.912331708314236E-7+4.354614828633777E-15i;8.616464468189993E-8+7.454934928068765E-14i;6.821644105374096E-8+2.977512399249187E-14i;5.290626635106645E-8+2.752686015585322E-14i;1.1069013448392765E-7+3.992202860704527E-15i;3.758901599586934E-8+1.1830628195952608E-14i;1.4105564812598721E-7-4.418612880637029E-13i;-1.785973881670035E-7-3.5810517171785236E-13i;-2.407638320818792E-7-6.416315808554148E-12i;-8.93558116668852E-8-1.2866765450035746E-12i;5.1257207337085526E-8-1.155820884025955E-13i;1.6518188358889346E-7-2.873846294697776E-11i;-4.181689883891079E-8+1.3696949705659281E-11i;9.165810877071043E-8+2.40713858309623E-12i;1.7933102889170944E-7+5.569455249608493E-13i
1.710690321627041E-7+3.661136598267913E-11i;1.708043509245571E-7+1.3504415450878387E-10i;1.6344897722786682E-8+6.696274527741347E-11i;-1.2907866941607315E-7+1.2788734934168623E-10i;1.9629220592096158E-7+1.193467968616251E-9i;-2.5486923938552125E-8-1.9369826285548782E-10i;-1.8041095254483224E-7-6.113424917151997E-15i;-4.332196067401025E-8+2.878447182128848E-15i;8.826626716586347E-8+1.2471459461365807E-14i;1.652334021682408E-7+9.2709691019757E-14i;-1.4594094044345551E-7-2.15773417225587E-15i;7.16462636251262E-8+5.5315307337896165E-14i;9.460959277034085E-8+3.673954014959486E-14i;2.627118826801555E-8+2.7972453646941622E-14i;8.883610282188143E-8+3.2472093907820955E-15i;4.9608306832412995E-8+1.0846248611001629E-14i;9.469513615190372E-8-4.044034720708861E-13i;-2.07253413280423E-7-4.0508770212220883E-13i;-2.357593565366967E-7-5.684922080676329E-12i;-1.0841303104439285E-7-1.1403693829446446E-12i;7.634425155450483E-8-1.8336636599090858E-13i;1.9015183295149992E-7-3.15939809725023E-11i;-3.0466238785679174E-8+1.510549226269226E-11i;9.448807276283179E-8+1.9699230659979153E-12i;2.0696952633354062E-7+5.766846643340828E-13i
1.9328364583541704E-7+8.751134520915963E-11i;1.5886641840604334E-7+1.978906265853482E-10i;2.416067563077987E-9+8.200315446640289E-11i;-1.527389703569392E-7+1.5089337176395488E-10i;1.9708411482708454E-7+1.2461473168393846E-9i;-1.0316610200830353E-8-5.472047703787809E-11i;-1.847429939281742E-7-4.020099364725492E-15i;-5.55164806836399E-8-2.1831352169164676E-16i;1.1256055733547493E-7+1.364613726582501E-14i;1.709945485256765E-7+9.729712305449728E-14i;-8.847599782382462E-8-2.6257741733902587E-16i;5.336604330532941E-8+4.0308676346382165E-14i;1.2020713856601233E-7+4.21214671053043E-14i;-7.0019461026447485E-9+3.1702507871257625E-14i;6.164770708170105E-8+7.871575746016461E-15i;5.9064519788350884E-8+4.828483480528652E-14i;3.7605806621474436E-8-2.6464675841996337E-13i;-2.0051148141561732E-7-3.23024105391985E-13i;-2.2984609468861862E-7-5.306974188462976E-12i;-1.1361232323645034E-7-1.1028245917559492E-12i;1.0497331753978288E-7-3.1146466540366894E-13i;1.816815426208042E-7-2.910529489870697E-11i;-1.662667219326953E-8+1.4055034036557752E-11i;9.709758949652762E-8+2.4602958140342217E-12i;1.993054347479537E-7+6.663426492150305E-13i
2.1549825952050445E-7+1.384113244399281E-10i;1.4692848587893064E-7+2.6073709867620566E-10i;-1.1512762569470736E-8+9.704356372543925E-11i;-1.7639927128415705E-7+1.7389939418595107E-10i;1.9787602373962376E-7+1.2988266650728575E-9i;4.853703557897616E-9+8.425730892094012E-11i;-1.9018292870830275E-7-2.619368653057072E-15i;-6.760185241302261E-8-3.372980779390144E-15i;1.3631678169259096E-7+1.3723503227929195E-14i;1.781795284265173E-7+9.877022540838968E-14i;-2.1057311835657345E-8-3.812298048059972E-15i;3.213206615969132E-8+1.3303556094316217E-14i;1.4494867710654936E-7+4.821932333304133E-14i;-4.5298748575748147E-8+2.064474721969467E-14i;3.0550120267293036E-8+1.789260176380278E-15i;6.580069262972182E-8+6.486335986833045E-14i;-2.684153380800862E-8-1.0968650178009387E-13i;-1.5738916681901982E-7-2.060183433015603E-13i;-2.237029085162594E-7-5.339910520690836E-12i;-1.0459683070942335E-7-1.200489799048942E-12i;1.3697116379511975E-7-5.144642834929447E-13i;1.396634658823065E-7-2.134261196610745E-11i;-1.278009414652394E-9+1.050313496521504E-11i;9.903766259372906E-8+3.771183558526948E-12i;1.56973327783552E-7+7.542211052370816E-13i
2.3771287321883837E-7+1.8931130367380719E-10i;1.3499055333893874E-7+3.235835707993132E-10i;-2.5441592675011394E-8+1.1208397306442763E-10i;-2.0005957219660338E-7+1.9690541661516622E-10i;1.9866793266233414E-7+1.351506013339301E-9i;2.0024017336726973E-8+2.232350950101706E-10i;-1.9675467641617802E-7-1.6894262875270917E-15i;-7.958514484887734E-8-6.285357538077603E-15i;1.5959918732919643E-7+1.0528167722772304E-14i;1.8683130384772175E-7+1.0511146463812561E-13i;5.387512239175323E-8-4.409635771208993E-15i;8.8231204454831E-9-1.3645639004549446E-14i;1.6893340936295324E-7+5.2371091933316023E-14i;-8.697693646912309E-8+3.9487636139815743E-16i;-2.9721291812214523E-9-7.197042014639573E-15i;7.000960828952825E-8+7.53063280861191E-14i;-9.52700676653539E-8+3.0283519795594555E-14i;-8.155818205244541E-8-4.7466752859832016E-14i;-2.1821481957757284E-7-5.736216698625366E-12i;-8.287762203431713E-8-1.3887519403670559E-12i;1.717560805090214E-7-8.371337151230318E-13i;6.859538020407943E-8-9.065301012384008E-12i;1.4615294593343858E-8+4.811376926709448E-12i;1.0018977153728805E-7+5.7647577925226586E-12i;8.57032231165477E-8+8.377488649701762E-13i
2.599274869315305E-7+2.4021128292409924E-10i;1.2305262078114438E-7+3.864300429884432E-10i;-3.937042275274722E-8+1.2712438249491075E-10i;-2.2371987309263058E-7+2.1991143904543238E-10i;1.9945984159934857E-7+1.4041853616795492E-9i;3.519433113543842E-8+3.622128812217141E-10i;-2.0449490111188293E-7-1.0079744197698669E-15i;-9.149259121562671E-8-9.12990125278104E-15i;1.8259729375049182E-7+4.24245491794645E-15i;1.9705745650373081E-7+1.119711507741119E-13i;1.3386211184081206E-7-1.5902200801603324E-15i;-1.569154202128469E-8-4.095169163349429E-14i;1.9249089636354185E-7+5.806064145580478E-14i;-1.3060286241284314E-7-1.0403513418887402E-14i;-3.7555401532622873E-8-6.063170382893437E-15i;7.224492131207523E-8+9.876397855185688E-14i;-1.6485058600522763E-7+1.9985620293994136E-13i;1.9614460022226426E-8+2.447867902125657E-13i;-2.1454159239767918E-7-6.4960237546619865E-12i;-5.1494043478769606E-8-1.6511488005734246E-12i;2.087278795403878E-7-1.2273412475989738E-12i;-2.3640248274295293E-8+6.504307335860461E-12i;3.0263828980199745E-8-2.4018693319548217E-12i;1.0091909252738305E-7+8.219912731934695E-12i;-5.230716263092094E-9+9.650087659670272E-13i
2.821421006603065E-7+2.9111126220557455E-10i;1.1111468819986587E-7+4.492765152851278E-10i;-5.329925280044187E-8+1.421647920325201E-10i;-2.4738017396994286E-7+2.4291746146935316E-10i;2.0025175055547786E-7+1.4568647101421044E-9i;5.036464495490476E-8+5.011906675529652E-10i;-2.1345729794540296E-7-2.5044431421478087E-16i;-1.0337353743483229E-7-1.1540123414596625E-14i;2.0566356552342149E-7-3.668877286141836E-15i;2.0906772939501442E-7+1.1688984766781615E-13i;2.1665631264777538E-7+6.35357701275135E-15i;-4.0643067649902665E-8-7.994031248395999E-14i;2.1628465156854083E-7+6.461549397270251E-14i;-1.7523119284753574E-7-2.8026706228300875E-14i;-7.217664856284914E-8-1.2760916622278249E-14i;7.341622578019048E-8+1.1578470398453835E-13i;-2.3400983703439246E-7+4.0483582285166365E-13i;1.3682799314784898E-7+6.078680679833731E-13i;-2.142550781988125E-7-7.545428722532578E-12i;-1.4390946475826443E-8-1.9674929381735878E-12i;2.479655066145956E-7-1.5841446480793438E-12i;-1.2790075427121038E-7+2.388494355352638E-11i;4.527308482678756E-8-1.0435156971621384E-11i;1.0225153938350942E-7+1.105044879756886E-11i;-1.0565359202764905E-7+1.1462093022961482E-12i
3.0435671440455003E-7+3.420112415266174E-10i;9.91767555911779E-8+5.121229877092351E-10i;-6.722808281868752E-8+1.5720520168045142E-10i;-2.7104047482863184E-7+2.6592348388133424E-10i;2.0104365953467294E-7+1.509544058762574E-9i;6.553495879406556E-8+6.401684539933631E-10i;-2.2371849911837722E-7+8.45451788309115E-16i;-1.1530494443661655E-7-1.3818131330933388E-14i;2.2936080711531088E-7-1.19120456658002E-14i;2.2321926299075176E-7+1.2460159917425873E-13i;3.004653783918438E-7+2.3435883173283628E-14i;-6.545832566182847E-8-1.2077310146060858E-13i;2.4145662929543884E-7+7.003570848200512E-14i;-2.207384349198475E-7-5.122292792774139E-14i;-1.063967831542524E-7-1.7211240557460863E-14i;7.480909851232447E-8+1.0274904258995065E-13i;-3.033303540487429E-7+6.083597192880021E-13i;2.6122272707383824E-7+1.0160152659325088E-12i;-2.1962812792375917E-7-8.813517659690117E-12i;2.437833725063223E-8-2.34946238253746E-12i;2.913376747852104E-7-1.9789528768697434E-12i;-2.3663706469776808E-7+4.1981292969096923E-11i;5.994818041013812E-8-1.8705186122779946E-11i;1.060947551190724E-7+1.4206274033148458E-11i;-2.080404424466701E-7+1.345234233705634E-12i
-1.2420507822746166E-7-6.252475512058908E-10i;3.2930117461294696E-7-7.322411411641958E-10i;1.8270745392994752E-7-1.9315328332188282E-10i;1.874037129738925E-7-1.6515687780548237E-10i;1.918331204168375E-7+5.597711676748068E-10i;-2.0990815423018243E-7-1.939040907443506E-9i;-2.434867882943742E-7-1.3601415990907079E-14i;8.712919741006833E-8+3.380409678557301E-14i;-2.561034387476945E-7-8.648533678109442E-14i;1.7736712802528265E-7+1.433841747521533E-13i;2.9404146297770844E-7-1.712328833198931E-14i;-4.739317726350047E-8-5.379032544101018E-14i;-1.9478156219985827E-7-9.696911343627978E-14i;-2.8228038938059016E-7-8.75942671037537E-14i;-9.364978384036807E-8-1.0311378422415604E-13i;-1.719271043107489E-7-3.6453490223085993E-13i;-2.495300231845333E-7+3.9434560600231804E-13i;-2.7949551625438196E-7+1.482676927772066E-13i;-2.09846038500311E-7-7.786239520500836E-12i;-7.028164283243832E-9-1.4708642566494861E-12i;-2.697016059526781E-7+2.5769167775076914E-12i;2.526255256560397E-7-2.6424721131855125E-11i;1.5645117312929576E-7+1.1117052927663934E-11i;-2.3346731591064416E-8-6.218524759043002E-12i;1.6362815919061464E-7-3.9425805597904536E-13i
-1.019904646819614E-7-5.743475718904237E-10i;3.17363242069291E-7-6.693946688257068E-10i;1.6877862338490732E-7-1.78112874678523E-10i;1.6374341190309257E-7-1.4215085525988777E-10i;1.9262502934490037E-7+6.124505162242636E-10i;-1.9473784081744427E-7-1.800063124224163E-9i;-2.329513015865657E-7-1.2214111211252688E-14i;7.810851408272057E-8+3.2700895823748814E-14i;-2.2972738002497358E-7-7.687129699063222E-14i;1.6640139147138132E-7+1.341289569388614E-13i;2.1058794951644494E-7-9.291467584253166E-15i;-2.871192415120598E-8-3.301966545320749E-14i;-1.7454256070707758E-7-7.546516502222713E-14i;-2.297717779422405E-7-7.558021985855702E-14i;-5.61079840537515E-8-7.671132326318605E-14i;-1.601935998968329E-7-3.075415780830703E-13i;-1.929858604524821E-7+3.461801150338694E-13i;-1.533341384581517E-7+3.001579645638618E-13i;-2.0364123474586142E-7-8.232279547218905E-12i;2.107781082662745E-8-1.7111868751236121E-12i;-2.3152839021492518E-7+2.0682168029717675E-12i;1.3146395774671626E-7-1.070548508503335E-11i;1.1981864299234303E-7+3.997893154013569E-12i;-2.0262865911845206E-8-3.79383471182717E-12i;8.073666361308984E-8-2.3739348237199674E-13i
-7.977585113351996E-8-5.234475925933668E-10i;3.0542530954790187E-7-6.065481965585698E-10i;1.5484979285915224E-7-1.6307246602612813E-10i;1.4008311083351893E-7-1.1914483272444903E-10i;1.9341693825373883E-7+6.65129864641824E-10i;-1.7956752738443905E-7-1.661085340832598E-9i;-2.2377239502304713E-7-1.1543886753104507E-14i;6.91267825529753E-8+3.131837273742317E-14i;-2.0403271214752434E-7-6.622171955642885E-14i;1.5712879020895158E-7+1.2377778220994296E-13i;1.2808006755176353E-7-1.048757150886581E-15i;-9.900397961982811E-9-1.680704935710202E-14i;-1.5540464751338376E-7-5.662115625883605E-14i;-1.7883940158358916E-7-6.563712697011667E-14i;-1.7650002389426527E-8-5.803600107837149E-14i;-1.495959501118123E-7-2.6682093246260457E-13i;-1.3663340961748146E-7+2.9062526498402453E-13i;-3.455119762522811E-8+4.3319618590695377E-13i;-2.027716380761101E-7-8.88688096577679E-12i;4.8069393508911696E-8-1.950416874114655E-12i;-1.9716169038535366E-7+1.5533041061158501E-12i;1.51561480098591E-8+4.202830149652721E-12i;8.263500087296487E-8-2.759144391718165E-12i;-1.8408767802546398E-8-1.5539709842924643E-12i;-6.492557371827677E-10-1.1312636391606527E-13i
-5.756123758056601E-8-4.725476133367562E-10i;2.934873770599294E-7-5.437017243633326E-10i;1.4092096236209657E-7-1.4803205735240848E-10i;1.1642280976558671E-7-9.613881018686439E-11i;1.9420884713357079E-7+7.17809212889655E-10i;-1.6439721392120653E-7-1.5221075571895886E-9i;-2.158627544061649E-7-1.0671893084725572E-14i;6.012635700684435E-8+2.9262159499685824E-14i;-1.7839207700725792E-7-5.777869386665544E-14i;1.4925838255173048E-7+1.1715252474523807E-13i;4.832434480563693E-8+3.336202533857224E-15i;8.598444655425586E-9+6.260567047925983E-15i;-1.3644248221299985E-7-4.375453823720083E-14i;-1.2943438524691515E-7-5.3623251631939726E-14i;2.1075866546233515E-8-4.2310533080721855E-14i;-1.38107852823887E-7-2.3314612286091685E-13i;-7.997941489876572E-8+1.913554128235121E-13i;6.818862200835894E-8+5.226896437015163E-13i;-2.0511014013818347E-7-9.494826733184525E-12i;7.076258065738597E-8-2.151974737666761E-12i;-1.6462338748782618E-7+1.0313687007222954E-12i;-8.762330108013306E-8+1.6894063887156337E-11i;4.404741530715969E-8-8.473448559870531E-12i;-1.787256749372249E-8+4.455319946291307E-13i;-7.42906128130037E-8-4.528847844906692E-14i
-3.5346624023057274E-8-4.216476341085797E-10i;2.8154944459961205E-7-4.808552522478883E-10i;1.2699213189356603E-7-1.329916486654429E-10i;9.276250870017784E-8-7.31327876592606E-11i;1.9500075598984998E-7+7.704885609896641E-10i;-1.4922690042902857E-7-1.3831297732941624E-9i;-2.0915995377740762E-7-1.0754071061867787E-14i;5.1069866917049336E-8+2.753144500695193E-14i;-1.524123175888525E-7-4.3669230481788567E-14i;1.4261618001645052E-7+1.123927922679848E-13i;-2.6422153391446942E-8+7.532927836215989E-15i;2.6197961430755156E-8+3.474639731014146E-14i;-1.1711756286639848E-7-3.016311293832401E-14i;-8.248199194525301E-8-3.172816640923084E-14i;5.880709356402349E-8-2.1535663319846447E-14i;-1.244271939694861E-7-2.1863901112844968E-13i;-2.4287983342085912E-8+8.868708661916991E-14i;1.4568942657142882E-7+5.387098225996943E-13i;-2.0921544010349633E-7-9.956184837911214E-12i;8.611992762242299E-8-2.355384187768247E-12i;-1.3358766040925324E-7+5.889717713596964E-13i;-1.6648373721095514E-7+2.588514118144609E-11i;4.935282889954732E-9-1.2415933772383205E-11i;-1.8678595583815002E-8+1.9418463620008423E-12i;-1.3185477951159178E-7+3.802527745591663E-15i
-1.3132010460625425E-8-3.7074765490125623E-10i;2.696115121616735E-7-4.180087802050453E-10i;1.130633014535065E-7-1.1795123996415266E-10i;6.910220763831015E-8-5.012676514639181E-11i;1.957926648272728E-7+8.231679089690021E-10i;-1.340565869089386E-7-1.244151989153707E-9i;-2.0362039325558697E-7-1.1813047550457725E-14i;4.1937458268606635E-8+2.521276793552643E-14i;-1.258824380529917E-7-3.673620329411205E-14i;1.3711028748754208E-7+1.115772572903127E-13i;-9.369351318597303E-8+8.299946480001026E-15i;4.223835866479712E-8+5.758104544824208E-14i;-9.716309605172624E-8-1.908615651822548E-14i;-3.94913023995148E-8-2.0907279010278927E-14i;9.39255027503243E-8-2.5047887231104364E-15i;-1.0782538054812971E-7-1.996651678447697E-13i;2.8152579065174668E-8-5.110246322708045E-14i;1.906315872173927E-7+4.912757975126745E-13i;-2.1404709114425032E-7-1.0240051069161053E-11i;9.182599015560515E-8-2.510583075802057E-12i;-1.0440837278413506E-7+1.44130877604795E-13i;-2.1249506864437474E-7+2.99010621723898E-11i;-3.284047329489582E-8-1.4100629838364322E-11i;-2.063146197150021E-8+2.7292561558719373E-12i;-1.6578090907770985E-7-2.499915344426242E-14i
9.08260310743376E-9-3.198476757126153E-10i;2.5767357974213153E-7-3.551623082187595E-10i;9.913447104239758E-8-1.0291083124355167E-10i;4.544190658112492E-8-2.712074264730939E-11i;1.9658457364925975E-7+8.758472568558292E-10i;-1.1888627336134266E-7-1.105174204777531E-9i;-1.9921448291425052E-7-1.2240927017808125E-14i;3.272369473221676E-8+2.2959317277590188E-14i;-9.873290279357289E-8-2.918783711415429E-14i;1.3270283220815193E-7+1.0845566830747213E-13i;-1.5104254935948064E-7+1.2962491313553838E-14i;5.605107552542405E-8+7.112436533325431E-14i;-7.650026452670401E-8-1.2978973746846112E-14i;-2.227964098225746E-9-1.921735757487115E-14i;1.2469179348612376E-7+8.643816250489732E-15i;-8.806912498894532E-8-1.7209656161792823E-13i;7.459746524232033E-8-1.9276723274574017E-13i;1.9935495904511174E-7+4.176157048937552E-13i;-2.1881824058476226E-7-1.028643622481302E-11i;8.672770116183505E-8-2.5489205387211544E-12i;-7.751804809402824E-8-2.077498116304639E-13i;-2.20579485536805E-7+2.835448446479656E-11i;-6.697518299491917E-8-1.322776497770589E-11i;-2.329042630090362E-8+2.587891437850245E-12i;-1.7138265386171508E-7-1.0369721259987495E-13i
3.129721668203737E-8-2.6894769654229067E-10i;2.457356473378412E-7-2.9231583629052856E-10i;8.520564066094613E-8-8.787042250513252E-11i;2.1781605529835536E-8-4.1147201623014756E-12i;1.9737648245843586E-7+9.285266046623439E-10i;-1.03715959786355E-7-9.66196420168305E-10i;-1.959228588403077E-7-1.2817023908407079E-14i;2.3434872733670366E-8+2.0632759745889223E-14i;-7.100136000219623E-8-1.8694813938228504E-14i;1.2938824088813153E-7+1.0024877155721869E-13i;-1.9624947229408766E-7+1.3033461240476744E-14i;6.702206984330291E-8+7.052182772775524E-14i;-5.5181327519024525E-8-7.327439684767073E-15i;2.756316385395614E-8-1.2584651436667634E-14i;1.4945308647580626E-7+9.78020765864581E-15i;-6.53552526466446E-8-1.4754450428612307E-13i;1.1230803493077655E-7-2.8302304231568773E-13i;1.728298315668202E-7+2.8217563765897304E-13i;-2.2293343192659097E-7-1.0047259779772996E-11i;7.109647692396791E-8-2.466765178069894E-12i;-5.308840211527162E-8-3.823471225299805E-13i;-1.9087510899161918E-7+2.149349341703971E-11i;-9.513580861641332E-8-9.907859510306312E-12i;-2.6027420435148288E-8+1.6857659303033022E-12i;-1.4814708540753892E-7-1.6565899327757892E-13i
5.351183026409759E-8-2.1804771739054077E-10i;2.3379771494594393E-7-2.2946936442717616E-10i;7.127681030972851E-8-7.283001374926813E-11i;-1.878695514395776E-9+1.889130230804875E-11i;1.9816839125720324E-7+9.812059523927646E-10i;-8.85456461841604E-8-8.272186353273755E-10i;-1.9373403047940298E-7-1.3051525940436649E-14i;1.408605832827879E-8+1.7933033030632847E-14i;-4.280231909180012E-8-1.1903758972667577E-14i;1.271684051709816E-7+9.476588804786988E-14i;-2.2748132994583468E-7+1.1623160646591345E-14i;7.46431447918326E-8+7.145875600279821E-14i;-3.333956048247562E-8-3.1870659109918343E-15i;4.835757048307896E-8-1.2391888903715753E-14i;1.6681221424262235E-7+2.1358180601727992E-15i;-4.025000351218297E-8-1.0913625955788614E-13i;1.3891549491056607E-7-3.809495697226447E-13i;1.1681497888628824E-7+8.835372318222621E-14i;-2.2594014083077807E-7-9.516660246434403E-12i;4.665818772463498E-8-2.311300196762006E-12i;-3.085586628001732E-8-4.384084008101517E-13i;-1.2906908021517133E-7+1.0352535147988245E-11i;-1.1526801183503532E-7-4.622709448802643E-12i;-2.824880638484941E-8+2.482436922962219E-13i;-1.0011543898873741E-7-2.6307745418151716E-13i
7.572644385437834E-8-1.6714773825871029E-10i;2.21859782563737E-7-1.6662289263261538E-10i;5.7347979988963556E-8-5.778960497376018E-11i;-2.5538996550579228E-8+4.189732476439356E-11i;1.9896030004796785E-7+1.0338853000502524E-9i;-7.33753325552295E-8-6.882408502602744E-10i;-1.9264101280223552E-7-1.2131772894556376E-14i;4.698750414582731E-9+1.5445290111020597E-14i;-1.430307926701602E-8-8.346894909612492E-15i;1.260545743392478E-7+8.943892750269835E-14i;-2.434348876701383E-7+9.474715594607245E-15i;7.855215818259716E-8+6.910761858676716E-14i;-1.1164902714325107E-8+2.29495245160299E-15i;5.904698025837279E-8-1.594833440949579E-14i;1.757531767245513E-7-1.8948443737355903E-15i;-1.3593361581747438E-8-5.619845821230309E-14i;1.526888739784175E-7-4.2437128012102006E-13i;4.122630011793559E-8-9.913515578518373E-14i;-2.275407717200947E-7-8.780959305648752E-12i;1.6373770085226282E-8-2.110658343846957E-12i;-1.0145659524356685E-8-3.9865553722797586E-13i;-4.5757880978427656E-8-3.3296318902622405E-12i;-1.2583705184328108E-7+1.8038329876012265E-12i;-2.9400685657042245E-8-1.5488330962052453E-12i;-3.5350641108865305E-8-3.5323838693098127E-13i
9.794105745327903E-8-1.1624775914343912E-10i;2.0992185018782644E-7-1.037764208987596E-10i;4.341914969771029E-8-4.274919617153289E-11i;-4.919929757799374E-8+6.490334720599681E-11i;1.9975220883332574E-7+1.0865646476477405E-9i;-5.820501890088131E-8-5.492630649846612E-10i;-1.9264100141845327E-7-1.106743355709074E-14i;-4.702060617363836E-9+1.275018456220629E-14i;1.4302233339958936E-8-5.260343860004088E-15i;1.260523776630348E-7+8.694006741951484E-14i;-2.434349015622725E-7+7.317456549258648E-15i;7.85555748370774E-8+6.373824285459513E-14i;1.1129696798664602E-8+8.76439784393179E-15i;5.904626990040734E-8-1.821038067914606E-14i;1.7575322828204755E-7-1.0705473802192459E-14i;1.3606379476289465E-8-8.43911483425977E-15i;1.5270032393181678E-7-4.2215096103808835E-13i;-4.122566666470931E-8-2.896941785127596E-13i;-2.2757876870933777E-7-7.953089009280303E-12i;-1.5970174945662363E-8-1.8517902951913215E-12i;1.0037390028804735E-8-3.480903376323501E-13i;4.5146243630816175E-8-1.736748509412378E-11i;-1.2604777511734686E-7+8.36853042391354E-12i;-2.9229851616795436E-8-3.4915632498666963E-12i;3.5355988891873196E-8-4.44088036118784E-13i
1.2015567106102222E-7-6.534778004312269E-11i;1.9798391781486695E-7-4.0929949220248087E-11i;2.949031943452441E-8-2.770878733637029E-11i;-7.285959859612672E-8+8.790936963518666E-11i;2.0054411761601638E-7+1.1392439951933934E-9i;-4.303470522289263E-8-4.102852795200544E-10i;-1.9373375837103876E-7-1.0336886310774988E-14i;-1.4089757736997332E-8+1.0673794143322447E-14i;4.280543332678934E-8+3.362052095368269E-15i;1.2716522377282304E-7+8.029131811538624E-14i;-2.274796954672785E-7+7.308496051673678E-15i;7.465063652983871E-8+5.869379397511179E-14i;3.331399340704626E-8+1.8055219117547668E-14i;4.835760516608349E-8-1.6391345809603205E-14i;1.668084664743832E-7-2.160130840213218E-14i;4.0270239715394845E-8+2.257452496797454E-14i;1.3893574824821965E-7-4.142344843115169E-13i;-1.1683081911197968E-7-4.187260819000799E-13i;-2.2605455005590524E-7-7.085182458428139E-12i;-4.6276677222420235E-8-1.5774679364803236E-12i;3.0773976018218395E-8-2.7643656537236273E-13i;1.2852794849668127E-7-2.93340860099595E-11i;-1.1586340800004442E-7+1.3994120167945493E-11i;-2.7735158409959245E-8-4.947007848496555E-12i;1.0017931221929929E-7-4.4516396150738307E-13i
1.423702846777456E-7-1.444780095686393E-11i;1.8604598544166164E-7+2.1916522407617205E-11i;1.556148919796846E-8-1.2668378461101324E-11i;-9.651989960456995E-8+1.1091539205510717E-10i;2.0133602639880025E-7+1.1919233426947271E-9i;-2.786439152301812E-8-2.713074938868102E-10i;-1.9592232700324715E-7-9.192765032872746E-15i;-2.3438727262638958E-8+8.876693999028421E-15i;7.100531316610892E-8+9.947580648103748E-15i;1.2938415888590152E-7+7.326994924377143E-14i;-1.9624757245711494E-7+5.601257407164124E-15i;6.70298758807779E-8+4.764806863596992E-14i;5.516235772831371E-8+2.660146533221709E-14i;2.7566868700821924E-8-3.173827678290886E-15i;1.4945059449602886E-7-1.1414861053499244E-14i;6.536983463478893E-8+4.5726673710970374E-14i;1.1232502692475751E-7-3.945061491282285E-13i;-1.7284173843938885E-7-4.812763976725905E-13i;-2.2310381029513453E-7-6.3137923888411725E-12i;-7.072552323882084E-8-1.3318579922874623E-12i;5.3023783118073527E-8-2.4106272102465216E-13i;1.9041756528500717E-7-3.712815076530092E-11i;-9.604075238308058E-8+1.771576216490511E-11i;-2.5272833419093562E-8-6.0028008214850534E-12i;1.4822540069293644E-7-4.783360905973451E-13i
1.6458489830371239E-7+3.645217811666469E-11i;1.7410805306515522E-7+8.476299399535693E-11i;1.6326589873549306E-9+2.3720304625330567E-12i;-1.2018020060276772E-7+1.3392141447031726E-10i;2.0212793518433112E-7+1.2446026901629298E-9i;-1.2694077802326375E-8-1.3232970809934195E-10i;-1.992136451628246E-7-7.7955754703225E-15i;-3.2727610894037355E-8+6.099036844469554E-15i;9.873766333070419E-8+1.3581955527557359E-14i;1.3269781633803257E-7+7.124368628588357E-14i;-1.510398456271759E-7+1.5700136861647002E-15i;5.605793664005753E-8+3.461792837832312E-14i;7.648786862803106E-8+3.2686559419664666E-14i;-2.220422223052441E-9+6.7077277656787015E-15i;1.2469115474191363E-7-1.809380812109524E-15i;8.807868443392906E-8+7.158530729080146E-14i;7.46074449177983E-8-3.446282286382883E-13i;-1.9936667172365538E-7-4.738972377464447E-13i;-2.1902061380781343E-7-5.735415058036398E-12i;-8.636498346786136E-8-1.1622273036097233E-12i;7.74725919286255E-8-2.7934090816104255E-13i;2.2025286416011847E-7-3.935429665956898E-11i;-6.804395525118088E-8+1.8810878387965847E-11i;-2.242347418074579E-8-6.200979240646732E-12i;1.7146412383370687E-7-4.132340946356063E-13i
1.8679951193966305E-7+8.73521571867225E-11i;1.621701206822201E-7+1.4760946556324777E-10i;-1.2296171198147102E-8+1.7412439442948397E-11i;-1.4384050158983755E-7+1.569274368819872E-10i;2.0291984397516582E-7+1.2972820376175894E-9i;2.4762359379529755E-9+6.648077825084323E-12i;-2.0361938555453006E-7-6.115650658730584E-15i;-4.194128165938978E-8+3.4193835009143952E-15i;1.2588762641534418E-7+1.3806067379314238E-14i;1.3710281514196383E-7+7.259312060778578E-14i;-9.368965086666663E-8+5.820772452491091E-16i;4.224411958803896E-8+2.044300232504424E-14i;9.715560684382977E-8+3.5777094266167203E-14i;-3.948237403953336E-8+5.382813517466166E-15i;9.392864976800548E-8-3.2498091603889297E-16i;1.078319781860466E-7+1.14287598584042E-13i;2.815634710080389E-8-2.37698907119047E-13i;-1.9064155736317165E-7-3.815977596862081E-13i;-2.1425511126314395E-7-5.3994448195997875E-12i;-9.14697579786707E-8-1.136057404633818E-12i;1.0437941760237046E-7-3.155899648229321E-13i;2.1232790002269773E-7-3.5268868984985074E-11i;-3.3897587304383825E-8+1.694259524807359E-11i;-1.981083400706667E-8-5.744969162141764E-12i;1.6585489795073257E-7-3.22943955643382E-13i
2.0901412558626877E-7+1.3825213625969726E-10i;1.5023218828946926E-7+2.1045593713043895E-10i;-2.6225001359481982E-8+3.245284848818471E-11i;-1.6750080256500566E-7+1.7993345929343884E-10i;2.0371175277422135E-7+1.3499613850792067E-9i;1.7646549696461195E-8+1.4562586387062439E-10i;-2.091588116613992E-7-5.166057499552491E-15i;-5.107356928200947E-8+1.107671530614745E-15i;1.5241808226229462E-7+1.5887886046977473E-14i;1.426062635315749E-7+7.604581926858618E-14i;-2.641811482652752E-8-3.257679723090446E-15i;2.620303228139485E-8+9.305841326537508E-15i;1.1711570564017427E-7+4.082440280034838E-14i;-8.247138165616527E-8+4.440610879063231E-15i;5.8814926875816335E-8-2.068615048553986E-15i;1.24431172708115E-7+1.4759056755790625E-13i;-2.429028574467878E-8-1.0573663628939639E-13i;-1.4569680137342417E-7-2.9839443325597033E-13i;-2.0940715191473323E-7-5.352434066548603E-12i;-8.576989945421766E-8-1.2011263615542111E-12i;1.3357768936920037E-7-4.526116856019124E-13i;1.6649356095078432E-7-2.5075716177307015E-11i;4.066745311820878E-9+1.2147537584744132E-11i;-1.8040235496318013E-8-4.738884178389338E-12i;1.319185195427134E-7-2.682025038152227E-13i
2.312287392443286E-7+1.891521153396555E-10i;1.3829425588313416E-7+2.73302408718501E-10i;-4.015383149684928E-8+4.749325760708385E-11i;-1.911611035272658E-7+2.0293948170638965E-10i;2.0450366158479126E-7+1.402640732573339E-9i;3.2816863472408295E-8+2.8460365002684346E-10i;-2.1586152546706567E-7-4.307170469730967E-15i;-6.012991366991236E-8-1.3721996576175943E-15i;1.78398693035244E-7+1.1868920246758371E-14i;1.4924594323577916E-7+7.712295596631381E-14i;4.8327467932626335E-8-1.5866345444428152E-15i;8.602868215753243E-9-1.453591441543572E-14i;1.3644658227581163E-7+4.547664536529129E-14i;-1.2942171274032754E-7-1.2367958650020903E-14i;2.1089687153549426E-8-5.232298815592842E-15i;1.38110747127425E-7+1.8033091192974737E-13i;-7.99879462130383E-8+5.1716367540304494E-14i;-6.819841942418092E-8-3.516110323961419E-14i;-2.0526500136042997E-7-5.6253048808919355E-12i;-7.041791463901229E-8-1.3492509076046163E-12i;1.6463247156886733E-7-6.682209716687655E-13i;8.782437820783363E-8-9.653274538233169E-12i;4.3520212488582775E-8+4.946569812601498E-12i;-1.7532042513695695E-8-3.21282441975737E-12i;7.434481103391742E-8-1.5857185153429342E-13i
2.534433529148658E-7+2.400520944400497E-10i;1.2635632345888751E-7+3.361488803609172E-10i;-5.408266160945893E-8+6.253366680947454E-11i;-2.1482140447512757E-7+2.2594550411364313E-10i;2.0529557041052017E-7+1.4553200801403581E-9i;4.798717726573855E-8+4.2358143628791425E-10i;-2.2377099076589827E-7-4.425864299395139E-15i;-6.913025958858276E-8-2.9366389316991036E-15i;2.0404025232074608E-7+9.21874799787307E-15i;1.571149476172623E-7+7.989974560143637E-14i;1.2808331128086746E-7+7.552869284565964E-16i;-9.897011808193134E-9-3.58789254978074E-14i;1.5541616047145017E-7+4.9548653099050243E-14i;-1.788239662455164E-7-2.458734737252435E-14i;-1.7631823688692683E-8-8.272901144963236E-15i;1.4959591732187353E-7+2.1389997330185236E-13i;-1.3665242368857415E-7+1.911496091497209E-13i;3.453873177565003E-8+2.3943166905216667E-13i;-2.028756096889593E-7-6.146784534952175E-12i;-4.7726115160013755E-8-1.5519056476009778E-12i;1.9719259930366376E-7-9.734033165913892E-13i;-1.4766604951918716E-8+9.422464882522434E-12i;8.256021850223037E-8-3.991665775855513E-12i;-1.8431148256450765E-8-1.4531310837553254E-12i;6.875577379428464E-10-6.949511571039552E-14i
2.7565796659946174E-7+2.909520735678584E-10i;1.1441839101166175E-7+3.9899535209298934E-10i;-6.801149169510762E-8+7.757407611080928E-11i;-2.384817054064356E-7+2.489515265146551E-10i;2.0608747925569603E-7+1.507999427821142E-9i;6.315749107744771E-8+5.625592226525556E-10i;-2.329496433196231E-7-3.1605477609290893E-15i;-7.811199180925443E-8-4.529183734412112E-15i;2.297354715502676E-7+2.8174388701308824E-15i;1.6638672218793323E-7+8.339185847835805E-14i;2.105912729284691E-7+8.624950912344617E-15i;-2.87097572833788E-8-6.130225700334965E-14i;1.7456142663628893E-7+5.4934698054152536E-14i;-2.2975157659715646E-7-3.4832516153891E-14i;-5.608500962040475E-8-5.924826826067822E-15i;1.6018928239538153E-7+2.475725968191165E-13i;-1.9301397175299584E-7+3.898472035832034E-13i;1.5331702081359308E-7+6.247055389867908E-13i;-2.036855600862812E-7-6.924664082754457E-12i;-2.0729137394238936E-8-1.8007011453945405E-12i;2.3157873181674052E-7-1.2467726343646178E-12i;-1.3088724368714694E-7+3.048940993044893E-11i;1.2025638752225165E-7-1.3786507401997433E-11i;-2.068029483010705E-8+5.078370887048975E-13i;-8.07119006762313E-8+5.275906498671044E-14i
2.9787258029777115E-7+3.4185205273247167E-10i;1.0248045853762732E-7+4.6184182393832913E-10i;-8.194032175341098E-8+9.261448551711619E-11i;-2.6214200632065556E-7+2.7195754890281637E-10i;2.0687938812388806E-7+1.5606787756505236E-9i;7.832780490724623E-8+7.015370091141943E-10i;-2.434848782145538E-7-2.3938349680408292E-15i;-8.713293882090262E-8-6.074550497662083E-15i;2.561120978450202E-7-4.9311458463994176E-15i;1.7735160136472838E-7+8.703053049211697E-14i;2.9404500447861544E-7+2.1977663183687353E-14i;-4.7392792372751764E-8-9.169865307472925E-14i;1.9480814421918338E-7+5.733578389457843E-14i;-2.822551922425926E-7-5.487172400864877E-14i;-9.362168401781425E-8-1.1323332859770347E-14i;1.7191870229765958E-7+2.6641617748044526E-13i;-2.4956918119604135E-7+5.794277250925805E-13i;2.7947268122567667E-7+1.0302399198647188E-12i;-2.0982724184586787E-7-7.926353039416777E-12i;7.391720630493064E-9-2.108783643462429E-12i;2.697708053620295E-7-1.5829417615529438E-12i;-2.5186326000897056E-7+5.228160845167777E-11i;1.5742104708858538E-7-2.3922692855761573E-11i;-2.4167557653671822E-8+2.4423061982595467E-12i;-1.6361689455073242E-7+1.5996912652200793E-13i
-1.3068921174933803E-7-6.254067368571067E-10i;3.326048747164621E-7-7.825222949959742E-10i;1.6799521528558587E-7-2.5774399529523595E-10i;1.963021822807495E-7-1.5912281258355406E-10i;1.9766885147224655E-7+6.109059004196549E-10i;-1.9711530839097093E-7-1.87767235639857E-9i;-2.5780692083589245E-7-1.2865507014383868E-14i;5.840011471511842E-8+2.983884558314739E-14i;-2.7570525212595725E-7-8.207191876410633E-14i;1.231103414448999E-7+1.0837280222894706E-13i;2.8918122393409665E-7-1.9583793556767818E-14i;-3.0739271674068083E-8-4.9908585311273174E-14i;-1.366054857322629E-7-8.784209189162891E-14i;-3.299413058007777E-7-9.975500149641152E-14i;-8.227616153216231E-8-1.2573562400303878E-13i;-2.4954808788818096E-7-4.939959121159535E-13i;-1.7738031126991E-7+2.531047139611006E-13i;-2.946336825576147E-7+4.774310311160014E-14i;-1.6375609192708988E-7-6.425538665411459E-12i;1.0478607601701322E-9-1.1147207021055587E-12i;-2.0686053464779766E-7+2.379755614637712E-12i;2.6228320426633105E-7-2.1268373609239736E-11i;2.3566480608325444E-7+8.756809466403443E-12i;-1.4876181667913007E-7-1.4340684040780322E-11i;1.1264489065308763E-7-1.5973595549488812E-12i
-1.0847459822291947E-7-5.745067577652288E-10i;3.2066694235916235E-7-7.196758231831686E-10i;1.5406638474719536E-7-2.427035868809913E-10i;1.7264188117383163E-7-1.3611679000746364E-10i;1.9846076023214362E-7+6.635852479739112E-10i;-1.8194499493744666E-7-1.738694572733975E-9i;-2.470698433379985E-7-1.1805253485984185E-14i;5.235082478329503E-8+2.8619987125817595E-14i;-2.473631374973759E-7-7.432224539110938E-14i;1.1562900729519967E-7+1.0427256476524116E-13i;2.0599183881369543E-7-8.630193116001829E-15i;-1.8250908557569145E-8-2.6207580811776787E-14i;-1.2244129089483543E-7-6.824619146784928E-14i;-2.721750379828597E-7-9.054445181924278E-14i;-4.2390180144987525E-8-9.657184160986495E-14i;-2.2958769387617409E-7-4.155950997417409E-13i;-1.3742317779786851E-7+1.9208593864749837E-13i;-1.6699533748430737E-7+2.6472951534261263E-13i;-1.5849558625895544E-7-6.5857228204655756E-12i;1.9276700222233326E-8-1.3240427117737294E-12i;-1.7845013496332816E-7+1.845365596601471E-12i;1.322370394454812E-7-5.6859428215926014E-12i;1.8086287769369613E-7+1.7429394368839075E-12i;-1.382740077339843E-7-1.1966490855370764E-11i;5.439164606019824E-8-1.3698776747563152E-12i
-8.625998469398484E-8-5.236067786853556E-10i;3.0872901002090964E-7-6.568293514408261E-10i;1.4013755422680425E-7-2.2766317845687238E-10i;1.4898158006830346E-7-1.1311076744541295E-10i;1.992526689760884E-7+7.162645954103473E-10i;-1.6677468146537678E-7-1.5997167889139058E-9i;-2.3773180240518146E-7-1.1158536729778054E-14i;4.632901531081845E-8+2.788403956736714E-14i;-2.1973938686952387E-7-6.068451052737843E-14i;1.0931871324385969E-7+9.599586217155705E-14i;1.236958415164818E-7-1.2626974151559989E-15i;-5.664345233659081E-9-1.7897190034891336E-14i;-1.0904440842982841E-7-4.9525572682807266E-14i;-2.1653380149609027E-7-7.711016070684754E-14i;-1.172945679390063E-9-7.847512449085174E-14i;-2.114922716514264E-7-3.831394967603577E-13i;-9.763372286554865E-8+1.620152619962593E-13i;-4.690016849124389E-8+3.907750436070661E-13i;-1.5736025767303624E-7-6.924993415155443E-12i;3.682521370602416E-8-1.488993188111354E-12i;-1.5294783564692145E-7+1.3220734845933795E-12i;7.2876465819753146E-9+9.02661348685775E-12i;1.2535410213449348E-7-4.904954780001929E-12i;-1.326474051846715E-7-1.0137714310541078E-11i;-2.8380731659923403E-9-1.1913707298159027E-12i
-6.404537116142979E-8-4.727067996355697E-10i;2.9679107771079277E-7-5.939828797705164E-10i;1.2620872373239756E-7-2.1262277001176387E-10i;1.2532127896448726E-7-9.010474488939324E-11i;2.0004457769638482E-7+7.689439426989079E-10i;-1.5160436796657618E-7-1.4607390048704994E-9i;-2.2969755940015984E-7-1.10923173424326E-14i;4.0295360329867796E-8+2.5369174704813636E-14i;-1.921596567362492E-7-5.486397002618297E-14i;1.0397419966230591E-7+9.476100597825863E-14i;4.411105295755854E-8+8.670839914739635E-16i;6.721939891507187E-9+5.7190208030966335E-15i;-9.576398975040972E-8-3.720863533988283E-14i;-1.6282884713159987E-7-6.304799804499345E-14i;4.055756023706652E-8-5.630958883696528E-14i;-1.926349756721782E-7-3.2549757893776916E-13i;-5.764843323204688E-8+6.932511712731361E-14i;5.7147473740238104E-8+4.861861330198506E-13i;-1.5870911917990297E-7-7.2619443256853164E-12i;5.1508037530526304E-8-1.666503358283106E-12i;-1.2872681523801494E-7+7.501645128280661E-13i;-1.0302398022725364E-7+2.1260488353891105E-11i;6.787313603092949E-8-1.0444290524507376E-11i;-1.3024106522261202E-7-8.589350802247026E-12i;-5.460807423380254E-8-1.1110884296477348E-12i
-4.183075762540065E-8-4.2180682060565406E-10i;2.8485314542308606E-7-5.311364081764727E-10i;1.122798932635725E-7-1.9758236155266722E-10i;1.0166097786307318E-7-6.709872234907099E-11i;2.0083648639849004E-7+8.216232898645591E-10i;-1.3643405444255169E-7-1.3217612206084596E-9i;-2.2289814495104352E-7-1.1035952043470344E-14i;3.4224757856518554E-8+2.4484429969146417E-14i;-1.6420137285520428E-7-4.3413611596885805E-14i;9.94731742559426E-8+9.25052592479719E-14i;-3.049719744413049E-8+7.813741665533074E-15i;1.851226461774048E-8+3.035105059199322E-14i;-8.22219602457613E-8-2.4560503871345548E-14i;-1.1196205183675908E-7-4.513195220479082E-14i;8.135228270997505E-8-3.0028722032254865E-14i;-1.7139662128452637E-7-2.8677766042395163E-13i;-1.8350706767630923E-8-7.171489228396495E-15i;1.3603730814691725E-7+5.458996250554833E-13i;-1.614448547452104E-7-7.509724502030151E-12i;6.125902554196878E-8-1.8208268363638765E-12i;-1.0543119098093053E-7+2.59657303556843E-13i;-1.8737789350787135E-7+2.949581966639258E-11i;9.732909309252115E-9-1.4046587170548144E-11i;-1.3016255434862063E-7-7.504532529426537E-12i;-9.500983371345958E-8-1.0529765665759325E-12i
-1.9616144085626774E-8-3.7090684158795217E-10i;2.729152131530167E-7-4.682899366593319E-10i;9.835106282034468E-8-1.8254195308158806E-10i;7.800067676487877E-8-4.409269983145691E-11i;2.0162839508663092E-7+8.743026369278066E-10i;-1.2126374089419567E-7-1.182783436130762E-9i;-2.1728482500071583E-7-1.2085357639276809E-14i;2.810376119135826E-8+2.3124177984019485E-14i;-1.356385653297392E-7-3.2383900608278087E-14i;9.575053951085853E-8+8.853644550925129E-14i;-9.765847292628445E-8+7.08590543339135E-15i;2.9260673518712354E-8+4.1664196239514325E-14i;-6.82301803685298E-8-1.2826689147564492E-14i;-6.549076207956621E-8-3.198618301486701E-14i;1.1940233020001244E-7-1.531249824993782E-14i;-1.4691108885799351E-7-2.7437265035420353E-13i;1.8646640057586494E-8-1.1761206897424604E-13i;1.8249157652485032E-7+4.733123165912045E-13i;-1.6478467193760073E-7-7.660959310493426E-12i;6.450412702504829E-8-1.9437534820429595E-12i;-8.324908047013642E-8-1.8527210728629737E-13i;-2.3609102136552197E-7+3.2406795369851386E-11i;-4.631424957050408E-8-1.522618451217585E-11i;-1.317279656253102E-7-7.116494971574673E-12i;-1.1867001076628277E-7-1.0733034787145663E-12i
2.598469458501848E-9-3.200068625811427E-10i;2.609772808969435E-7-4.0544346519674633E-10i;8.442223240322247E-8-1.6750154459166268E-10i;5.434037567082759E-8-2.1086677332213715E-11i;2.0242030376380597E-7+9.269819839188945E-10i;-1.0609342732176849E-7-1.0438056514470189E-9i;-2.1282438833451783E-7-1.2297874301701314E-14i;2.192863277823143E-8+2.1557454314508972E-14i;-1.0639764978620667E-7-2.466817461007149E-14i;9.277324412153448E-8+8.451835637975004E-14i;-1.5492358934944647E-7+9.089427843860088E-15i;3.8517998366541207E-8+4.68150422119348E-14i;-5.373169416186371E-8-7.934626170305096E-15i;-2.5273080188040487E-8-2.739201143810536E-14i;1.527854190449954E-7-7.732352503297699E-15i;-1.1891804606364706E-7-2.3654498375463874E-13i;5.1412099347605936E-8-2.2259323786457805E-13i;1.9285675329059085E-7+3.876547989362639E-13i;-1.681275866091189E-7-7.664988738292619E-12i;6.047504948923823E-8-1.982924050249609E-12i;-6.245591523983004E-8-5.129093923217454E-13i;-2.4365174568935916E-7+2.944189098453639E-11i;-9.687292606387402E-8-1.3666091575189195E-11i;-1.3427323723404202E-7-7.300860211076626E-12i;-1.222906024446845E-7-1.118733424824446E-12i
2.4813083007714487E-8-2.6910688358533927E-10i;2.490393486518652E-7-3.4259699378671525E-10i;7.04934020128163E-8-1.5246113608171985E-10i;3.068007458187035E-8+1.91934514928146E-12i;2.032122124324608E-7+9.796613308510092E-10i;-9.092311372537198E-8-9.04827866560442E-10i;-2.09494778406903E-7-1.2671321693995617E-14i;1.5703528308200556E-8+2.0080235953896097E-14i;-7.652061195248903E-8-1.887374220585889E-14i;9.053142474649543E-8+7.927738723130155E-14i;-2.0006895268098958E-7+1.4283739866972135E-14i;4.587313376143857E-8+4.778713005992948E-14i;-3.876341681106516E-8-5.040035871703066E-15i;6.838636521939685E-9-3.472087840051553E-14i;1.79680277030741E-7-1.0031852325255673E-15i;-8.765056917113714E-8-1.8474692648642492E-13i;7.801931860286726E-8-2.887201271314306E-13i;1.6809085012972657E-7+2.572406834041823E-13i;-1.7102004264348733E-7-7.510349587039833E-12i;4.9363003536358065E-8-1.9463792257711823E-12i;-4.3181294929588824E-8-6.940291719837503E-13i;-2.1020890652945933E-7+2.0877967951945947E-11i;-1.3850917270738895E-7-9.552020045680786E-12i;-1.3707195803673175E-7-8.036154016887689E-12i;-1.0552384128847435E-7-1.179298693587736E-12i
4.702769656282391E-8-2.182069046015837E-10i;2.3710141641520912E-7-2.7975052243183834E-10i;5.656457164975902E-8-1.374207275510561E-10i;7.019773498987894E-9+2.492536761323597E-11i;2.040041210947049E-7+1.0323406777300614E-9i;-7.57528001050454E-8-7.65850081472948E-10i;-2.072817332684941E-7-1.329146460691067E-14i;9.438512603435381E-9+1.7964576972238422E-14i;-4.613271357672336E-8-1.0360627995727288E-14i;8.903097809324536E-8+7.223169640693413E-14i;-2.3126034241952795E-7+1.0576125402263136E-14i;5.0981572065636195E-8+4.5314825598348864E-14i;-2.3423115763448452E-8-2.1778688282381523E-16i;2.9240010686946935E-8-2.6465743153778825E-14i;1.985461856037535E-7-3.72557577726883E-15i;-5.373792441145645E-8-1.4073768992470555E-13i;9.678757063106209E-8-3.288324426287144E-13i;1.1393157065849344E-7+8.104081352989424E-14i;-1.7313983175240203E-7-7.1590754055549455E-12i;3.231890612011283E-8-1.8342753349509067E-12i;-2.529082536733715E-8-7.323736648715928E-13i;-1.4195149218558866E-7+7.942936478964568E-12i;-1.6822687121796463E-7-3.412430517150065E-12i;-1.3938345972801417E-7-9.200279053111187E-12i;-7.120181888917107E-8-1.2731861632577653E-12i
6.924231012461152E-8-1.6730692563123018E-10i;2.2516348418452782E-7-2.169040511386977E-10i;4.2635741314420164E-8-1.2238031899690862E-10i;-1.664052757687651E-8+4.793139006041344E-11i;2.047960297525027E-7+1.0850200245554556E-9i;-6.05824864609967E-8-6.268722961873371E-10i;-2.0617700136147566E-7-1.2411566660781524E-14i;3.1478296845839894E-9+1.606500946249658E-14i;-1.5414729862087107E-8-6.400010201746405E-15i;8.827882228147045E-8+6.788809546125664E-14i;-2.471938411605388E-7+1.1571748134866125E-14i;5.359908716468347E-8+4.213699140053406E-14i;-7.844054373034143E-9+4.150798248390107E-15i;4.075367800525075E-8-2.6924209359682363E-14i;2.0827078745899585E-7-1.022487672275404E-14i;-1.8106555724909565E-8-6.824009257259173E-14i;1.0649390387637883E-7-3.499136826385985E-13i;4.026364952843819E-8-1.0357235050220679E-13i;-1.742709778462742E-7-6.6694633305875784E-12i;1.1339676164633205E-8-1.6473576334036481E-12i;-8.356882420966635E-9-6.485481755693693E-13i;-5.036113256629044E-8-7.409181858405578E-12i;-1.8380752106984582E-7+3.855903353996481E-12i;-1.4062359588306638E-7-1.0487042498642435E-11i;-2.503634461292683E-8-1.3277021223865072E-12i
9.145692369339742E-8-1.1640694667381247E-10i;2.1322555195691175E-7-1.5405757990616552E-10i;2.8706911005995387E-8-1.0733991041470378E-10i;-4.030082864515211E-8+7.093741249186533E-11i;2.0558793840831526E-7+1.1376993713332747E-9i;-4.541217279445774E-8-4.878945107181681E-10i;-2.061770491434331E-7-1.1738026243829678E-14i;-3.151772095027249E-9+1.4009945207640972E-14i;1.5418135484916522E-8-2.8837734230148064E-15i;8.827651704786607E-8+6.26777061662023E-14i;-2.4719398372741927E-7+1.0976844887932228E-14i;5.360126282524918E-8+3.376925191159322E-14i;7.819026779178624E-9+8.489652949141886E-15i;4.0752468597094505E-8-3.2092669451100546E-14i;2.0827098924504148E-7-2.0323598995554804E-14i;1.8123131183962237E-8-4.73488859118553E-15i;1.0649878112878714E-7-3.5193573207929746E-13i;-4.025959766366511E-8-2.898595903741653E-13i;-1.742948873384989E-7-6.1200839979065575E-12i;-1.1023432109397327E-8-1.4601679995775784E-12i;8.24127922547034E-9-5.500380724438367E-13i;4.949061906827361E-8-2.2799170995634475E-11i;-1.8403984573731528E-7+1.106224348594797E-11i;-1.405052543773651E-7-1.179486592722504E-11i;2.5326090577601038E-8-1.389042364065594E-12i
1.1367153726929825E-7-6.550696772911221E-11i;2.012876197293388E-7-9.121110873080215E-11i;1.4778080723103867E-8-9.229950179826303E-11i;-6.396112970546176E-8+9.394343490943623E-11i;2.06379847064579E-7+1.1903787180709235E-9i;-3.024185910707132E-8-3.4891672508464566E-10i;-2.0728167170739418E-7-1.0879876104986415E-14i;-9.442513232160745E-9+1.2454254335521947E-14i;4.613514728207516E-8+3.1678553257162954E-15i;8.902736657660303E-8+5.6753698260765704E-14i;-2.3125954361741193E-7+7.358343819530525E-15i;5.098685545163417E-8+2.7503569947610612E-14i;2.3400028524436668E-8+1.358550645616604E-14i;2.924022954268509E-8-3.333615899134511E-14i;1.9854609889643002E-7-3.5226491444116137E-14i;5.374833243150514E-8+5.564686703942733E-14i;9.680066488408384E-8-3.294182345569427E-13i;-1.1394427440648197E-7-4.61523190398284E-13i;-1.7321942403600082E-7-5.556214234013288E-12i;-3.2014978800119616E-8-1.242463562830117E-12i;2.5179446992128728E-8-4.0561448023283935E-13i;1.4116010807375947E-7-3.567420962036893E-11i;-1.6889352757929336E-7+1.7065257560625122E-11i;-1.3902623895736278E-7-1.2861173546310411E-11i;7.151776337646594E-8-1.3997957010071385E-12i
1.358861508524484E-7-1.460698879853546E-11i;1.8934968749904446E-7-2.836463761292639E-11i;8.492504644298637E-10-7.725909314044812E-11i;-8.762143075748767E-8+1.1694945731728985E-10i;2.0717175572368815E-7+1.2430580647698968E-9i;-1.507154540038946E-8-2.0993893930317802E-10i;-2.0949454488212796E-7-1.0122122794052318E-14i;-1.570764144484694E-8+1.0952084491196126E-14i;7.652308607715971E-8+1.2126279091819642E-14i;9.052700936527742E-8+5.12222263710546E-14i;-2.000675909657089E-7+7.964713251621177E-15i;4.5878849562378855E-8+2.1789839158020393E-14i;3.874558195303651E-8+2.1975198761680565E-14i;6.842000191250673E-9-1.6375598317632426E-14i;1.796812352527102E-7-2.0205324315508137E-14i;8.765587424078976E-8+8.05037127434294E-14i;7.803018568089683E-8-3.1711133162570954E-13i;-1.6810257166302807E-7-5.900364719735497E-13i;-1.7113983509673878E-7-5.018818658733837E-12i;-4.907060983072553E-8-1.0712824545108294E-12i;4.309024948121231E-8-2.7852069115274684E-13i;2.0954903191229887E-7-4.372651915071554E-11i;-1.3951078067905613E-7+2.0835584766223243E-11i;-1.3653991062147974E-7-1.3477896328250966E-11i;1.0585858536039407E-7-1.3929263339367213E-12i
1.5810076444307201E-7+3.62929901207255E-11i;1.7741175526347625E-7+3.448183345479E-11i;-1.3079579771419564E-8-6.221868443607093E-11i;-1.1128173180092122E-7+1.3995547971923937E-10i;2.0796366438801067E-7+1.2957374114378574E-9i;9.87683240186323E-11-7.096115339196299E-11i;-2.128239585583489E-7-9.025222074184643E-15i;-2.1932835777948264E-8+8.881025355396437E-15i;1.0640087031788338E-7+1.6732273537651627E-14i;9.27681392426277E-8+4.777530611226829E-14i;-1.5492136614708951E-7+5.374247463131235E-15i;3.852296366432213E-8+1.5892469893615893E-14i;5.372052185330155E-8+2.6525125849468245E-14i;-2.5266781188844513E-8-7.936475814996938E-15i;1.5278756305343318E-7-6.929346399056782E-15i;1.1892090656585677E-7+1.2590791181023272E-13i;5.141529307006582E-8-2.8135159499565673E-13i;-1.9286778189079022E-7-5.85353719726494E-13i;-1.6827087243947746E-7-4.586295073591672E-12i;-6.01925743127464E-8-9.61258998123525E-13i;6.23944344031206E-8-2.280689097660529E-13i;2.431866671423723E-7-4.5446069821426435E-11i;-9.804811790326273E-8+2.1622756946798994E-11i;-1.336579137970006E-7-1.3537983229463895E-11i;1.2263403142829455E-7-1.3597810971441447E-12i
1.80315378041645E-7+8.719296903496583E-11i;1.6547382302004266E-7+9.732830448684625E-11i;-2.7008409985618407E-8-4.71782756798358E-11i;-1.3494203283521724E-7+1.6296150211764315E-10i;2.08755573059675E-7+1.3484167580881656E-9i;1.5269082064771636E-8+6.801663263172357E-11i;-2.1728419240331038E-7-7.384013610771494E-15i;-2.8107979960387852E-8+6.9093165670139886E-15i;1.3564220754209368E-7+1.3667171520534593E-14i;9.574462158965808E-8+4.5238079953914806E-14i;-9.765564235336146E-8+4.323921747855207E-15i;2.926491042389462E-8+3.345569509079614E-15i;6.822553418070956E-8+2.8325953749558966E-14i;-6.548117857188896E-8-1.1225905434023831E-14i;1.1940631791702012E-7+1.7756079650273895E-16i;1.4691103406204816E-7+1.9916285205454293E-13i;1.8641915680134007E-8-1.7426887989062356E-13i;-1.8250041877754528E-7-4.20327860421988E-13i;-1.6493529621191806E-7-4.367358587905362E-12i;-6.423012092679313E-8-9.095922549664841E-13i;8.321952949976985E-8-1.9749759606252034E-13i;2.3586260835945935E-7-4.0088779239087664E-11i;-4.7472233409764564E-8+1.9120632310752392E-11i;-1.3113060843195752E-7-1.3179368908623107E-11i;1.190124916292739E-7-1.2618083984154387E-12i
2.025299916485186E-7+1.3809294795066013E-10i;1.5353589076596893E-7+1.601747755006923E-10i;-4.0937240179293596E-8-3.2137866865040224E-11i;-1.586023338599481E-7+1.859675245137682E-10i;2.0954748174111173E-7+1.4010961047406197E-9i;3.043939582052737E-8+2.069944187536535E-10i;-2.2289732968869093E-7-6.94504364768658E-15i;-3.422892606971031E-8+5.332551616057375E-15i;1.6420543239968982E-7+1.5961006398098215E-14i;9.94660878186709E-8+4.3714085938090764E-14i;-3.0493578933689824E-8-4.201162732593165E-16i;1.851552578136224E-8-5.908396329309752E-15i;8.22236821123772E-8+3.003337847701067E-14i;-1.1194962606200235E-7-1.3759132922567598E-14i;8.135855603516907E-8-3.3750889434954742E-15i;1.7139447818522527E-7+2.3559650681404603E-13i;-1.8364717481886647E-8-5.3983062353644285E-14i;-1.360420765797095E-7-2.8676765591043E-13i;-1.615861992902132E-7-4.311348064346795E-12i;-6.099128262202338E-8-9.794429218000681E-13i;1.0543456599407555E-7-2.3381658221081486E-13i;1.8741198763839115E-7-2.7959249562054065E-11i;8.785106000624365E-9+1.3387803405068973E-11i;-1.2968314402111916E-7-1.2479849150180251E-11i;9.534232541653929E-8-1.1949620732827355E-12i
2.247446052643354E-7+1.8899292687490636E-10i;1.4159795849830022E-7+2.230212465185627E-10i;-5.486607035287069E-8-1.709745798578782E-11i;-1.8226263487444864E-7+2.089735469063961E-10i;2.103393904350085E-7+1.453775451422111E-9i;4.5609709590532994E-8+3.459722049648325E-10i;-2.2969666109580812E-7-6.63225289045563E-15i;-4.02993702555622E-8+3.9456939905881626E-15i;1.921642070794371E-7+1.626075936891457E-14i;1.039644619571544E-7+4.274604931331956E-14i;4.4114524836306614E-8+1.8290991005340204E-15i;6.724091408744866E-9-1.6506419565498838E-14i;9.577082076293245E-8+3.2510197259736966E-14i;-1.6281402251696254E-7-1.893705048611745E-14i;4.0568510946365983E-8-7.747288217733936E-15i;1.9263333341577726E-7+2.8122983183998325E-13i;-5.7670541355755866E-8+6.926685856689533E-14i;-5.7150328002573985E-8-6.762978519123635E-14i;-1.5882270319028098E-7-4.450561663229326E-12i;-5.1244398814850076E-8-1.0705030880385021E-12i;1.2875830781838237E-7-3.5456596032890824E-13i;1.0333692102211954E-7-1.0158100434794368E-11i;6.730026327782022E-8+5.0013304451441165E-12i;-1.2997419936642767E-7-1.1542628944170757E-11i;5.4929348750857194E-8-1.1128834230880826E-12i
2.4695921888987974E-7+2.3989290582105586E-10i;1.2966002621368627E-7+2.8586771757043963E-10i;-6.87949005060771E-8-2.0570490360268352E-12i;-2.0592293587778664E-7+2.3197956928821766E-10i;2.1113129914436158E-7+1.5064547981687042E-9i;6.078002337458813E-8+4.849499912592778E-10i;-2.3773084030445347E-7-5.9880183623292445E-15i;-4.633282892283113E-8+2.751476446943314E-15i;2.1974467139026284E-7+1.0611960053868425E-14i;1.0930673355738671E-7+4.370543534275854E-14i;1.2369829923755608E-7+5.696734345835821E-15i;-5.663286586994086E-9-2.7303138735055474E-14i;1.0905664406660607E-7+3.518602203760959E-14i;-2.1651583666702647E-7-3.011749399036793E-14i;-1.1564694212297328E-9-3.255173975176469E-15i;2.1149240920903902E-7+3.3250131670430126E-13i;-9.76643583809037E-8+1.907807932126299E-13i;4.6893620683243325E-8+2.8104204107704133E-13i;-1.5743787918219668E-7-4.780531818577459E-12i;-3.6562869344003224E-8-1.199351505860611E-12i;1.5300721376512613E-7-5.535635206006871E-13i;-6.6895226005663E-9+1.160954402272443E-11i;1.2527687572557026E-7-5.230951961523576E-12i;-1.3264703006215262E-7-1.0547771756791086E-11i;3.150250897922449E-9-1.085014394712109E-12i
2.691738325262299E-7+2.907928847924415E-10i;1.1772209390839309E-7+3.4871418868353986E-10i;-8.272373063781596E-8+1.298335999474508E-11i;-2.295832368688307E-7+2.549855916590957E-10i;2.1192320787268766E-7+1.5591341450139497E-9i;7.595033717318553E-8+6.239277776340015E-10i;-2.470688211171929E-7-5.719152793893297E-15i;-5.235449250110999E-8+2.066608396434959E-15i;2.4736936229960745E-7+9.227475042369373E-15i;1.1561504739337181E-7+4.5148891723017405E-14i;2.0599414808234422E-7+1.3614241789411317E-14i;-1.8251059842983757E-8-3.922834240119247E-14i;1.2245963631494202E-7+4.041739653541331E-14i;-2.721547809136677E-7-4.508148199606196E-14i;-4.236898556592219E-8-3.561911656910832E-15i;2.295903123713626E-7+3.4809959169434573E-13i;-1.3746477434134263E-7+3.289858244513886E-13i;1.669868187480863E-7+5.927768810563152E-13i;-1.5853307372892385E-7-5.257564378563796E-12i;-1.9011938546152698E-8-1.407135335441792E-12i;1.7853850103377022E-7-7.47740778105134E-13i;-1.3136598828670358E-7+3.546049157846193E-11i;1.8135198325414955E-7-1.6453775553946943E-11i;-1.385652328340786E-7-9.615787015795212E-12i;-5.408502674787832E-8-1.028704174341648E-12i
2.913884461724561E-7+3.416928637931342E-10i;1.0578416158001222E-7+4.115606598709768E-10i;-9.6652560749009E-8+2.8023769108154642E-11i;-2.532435378482321E-7+2.7799161401740874E-10i;2.1271511662278768E-7+1.6118134919826947E-9i;9.112065098539951E-8+7.629055640791556E-10i;-2.578057662910568E-7-5.3023327150903E-15i;-5.8404141030943947E-8+1.4691831028556557E-15i;2.757120734904476E-7+5.2950713753744265E-15i;1.230953903003485E-7+4.461515772424499E-14i;2.891836831645946E-7+2.1426988965928024E-14i;-3.074159993492011E-8-5.991673097358882E-14i;1.3663137372249785E-7+4.0591622030627934E-14i;-3.299171987939206E-7-5.876053587742995E-14i;-8.225017102363527E-8-5.871200970603097E-15i;2.495509986520277E-7+3.7072148321947974E-13i;-1.7743674229953612E-7+4.764136721526603E-13i;2.9462278710666487E-7+9.750923025866612E-13i;-1.6375392499866446E-7-5.9147374103192114E-12i;-7.720464643216918E-10-1.624355267314681E-12i;2.0698016750233897E-7-9.927194805437507E-13i;-2.6114159921405835E-7+6.006601747936236E-11i;2.3673887242567813E-7-2.8013625598660857E-11i;-1.493438399097733E-7-9.030009840148613E-12i;-1.1233846735594247E-7-1.0203330290690423E-12i
-1.371733452733223E-7-6.255659225885903E-10i;3.359085747969982E-7-8.328034484443989E-10i;1.5328297662348436E-7-3.2233470718278926E-10i;2.0520065158553775E-7-1.530887471939099E-10i;2.0350458254697816E-7+6.620406335244912E-10i;-1.8432246257089757E-7-1.816303805609127E-9i;-2.664800096920359E-7-1.1202576128845436E-14i;2.9294063569680463E-8+2.640948875483336E-14i;-2.876666014915179E-7-7.091723505082101E-14i;6.30465746830249E-8+6.611570872201797E-14i;2.861525515114591E-7-1.987741498251352E-14i;-1.5098049021847537E-8-4.483442352613238E-14i;-7.037216792298263E-8-7.006416924402763E-14i;-3.600834973908358E-7-1.0055727342312442E-13i;-7.450699847968231E-8-1.4623877742582172E-13i;-2.99581841002466E-7-5.676440241325692E-13i;-9.209282085618727E-8+1.195015952005954E-13i;-3.046114571993343E-7-1.232528553008987E-13i;-8.955965347755797E-8-3.815742050321584E-12i;2.372176923679035E-9-4.696287015450976E-13i;-1.1209323427867486E-7+1.9580766233584243E-12i;2.673874037511201E-7-1.7614757707400453E-11i;2.8727021304701883E-7+7.284792620358455E-12i;-2.38601193801537E-7-1.968706493242191E-11i;5.745440624065788E-8-2.411900153816251E-12i
-1.1495873176448167E-7-5.746659437408088E-10i;3.2397064264473105E-7-7.699569772029401E-10i;1.393541460975161E-7-3.072942990074403E-10i;1.8154035044056219E-7-1.3008272458195385E-10i;2.0429649111975765E-7+7.147199799711504E-10i;-1.691521490668064E-7-1.6773260214093674E-9i;-2.5562000819819775E-7-1.0589117915426225E-14i;2.6258868718885347E-8+2.4807332520575557E-14i;-2.5812483370907314E-7-6.581129577189345E-14i;5.9250712733387946E-8+6.77286604580596E-14i;2.031254423513256E-7-9.058085040621743E-15i;-8.84626143242546E-9-2.204462020469665E-14i;-6.308230391508365E-8-5.320312339824756E-14i;-2.9906242733677754E-7-9.580807753978457E-14i;-3.3223120931663726E-8-1.1244129743558613E-13i;-2.743457840159747E-7-4.818732142171956E-13i;-7.142032297583208E-8+5.992606555101549E-14i;-1.759974511938049E-7+1.206052929942747E-13i;-8.655265913809528E-8-3.7624609022537075E-12i;1.1311800656733805E-8-6.576147068498619E-13i;-9.693894201825878E-8+1.4265980884187447E-12i;1.3199182317411337E-7-2.235320477846831E-12i;2.2067970845077231E-7+3.2483716185473913E-13i;-2.22748847121908E-7-1.7557425571376868E-11i;2.742449679559644E-8-2.17180582685694E-12i
-9.27441182541867E-8-5.23765964890592E-10i;3.120327105027295E-7-7.071105060271206E-10i;1.254253155855246E-7-2.922538908228789E-10i;1.5788004929777684E-7-1.0707670199498525E-10i;2.050883996857367E-7+7.673993263422195E-10i;-1.5398183554998886E-7-1.5383482371022277E-9i;-2.4618473126258176E-7-1.0655433644566489E-14i;2.3237524512248604E-8+2.342953201801065E-14i;-2.2932377157986717E-7-5.754357925938821E-14i;5.6055109921373654E-8+6.820414008125396E-14i;1.2095942667144177E-7-2.152360353104213E-15i;-2.540448558014809E-9-5.2513217002291436E-15i;-5.618765949677783E-8-3.834809588571756E-14i;-2.405130449963769E-7-8.781521286687844E-14i;9.65729504005349E-9-9.158737701111654E-14i;-2.514362847538216E-7-4.329704858702906E-13i;-5.084316876917776E-8+8.743423946433066E-16i;-5.503378652088125E-8+2.9674016864020536E-13i;-8.579849085006337E-8-3.818126800607962E-12i;1.9934616682357923E-8-8.177900013963924E-13i;-8.336315892814288E-8+8.675848994086707E-13i;1.828409731744577E-9+1.2228195485906568E-11i;1.5327816443694313E-7-6.265187862173464E-12i;-2.1433264076785314E-7-1.6198352018203662E-11i;-2.091373005840124E-9-2.0181317406953246E-12i
-7.05295047416479E-8-4.728659860553301E-10i;3.000947783796135E-7-6.442640349176357E-10i;1.1149648509475142E-7-2.772134826206486E-10i;1.342197481572349E-7-8.407067942386059E-11i;2.0588030823765377E-7+8.200786726090892E-10i;-1.3881152201294867E-7-1.3993704526267898E-9i;-2.3807418143017446E-7-1.0257282945463597E-14i;2.0210561923750628E-8+2.2706680534720867E-14i;-2.0056017554811813E-7-4.5817452098868195E-14i;5.335351245332309E-8+6.461588211853012E-14i;4.1480369988382166E-8+1.1765828292787801E-15i;3.667201167497641E-9+9.112133394090137E-16i;-4.935202433044404E-8-2.3758572677072855E-14i;-1.8415723810525098E-7-6.723622433845525E-14i;5.320991349467686E-8-6.754053890574322E-14i;-2.2784068982246758E-7-3.936230859216649E-13i;-3.0172056303874326E-8-1.1860373720111706E-14i;4.98753771189833E-8+4.0806966438240933E-13i;-8.640213276869058E-8-3.921301268078376E-12i;2.7122251532146874E-8-9.138938396985609E-13i;-7.045313406866596E-8+3.6526599836956247E-13i;-1.1302397207068866E-7+2.41729446055353E-11i;8.352734790163702E-8-1.1629175171567531E-11i;-2.1050032814627964E-7-1.533533554730164E-11i;-2.8776116874861E-8-1.883336666262954E-12i
-4.831489122690355E-8-4.2196600722706446E-10i;2.8815684627162134E-7-5.814175638823237E-10i;9.756765462557322E-8-2.621730744049646E-10i;1.1055944701924473E-7-6.106465687728732E-11i;2.0667221677886758E-7+8.727580187851031E-10i;-1.2364120845594275E-7-1.2603926679768806E-9i;-2.3121569399317013E-7-1.0744293799669401E-14i;1.7165206403231108E-8+2.188919819946377E-14i;-1.713936613406299E-7-3.702474770871865E-14i;5.1080141529873716E-8+6.274894824758326E-14i;-3.3043320204796397E-8+4.2692386609081116E-15i;9.57731295730169E-9+1.2316391466892026E-14i;-4.237829921042961E-8-1.3617875501828286E-14i;-1.3088102556917052E-7-5.053581436481532E-14i;9.587306396968769E-8-4.290412149489233E-14i;-2.0173778775621113E-7-3.4532048965833153E-13i;-9.859535923748817E-9-5.996318984028114E-14i;1.2968312378502154E-7+4.682178549847947E-13i;-8.776133660174319E-8-4.002553866793854E-12i;3.183089360721741E-8-1.0050476461349407E-12i;-5.797694113891924E-8-1.0620276520670647E-13i;-2.0068048379015296E-7+3.184945785248149E-11i;1.3011270761664808E-8-1.5018006583749762E-11i;-2.0973885912175796E-7-1.4827459271072194E-11i;-4.957258990250512E-8-1.80547132489367E-12i
-2.610027770967376E-8-3.7106602840087954E-10i;2.762189141752146E-7-5.185710929209054E-10i;8.363882417845217E-8-2.4713266617748254E-10i;8.689914588431011E-8-3.805863435982002E-11i;2.074641253122839E-7+9.254373648868939E-10i;-1.0847089487912456E-7-1.1214148831501037E-9i;-2.2555755115039636E-7-1.1235039107987712E-14i;1.4094750046263298E-8+2.1706338996943514E-14i;-1.4158960413201822E-7-2.869559976795391E-14i;4.920031809346535E-8+6.140639708462145E-14i;-1.0013823221625762E-7+5.208922395878193E-15i;1.4966436894793896E-8+2.2666734919120436E-14i;-3.5170333391669676E-8-2.4103014027207334E-15i;-8.227370280540492E-8-3.170811690468662E-14i;1.3571708073406964E-7-9.313321517005817E-15i;-1.7217281001324655E-7-3.2406339624684334E-13i;9.26269655211848E-9-1.0757729013116099E-13i;1.7713575700892545E-7+4.625116544783362E-13i;-8.945483924781217E-8-4.007074725108006E-12i;3.327312240574983E-8-1.1498591986060935E-12i;-4.601259086441797E-8-5.206033528476568E-13i;-2.509724850113569E-7+3.401652031536631E-11i;-5.4926327162946964E-8-1.587167674270393E-11i;-2.1102923564863246E-7-1.4829738178192798E-11i;-6.171121130736642E-8-1.8310365942079698E-12i
-3.885664189406216E-9-3.201660495776925E-10i;2.6428098208743847E-7-4.557246220103657E-10i;6.970999375409898E-8-2.3209225793094388E-10i;6.323884475304373E-8-1.505261186578227E-11i;2.0825603384001427E-7+9.781167109408945E-10i;-9.330058128228762E-8-9.824370981519456E-10i;-2.2106389725639936E-7-1.1262475902935063E-14i;1.0997329194244557E-8+2.074044396098063E-14i;-1.1107180515531344E-7-1.9899564485680214E-14i;4.7698467839695645E-8+5.804914583926248E-14i;-1.5735170180589917E-7+1.006212076353126E-14i;1.96086420197126E-8+2.2754365576477513E-14i;-2.7700033871681762E-8+2.198879989393405E-15i;-4.0244161947471144E-8-2.7517873270805457E-14i;1.7070009679490822E-7+8.153199030045989E-16i;-1.388614853492733E-7-2.85677864971451E-13i;2.619579074265363E-8-1.6685399740455945E-13i;1.885835476671789E-7+3.763964674023531E-13i;-9.11688226821515E-8-3.986085350924407E-12i;3.105978672912937E-8-1.1694491239725903E-12i;-3.470166367633327E-8-8.295085619281577E-13i;-2.581238468014229E-7+3.010369847737604E-11i;-1.1617135109223787E-7-1.3890338767401916E-11i;-2.134918319362736E-7-1.511673399419277E-11i;-6.347867835957441E-8-1.8726290578113546E-12i
1.832894933450149E-8-2.692660707581221E-10i;2.523430500057976E-7-3.92878151143671E-10i;5.578116335324851E-8-2.1705184966193535E-10i;3.95785436261436E-8+7.953410606861591E-12i;2.0904794236396967E-7+1.030796056962104E-9i;-7.813026766526702E-8-8.434593129845005E-10i;-2.1771073751927123E-7-1.2252363790071392E-14i;7.874994069552682E-9+1.904211142496784E-14i;-7.988488925946952E-8-1.8172150915433313E-14i;4.657020463076253E-8+5.587896500604667E-14i;-2.0245908815913285E-7+1.4216597688277198E-14i;2.3296656546424812E-8+2.5559396791095873E-14i;-1.9986614480475212E-8+1.3887726618487681E-15i;-6.702376591488941E-9-4.219560523962949E-14i;1.988962251633356E-7+6.674227645059389E-15i;-1.0205963218889942E-7-2.1589640544055082E-13i;3.9943053555955974E-8-2.4602063552353307E-13i;1.6497921357950806E-7+2.586837663590634E-13i;-9.266626999557363E-8-3.909591430609892E-12i;2.5285428550136784E-8-1.1633163776372692E-12i;-2.4115800460546486E-8-9.993247048851178E-13i;-2.223020240010635E-7+2.0410413239012843E-11i;-1.6657581292551934E-7-9.247384491852102E-12i;-2.1628241003651684E-7-1.5532862802556523E-11i;-5.469137373608043E-8-1.9223405729851863E-12i
4.0543562862700544E-8-2.1836609194330177E-10i;2.404051179281227E-7-3.300316803272229E-10i;4.185233297662695E-8-2.0201144137117053E-10i;1.5918242504360546E-8+3.095943305855583E-11i;2.098398508858766E-7+1.0834754029513166E-9i;-6.295995402790781E-8-7.044815276483477E-10i;-2.1548269284847636E-7-1.2429611039912622E-14i;4.732749515442346E-9+1.7613465870641832E-14i;-4.816092123475393E-8-8.426575369220902E-15i;4.581509717732327E-8+4.748313148784971E-14i;-2.3362558003147608E-7+1.3740251600598216E-14i;2.5859556288606974E-8+1.763595565523184E-14i;-1.2079643100445086E-8+2.158724455965787E-15i;1.668721415003573E-8-3.6020373143955165E-14i;2.1867937640761325E-7-2.834504521774242E-15i;-6.24477250479154E-8-1.4687018151207682E-13i;4.964434034038191E-8-2.6161385642089573E-13i;1.1204206792592383E-7+8.825112824704158E-14i;-9.376744091344028E-8-3.761425956745743E-12i;1.653555658224701E-8-1.0716205251524877E-12i;-1.418902550383063E-8-9.659910445752435E-13i;-1.499885787136785E-7+6.356752654050311E-12i;-2.0251545944931605E-7-2.548676153502154E-12i;-2.1863048128877226E-7-1.6214097340671086E-11i;-3.683425441947874E-8-1.9502492816326666E-12i
6.275817639577747E-8-1.674661131338765E-10i;2.2846718585234346E-7-2.671852095647511E-10i;2.792350262454448E-8-1.8697103305526704E-10i;-7.742058611619573E-9+5.396545549122236E-11i;2.1063175940752026E-7+1.1361547489092903E-9i;-4.7789640370405394E-8-5.655037421464293E-10i;-2.14370718532828E-7-1.2217293358201653E-14i;1.5777307775168527E-9+1.633727775749312E-14i;-1.6093368353507386E-8-1.3661916086349134E-15i;4.543637434478484E-8+4.092770115361781E-14i;-2.4954688494552274E-7+1.2768096426868804E-14i;2.7174578651373443E-8+1.253750697389323E-14i;-4.0495980324648165E-9+4.924187928804608E-15i;2.8704184986134732E-8-3.3711551814410583E-14i;2.28876752527656E-7-1.0700994952766895E-14i;-2.1027078817589472E-8-7.901728050076798E-14i;5.46671333205551E-8-2.7254061309993734E-13i;3.9627781300447486E-8-1.3309451824740533E-13i;-9.43585862980736E-8-3.536959298722727E-12i;5.80912314519063E-9-9.543760007088473E-13i;-4.726287282333853E-9-8.269393455174406E-13i;-5.3231413271597705E-8-1.0073783807041721E-11i;-2.2132011322289758E-7+5.199713476284558E-12i;-2.1992922965446275E-7-1.6915719833124573E-11i;-1.2852136591368432E-8-1.9907477913347206E-12i
8.497278993417931E-8-1.1656613433129558E-10i;2.165292537761282E-7-2.043387388556757E-10i;1.399467229665465E-8-1.7193062470920575E-10i;-3.1402359721229686E-8+7.697147790679875E-11i;2.1142366793071907E-7+1.188834094839664E-9i;-3.261932669345426E-8-4.2652595648880335E-10i;-2.1437071437457483E-7-1.2107935108708752E-14i;-1.581748529742371E-9+1.5216478316594958E-14i;1.609249895507679E-8+5.431924444801542E-15i;4.543576101927053E-8+3.327002025791193E-14i;-2.495468795803466E-7+9.80320205535684E-15i;2.7175928226092425E-8+5.988377392894813E-15i;4.024064485986637E-9+7.645428183196053E-15i;2.8705240263736508E-8-3.3714688469354073E-14i;2.2887734102535658E-7-2.494256200798955E-14i;2.1018319609331454E-8-4.828142907338582E-15i;5.467099743482579E-8-2.6003640543762545E-13i;-3.963373039278229E-8-3.3505197320403897E-13i;-9.437617659247246E-8-3.2963337564728685E-12i;-5.616784724364063E-9-8.10691339919902E-13i;4.5741152149029504E-9-6.346730168181239E-13i;5.217811578585719E-8-2.6322093020246796E-11i;-2.2157018238277937E-7+1.2808199324325601E-11i;-2.198600133843649E-7-1.755603410160017E-11i;1.331229812559866E-8-2.018206618713759E-12i
1.0718740347804008E-7-6.566615554072572E-11i;2.0459132169697273E-7-1.414922682080523E-10i;6.584199182304297E-11-1.5689021632670993E-10i;-5.506266082416656E-8+9.997750030756897E-11i;2.12215576457497E-7+1.2415134407387372E-9i;-1.7449012998386092E-8-2.87548170689702E-10i;-2.1548272527400974E-7-1.1262843117652034E-14i;-4.736917173040006E-9+1.4134381561227482E-14i;4.8161495596730965E-8+9.097126765571674E-15i;4.5812219356179565E-8+2.818322521602409E-14i;-2.3362511931662071E-7+7.393453399480553E-15i;2.5863333853298217E-8+7.993938692763067E-16i;1.2058559941358365E-8+1.1071130671623957E-14i;1.668858351548731E-8-3.7614292656890617E-14i;2.1868092255756278E-7-3.521146880164454E-14i;6.244361660355005E-8+6.192556471616929E-14i;4.965400502035821E-8-2.428397181271615E-13i;-1.1205127103532267E-7-5.082900377720402E-13i;-9.381139643663697E-8-3.0475797817155285E-12i;-1.635508311456497E-8-6.861695747311654E-13i;1.4056137859705001E-8-4.3136204296363493E-13i;1.4903028231630523E-7-3.973001962394611E-11i;-2.032229616255679E-7+1.9028792865709708E-11i;-2.18444699743857E-7-1.8026232701116963E-11i;3.732514982461555E-8-2.033871280028882E-12i
1.294020170272554E-7-1.4766176762885137E-11i;1.926533896125258E-7-7.864579762528656E-11i;-1.3862988291717782E-8-1.4184980790257653E-10i;-7.872296192038846E-8+1.22983522697311E-10i;2.130074849899754E-7+1.2941927866050341E-9i;-2.2786992870500865E-9-1.4857038476672508E-10i;-2.1771075583756618E-7-1.0477611952746848E-14i;-7.879272351262141E-9+1.3015661370033403E-14i;7.988547057316312E-8+1.5464392126241994E-14i;4.656583848216031E-8+2.4430873306828983E-14i;-2.024583961978944E-7+8.000653675155562E-15i;2.330038985351294E-8-3.3343406066715094E-15i;1.9970518981575154E-8+1.2610137809548137E-14i;-6.699161411678503E-9-3.2805928653454997E-14i;1.9889975203706443E-7-2.810072283359186E-14i;1.0205345408201104E-7+1.0163400255381056E-13i;3.994916688022302E-8-2.2282443114180677E-13i;-1.649866409524942E-7-6.660601822828057E-13i;-9.272777255633284E-8-2.7907024373332597E-12i;-2.511632933180429E-8-6.276136671698845E-13i;2.4008933726432567E-8-2.1162970391758757E-13i;2.2150770732074917E-7-4.793029165867855E-11i;-1.6763325722706093E-7+2.278873035667932E-11i;-2.160122197826437E-7-1.8287429539135202E-11i;5.52043365851086E-8-2.0571229552006567E-12i
1.516166305823069E-7+3.613380200375714E-11i;1.8071545752084054E-7-1.5799327101005156E-11i;-2.779181855494737E-8-1.2680939943132125E-10i;-1.0238326300946549E-7+1.4598954508170142E-10i;2.1379939352988734E-7+1.3468721324411544E-9i;1.2891614439419142E-8-9.592598735892605E-12i;-2.210638406657017E-7-1.0203760059471507E-14i;-1.1001708367065535E-8+1.1794267195157642E-14i;1.1107284631948831E-7+2.0954309103642473E-14i;4.769360774563696E-8+1.7597194885705177E-14i;-1.573504313883323E-7+4.588212111841169E-15i;1.9611820755237597E-8-5.2062932105284254E-15i;2.76902469054399E-8+1.6779196178390167E-14i;-4.023865229944289E-8-2.3514976250712715E-14i;1.7070497122654462E-7-2.1531084116919676E-14i;1.3885518239352537E-7+1.7087883845170819E-13i;2.619519708484703E-8-1.8521668428921416E-13i;-1.8859006518135713E-7-6.688601762691655E-13i;-9.124339092122851E-8-2.586038466476788E-12i;-3.090136034857102E-8-5.450069169318366E-13i;3.463101290392992E-8-7.704473289771638E-14i;2.5756730099816496E-7-4.932801302593684E-11i;-1.1740636643982569E-7+2.3361000225962785E-11i;-2.1317824826469883E-7-1.818676988084106E-11i;6.400594720469916E-8-2.008175244554801E-12i
1.738312441426818E-7+8.703378076323889E-11i;1.6877752541993514E-7+4.704714336933508E-11i;-4.1720648800431425E-8-1.1176899091294628E-10i;-1.260435640918203E-7+1.6899556746253644E-10i;2.1459130207913504E-7+1.399551478254661E-9i;2.8061928178630603E-8+1.2938518738054827E-10i;-2.255574037963432E-7-8.764579336545101E-15i;-1.409917787199826E-8+1.0497706258801584E-14i;1.4159111734503367E-7+2.0805641944878648E-14i;4.91947857088715E-8+1.4316126126133257E-14i;-1.0013653342835816E-7+2.7736522804308285E-15i;1.4968692687613248E-8-9.529410677905859E-15i;3.5166995386165935E-8+1.954310553184229E-14i;-8.226560439152933E-8-2.297228112541446E-14i;1.3572354779444086E-7-1.0802615785593386E-14i;1.7216726116596213E-7+2.5272937834793913E-13i;9.252959530272973E-9-1.1660213234512576E-13i;-1.77139661603285E-7-5.258036466310076E-13i;-8.953326637556956E-8-2.454248230400823E-12i;-3.312364635759422E-8-5.094100616043535E-13i;4.5982598782011297E-8+2.0038910959658546E-14i;2.507057678619193E-7-4.3175482203410236E-11i;-5.6136738649284064E-8+2.0429295024833604E-11i;-2.1072500971291945E-7-1.7884865987093554E-11i;6.224210049708456E-8-1.9259162543055924E-12i
1.9604585770842958E-7+1.3793375952367071E-10i;1.5683959330790317E-7+1.0989361380335098E-10i;-5.564947902959655E-8-9.672858234440223E-11i;-1.4970386516740988E-7+1.9200158983710966E-10i;2.1538321063948315E-7+1.452230824066589E-9i;4.3232241929188824E-8+2.683629735698506E-10i;-2.3121545219949785E-7-8.57922157398401E-15i;-1.7169632577263316E-8+9.704868879671018E-15i;1.7139566877481123E-7+1.923222096867595E-14i;5.107377364515428E-8+7.017746496164369E-15i;-3.3041299817048984E-8+3.662837714799855E-15i;9.57841019637817E-9-1.8080452362027907E-14i;4.238139546098676E-8+1.8787475457019956E-14i;-1.3087016108226994E-7-2.8398837017220378E-14i;9.588146690942172E-8-9.185218377581831E-15i;2.017338709372723E-7+3.141553555811748E-13i;-9.88036872643253E-9+1.2133979627909262E-14i;-1.2968409116315977E-7-2.7862184661111826E-13i;-8.783545079502135E-8-2.4340196600724333E-12i;-3.168838956483085E-8-5.330724511346437E-13i;5.798955917213315E-8+7.476315378845336E-14i;2.0073681124090438E-7-2.981581944982438E-11i;1.2028512485945038E-8+1.4101072179386598E-11i;-2.0949536352540975E-7-1.76206852508569E-11i;5.009771576837663E-8-1.8342433544394093E-12i
2.1826047127985049E-7+1.8883373829266938E-10i;1.4490166118289577E-7+1.727400842195188E-10i;-6.95783092433173E-8-8.168817372272564E-11i;-1.7336416623606799E-7+2.1500761220321786E-10i;2.161751192127408E-7+1.5049101698995886E-9i;5.8402555690212385E-8+4.073407598238335E-10i;-2.3807384317320615E-7-8.417270295743988E-15i;-2.0214934006551563E-8+9.096264240756152E-15i;2.005626441591703E-7+2.0598725497473554E-14i;5.3346215582296954E-8+5.496553426228831E-15i;4.148273363923077E-8+7.242131301979451E-15i;3.6670217454206195E-9-1.839059756400002E-14i;4.936146511547163E-8+1.727375309625055E-14i;-1.8414342810163083E-7-3.612723251839179E-14i;5.3220604921400895E-8-1.2368756357244776E-14i;2.2783894298897937E-7+3.482581401348334E-13i;-3.020514668953172E-8+6.68010450521683E-14i;-4.9873062572830064E-8-1.0057242292173518E-13i;-8.646600080309821E-8-2.4587897788323715E-12i;-2.698453731217814E-8-5.977365499601058E-13i;7.05081934806751E-8+2.3835240760094544E-14i;1.1341728517728778E-7-1.0528607390879373E-11i;8.294743170417036E-8+4.944168398627211E-12i;-2.103603946816572E-7-1.7297515384485686E-11i;2.9290562751795044E-8-1.822449973640761E-12i
2.4047508485691957E-7+2.3973371708149746E-10i;1.3296372904310023E-7+2.355865546379603E-10i;-8.350713944273169E-8-6.664776504928031E-11i;-1.9702446729800147E-7+2.3801363455437826E-10i;2.169670278008636E-7+1.5575895157795325E-9i;7.357286946069322E-8+5.463185461325569E-10i;-2.4618431819717534E-7-8.285706683049164E-15i;-2.3241795951083842E-8+8.634075045879848E-15i;2.2932700954294474E-7+1.8555934003207892E-14i;5.6047115045890054E-8+1.8112666466299883E-15i;1.2096174386079804E-7+1.034184296725975E-14i;-2.5417069614247793E-9-2.274009074992967E-14i;5.6203880526802195E-8+1.883187738179008E-14i;-2.4049640124335504E-7-3.728269616971759E-14i;9.670316449846752E-9-1.1271664876852345E-14i;2.514380622558732E-7+3.932182192966913E-13i;-5.088949114147754E-8+1.7243383837633293E-13i;5.503787103582566E-8+2.2179619641437273E-13i;-8.584987879382019E-8-2.5910157106606152E-12i;-1.980064464447818E-8-6.821835258683093E-13i;8.346086910791051E-8-5.2281237010930845E-14i;-1.099503509573065E-9+1.2906508031739415E-11i;1.5323074225467713E-7-6.140345468993096E-12i;-2.1432385539266432E-7-1.70211761742632E-11i;2.5979283185557223E-9-1.8090390161714835E-12i
2.626896984393833E-7+2.9063369589256834E-10i;1.2102579688679759E-7+2.984330250727187E-10i;-9.743596962900906E-8-5.16073563241368E-11i;-2.2068476835383907E-7+2.610196568876908E-10i;2.1775893640606759E-7+1.6102688617301491E-9i;8.874318323974486E-8+6.852963324874254E-10i;-2.556195958026734E-7-8.318569064890543E-15i;-2.6262824587732543E-8+8.411008959254745E-15i;2.581289221841045E-7+1.796167961316106E-14i;5.9240219009948475E-8+1.848162180904258E-15i;2.0312727271549227E-7+1.5195693785999637E-14i;-8.848596805122272E-9-1.7001834671129314E-14i;6.310332577866073E-8+2.456486709835197E-14i;-2.990434291553149E-7-5.248456205458844E-14i;-3.320616558985849E-8-9.080120428889803E-15i;2.743531497279215E-7+4.135727491831218E-13i;-7.147765839042803E-8+2.6265971180745424E-13i;1.7600032607342244E-7+5.191456075558128E-13i;-8.658246764223638E-8-2.7803592557502604E-12i;-1.11786856808259E-8-8.184084810021128E-13i;9.707025371936095E-8-1.7612445196058323E-13i;-1.3093218331647718E-7+3.8491476298585066E-11i;2.212349222205431E-7-1.8263460577708844E-11i;-2.228962639565415E-7-1.7106921128428527E-11i;-2.6915889164414206E-8-1.868707644260139E-12i
2.849043120260404E-7+3.415336747316841E-10i;1.0908786471268279E-7+3.612794955329001E-10i;-1.1136479980374163E-7-3.656694755080658E-11i;-2.443450694049247E-7+2.8402567919922577E-10i;2.1855084503046458E-7+1.6629482077734776E-9i;1.0391349702621784E-7+8.242741188794274E-10i;-2.6647957569947873E-7-8.132498999103222E-15i;-2.929804159881482E-8+8.0880143570376E-15i;2.8767121256078254E-7+1.4900559875773708E-14i;6.303420805361648E-8+5.377474155333721E-16i;2.8615400764514877E-7+1.8768204478521795E-14i;-1.510214139511611E-8-1.440319508729901E-14i;7.03987721705863E-8+3.2576700774341024E-14i;-3.600612331412976E-7-6.703899115625476E-14i;-7.448514358010834E-8-4.185466632528186E-15i;2.9959409954669814E-7+4.4076676901999157E-13i;-9.21634109152618E-8+3.23183821184285E-13i;3.046122500888922E-7+9.281314918665504E-13i;-8.95695216973411E-8-3.072606141527449E-12i;-2.234787407164184E-9-9.707001945201413E-13i;1.122593601085966E-7-3.3297596561879095E-13i;-2.659974411155573E-7+6.487324169154885E-11i;2.88448672087061E-7-3.06889884802679E-11i;-2.38909669167087E-7-1.762992466188415E-11i;-5.692976950575423E-8-1.939354238340406E-12i
-1.436574787982666E-7-6.257251084157225E-10i;3.3921227486988586E-7-8.830846015666269E-10i;1.3857073794566766E-7-3.8692541901996147E-10i;2.140991208825859E-7-1.4705468163153154E-10i;2.093403136204131E-7+7.131753668829093E-10i;-1.7152961676045113E-7-1.7549352549655519E-9i;-2.6938439844127586E-7-9.426521265684348E-15i;-9.162914461649305E-13+2.1895261600264276E-14i;-2.9168703418098757E-7-6.097156311500068E-14i;2.2818388615569515E-12+2.5279329834376445E-14i;2.85123441332571E-7-1.44648200373317E-14i;8.34466339506984E-12-2.8140778852864383E-14i;1.8639103132362138E-11-4.968911505346517E-14i;-3.7039200091153056E-7-1.0226238741184002E-13i;-7.174852226203403E-8-1.5790514253481524E-13i;-3.168500209139486E-7-5.662118690093541E-13i;5.911762244499518E-11-6.491010301431954E-14i;-3.080870812760908E-7-3.613087345989379E-13i;7.574748924968645E-12-4.94109680488663E-13i;3.654485989292725E-11+2.6384095218739866E-13i;1.1815782234266704E-10+1.330457999575398E-12i;2.6895391229183164E-7-1.624910756606275E-11i;3.051346700271166E-7+6.948589742033677E-12i;-2.712736825393226E-7-2.0522255769027845E-11i;2.5913821403512153E-10-2.6966951217206324E-12i
-1.214428653063747E-7-5.748251298257798E-10i;3.2727434293565104E-7-8.202381309324357E-10i;1.2464190743585022E-7-3.7188501109270905E-10i;1.9043881969933278E-7-1.2404865898396338E-10i;2.1013222199475756E-7+7.658547121468655E-10i;-1.5635930320080567E-7-1.6159574701834149E-9i;-2.5848272768974577E-7-8.130396124454767E-15i;-1.9095274571558296E-12+2.1362409876480947E-14i;-2.6173916518019784E-7-5.351039940380255E-14i;9.40588687389004E-13+2.6478142117947827E-14i;2.0215163666956544E-7-5.484260573573261E-15i;7.335730072217547E-12-2.4740522754138424E-14i;1.7876276602841104E-11-3.565999461137519E-14i;-3.082600693640737E-7-8.788086704042505E-14i;-2.9999414118609225E-8-1.2321818926495606E-13i;-2.897819744439339E-7-5.071369516403436E-13i;5.2155092246365084E-11-5.3913122223563086E-14i;-1.7913116334749794E-7-8.047918472947475E-14i;7.909604877378772E-12-2.9471685543794884E-13i;1.7095576110944E-11+1.6894703345486911E-13i;9.818819388680677E-11+8.931699245604523E-13i;1.3176493049891874E-7-9.391054537718378E-13i;2.3443705388792005E-7-2.6212734873726015E-14i;-2.5338873674699003E-7-1.917524616129145E-11i;2.71443137070728E-10-2.441947887417356E-12i
-9.9228251814292E-8-5.239251512170725E-10i;3.15336411001509E-7-7.573916603568361E-10i;1.107130769350738E-7-3.568446031579026E-10i;1.6677851851914013E-7-1.010426363727727E-10i;2.1092413037286733E-7+8.185340573840575E-10i;-1.4118898963539795E-7-1.4769796853513433E-9i;-2.490146632965625E-7-7.90543964225455E-15i;-2.087622468186062E-12+2.1011583822849292E-14i;-2.3254050845929248E-7-4.392805337946853E-14i;1.0477373257006517E-12+2.6398633339845017E-14i;1.200302391848783E-7+3.8865771461628835E-16i;4.735088179138928E-12-2.1590617061904344E-14i;1.4664664757043847E-11-2.1919996691026515E-14i;-2.4872414429815186E-7-7.496215423799696E-14i;1.3438157993315195E-8-1.031636228815608E-13i;-2.6520666558225977E-7-4.522561106488279E-13i;3.891496949486979E-11-4.1949174486997156E-14i;-5.786713804941837E-8+1.5337656042293985E-13i;5.5717490330446326E-12-1.4214263084158575E-13i;-2.9430376384734763E-12+7.009587665423699E-14i;7.158861078081752E-11+4.297406465400038E-13i;-1.39831136532401E-10+1.3473972843046782E-11i;1.629025236202876E-7-6.6021232770506345E-12i;-2.438980959719198E-7-1.860133365930484E-11i;3.013822749351117E-10-2.2698808170077754E-12i
-7.701363832152514E-8-4.730251726024574E-10i;3.0339847907382503E-7-6.945451898403407E-10i;9.67842464490281E-8-3.418041952086629E-10i;1.4311821734175314E-7-7.803661379036198E-11i;2.1171603874916157E-7+8.71213402573527E-10i;-1.260186760581983E-7-1.338001900419325E-9i;-2.4087855440501814E-7-8.402264313375612E-15i;-2.1457884018889176E-12+2.0834885579896065E-14i;-2.0337852325062347E-7-3.233629176349349E-14i;1.34399616336256E-12+2.7650971246116322E-14i;4.058680609309482E-8+3.4989127086198928E-15i;1.976561312707541E-12-1.452016860286337E-14i;1.1032300176509818E-11-9.370130041690758E-15i;-1.9147406151342573E-7-5.962389140360741E-14i;5.760186215610896E-8-7.246575978159488E-14i;-2.3997704931343173E-7-4.3195250285937473E-13i;2.4884727389123303E-11-6.410751672702265E-14i;4.7342565764907167E-8+2.780424116733134E-13i;3.4026263500168877E-12-2.7565222733121955E-15i;-1.962712271568364E-11+1.3680327406026376E-14i;4.346007639409732E-11-5.868537206976923E-14i;-1.1650291569381095E-7+2.5263922224860407E-11i;8.890125337228479E-8-1.1927321719528294E-11i;-2.3950126971972124E-7-1.8420619616992482E-11i;3.3258657884666874E-10-2.1768666464731356E-12i
-5.4799024827907374E-8-4.221251939794195E-10i;2.914605471520257E-7-6.316987193919836E-10i;8.285541597952291E-8-3.267637872475397E-10i;1.194579161671174E-7-5.503059124180691E-11i;2.1250794712388895E-7+9.238927477142887E-10i;-1.1084836246752974E-7-1.1990241153678122E-9i;-2.3400032705916978E-7-9.018911885423304E-15i;-2.1790445880482065E-12+2.066264105966817E-14i;-1.7380704949954259E-7-2.7096689779244627E-14i;1.774557701479246E-12+2.883356429921694E-14i;-3.390855899241436E-8+6.090925715287404E-15i;-7.517630179965943E-13-9.596343405895742E-15i;7.362934641291688E-12+1.5839183969025185E-15i;-1.3738858110675035E-7-4.467308628377375E-14i;1.0088892774351625E-7-4.187155893957156E-14i;-2.1220086218310826E-7-3.8113124661970424E-13i;1.1662031213229925E-11-6.072695591637615E-14i;1.274702483755741E-7+4.1062020641680234E-13i;1.7457026153054146E-12+1.1479567775031857E-13i;-3.140188371452528E-11-5.5464199760704206E-14i;1.5316118508909947E-11-4.852397166219987E-13i;-2.0524601565031046E-7+3.273815013402755E-11i;1.4118156030658393E-8-1.527004450605028E-11i;-2.384470693254376E-7-1.8497457641547266E-11i;3.577607750887805E-10-2.1132589779028018E-12i
-3.2584411333109316E-8-3.71225215347249E-10i;2.7952261523422135E-7-5.688522490066472E-10i;6.89265855276723E-8-3.1172337927343236E-10i;9.579761499537389E-8-3.20245687277449E-11i;2.1329985549816608E-7+9.765720928184954E-10i;-9.567804886250029E-8-1.0600463301874198E-9i;-2.283271727093279E-7-9.714775752700937E-15i;-2.1981010092791686E-12+2.012681823659904E-14i;-1.4358811008615874E-7-2.077612759106906E-14i;2.225411212658386E-12+3.0805618093301814E-14i;-1.0098112762710785E-7+7.95280543585691E-15i;-3.3157622076383773E-12-1.364887148711321E-15i;3.7484179633531244E-12+7.773380251702185E-15i;-8.806511534352652E-8-3.191006598968541E-14i;1.4133017254899307E-7-1.8166645386729316E-14i;-1.8089211161204397E-7-3.3385590933013965E-13i;1.3538989308530346E-13-6.520831960197299E-14i;1.7526984564100349E-7+4.274015469461175E-13i;8.533888650056884E-13+2.1585253758434262E-13i;-3.642712952906393E-11-1.6313714171583215E-13i;-1.1182540388630131E-11-8.517619153071665E-13i;-2.560482727222598E-7+3.461625321816751E-11i;-5.790631067253373E-8-1.604359424462266E-11i;-2.395994097260812E-7-1.8771679069435958E-11i;3.704633204440902E-10-2.1348001620421356E-12i
-1.0369797836623105E-8-3.203252367083845E-10i;2.675846833186939E-7-5.060057786691038E-10i;5.499775509463675E-8-2.966829712806424E-10i;7.213731382683071E-8-9.018546243568964E-12i;2.1409176387285723E-7+1.0292514379026794E-9i;-8.050773524220002E-8-9.210685448748918E-10i;-2.2382242469990518E-7-1.015273667266249E-14i;-2.19926348098518E-12+1.9178331022649144E-14i;-1.1264466559577152E-7-1.683807672875126E-14i;2.76107444698652E-12+2.950488500546444E-14i;-1.5817752696335964E-7+9.936790555505189E-15i;-5.545277140709552E-12+2.9211122883074623E-16i;1.2730727924232606E-13+1.0283595633859482E-14i;-4.542935640065973E-8-3.104160771065737E-14i;1.7684578501931723E-7+1.1318490860571998E-15i;-1.4576016240238732E-7-2.864644689291924E-13i;-9.01254165522976E-12-9.590482211378765E-14i;1.8709295633793252E-7+3.9799035117046496E-13i;-9.931459133408446E-14+2.4979166597934445E-13i;-3.39246327481066E-11-1.9634713998417692E-13i;-3.491878593022176E-11-1.1105779902558897E-12i;-2.630500215925196E-7+3.03604095216916E-11i;-1.228175603684655E-7-1.392109996914411E-11i;-2.420171782003693E-7-1.9057290335134593E-11i;3.6753259140935274E-10-2.153979624704637E-12i
1.1844815662059818E-8-2.6942525806447414E-10i;2.556467514038584E-7-4.4315930837273067E-10i;4.1068924681507043E-8-2.8164256326590195E-10i;4.847701266192585E-8+1.3987476214028683E-11i;2.1488367224896388E-7+1.0819307829771109E-9i;-6.533742160592439E-8-7.82090759429012E-10i;-2.2046145559554414E-7-1.1392104587590862E-14i;-2.175319476651123E-12+1.798213457743189E-14i;-8.102050783019944E-8-1.3873443934964234E-14i;3.3999370021902887E-12+2.6785870702959273E-14i;-2.0327238018306028E-7+1.396153526088996E-14i;-7.145990867629274E-12-3.809330641863046E-15i;-3.538373531832136E-12+8.47805219420574E-15i;-1.1409251708351238E-8-4.8272446730065114E-14i;2.0547729571449714E-7+1.391478993742611E-15i;-1.0706139240776947E-7-2.1594869746192022E-13i;-1.4996487548265127E-11-1.5794244260186577E-13i;1.6389088910909966E-7+2.966285242286781E-13i;-2.033331812643878E-12+2.2602656389307253E-13i;-2.409437505106384E-11-1.986893174031233E-13i;-5.490386378239483E-11-1.2175739187036454E-12i;-2.264216285595531E-7+2.030675388900272E-11i;-1.7623863277137581E-7-9.092717757157214E-12i;-2.4482299689954084E-7-1.923096221100211E-11i;3.487031227818902E-10-2.1690219238306476E-12i
3.4059429163432025E-8-2.1852527941726926E-10i;2.4370881948820815E-7-3.8031283812072975E-10i;2.7140094289313825E-8-2.666021552283544E-10i;2.4816711501147192E-8+3.699349864779728E-11i;2.1567558062760884E-7+1.1346101280422248E-9i;-5.0167107953096096E-8-6.431129738472366E-10i;-2.1822843680495834E-7-1.1324094371266922E-14i;-2.1118350442445847E-12+1.7029526339461263E-14i;-4.884886494306622E-8-3.831214346923599E-15i;4.640612416745187E-12+1.800862881544396E-14i;-2.3443037996490358E-7+1.1708506840059566E-14i;-7.260288175587691E-12-1.2822848392930677E-14i;-7.435117255105468E-12+5.5368450229433246E-15i;1.2312928247859381E-8-3.829295032825004E-14i;2.2557040090792664E-7-1.9422547436575136E-15i;-6.548776132724648E-8-1.4597497230857159E-13i;-1.5344320959581088E-11-1.578991011041745E-13i;1.1138041017382684E-7+1.2009903875529304E-13i;-9.838157936196481E-12+1.6102040678656157E-13i;-7.211077282197152E-12-1.4776361236364238E-13i;-7.097074340557258E-11-1.1036199478661487E-12i;-1.5274151280052344E-7+5.8255012910494034E-12i;-2.143383826746995E-7-2.1984815138315796E-12i;-2.4722270537378244E-7-1.9345058564413043E-11i;3.136051191902395E-10-2.1426629728650115E-12i
5.6274042667952036E-8-1.6762530076818032E-10i;2.3177088757011067E-7-3.174663679134756E-10i;1.3211263918549776E-8-2.5156174716359494E-10i;1.1564103449967146E-9+5.99995210601678E-11i;2.1646748901012885E-7+1.1872894731004339E-9i;-3.499679428363657E-8-5.041351881315858E-10i;-2.1711403631302322E-7-1.1479432106266717E-14i;-2.0939007542529655E-12+1.6434229124825015E-14i;-1.632442062908608E-8+3.727244070692464E-15i;3.4871493710976323E-12+1.0547281913602813E-14i;-2.5034798741997113E-7+1.1778412954733421E-14i;-9.077862735558769E-12-1.8510700531199163E-14i;-9.658589959267558E-12+7.961668111057818E-15i;2.4502767380522977E-8-3.334420927241921E-14i;2.359309670713979E-7-7.418077874805982E-15i;-2.205267775844393E-8-7.770511905232154E-14i;-2.2192452341136467E-11-1.59714998878398E-13i;3.940002046262974E-8-1.193182145593051E-13i;-3.5954281123051645E-12+1.1907424850792642E-13i;9.972731684108404E-12-1.0711633706479772E-13i;-7.683484028847708E-11-8.979500695113327E-13i;-5.4213603187827505E-8-1.0986909934685178E-11i;-2.3428334107156576E-7+5.699218496635174E-12i;-2.4858802451930977E-7-1.9387706048972137E-11i;2.8209469886448637E-10-2.155917423418606E-12i
7.848865617600304E-8-1.167253221195874E-10i;2.1983295564768393E-7-2.5461989775310595E-10i;-7.175664310850474E-10-2.3652133906706476E-10i;-2.250389080607242E-8+8.300554345339959E-11i;2.1725939739794583E-7+1.2399688181519002E-9i;-1.9826480598112635E-8-3.65157402290018E-10i;-2.1711407921680488E-7-1.1765384809969008E-14i;-2.0765757189046296E-12+1.5756404896660093E-14i;1.6323434758121572E-8+1.0074220432286482E-14i;1.918848125822946E-12+4.877441435108594E-15i;-2.503478002928395E-7+8.956637072069659E-15i;-6.703689261506007E-12-2.1017241109868252E-14i;-1.130239738610503E-11+7.63714819403222E-15i;2.4503405701144636E-8-3.656268293708745E-14i;2.359318819357838E-7-2.0429611098936873E-14i;2.2034736999058166E-8-2.9860239154605173E-15i;-1.3753232288791172E-11-1.6329566258990653E-13i;-3.940619487510725E-8-3.523190213308345E-13i;-4.408960946303624E-12+4.104284117785524E-14i;2.687786342781275E-11-5.769582431818562E-14i;-7.717859960183918E-11-6.602368493377796E-13i;5.3103352068520375E-8-2.754630311119068E-11i;-2.3453775801859402E-7+1.340707968488839E-11i;-2.4858812035838365E-7-1.9300684385445103E-11i;2.510614936053402E-10-2.1932287540854657E-12i
1.0070326968779584E-7-6.582534347893618E-11i;2.0789502371913375E-7-1.9177342765518711E-10i;-1.464639676042718E-8-2.2148093093297652E-10i;-4.616419195180241E-8+1.0601156583026439E-10i;2.1805130579264043E-7+1.2926481631841562E-9i;-4.656166897516774E-9-2.2617961633266702E-10i;-2.1822857288027568E-7-1.1683262610151412E-14i;-2.1113449483839046E-12+1.4984967401085392E-14i;4.884808095514292E-8+1.3879921872076525E-14i;9.679596316368885E-13-1.5794379380751185E-15i;-2.3443017084710714E-7+6.640682515389923E-15i;-6.056484131555725E-12-2.5134868676960065E-14i;-1.1287723401449445E-11+7.419728153600391E-15i;1.2314647507628647E-8-4.6225805217075936E-14i;2.2557292884831708E-7-3.399680912374922E-14i;6.547155651087685E-8+7.037269982974842E-14i;-1.2674400091775767E-11-1.617497197586734E-13i;-1.1138459995325091E-7-5.197771747298374E-13i;-4.715143945863923E-12-3.982807612490216E-14i;3.827559825992533E-11-2.967281238631446E-14i;-6.906098890241025E-11-3.8345507575833373E-13i;1.5172326059142692E-7-4.113814922231653E-11i;-2.1505751542337368E-7+1.9678505197561908E-11i;-2.472234012673955E-7-1.9151040752466405E-11i;2.327020686741959E-10-2.2097982441985756E-12i
1.2291788320345653E-7-1.4925364849400674E-11i;1.959570917828435E-7-1.2892695762653778E-10i;-2.8575227070761277E-8-2.0644052275550962E-10i;-6.982449309207161E-8+1.2901758819599614E-10i;2.1884321419576914E-7+1.345327508189793E-9i;1.0514146816824175E-8-8.720183027346155E-11i;-2.204616995749996E-7-1.0859468361431077E-14i;-2.1678701248980966E-12+1.471057075409723E-14i;8.101901494768708E-8+1.653228065712343E-14i;-9.70376579962495E-13-6.744810502936867E-15i;-2.0327212182933082E-7+8.765304977535594E-15i;-5.088958287939566E-12-2.648558183861304E-14i;-1.0375719887908217E-11+6.8499336440402274E-15i;-1.140659168387211E-8-4.7531641157672824E-14i;2.0548217176768285E-7-2.8470674147998254E-14i;1.0704319467130616E-7+1.4046627277348182E-13i;-1.1045231905566286E-11-1.4635668452356586E-13i;-1.6389269799300257E-7-6.369411372274783E-13i;6.820301997117859E-13-9.387471387959818E-14i;4.331913469510576E-11-1.408503825000316E-14i;-5.6414345630550924E-11-9.448566253434501E-14i;2.255769493758999E-7-4.940031318657944E-11i;-1.7730865327103474E-7+2.345644382741721E-11i;-2.448312262187687E-7-1.888394510507527E-11i;2.2570277718504475E-10-2.191323181439447E-12i
1.45132496722379E-7+3.5974613769431696E-11i;1.8401915983715622E-7-6.608048766713653E-11i;-4.2504057364095474E-8-1.914001145320357E-10i;-9.348479422729684E-8+1.520236105552928E-10i;2.1963512260884184E-7+1.3980068531688787E-9i;2.568446054303938E-8+5.177595586838969E-11i;-2.2382272465888338E-7-1.0940696831180929E-14i;-2.252447106958501E-12+1.449792733686049E-14i;1.1264371066937699E-7+2.1932483120770618E-14i;-1.6150159273931444E-12-1.3341370762014152E-14i;-1.5817692603633525E-7+8.049914653439174E-15i;-3.9329670815259064E-12-2.4557927930852406E-14i;-8.11139144230285E-12+8.818880251123537E-15i;-4.542573256105332E-8-3.838437178802078E-14i;1.768517689629737E-7-2.175116165622094E-14i;1.4574571862045663E-7+2.100303151777066E-13i;-1.029187587875597E-11-1.0969175500041787E-13i;-1.8709389810517118E-7-6.718562567162756E-13i;1.0023075204099455E-13-9.761615507246409E-14i;4.2711887782682675E-11+1.0612348850483535E-14i;-3.680553415423141E-11+1.1939022556668586E-13i;2.6246049657753346E-7-5.06849202285692E-11i;-1.2405843854025486E-7+2.393370298466392E-11i;-2.4202744610014836E-7-1.8599394593031813E-11i;2.2558549004158063E-10-2.162315161108075E-12i
1.6734711024384186E-7+8.687459237917469E-11i;1.720812278808733E-7-3.234017776419329E-12i;-5.6432887643081516E-8-1.7635970626363926E-10i;-1.171450953581983E-7+1.7502963290988452E-10i;2.204270310332526E-7+1.4506861981243782E-9i;4.085477427881366E-8+1.9075374207194002E-10i;-2.283274980289329E-7-9.960742052496487E-15i;-2.336185523870856E-12+1.3869230441471435E-14i;1.435877216601908E-7+2.1642838487888764E-14i;-2.0936921715072418E-12-1.888695704133264E-14i;-1.0098031975986904E-7+6.7632036927708456E-15i;-2.77447467179134E-12-2.0302326852324E-14i;-5.274335966416875E-12+8.20919975807735E-15i;-8.805986653068615E-8-3.931424769249204E-14i;1.413373516773406E-7-1.2413141279967262E-14i;1.8088240093299304E-7+2.9362721765964634E-13i;-1.0931873022588567E-11-5.194605714872257E-14i;-1.7526837750774805E-7-5.699913773343704E-13i;-1.4280818803951438E-12-9.372067208787425E-14i;3.638498655561557E-11+2.6570168198716847E-14i;-1.4192330367491394E-11+2.8018389086868325E-13i;2.5576879297996045E-7-4.4282115397131364E-11i;-5.911213275250905E-8+2.082763763523332E-11i;-2.396110857723609E-7-1.8509758827034785E-11i;2.3034360625004722E-10-2.131607337542488E-12i
1.8956172376762476E-7+1.3777457098868809E-10i;1.6014329591310064E-7+5.961245205957383E-11i;-7.036171790976407E-8-1.6131929795250883E-10i;-1.4080539648512833E-7+1.9803565525591477E-10i;2.2121893946994995E-7+1.503365543072817E-9i;5.6025088022412666E-8+3.2973152832311625E-10i;-2.3400066090976602E-7-1.0485785921524285E-14i;-2.4091932290830572E-12+1.3763401470035989E-14i;1.7380719888836667E-7+2.3092285821392205E-14i;-2.642390911632651E-12-2.7181706941605167E-14i;-3.390759410777532E-8+1.149753432951197E-15i;-1.5719141224255036E-12-2.2013269199232663E-14i;-2.1667739573440176E-12+7.280049019688058E-15i;-1.373812990037876E-7-4.3637044704328085E-14i;1.0089753338028105E-7-2.166803804114932E-14i;2.1219674645127256E-7+3.403095543197379E-13i;-1.258239379974704E-11+2.5804794611966335E-14i;-1.274658003523088E-7-3.9886705508136627E-13i;-3.3605826834466738E-12-9.967996375569686E-14i;2.419467509615658E-11+1.1125058506652005E-14i;9.178851489236959E-12+4.1757756762547293E-13i;2.0531160784096545E-7-3.0546555395747305E-11i;1.3154064884584066E-8+1.4218957552167211E-11i;-2.384608230043917E-7-1.86924620611369E-11i;2.4036575126749894E-10-2.110891660911816E-12i
2.1177633729337876E-7+1.8867454960675682E-10i;1.4820536393317007E-7+1.224589218540113E-10i;-8.429054816595981E-8-1.46278889601378E-10i;-1.6446569760855196E-7+2.21041677588465E-10i;2.2201084791968023E-7+1.5560448880321874E-9i;7.119540177236249E-8+4.687093146122871E-10i;-2.4087888716764016E-7-1.0100410594600247E-14i;-2.4664615154455898E-12+1.376488242790408E-14i;2.0337918633070149E-7+2.253029692630895E-14i;-3.270202945294229E-12-3.194256925359898E-14i;4.058790758091413E-8+7.507592424581801E-15i;-3.257174144340465E-13-1.7432851228344974E-14i;1.0399645410582528E-12+3.8053013013042E-15i;-1.9146447321065714E-7-5.038905200825389E-14i;5.761214123332852E-8-1.980453923396636E-14i;2.3997922392309296E-7+3.9144296837246717E-13i;-1.4908031798787804E-11+6.5562583058476E-14i;-4.733480674494027E-8-1.4277597723350776E-13i;-6.141922850167447E-12-5.6038208543314634E-14i;6.689327586649503E-12-1.3992074606727508E-14i;3.184123333124127E-11+4.791739991691676E-13i;1.1692817160904165E-7-1.0738552131529203E-11i;8.835782601837308E-8+4.815839813015083E-12i;-2.39517975859735E-7-1.8891609705107434E-11i;2.562876512907798E-10-2.0739925496201193E-12i
2.3399095081985356E-7+2.3957452823965486E-10i;1.3626743194091822E-7+1.8530539161332807E-10i;-9.821937841449763E-8-1.3123848121875774E-10i;-1.8812599872987404E-7+2.440476999024653E-10i;2.2280275638308315E-7+1.6087242330139575E-9i;8.636571552651584E-8+6.076871009235647E-10i;-2.490149887578925E-7-1.0386441066103399E-14i;-2.4896631421355063E-12+1.3862225424294215E-14i;2.3254166642948578E-7+2.3477320408742583E-14i;-4.1017596958448605E-12-3.626983306426027E-14i;1.2003147733592375E-7+1.2302878864538531E-14i;9.949234998676026E-13-1.032984788374661E-14i;4.1124303951154015E-12+4.731379697514129E-15i;-2.487120717964475E-7-5.929442846283237E-14i;1.3450314511722348E-8-2.595985179882081E-14i;2.6521559481722924E-7+4.033382165142185E-13i;-1.7330708385896663E-11+1.196214654878937E-13i;5.7878375835245155E-8+1.0810615507477482E-13i;-9.450582782802156E-12+7.159617391536132E-15i;-1.5240759881220602E-11-6.311701074474565E-14i;5.241841366750404E-11+4.747831537986012E-13i;9.224178578019398E-10+1.3219225465195642E-11i;1.6291000351640095E-7-6.624228449429997E-12i;-2.439185463659149E-7-1.938194340323644E-11i;2.7929984425263946E-10-2.1119419758516587E-12i
2.56205564344797E-7+2.904745068917857E-10i;1.2432949993680723E-7+2.481518613369002E-10i;-1.121482086591251E-7-1.1619807281856224E-10i;-2.1178629985149569E-7+2.67053722190044E-10i;2.2359466486061164E-7+1.6614035780292007E-9i;1.0153602928215394E-7+7.466648872404284E-10i;-2.5848304216726735E-7-1.0609611014046721E-14i;-2.3986068655320623E-12+1.4110194475004772E-14i;2.617408011609092E-7+2.192012489198473E-14i;-5.1194529873252586E-12-4.273728618377923E-14i;2.0215299051432522E-7+1.5964472272750016E-14i;2.4914565390034722E-12+1.584312902463946E-15i;6.725117037152796E-12+1.0060412698785078E-14i;-3.0824526545558625E-7-6.784745269175029E-14i;-2.998520305048083E-8-2.1345369936607E-14i;2.8979767929919037E-7+4.371503604021507E-13i;-1.9045961214191585E-11+1.8452562422679867E-13i;1.7914533518615193E-7+4.628154849434322E-13i;-1.3307152089201956E-11+7.818001340586861E-14i;-3.977276948265368E-11-1.1218532517942813E-13i;7.025050836122352E-11+4.207901693864689E-13i;-1.3063553643703365E-7+3.9397195865358336E-11i;2.3506837069360258E-7-1.9062576061259517E-11i;-2.5341323502684314E-7-2.0211369981095275E-11i;3.102910615426406E-10-2.1893818681450795E-12i
2.784201778667865E-7+3.4137448556628056E-10i;1.123915679203006E-7+3.1099833103071116E-10i;-1.2607703890155794E-7-1.0115766440558126E-10i;-2.3544660097488914E-7+2.9005974444827506E-10i;2.2438657335359173E-7+1.7140829230949016E-9i;1.1670634303812767E-7+8.856426735545048E-10i;-2.6938470155258894E-7-1.0602737428839364E-14i;-1.69058679737909E-12+1.3994473196535512E-14i;2.916890937610847E-7+2.1465519925797374E-14i;-7.53802752743273E-12-4.499919074938398E-14i;2.8512482729635257E-7+1.5626438562880273E-14i;5.098672947229564E-12+2.5333133961569466E-14i;6.9663329879553706E-12+1.5826385686654693E-14i;-3.7037411301623925E-7-7.414841465334644E-14i;-7.173180988884168E-8-1.1784280555486112E-14i;3.1687241904704214E-7+4.753772949396924E-13i;-1.540191584923461E-11+2.007454739469461E-13i;3.081035106299115E-7+8.170175326324422E-13i;-1.398154813097017E-11+1.7933158406407534E-13i;-6.677395027409468E-11-1.7778350102127559E-13i;8.056918129078363E-11+3.249601625471638E-13i;-2.6747985015913636E-7+6.632108430637907E-11i;3.064139924747135E-7-3.182490246937472E-11i;-2.713033923130491E-7-2.166986365025782E-11i;3.5849943080409286E-10-2.318192962656978E-12i
-1.5014161232280057E-7-6.258842943643877E-10i;3.4251597495532344E-7-9.33365754410579E-10i;1.2385849925685248E-7-4.5151613083510395E-10i;2.229975901660359E-7-1.410206158828248E-10i;2.1517604466769807E-7+7.643101003686454E-10i;-1.5873677094732081E-7-1.6935667043412703E-9i;-2.664792731135889E-7-5.6893693241377456E-15i;-2.9296648640215084E-8+1.719118324577436E-14i;-2.876689072198613E-7-4.543611742337969E-14i;-6.303926631942843E-8-2.308393875837221E-14i;2.8615047521817137E-7-9.483683001884465E-15i;1.511779736077029E-8-2.3006770652028847E-14i;7.040579398289575E-8-2.658555995866332E-14i;-3.6007587689768187E-7-8.878967193673143E-14i;-7.449807245854856E-8-1.6327396193785238E-13i;-2.9956595353151435E-7-5.320212752771209E-13i;9.22062529401147E-8-1.9073957814940123E-13i;-3.045877501446896E-7-6.690261048247549E-13i;8.955599209565772E-8+2.8551178807780727E-12i;-2.290013851880416E-9+1.0329516495852902E-12i;1.1230083138023356E-7+6.799045186713263E-13i;2.673681571847394E-7-1.7330125197110042E-11i;2.8715169703426104E-7+7.814136760605099E-12i;-2.3889088546088463E-7-1.657830024652393E-11i;-5.702577732098528E-8-2.3456612665614526E-12i
-1.2792699884832141E-7-5.749843160391726E-10i;3.305780432468276E-7-8.705192844070573E-10i;1.0992966876456903E-7-4.3647572316386476E-10i;1.993372889459895E-7-1.1801459320277164E-10i;2.1596795283986665E-7+8.169894444142879E-10i;-1.4356645733201864E-7-1.5545889189726457E-9i;-2.5561925458369655E-7-6.058132320755352E-15i;-2.6262178991167423E-8+1.696273594210971E-14i;-2.5812678439066115E-7-4.2586547767318056E-14i;-5.9244638249010464E-8-1.3811381191452126E-14i;2.0312406171742616E-7-9.648584709814476E-16i;8.861360938667939E-9-1.8173049818584768E-14i;6.311150184915276E-8-1.6624329846603567E-14i;-2.9905504685455625E-7-8.214097893939776E-14i;-3.321726474740749E-8-1.242210177503715E-13i;-2.7433148516386364E-7-4.813523169596787E-13i;7.151173110231695E-8-1.651244311491296E-13i;-1.7598291127381885E-7-3.3773450317730523E-13i;8.654801454970207E-8+3.193827895551949E-12i;-1.1272347162562412E-8+9.553387824171647E-13i;9.710230808150724E-8+2.639375711983898E-13i;1.3198551167897221E-7-2.0201090511845285E-12i;2.205816151152037E-7+7.541824911655338E-13i;-2.2287966344646727E-7-1.6147974963694986E-11i;-2.6955728998034195E-8-2.1606034836239608E-12i
-1.0571238537445654E-7-5.240843376791051E-10i;3.18640111528927E-7-8.076728144578403E-10i;9.600083827679669E-8-4.214353154870084E-10i;1.7567698772945543E-7-9.500857057004389E-11i;2.1675986102472816E-7+8.696687884734293E-10i;-1.283961437168018E-7-1.4156111336019258E-9i;-2.4618397044437466E-7-5.8596059729114005E-15i;-2.3241323479242232E-8+1.7845479525636298E-14i;-2.2932538438821816E-7-3.215733316293747E-14i;-5.6050109717054035E-8-1.2273091399133242E-14i;1.2095889069218928E-7+3.614245011871701E-15i;2.550480622595063E-9-2.5172412221104588E-14i;5.621193256707032E-8-3.5406512438134E-15i;-2.4050615025350646E-7-6.373298666536481E-14i;9.660325915201753E-9-1.0071733454869457E-13i;-2.51424279846544E-7-4.2716460334956333E-13i;5.091136463951867E-8-9.578329096817719E-14i;-5.502848454695918E-8-4.805348079760929E-14i;8.579396604808794E-8+3.5816581295291495E-12i;-1.9935118187414557E-8+9.287490709925603E-13i;8.348156696268806E-8-8.627969478560569E-14i;1.8345041453007806E-9+1.2461973773713868E-11i;1.532001020341572E-7-5.8937712733028865E-12i;-2.1431028159572733E-7-1.644753884390222E-11i;2.616535653453233E-9-2.0003618646647507E-12i
-8.349777190129933E-8-4.731843592905037E-10i;3.067021798037372E-7-7.448263445603663E-10i;8.207200779650478E-8-4.063949077991917E-10i;1.5201668651597618E-7-7.200254798084703E-11i;2.1755176922040686E-7+9.223481325439239E-10i;-1.1322583009859665E-7-1.276633348201706E-9i;-2.3807349327291116E-7-6.706552744719893E-15i;-2.0214545200370137E-8+1.8305825969813184E-14i;-2.0056159469672812E-7-2.243351392239244E-14i;-5.334782446386244E-8-7.846354932618801E-15i;4.1480237420220104E-8+6.720972109470463E-15i;-3.6623398905436894E-9-2.3775034533380036E-14i;4.93693646393224E-8+6.16019628449613E-15i;-1.8415155190822418E-7-5.209830961221048E-14i;5.3211433457123354E-8-7.269632275667225E-14i;-2.2783304356958992E-7-3.999320372063737E-13i;3.0214949382888714E-8-8.717623386005858E-14i;4.987441815801074E-8+1.5605324647675329E-13i;8.639224200674932E-8+3.938438866609141E-12i;-2.715595346427517E-8+9.10758667228131E-13i;7.051915503553335E-8-4.821952877000071E-13i;-1.1301155413979481E-7+2.4369596829080306E-11i;8.346787101253794E-8-1.1318529259483505E-11i;-2.103486476737112E-7-1.6992950524584733E-11i;2.9359491257088733E-8-1.926236011979743E-12i
-6.128315842863534E-8-4.2228438087478195E-10i;2.947642480727985E-7-6.819798747198148E-10i;6.81431773263564E-8-3.913545001008014E-10i;1.2835638530521541E-7-4.899652543560586E-11i;2.1834367742512079E-7+9.750274766167703E-10i;-9.805551647456723E-8-1.1376555627450485E-9i;-2.3121510197286858E-7-7.142293493381677E-15i;-1.7169334563764828E-8+1.8237904572105902E-14i;-1.713953079733702E-7-1.7715704790422707E-14i;-5.107438103850781E-8-4.5817341873814634E-15i;-3.304340089849874E-8+1.1159679682076622E-14i;-9.57772356039606E-9-2.5964348946808914E-14i;4.238964373486068E-8+1.3117279996365446E-14i;-1.3087684320353852E-7-4.237117937006401E-14i;9.587263627575011E-8-4.017563025132213E-14i;-2.0173535755947283E-7-3.61787215280723E-13i;9.880053160214467E-9-6.489010115653963E-14i;1.2967848434238137E-7+3.407809584794846E-13i;8.77513377039413E-8+4.249003922579933E-12i;-3.188874192907283E-8+8.892655729205559E-13i;5.799494467796462E-8-8.44229399376936E-13i;-2.0066409542618876E-7+3.201828454378984E-11i;1.297208079568595E-8-1.4769484617240248E-11i;-2.0948292341227008E-7-1.7585660279744486E-11i;5.020247483502007E-8-1.864084952146129E-12i
-3.906854495608976E-8-3.7138440243652933E-10i;2.8282631633695545E-7-6.191334049319811E-10i;5.421434686868842E-8-3.7631409238933574E-10i;1.0469608409703146E-7-2.5990502931189703E-11i;2.1913558563752574E-7+1.0277068206931528E-9i;-8.288520284229288E-8-9.986777772120994E-10i;-2.255570504433748E-7-8.115596226429042E-15i;-1.4099003434762307E-8+1.8129527031759566E-14i;-1.415914932992531E-7-1.3272558784037668E-14i;-4.9194710808044456E-8-2.2558672658510813E-15i;-1.001381765170323E-7+1.0225978525081204E-14i;-1.497219145354766E-8-2.6981937504572153E-14i;3.5176110793269283E-8+1.76188334437102E-14i;-8.227091772844468E-8-3.390001961553898E-14i;1.3571452983951225E-7-1.9293663940729885E-14i;-1.721749526270755E-7-3.153262692387026E-13i;-9.26249621259771E-9-1.861296207328237E-14i;1.771290260249397E-7+4.0292328670441446E-13i;8.944848743871064E-8+4.442068710351677E-12i;-3.334374081071296E-8+8.333257573394228E-13i;4.598611663183283E-8-1.1078987252810363E-12i;-2.509543597963666E-7+3.415251110077097E-11i;-5.494632531919985E-8-1.5701331357462726E-11i;-2.1070757270876108E-7-1.8151861977129146E-11i;6.237021284569924E-8-1.8850940225102432E-12i
-1.6853931483213868E-8-3.204844239801508E-10i;2.70888384596336E-7-5.562869351876088E-10i;4.0285516425460724E-8-3.612736846602421E-10i;8.103578289146556E-8-2.9844804624735016E-12i;2.199274938568522E-7+1.0803861647791072E-9i;-6.771488919985473E-8-8.596999915903186E-10i;-2.2106348073462987E-7-9.472658133059819E-15i;-1.1001671089680397E-8+1.7550721561147282E-14i;-1.1107394633332281E-7-1.1129119122195455E-14i;-4.7693309911948664E-8-2.055737809814599E-15i;-1.573515714327869E-7+8.489911515621046E-15i;-1.9619767654874353E-8-3.022763031594241E-14i;2.7700264337891082E-8+1.5717394378006726E-14i;-4.024262009114896E-8-3.550168434219884E-14i;1.7069528115181466E-7-4.62191007297642E-15i;-1.3886775902459513E-7-2.6373433134102713E-13i;-2.621472314889628E-8-2.3087005902774975E-14i;1.8857708133048617E-7+4.0240508592806723E-13i;9.116960427075625E-8+4.469002383528676E-12i;-3.112964828746232E-8+7.837633886077086E-13i;3.463513412391577E-8-1.284044426045981E-12i;-2.5810711406738463E-7+3.0207660431086984E-11i;-1.1617245550814131E-7-1.3766088586248657E-11i;-2.1315123176056054E-7-1.8469481677996692E-11i;6.414318069207089E-8-1.8880057806797865E-12i
5.3606819904291964E-9-2.695844455089398E-10i;2.5895045285061936E-7-4.934404654827289E-10i;2.635668599828879E-8-3.4623327691016643E-10i;5.73754816887473E-8+2.002154197475494E-11i;2.2071940208298271E-7+1.1330655088774267E-9i;-5.254457554586834E-8-7.20722205871651E-10i;-2.1771040917269655E-7-1.0600069300646584E-14i;-7.879339585726459E-9+1.655326523733186E-14i;-7.988730085803954E-8-7.004498651942552E-15i;-4.656578736019459E-8-4.2365593866141235E-15i;-2.0245886599433035E-7+1.1524405800457716E-14i;-2.331234597998713E-8-3.2560007711780506E-14i;1.9980577472486442E-8+1.2888737021951024E-14i;-6.7021753567296105E-9-4.53204007644104E-14i;1.9888924337187018E-7+1.891011910858792E-15i;-1.0207030479229668E-7-2.0125768739352624E-13i;-3.997793613813026E-8-5.5134084512211845E-14i;1.6497536818425716E-7+3.049247797061077E-13i;9.267556981273449E-8+4.355582459281461E-12i;-2.533853058699417E-8+7.565324453157619E-13i;2.401431341590495E-8-1.3149060936969347E-12i;-2.2229139869505975E-7+2.052431571605608E-11i;-1.6655884182134877E-7-9.124819049381456E-12i;-2.159743214242136E-7-1.8410889950995747E-11i;5.5328328784820736E-8-1.8800648488931733E-12i
2.7575295465304588E-8-2.1868446702571142E-10i;2.470125210990661E-7-4.3059399581416893E-10i;1.2427855588383434E-8-3.3119286913665323E-10i;3.371518048923245E-8+4.302756438493845E-11i;2.2151131031619853E-7+1.1857448529901936E-9i;-3.737426187943157E-8-5.817444200522804E-10i;-2.1548246010405874E-7-1.0852889625925113E-14i;-4.737026163303928E-9+1.621208100855461E-14i;-4.816291311169635E-8+5.583416164054797E-15i;-4.5812083775665005E-8-1.2431225484543462E-14i;-2.336250575684665E-7+7.54604258117174E-15i;-2.5879088369395017E-8-4.3197870239964255E-14i;1.206705209507603E-8+1.053211348068702E-14i;1.6686045243186007E-8-3.38536344525009E-14i;2.1867093906808356E-7-3.294391571323179E-15i;-6.246024266726763E-8-1.387970739276476E-13i;-4.969264471223731E-8-3.710076180161247E-14i;1.1204539984187978E-7+1.0980617528203338E-13i;9.378788366755204E-8+4.101757913902856E-12i;-1.6559008807511047E-8+7.582335586529836E-13i;1.4060574950760667E-8-1.1284496171336369E-12i;-1.4998839273421732E-7+6.400079978300462E-12i;-2.0248535878846616E-7-2.4779049313087686E-12i;-2.1840384395744087E-7-1.8071524040627363E-11i;3.741612896789031E-8-1.854792081748959E-12i
4.9789908941674355E-8-1.6778448853415299E-10i;2.3507458934049178E-7-3.6774752618352685E-10i;-1.5009748034270563E-9-3.1615246133432007E-10i;1.0054879293202801E-8+6.603358677096135E-11i;2.2230321855735398E-7+1.238424197119083E-9i;-2.22039482000581E-8-4.4276663413083027E-10i;-2.1437058255375136E-7-1.067849101793004E-14i;-1.581796614659097E-9+1.5830206349561557E-14i;-1.6092141715863097E-8+1.0763121314597994E-14i;-4.543357819419705E-8-1.7662521482188932E-14i;-2.495469361686465E-7+7.176856257764581E-15i;-2.719234357506202E-8-4.6140607244680334E-14i;4.0287537348175715E-9+9.367104838066572E-15i;2.8703835510803544E-8-3.103690714782901E-14i;2.2887017862017923E-7-1.1560660121863373E-15i;-2.1029106515627243E-8-7.412894155699562E-14i;-5.4709595578230454E-8-3.6153768184408523E-14i;3.962691740114865E-8-9.161269352122279E-14i;9.437101970936286E-8+3.762496444617515E-12i;-5.7894946664679065E-9+7.376950332154764E-13i;4.5737998852422285E-9-8.885044991356601E-13i;-5.3216669298162794E-8-1.0064611599190437E-11i;-2.212940287194549E-7+5.254625659153652E-12i;-2.19825453115699E-7-1.7362179970755385E-11i;1.3343712204361993E-8-1.83304864838358E-12i
7.200452241966173E-8-1.16884510039144E-10i;2.2313665757362744E-7-3.049010565979407E-10i;-1.5429805176993726E-8-3.011120534985311E-10i;-1.3605421899130344E-8+8.903960913536574E-11i;2.230951268076508E-7+1.2911035412595389E-9i;-7.033634507876623E-9-3.0378884811130516E-10i;-2.1437069623828603E-7-1.1063507420783454E-14i;1.577733642551319E-9+1.5884090190558297E-14i;1.60941004471706E-8+1.6120214275788023E-14i;-4.54338477490586E-8-2.522481154834774E-14i;-2.4954660995135484E-7+9.3286616136176E-15i;-2.71904087918399E-8-4.929000679713802E-14i;-4.048558192433052E-9+7.945553595617553E-15i;2.8703130113032504E-8-3.899936255754635E-14i;2.2887088407417723E-7-1.3638125560883918E-14i;2.101681124478952E-8+9.207190982535459E-15i;-5.470137229584718E-8-4.00964477274558E-14i;-3.962932088799726E-8-3.159653781884345E-13i;9.437881460453113E-8+3.353681733261769E-12i;5.67066650002015E-9+7.073507822388515E-13i;-4.728889991565874E-9-5.879583656206858E-13i;5.218485562808594E-8-2.6344368293928424E-11i;-2.2153976470004452E-7+1.283510314807461E-11i;-2.1989636418944148E-7-1.6588745583750057E-11i;-1.288191350280917E-8-1.842653012744478E-12i
9.421913589929987E-8-6.598453154635175E-11i;2.1119872579716377E-7-2.4205458707195566E-10i;-2.935863553296756E-8-2.860716456239429E-10i;-3.726572308767196E-8+1.1204563148217531E-10i;2.238870350684073E-7+1.343782885398168E-9i;8.136679196330665E-9-1.6481106200249194E-10i;-2.1548277392332965E-7-1.1189727322568164E-14i;4.732760869059221E-9+1.59685156990167E-14i;4.816070245397728E-8+1.8736384332721132E-14i;-4.581254304641028E-8-3.077151555804861E-14i;-2.3362487585507447E-7+1.02713024822978E-14i;-2.587515031941658E-8-4.8253964945409243E-14i;-1.2081321355282498E-8+5.825705065027366E-15i;1.668655561274193E-8-5.134982016100755E-14i;2.1867512311549513E-7-2.6370504206697022E-14i;6.243320726626881E-8+8.618381726321965E-14i;-4.9676965715933205E-8-5.3697580234009126E-14i;-1.1204587144531094E-7-5.298285998865122E-13i;9.381281883343059E-8+2.965542197872079E-12i;1.6429181855226395E-8+6.620715699201701E-13i;-1.4189129729490358E-8-2.5171581432546686E-13i;1.490242397262412E-7-3.9755050996130197E-11i;-2.0319293014536986E-7+1.9007510679164104E-11i;-2.1860252948706864E-7-1.5849785954112018E-11i;-3.6919498047531645E-8-1.8546949175377574E-12i
1.1643374938065637E-7-1.5084553059850452E-11i;1.9926079401002571E-7-1.792081176138016E-10i;-4.3287465872329826E-8-2.7103123770442494E-10i;-6.092602427236868E-8+1.350516538159985E-10i;2.2467894334067178E-7+1.3964622295252889E-9i;2.3306992911599747E-8-2.5833275814940976E-11i;-2.177109314324278E-7-1.1535524603810061E-14i;7.874960192074324E-9+1.5894303355769892E-14i;7.98837808080415E-8+1.851491239836978E-14i;-4.656776542478197E-8-3.543057220582489E-14i;-2.0245924967467932E-7+8.087416214517541E-15i;-2.3309981716289953E-8-4.497002792595185E-14i;-1.999040548715E-8+3.076805185282755E-15i;-6.70096253515527E-9-5.708459647287407E-14i;1.988959798798905E-7-2.835991094424251E-14i;1.0204161507842265E-7+1.6101356341624745E-13i;-3.996838210044995E-8-6.676128058076535E-14i;-1.6497056549859397E-7-6.444304815528858E-13i;9.272894542579851E-8+2.6210318991215815E-12i;2.5199464906323733E-8+6.143839412656998E-13i;-2.4114108770578375E-8+8.319328244846224E-14i;2.214879149765427E-7-4.8011837026793587E-11i;-1.6760519557548328E-7+2.2751424895049777E-11i;-2.1626723397215074E-7-1.508627774954843E-11i;-5.480719630073321E-8-1.8254219175997523E-12i
1.3864836286331409E-7+3.581542541793407E-11i;1.8732286221147106E-7-1.1636164823231521E-10i;-5.721629619764846E-8-2.559908297393161E-10i;-8.45863254537169E-8+1.5805767614080715E-10i;2.2547085162531404E-7+1.4491415736320016E-9i;3.8477306635770787E-8+1.1314451043201541E-10i;-2.21064143276623E-7-1.1644940861876279E-14i;1.0997249134246031E-8+1.6387047577913783E-14i;1.1107090307072819E-7+2.2468509014153283E-14i;-4.7697107967895964E-8-4.282736567125731E-14i;-1.5735178263823921E-7+7.664300654652496E-15i;-1.9619591952840956E-8-4.178402787676289E-14i;-2.7706048337218612E-8+1.6437964944215479E-15i;-4.0241121480940455E-8-5.0680149027091695E-14i;1.707021617662262E-7-2.085453158073168E-14i;1.3884543023396683E-7+2.25391619705142E-13i;-2.621422488708047E-8-4.3227457587864214E-14i;-1.885726466426123E-7-6.994498871186565E-13i;9.124619832494578E-8+2.3774858355465417E-12i;3.0985109268045595E-8+6.031255220877987E-13i;-3.4700271027667904E-8+3.640266073941898E-13i;2.5754747165891737E-7-4.9449822707616865E-11i;-1.1737487839167758E-7+2.326430830060798E-11i;-2.134835780597445E-7-1.464441227605506E-11i;-6.361305720364222E-8-1.8103503576491472E-12i
1.608629763462557E-7+8.671540388646555E-11i;1.753849304009355E-7-5.351517893097755E-11i;-7.114512651169157E-8-2.409504217300379E-10i;-1.0824662663273138E-7+1.810636984595715E-10i;2.262627599232141E-7+1.5018209177159137E-9i;5.364762036657625E-8+2.5212229671822437E-10i;-2.2555782421762999E-7-1.1048815728434229E-14i;1.4094591221684973E-8+1.7018654688263636E-14i;1.4158903001397158E-7+2.2017109295808397E-14i;-4.919998318368509E-8-5.115516558082911E-14i;-1.0013830094304598E-7+9.120116689597033E-15i;-1.497445740595876E-8-3.393148126250376E-14i;-3.517796967234803E-8-3.1796621463528196E-15i;-8.226851978954883E-8-4.843861305493517E-14i;1.3572162470727973E-7-1.715973037474028E-14i;1.7216035103881828E-7+3.025276194217629E-13i;-9.27318505806108E-9-7.922092620327819E-15i;-1.7712321266213594E-7-6.140371413386832E-13i;8.953737746243354E-8+2.239669538392527E-12i;3.319668665867296E-8+5.96723643028169E-13i;-4.601186477866613E-8+5.993047755316452E-13i;2.506896998769774E-7-4.333313386121933E-11i;-5.6101331328010726E-8+2.0262258830983528E-11i;-2.110280342953875E-7-1.4560937046483654E-11i;-6.184382012995421E-8-1.800095500247353E-12i
1.830775898285977E-7+1.37615382353019E-10i;1.6344699857830525E-7+9.331290299110749E-12i;-8.507395681691374E-8-2.2591001368291633E-10i;-1.3190692781029415E-7+2.0406972076835255E-10i;2.2705466823467162E-7+1.5545002617875992E-9i;6.881793410207045E-8+3.911000830283996E-10i;-2.3121597956764924E-7-1.1554869994846535E-14i;1.7164953591457752E-8+1.7095731725141924E-14i;1.7139347608531576E-7+2.1586206985473424E-14i;-5.1080818514958055E-8-6.07306643683226E-14i;-3.304343419776999E-8+5.240739358740487E-16i;-9.581992459544292E-9-2.9415577686741186E-14i;-4.23872439751951E-8-8.964241065524813E-15i;-1.308733241302006E-7-5.575683953953696E-14i;9.588030168923149E-8-3.1492405444917654E-14i;2.0173005342074194E-7+3.4501025788259135E-13i;9.857900734558586E-9+1.5940955616084884E-14i;-1.2966999829823709E-7-4.474446324878085E-13i;8.783980105792955E-8+2.1850651427680412E-12i;3.1739101392464186E-8+5.855679665386691E-13i;-5.7978527223343355E-8+7.528269865159879E-13i;2.007270634741903E-7-3.0043827081001816E-11i;1.206830057829796E-8+1.3826079148421221E-11i;-2.0974498010623396E-7-1.5012663068148113E-11i;-4.968322197157915E-8-1.798073919582175E-12i
2.0529220330907918E-7+1.8851536082400992E-10i;1.5150906674401358E-7+7.217775946224463E-11i;-9.900278711629071E-8-2.108696056069783E-10i;-1.5556722898762325E-7+2.270757430627851E-10i;2.2784657655945027E-7+1.6071796058560536E-9i;8.398824783995943E-8+5.300778693481726E-10i;-2.3807446946195443E-7-1.1511161337077485E-14i;2.0210212077044534E-8+1.811154153698574E-14i;2.0056041135608995E-7+2.4994674839503993E-14i;-5.335524346328476E-8-6.772082903866512E-14i;4.148018911936362E-8+6.284099495499288E-15i;-3.6683022585003554E-9-1.566821701999847E-14i;-4.9362248832183753E-8-1.02743944082911E-14i;-1.8414674146276404E-7-6.231572553590262E-14i;5.321999086925391E-8-3.6809878044509425E-14i;2.2783845114797433E-7+3.884458703028615E-13i;3.018021000131321E-8+2.7343332581243383E-14i;-4.9862347875796997E-8-2.370742560980648E-13i;8.646847462947947E-8+2.3360017683938472E-12i;2.7002494485147548E-8+5.974558735839783E-13i;-7.045932225126164E-8+8.89219586573962E-13i;1.1341585205863772E-7-1.0779266400155387E-11i;8.29926819455058E-8+4.612587211908855E-12i;-2.1051390641796346E-7-1.5857315408433612E-11i;-2.8847313119987462E-8-1.8060107939800214E-12i
2.2750681678550854E-7+2.3941533930847717E-10i;1.3957113489918695E-7+1.3502422855993303E-10i;-1.1293161741377128E-7-1.9582919751807816E-10i;-1.7922753016677378E-7+2.5008176533266157E-10i;2.2863848489690116E-7+1.659858949929249E-9i;9.915856157727123E-8+6.690556556614064E-10i;-2.4618501582771533E-7-1.2515858390408558E-14i;2.3237075528573473E-8+1.818358756046405E-14i;2.293244510424147E-7+2.520906179821312E-14i;-5.605794156519439E-8-7.530568880720994E-14i;1.209591709393054E-7+8.407184720737782E-15i;2.543040565804897E-9+6.745744936582262E-15i;-5.6199256240123055E-8-1.0326036751041991E-14i;-2.404995127028326E-7-6.845231817875001E-14i;9.670327482996748E-9-4.115348051278694E-14i;2.514399018043818E-7+4.0841484279627307E-13i;5.0861681185029507E-8+4.3196158183747975E-14i;5.5045832381104794E-8+2.0942070249880035E-14i;8.584662359331434E-8+2.613779053865562E-12i;1.9776362909494498E-8+5.793983128905635E-13i;-8.337599883313749E-8+9.175035469779002E-13i;-1.0919644482313036E-9+1.2575091142200143E-11i;1.5328010297339362E-7-6.594654400407114E-12i;-2.143536597744516E-7-1.7068537076308608E-11i;-2.110795832600293E-9-1.904184683647335E-12i
2.497214302543513E-7+2.903153178066604E-10i;1.276332030458333E-7+1.978706975785127E-10i;-1.268604477145132E-7-1.807887894365586E-10i;-2.0288783135098338E-7+2.7308778757202686E-10i;2.294303932459737E-7+1.7125382940035209E-9i;1.1432887531021244E-7+8.080334419453852E-10i;-2.5562028280357854E-7-1.2998973317144212E-14i;2.6258315641569238E-8+1.890736522599125E-14i;2.5812593797722983E-7+2.6636966816059713E-14i;-5.9254703222819685E-8-8.320773792016135E-14i;2.0312509881988517E-7+1.6217423725541135E-14i;8.85256245261179E-9+3.341497097167622E-14i;-6.309541598158735E-8-6.244916227060274E-15i;-2.990455825526491E-7-7.48736653286293E-14i;-3.32069924869475E-8-3.046697070106352E-14i;2.7435524633927067E-7+4.292222402529063E-13i;7.144939298564395E-8+7.439803421497665E-14i;1.7600779936200167E-7+3.5820722797613673E-13i;8.657903351587132E-8+2.9912716821407948E-12i;1.1106950199645032E-8+5.892665854091682E-13i;-9.696005426567104E-8+9.267790989058031E-13i;-1.3091992386107982E-7+3.811334239596235E-11i;2.2129027531476558E-7-1.8763405934104744E-11i;-2.227768035277389E-7-1.863862374767838E-11i;2.746325833814548E-8-2.0187497818101484E-12i
2.719360437129696E-7+3.4121529632405055E-10i;1.1569527118462259E-7+2.6071716651869936E-10i;-1.407892780211616E-7-1.6574838137526947E-10i;-2.2654813254213762E-7+2.9609380977184355E-10i;2.3022230160647492E-7+1.765217638087552E-9i;1.2949918903674967E-7+9.470112281886632E-10i;-2.6648027442529697E-7-1.3994069547672564E-14i;2.9293590383205685E-8+1.9782522602668854E-14i;2.876681286794945E-7+2.8272360385422153E-14i;-6.305210049812665E-8-9.105673763406932E-14i;2.8615208359632717E-7+1.4555004929565125E-14i;1.5108382444740308E-8+6.556762428556113E-14i;-7.038757106603863E-8-2.7180555069059596E-15i;-3.6006310068293877E-7-7.548212037545808E-14i;-7.448754032693005E-8-2.1192292661072188E-14i;2.9959707032570055E-7+4.5282279756305547E-13i;9.213394550281973E-8+7.127937655508219E-14i;3.0461946414320256E-7+6.628956734773066E-13i;8.956418595881611E-8+3.4374649596169656E-12i;2.1139140337257594E-9+6.249311046526331E-13i;-1.1212509282864654E-7+9.069996033812474E-13i;-2.659826918693467E-7+6.43713520732555E-11i;2.885139692851725E-7-3.13128503507633E-11i;-2.386363891015253E-7-2.0737521263343806E-11i;5.7554647779005155E-8-2.188103757160787E-12i
-1.5662574584609387E-7-6.260434804848642E-10i;3.458196750865569E-7-9.8364690702575E-10i;1.0914626056848493E-7-5.161068426452121E-10i;2.3189605943174352E-7-1.3498654992019357E-10i;2.2101177565697424E-7+8.154448338204531E-10i;-1.4594392511455842E-7-1.632198153582098E-9i;-2.5780542818876695E-7-1.4720230318779714E-15i;-5.840331193414808E-8+1.0288035528917538E-14i;-2.7570880613469146E-7-3.334879870830089E-14i;-1.230999551089357E-7-6.694370675292591E-14i;2.8917837998268135E-7-3.563575193897157E-15i;3.076229543579339E-8-7.596088240225303E-15i;1.366329546684955E-7-6.888306896882899E-15i;-3.299264753118997E-7-7.330374382066518E-14i;-8.225685191349514E-8-1.489592876450911E-13i;-2.4951680239790836E-7-4.5008657827258494E-13i;1.77478852880292E-7-3.3448519420637244E-13i;-2.945927890535795E-7-9.43660978640458E-13i;1.6373453248860087E-7+5.5777045878131026E-12i;-9.538923584358158E-10+1.607737278626352E-12i;2.0701490420794982E-7-1.0551434307586656E-14i;2.6224459826903127E-7-2.0685687427097E-11i;2.3544092309992314E-7+9.765712932618188E-12i;-1.4934620978901763E-7-8.228343119459372E-12i;-1.1244162759829715E-7-1.4520013792125092E-12i
-1.3441113238992159E-7-5.751435024196739E-10i;3.338817436049618E-7-9.208004376736146E-10i;9.521743009247E-8-5.010664352421598E-10i;2.0823575817739502E-7-1.1198052721918689E-10i;2.2180368362998248E-7+8.681241766454413E-10i;-1.3077361144742022E-7-1.4932203676558679E-9i;-2.470684892876222E-7-2.906910897093181E-15i;-5.2353713362550455E-8+1.1243781974778293E-14i;-2.4736682055751516E-7-3.0793139819293326E-14i;-1.1561846879204694E-7-5.509369881956992E-14i;2.0598950120868694E-7-2.1884759375845264E-15i;1.826718826478445E-8-1.054671620565791E-14i;1.2246236237551418E-7+1.8552107161054445E-16i;-2.721633352580288E-7-6.526171372288447E-14i;-4.237586146755407E-8-1.1593320689180322E-13i;-2.2956517454407364E-7-4.0266497738731324E-13i;1.3749578180720345E-7-2.625330329437311E-13i;-1.6696963896793584E-7-5.733681617576586E-13i;1.5847210079205213E-7+6.082218016132276E-12i;-1.9229570118104718E-8+1.5774788530007051E-12i;1.7856406585742308E-7-3.1689443437307665E-13i;1.3222018228750419E-7-5.225888737294959E-12i;1.8068314453414993E-7+2.5730007502350696E-12i;-1.385672561197506E-7-9.028890223880201E-12i;-5.4131673513407074E-8-1.378356482592604E-12i
-1.121965189347159E-7-5.242435243035059E-10i;3.219438121042319E-7-8.57953968367E-10i;8.128859961628133E-8-4.860260278319003E-10i;1.8457545692639356E-7-8.897450457470595E-11i;2.2259559162341695E-7+9.208035195203029E-10i;-1.1560329778555033E-7-1.3542425817685862E-9i;-2.3773047664344387E-7-3.718967078574573E-15i;-4.6332266583385796E-8+1.2496805670761664E-14i;-2.1974264589286407E-7-2.4093909270188395E-14i;-1.0930958876523294E-7-4.6771300485705993E-14i;1.2369425383739854E-7+3.3257421531697653E-15i;5.675113804606298E-9-1.6043225032643352E-14i;1.0906132189420849E-7+1.08168437663996E-14i;-2.1652289058618633E-7-5.3241217906029365E-14i;-1.1637133870391723E-9-8.978242400983216E-14i;-2.1147471354043163E-7-3.610210040387892E-13i;9.768545446577583E-8-1.7220454913341455E-13i;-4.6888437981850886E-8-2.3489633757374216E-13i;1.5733832987292018E-7+6.691345046707339E-12i;-3.6820297261901906E-8+1.592680661078566E-12i;1.5302614117717427E-7-6.049867398950602E-13i;7.29042854838211E-9+9.388919672393102E-12i;1.2521071553978643E-7-4.231029418392118E-12i;-1.3264391064907857E-7-1.0176747892635757E-11i;3.15737256709572E-9-1.3062463757678756E-12i
-8.998190548122731E-8-4.733435461366053E-10i;3.1000588058236024E-7-7.951074991015306E-10i;6.73597691401586E-8-4.709856204137144E-10i;1.609151556781922E-7-6.596848198615132E-11i;2.2338749963921545E-7+9.734828624614647E-10i;-1.0043298412896388E-7-1.2152647959182087E-9i;-2.2969627658049888E-7-4.478415171195673E-15i;-4.0298944159400084E-8+1.3959231175621185E-14i;-1.9216270528794897E-7-1.6715066373779635E-14i;-1.0396643508224638E-7-4.304247911500172E-14i;4.411099771922606E-8+8.873743071893967E-15i;-6.716656789696549E-9-2.7932147680810995E-14i;9.577694657375959E-8+1.8903552486827712E-14i;-1.6281977263391985E-7-4.790829880131384E-14i;4.056087519582449E-8-6.866561392472132E-14i;-1.9262306585085724E-7-3.310556825032428E-13i;5.768088759350644E-8-1.0889158302605195E-13i;5.714458505305234E-8+4.057613366189899E-14i;1.5869002155070482E-7+7.291723748159791E-12i;-5.1539720399768E-8+1.6331749210756862E-12i;1.2876982604630103E-7-8.615323342484504E-13i;-1.0299958474720546E-7+2.1609700335758315E-11i;6.776819965674015E-8-9.844562104623696E-12i;-1.2996630389436102E-7-1.1487306089202517E-11i;5.498462825344757E-8-1.233201071927611E-12i
-6.776729202931168E-8-4.2244356792406294E-10i;2.980679490431982E-7-7.322610298846123E-10i;5.3430938667664076E-8-4.5594521298608766E-10i;1.372548544323536E-7-4.296245945232175E-11i;2.2417940767379547E-7+1.0261622054505168E-9i;-8.526267047384456E-8-1.0762870100703754E-9i;-2.228969308079371E-7-4.9506519437878716E-15i;-3.422860774209197E-8+1.4545265030543166E-14i;-1.6420448106975515E-7-1.1234756282784851E-14i;-9.94671865896103E-8-4.005964228810675E-14i;-3.0496610464975547E-8+1.0058470598154969E-14i;-1.8512506791403535E-8-4.42679841937959E-14i;8.223112552956266E-8+2.194623341444684E-14i;-1.1195421791032544E-7-4.077788432927874E-14i;8.13502196386391E-8-3.7016592579627873E-14i;-1.713910958881903E-7-2.975841090184023E-13i;1.8364670712408214E-8-4.28399602494564E-14i;1.3602718721679858E-7+2.83168965877909E-13i;1.614320112027728E-7+7.787164781967504E-12i;-6.131757584162902E-8+1.6607907466290187E-12i;1.0543997834570276E-7-1.1009803275271753E-12i;-1.8734286509040457E-7+2.9767197371170735E-11i;9.664951597765984E-9-1.3600382000507111E-11i;-1.2966907746359043E-7-1.2665461107589728E-11i;9.543393643418026E-8-1.1901327687818813E-12i
-4.555267857863378E-8-3.71543589674574E-10i;2.861300174902671E-7-6.694145607120042E-10i;3.950210820229463E-8-4.409048055462683E-10i;1.1359455318857363E-7-1.995643696606846E-11i;2.249713157236378E-7+1.0788415484785717E-9i;-7.009235681646444E-8-9.373092241961871E-10i;-2.172837843380979E-7-6.109196601674528E-15i;-2.8107767937375633E-8+1.5101391656017046E-14i;-1.3564186867917343E-7-3.823884821107567E-15i;-9.574499139248135E-8-3.664074652632657E-14i;-9.765812757393694E-8+8.96909893125352E-15i;-2.9266237092914348E-8-5.5385199492210864E-14i;6.823424693520576E-8+2.3701237484259193E-14i;-6.54848333859746E-8-2.884041295162008E-14i;1.1939685488061777E-7-1.8770074161719617E-14i;-1.4691360955662278E-7-2.7230732659545424E-13i;-1.865143948859672E-8+2.2446560093467297E-14i;1.8247897873808627E-7+3.5415822764496884E-13i;1.6477544092031506E-7+8.076042497389177E-12i;-6.4576614384477E-8+1.6724794828577916E-12i;8.322107759114494E-8-1.2662872727630319E-12i;-2.3605429262921435E-7+3.260899876669981E-11i;-4.6348487755384524E-8-1.4918492992958923E-11i;-1.3110813866362414E-7-1.3570732397084847E-11i;1.191241670586521E-7-1.1927192705218447E-12i
-2.333806512883571E-8-3.2064361139538767E-10i;2.741920859256229E-7-6.065680915785172E-10i;2.5573277746867687E-8-4.25864398089904E-10i;8.993425194673959E-8+3.049585479214988E-12i;2.2576322378647152E-7+1.1315208915426938E-9i;-5.4922043153960954E-8-7.983314382755594E-10i;-2.128235476747547E-7-7.823798436042612E-15i;-2.1932739412963606E-8+1.5054863481563864E-14i;-1.0640122411446849E-7-3.0828542956268407E-16i;-9.276805883655248E-8-3.5217174378729436E-14i;-1.549231421201291E-7+9.620084114825361E-15i;-3.85284988489753E-8-6.253994623669003E-14i;5.373046101669033E-8+2.1909988006558858E-14i;-2.5269834552941292E-8-3.052277871613108E-14i;1.5277641272204842E-7-7.641964221945452E-15i;-1.1892837989215446E-7-2.2766958117141026E-13i;-5.143287082692691E-8+5.127869146823266E-14i;1.928435733354931E-7+3.902357798666796E-13i;1.6812364040303196E-7+8.13197810546316E-12i;-6.054649924028934E-8+1.6534616257997948E-12i;6.239489464522042E-8-1.3311721777612306E-12i;-2.436169459862124E-7+2.960417336959815E-11i;-9.687447741059609E-8-1.3449480994146728E-11i;-1.3362414455655642E-7-1.384879322493307E-11i;1.2274800335706345E-7-1.1782659550657135E-12i
-1.1234516795854766E-9-2.697436330919771E-10i;2.6225415435018776E-7-5.437216224781727E-10i;1.1644447303591028E-8-4.1082399061281177E-10i;6.62739507069151E-8+2.605560788995392E-11i;2.2655513186116279E-7+1.1842002346426768E-9i;-3.9751729484272394E-8-6.593536522952018E-10i;-2.0949414006129786E-7-8.710197635984243E-15i;-1.57076717625499E-8+1.4963251241301168E-14i;-7.65241952044126E-8+6.027461927511095E-15i;-9.052689717578408E-8-3.781037635787998E-14i;-2.000684363278669E-7+1.1114128144051871E-14i;-4.588840182427385E-8-6.809349328954714E-14i;3.8756614361898106E-8+1.8076179651644048E-14i;6.839140947451662E-9-3.0873951456979285E-14i;1.7966783533476685E-7-4.15227359880495E-15i;-8.766716638640907E-8-1.7024313160095195E-13i;-7.805432653638043E-8+6.460145525740705E-14i;1.6808074679950997E-7+3.2341079838926406E-13i;1.7102409354425758E-7+7.913163544292546E-12i;-4.9419269630143104E-8+1.6200114506857821E-12i;4.309244780165513E-8-1.2500308066276079E-12i;-2.101809246027599E-7+2.1029455096525473E-11i;-1.3848033239406225E-7-9.363142201404003E-12i;-1.364910930189462E-7-1.354079570663645E-11i;1.0595910204377676E-7-1.134255370808582E-12i
2.109116176924431E-8-2.1884365476949316E-10i;2.5031622276377897E-7-4.808751534116388E-10i;-2.2843831260814635E-9-3.9578358311211147E-10i;4.2613649469158425E-8+4.906163026962962E-11i;2.2734703994771431E-7+1.2368795777797864E-9i;-2.4581415806209917E-8-5.203758662479206E-10i;-2.072813002245665E-7-8.6783794693449E-15i;-9.44261712771541E-9+1.5281108671547335E-14i;-4.613596722251479E-8+1.3559297271681225E-14i;-8.902709687710625E-8-4.4171980372302973E-14i;-2.3125976110727397E-7+9.565632322845706E-15i;-5.1001158684837856E-8-7.837548698233368E-14i;2.3410395339408226E-8+1.504491654785453E-14i;2.9237665730234366E-8-2.1983508182376438E-14i;1.9853086658363094E-7+1.3716312467042004E-15i;-5.375943433035205E-8-1.039696311562676E-13i;-9.683512935393888E-8+9.785636749309148E-14i;1.1392738173139178E-7+2.027150504260089E-13i;1.731514397416609E-7+7.45785446494147E-12i;-3.234815938028578E-8+1.5640100715595607E-12i;2.518020854976178E-8-1.0304218330134574E-12i;-1.419348827956369E-7+8.050704919141112E-12i;-1.6817189139228537E-7-3.243353312603621E-12i;-1.3896091058875745E-7-1.2740144540783903E-11i;7.159364889918992E-8-1.0892314458166851E-12i
4.330577521781836E-8-1.6794367643275109E-10i;2.3837829116573233E-7-4.180286843764639E-10i;-1.6213213540954997E-8-3.8074317558067045E-10i;1.8953348233620795E-8+7.206765262315581E-11i;2.281389480464499E-7+1.2895589209559288E-9i;-9.411102118884674E-9-3.813980801294653E-10i;-2.0617683271984675E-7-9.640638376328366E-15i;-3.151858015650687E-9+1.5504296522248288E-14i;-1.5419136507787994E-8+1.839813319847804E-14i;-8.827501611242912E-8-4.7704305830621E-14i;-2.471933579653812E-7+7.518235053123009E-15i;-5.361757851103359E-8-7.831601443633445E-14i;7.826735767770454E-9+1.3965469792265666E-14i;4.074880613947829E-8-2.43706551656685E-14i;2.082563767307574E-7+2.9593001180532054E-15i;-1.813816818688641E-8-4.676930791986041E-14i;-1.0653572410772815E-7+8.370260831614922E-14i;4.025560417141022E-8-1.9911296701423743E-14i;1.7427744179295794E-7+6.8535119842516434E-12i;-1.1329311015319752E-8+1.4760678384034238E-12i;8.23995496380282E-9-7.731172749464077E-13i;-5.0358132117168316E-8-7.400027524934157E-12i;-1.837453433054135E-7+3.951445345911106E-12i;-1.4044252209866014E-7-1.1429709008485504E-11i;2.5358739191168836E-8-1.0774699701137373E-12i
6.552038866633388E-8-1.1704369808769846E-10i;2.2644035955549293E-7-3.551822153829726E-10i;-3.01420439403592E-8-3.657027680132743E-10i;-4.706952999478266E-9+9.507367495351246E-11i;2.2893085615798518E-7+1.3422382641610037E-9i;5.759211578119584E-9-2.424202939400018E-10i;-2.0617686042190796E-7-1.035478245831811E-14i;3.1477035337960836E-9+1.5964977535121655E-14i;1.5412105904638093E-8+2.2349826110764664E-14i;-8.827769088323237E-8-5.380600614744645E-14i;-2.471932221908923E-7+8.109022074586383E-15i;-5.361553150279367E-8-7.938535353403312E-14i;-7.83737770271685E-9+1.0858533051726504E-14i;4.0751854708767147E-8-3.4283769438223457E-14i;2.0825804996009517E-7-7.87447556831956E-15i;1.8083981909557974E-8+1.692103188071879E-14i;-1.0652850097657932E-7+9.517245701314974E-14i;-4.0263843573100324E-8-2.52883278789881E-13i;1.7431015628354408E-7+6.132105991755845E-12i;1.1067651180433483E-8+1.37834113252329E-12i;-8.349345952540706E-9-4.3294085024686465E-13i;4.9473437996864333E-8-2.282763272985841E-11i;-1.839877111600772E-7+1.110373941551062E-11i;-1.4055649512058406E-7-1.0041937725749466E-11i;-2.5053262638150103E-8-1.0688859751551604E-12i
8.77350021146167E-8-6.614371973975221E-11i;2.1450242793214098E-7-2.923357464468073E-10i;-4.407087432486219E-8-3.5066236040488803E-10i;-2.8367254230216362E-8+1.1807969726371706E-10i;2.2972276428338953E-7+1.3949176073818022E-9i;2.0929525284156906E-8-1.0344250768691731E-10i;-2.0728168798192987E-7-1.0877352877410577E-14i;9.438423803907751E-9+1.678078263448735E-14i;4.613083004957402E-8+2.4454421220835743E-14i;-8.903028249367455E-8-5.93515730055343E-14i;-2.3125941165483426E-7+1.0542312958065335E-14i;-5.0996594703366445E-8-7.477330848817325E-14i;-2.3420075701529053E-8+5.489553456923265E-15i;2.9239558803412455E-8-4.509270425168582E-14i;1.9853626218162162E-7-1.7713144980231805E-14i;5.371745191944699E-8+8.744585393340128E-14i;-9.681533049096286E-8+6.640270734276953E-14i;-1.1393157998128387E-7-4.887208956137379E-13i;1.7323011751516803E-7+5.441971461345964E-12i;3.2079403159378995E-8+1.2585946065303468E-12i;-2.5284413733554923E-8-4.271081154266637E-14i;1.4113537630070505E-7-3.5715769916061274E-11i;-1.6884899200859673E-7+1.7033505652651974E-11i;-1.3932193060657768E-7-8.610578293388122E-12i;-7.126805817785168E-8-1.0414701395445733E-12i
1.0994961556240715E-7-1.5243741392524105E-11i;2.0256449629494824E-7-2.2948927757806025E-10i;-5.7999704695625075E-8-3.3562195275131167E-10i;-5.202755545881602E-8+1.4108571955808187E-10i;2.3051467242355104E-7+1.4475969506068696E-9i;3.60998389981677E-8+3.553527861899286E-11i;-2.0949491488777932E-7-1.1668839717759212E-14i;1.5703445571058275E-8+1.7422977466548896E-14i;7.65193058713146E-8+2.5972595344684378E-14i;-9.052977114341419E-8-6.628186911387041E-14i;-2.0006920124024105E-7+9.59960815558162E-15i;-4.588736808069098E-8-6.854100010185549E-14i;-3.876388950352415E-8-4.7785730540611085E-16i;6.8385653038360795E-9-5.130263353726074E-14i;1.7967461674209976E-7-2.6617171024481436E-14i;8.763183050475898E-8+1.4749878661384976E-13i;-7.80426322327117E-8+2.7103658148647986E-14i;-1.6807428171428373E-7-6.245882784010871E-13i;1.7114697303512802E-7+4.829609746819079E-12i;4.9147227066838344E-8+1.1469332009443223E-12i;-4.317627712035776E-8+3.202187113079189E-13i;2.0951357957711585E-7-4.3839460545504203E-11i;-1.394632282161019E-7+2.0706718158343777E-11i;-1.3703281616337693E-7-7.418323575686939E-12i;-1.0562158061494199E-7-1.0121210658439551E-12i
1.3216422900929423E-7+3.5656236948976994E-11i;1.9062656464365376E-7-1.6664280878638298E-10i;-7.192853505427238E-8-3.2058154504962205E-10i;-7.56878566857226E-8+1.6409174184176617E-10i;2.3130658057899687E-7+1.5002762938254154E-9i;5.1270152718831596E-8+1.7451306496458737E-10i;-2.1282458717978853E-7-1.1615110285960174E-14i;2.192850507321907E-8+1.854908049734944E-14i;1.0639658063863399E-7+2.6223485483698645E-14i;-9.277197448468472E-8-7.417989929649983E-14i;-1.549242109116302E-7+9.047528945575983E-15i;-3.853018751986367E-8-6.021307923290915E-14i;-5.373486388085372E-8-5.056556004043515E-15i;-2.5271195457175033E-8-4.593806526731953E-14i;1.5278328379719154E-7-2.1939951077328382E-14i;1.189008091176074E-7+2.1460714598427736E-13i;-5.142883587041972E-8+1.973685712441489E-14i;-1.9283539774953782E-7-6.549766297905008E-13i;1.6827940332824176E-7+4.355701756062906E-12i;6.027250260749552E-8+1.115506634225972E-12i;-6.24498910494888E-8+6.288603681689822E-13i;2.4314921717514304E-7-4.562947043123385E-11i;-9.799627448615365E-8+2.142039803126911E-11i;-1.3424721706777573E-7-6.699824295066434E-12i;-1.2240428201558565E-7-9.80511593666527E-13i
1.5437884245412898E-7+8.655621528401138E-11i;1.7868863297846526E-7-1.0379634007838077E-10i;-8.585736540392806E-8-3.055411373042022E-10i;-9.934815791211806E-8+1.8709776411693998E-10i;2.320984887499666E-7+1.5529556370313623E-9i;6.644046644373175E-8+3.134908513304565E-10i;-2.1728504772454808E-7-1.1675301839128952E-14i;2.810354981353612E-8+1.9800646774154262E-14i;1.3563771172332217E-7+2.6272560663886065E-14i;-9.575005550613667E-8-8.141435893275831E-14i;-9.765938128353E-8+8.628771034265261E-15i;-2.9270337512080513E-8-4.122725894768834E-14i;-6.823550704350326E-8-1.0956162201950125E-14i;-6.548626074361112E-8-4.496209556993674E-14i;1.19403811707351E-7-2.0490896195437875E-14i;1.4689665362054124E-7+2.7838461399877817E-13i;-1.865661327565638E-8+1.1115693363789964E-14i;-1.824693236298489E-7-6.357193800667586E-13i;1.6494552881401095E-7+4.105099928533584E-12i;6.430205206280521E-8+1.0846005077932655E-12i;-8.324239998193732E-8+8.547987027610346E-13i;2.358322641588296E-7-4.037600371682001E-11i;-4.741359764388942E-8+1.8775255798539803E-11i;-1.317133704102605E-7-6.744765420351651E-12i;-1.1878183687825768E-7-1.0181700913405329E-12i
1.7659345589561718E-7+1.374561936146512E-10i;1.6675070130024473E-7-4.094987145653295E-11i;-9.978619574793202E-8-2.9050072952435303E-10i;-1.230084591393457E-7+2.1010378638236716E-10i;2.3289039693600513E-7+1.605634980221141E-9i;8.161078017038527E-8+4.524686376969381E-10i;-2.2289838122896825E-7-1.2175814622131566E-14i;3.422444519458058E-8+2.0488049174140597E-14i;1.6420080679450162E-7+2.1914729626762493E-14i;-9.947359271842678E-8-8.901909229770994E-14i;-3.0498403745753865E-8+6.9726825462887E-15i;-1.8519037970851228E-8-2.3507753059397225E-14i;-8.222926323973054E-8-1.8597760774509074E-14i;-1.1195463507046466E-7-6.712144500662107E-14i;8.135756309116672E-8-3.234337112447395E-14i;1.7138607530505953E-7+3.176238665456519E-13i;1.8348029257924797E-8-1.5536979906607682E-14i;-1.3601687277855328E-7-4.762947129087107E-13i;1.6159756947978017E-7+4.073161169748847E-12i;6.104379169590904E-8+1.062378180166736E-12i;-1.0542567085808171E-7+1.0101065510367415E-12i;1.8739568969393013E-7-2.833911356868929E-11i;8.851598375046065E-9+1.2937705095555177E-11i;-1.301592518301167E-7-7.457947818224649E-12i;-9.51019310240639E-8-1.0801972967024724E-12i
1.9880806933193511E-7+1.8835617194585278E-10i;1.5481276961046533E-7+2.1896597078098012E-11i;-1.1371502609017499E-7-2.7546032172404103E-10i;-1.4666876036915996E-7+2.3310980863210364E-10i;2.3368230513597656E-7+1.6583143233975135E-9i;9.678109389592605E-8+5.914464240464617E-10i;-2.2969780107046868E-7-1.3174258372855567E-14i;4.029494681336139E-8+2.158558335091285E-14i;1.9215945495369644E-7+2.6404843809458952E-14i;-1.0397560369511695E-7-1.0030867583332876E-13i;4.410956372370497E-8+8.1815199989194E-15i;-6.725557273869608E-9-4.446668388573037E-15i;-9.577337627259228E-8-2.3072712224724482E-14i;-1.6281828643767712E-7-7.81006808217566E-14i;4.056670622354901E-8-4.89880636530598E-14i;1.9262896918788707E-7+3.356964574804158E-13i;5.765374257750213E-8-3.355236443021885E-14i;-5.713100805510508E-8-3.071202832402515E-13i;1.5883798051755303E-7+4.315088414322271E-12i;5.126663607218746E-8+1.076039869515565E-12i;-1.287249521912618E-7+1.149326085977264E-12i;1.0333376855714543E-7-1.0618455583962814E-11i;6.737798098786678E-8+4.395761177900705E-12i;-1.3024853071201752E-7-8.783510446667373E-12i;-5.466495417209431E-8-1.1323236165775386E-12i
2.2102268276030198E-7+2.392561502879695E-10i;1.4287483791128088E-7+8.474306552182154E-11i;-1.276438564353012E-7-2.604199139248964E-10i;-1.70329061604047E-7+2.561158308544022E-10i;2.3447421334820984E-7+1.710993666565179E-9i;1.1195140761693011E-7+7.304242103639069E-10i;-2.3773204147947308E-7-1.4241829394529893E-14i;4.632850998815687E-8+2.2680019956361578E-14i;2.1973959022886756E-7+3.00150514275983E-14i;-1.0932121940455071E-7-1.1281551465594068E-13i;1.2369410213011019E-7+1.029354602839607E-14i;5.664030870649116E-9+2.30527417932842E-14i;-1.0905605945960628E-7-2.385564349521489E-14i;-2.165198225710464E-7-6.955808543915602E-14i;-1.1599382401026629E-9-4.90589081289218E-14i;2.114911286160862E-7+3.5698063031316905E-13i;9.764782292247295E-8-2.4743909736793284E-14i;4.691131845574013E-8-5.752224906889437E-14i;1.574531917480736E-7+4.787469552967761E-12i;3.654610069079869E-8+1.120862109424112E-12i;-1.529518832335666E-7+1.236649325784549E-12i;-6.684820483858284E-9+1.104244687236164E-11i;1.253677129828719E-7-6.0255701829916846E-12i;-1.3266486824941857E-7-1.0619081472217794E-11i;-2.848508845505016E-9-1.232330893901547E-12i
2.4323729617676004E-7+2.9015612864601446E-10i;1.3093690620576972E-7+1.4758953385956358E-10i;-1.415726867890566E-7-2.4537950615278775E-10i;-1.939893628476009E-7+2.7912185303823773E-10i;2.352661215706155E-7+1.763673009719516E-9i;1.271217213292816E-7+8.69401996629369E-10i;-2.470700738668718E-7-1.5761247319205134E-14i;5.23502646109919E-8+2.3777908245265396E-14i;2.473637575410467E-7+3.542477738986187E-14i;-1.1563275523984083E-7-1.2154761569116605E-13i;2.0598987563128262E-7+1.3834905867688648E-14i;1.8254015957354853E-8+6.365803976679183E-14i;-1.224554772878064E-7-2.5071159472627675E-14i;-2.7215739199530414E-7-7.152984676733071E-14i;-4.2373283856402216E-8-4.078851090116554E-14i;2.2959135945962492E-7+3.612440548106396E-13i;1.3744666129668776E-7-6.167379962432375E-14i;1.6700015388323955E-7+1.8818109847452425E-13i;1.5854568162728238E-7+5.493656614036043E-12i;1.894981985588804E-8+1.1655164319488685E-12i;-1.784619705709526E-7+1.269540488499711E-12i;-1.3134817464377396E-7+3.473052058775255E-11i;1.8145451711613108E-7-1.740646022217917E-11i;-1.3830033373039024E-7-1.2795142481521473E-11i;5.443399552750914E-8-1.4015178231411364E-12i
2.6545190957920375E-7+3.410561070225073E-10i;1.1899897449534818E-7+2.1043600208988414E-10i;-1.5550151715386714E-7-2.3033909842060026E-10i;-2.1764966410170536E-7+3.02127875177251E-10i;2.3605802980255766E-7+1.8163523528642785E-9i;1.4229203503149209E-7+1.0083797828339855E-9i;-2.578071405551156E-7-1.7534895578745065E-14i;5.839961017353197E-8+2.53631833081037E-14i;2.757062849846221E-7+3.9297610828294353E-14i;-1.231155590624914E-7-1.3421820205308952E-13i;2.891790308097431E-7+1.4032341225419868E-14i;3.074598878739624E-8+1.0472302665143249E-13i;-1.3662269037243025E-7-2.2181605016113148E-14i;-3.2991976506640905E-7-7.367071377074169E-14i;-8.225527779155355E-8-3.867053286624418E-14i;2.495564227083426E-7+3.8172296608912174E-13i;1.7741408521389582E-7-8.737131835074253E-14i;2.9463164676301435E-7+4.927799088449863E-13i;1.637619732813567E-7+6.33564639789363E-12i;6.633686882716666E-10+1.3053633031468742E-12i;-2.0688178857975957E-7+1.3209990760900552E-12i;-2.6111063659427627E-7+5.919275166290971E-11i;2.3685851228689908E-7-2.9136339646398605E-11i;-1.4879654853735715E-7-1.5314192560365076E-11i;1.1274271726568316E-7-1.5738994246273596E-12i
-1.631098793693796E-7-6.262026668286942E-10i;3.491233752972634E-7-1.0339280594721188E-9i;9.44340218919704E-8-5.806975544734533E-10i;2.40794528678443E-7-1.2895248372179372E-10i;2.2684750656224877E-7+8.665795671033707E-10i;-1.331510792489808E-7-1.5708296025735989E-9i;-2.434845448315009E-7+1.1917879167792744E-15i;-8.71323412752026E-8+3.4088127674684714E-15i;-2.5610851199860084E-7-1.8885365348835722E-14i;-1.773567313524881E-7-1.0683205069015884E-13i;2.940380764781386E-7-6.832884978202388E-15i;4.741678347994127E-8+1.7132884528241113E-14i;1.948052744402946E-7+1.0413502241985109E-14i;-2.822593572505952E-7-5.290377756154727E-14i;-9.362274249145222E-8-1.3664373931689704E-13i;-1.7188092823317608E-7-3.232131956000123E-13i;2.496096024044478E-7-4.797234433165516E-13i;-2.794376549365649E-7-1.1904786784510965E-12i;2.098284051467364E-7+7.113942456025756E-12i;7.1260496801162495E-9+1.915366993333116E-12i;2.6980323765693804E-7-6.179603400461989E-13i;2.5256974312612454E-7-2.5604896433966088E-11i;1.561544381883426E-7+1.2494372064118909E-11i;-2.418474062597851E-8+2.812380961223674E-12i;-1.6372207646024618E-7-2.0896927860013888E-13i
-1.4089526593206084E-7-5.753026890061878E-10i;3.3718544403649463E-7-9.710815907811403E-10i;8.050519142828511E-8-5.656571473486818E-10i;2.1713422739217027E-7-1.059464610172546E-10i;2.2763941434400817E-7+9.192589087318299E-10i;-1.1798076553638806E-7-1.4318518161374258E-9i;-2.329492992032209E-7+5.241663850662466E-16i;-7.811135197887195E-8+4.861222272740201E-15i;-2.2973253145834951E-7-2.018383325545028E-14i;-1.663905992406889E-7-9.360207418805739E-14i;2.1058522723856882E-7-1.5612028237195976E-15i;2.8728966654346856E-8-3.483139108603621E-17i;1.7456030076257013E-7+1.4578907862541556E-14i;-2.2975557414728796E-7-4.9086352299307884E-14i;-5.608726084675699E-8-1.0825049272258079E-13i;-1.6016046161246933E-7-2.8163989391696077E-13i;1.9304345067714962E-7-3.380743371439379E-13i;-1.5329866424794483E-7-7.265139700676868E-13i;2.0362086521752087E-7+7.83521476285422E-12i;-2.1027330419100563E-8+1.927209375161153E-12i;2.316016578381095E-7-7.550210481002309E-13i;1.3143867772237573E-7-1.0026370302046007E-11i;1.195800257511111E-7+5.133922006774857E-12i;-2.069410195690162E-8+7.457435825692845E-13i;-8.076682168870238E-8-2.1812863837650193E-13i
-1.1868065249589988E-7-5.2440271111682E-10i;3.252475127460746E-7-9.082351221225573E-10i;6.657636095906275E-8-5.506167402145773E-10i;1.9347392610861596E-7-8.294043837594969E-11i;2.284313221537213E-7+9.719382504471481E-10i;-1.0281045183444077E-7-1.292874029783133E-9i;-2.2377062233292154E-7-6.995193185537261E-16i;-6.912968782802223E-8+6.910502057005806E-15i;-2.0403784158810675E-7-1.5995798655731414E-14i;-1.5711778331547578E-7-8.313617662391867E-14i;1.280780652130217E-7+3.8010744754453286E-15i;9.911712773944912E-9-1.7629195340174874E-14i;1.5541708507900346E-7+2.178586337146639E-14i;-1.788275021542509E-7-4.4596769439204274E-14i;-1.7635302137344714E-8-8.140993611087397E-14i;-1.495752992108227E-7-2.6025802862821835E-13i;1.3667160780618873E-7-2.1330513352221134E-13i;-3.453638556062927E-8-3.5584568445228754E-13i;2.027478419555008E-7+8.710066298425301E-12i;-4.806273445642916E-8+2.0002703187608954E-12i;1.9720707219461413E-7-9.285364198086328E-13i;1.515949798939246E-8+4.744159869638629E-12i;8.245019181731474E-8-1.8258298443002E-12i;-1.8439993898822953E-8-1.4123643829149829E-12i;6.800327327312676E-10-2.6227211611617874E-13i
-9.646603906213976E-8-4.735027331565137E-10i;3.133095814221961E-7-8.453886534937649E-10i;5.264753048307791E-8-5.355763330740775E-10i;1.6981362482725155E-7-5.9934415800371E-11i;2.2922322999531016E-7+1.0246175922739323E-9i;-8.764013814491075E-8-1.15389624352238E-9i;-2.1586113559267376E-7-2.4068631553792505E-15i;-6.012942617803479E-8+8.409162167533052E-15i;-1.7839678977983484E-7-1.19032614201642E-14i;-1.4924781248739736E-7-7.407646689044744E-14i;4.8322894441601575E-8+1.1324662068633353E-14i;-8.59264487135937E-9-2.943987740997833E-14i;1.3644958627019093E-7+2.6786630107770444E-14i;-1.294247401425143E-7-4.6030394074817164E-14i;2.1084854754416353E-8-5.776995125224411E-14i;-1.3809781170258199E-7-2.402163952129321E-13i;7.999719840217818E-8-1.4285087168860584E-13i;6.818655926747476E-8-4.580081381122966E-14i;2.0508449917010962E-7+9.583227790312351E-12i;-7.079245330420935E-8+2.078301452288261E-12i;1.6463933445162575E-7-1.1395193851733294E-12i;-8.759832743625184E-8+1.7321949258024783E-11i;4.3912534892778485E-8-7.732112433556645E-12i;-1.7534415168484422E-8-3.362475144990519E-12i;7.43786540620534E-8-2.9169663587022416E-13i
-7.425142563067536E-8-4.226027551359556E-10i;3.013716500719056E-7-7.82542184906259E-10i;3.871870000523386E-8-5.205359259251408E-10i;1.4615332354762205E-7-3.6928393287580014E-11i;2.300151378627626E-7+1.0772969341809238E-9i;-7.246982446258381E-8-1.0149184573104357E-9i;-2.0915840918979706E-7-3.0481648058749037E-15i;-5.1073169411851785E-8+1.0106832719028407E-14i;-1.524166828094683E-7-5.6321984711349466E-15i;-1.4260723379680336E-7-7.297292638379759E-14i;-2.6422104082551672E-8+1.2588784356093385E-14i;-2.6197269252550416E-8-5.756019465075774E-14i;1.1712070734461164E-7+2.9237388502702824E-14i;-8.247395761443813E-8-3.618790991513184E-14i;5.8808489813637E-8-3.343938141656567E-14i;-1.2442519286218199E-7-2.1164724108999285E-13i;2.4290277283386364E-8-2.2340531076910144E-14i;1.45673364881636E-7+2.4074295448712027E-13i;2.091914658166339E-7+1.025695094475254E-11i;-8.617615353998486E-8+2.1619375006755955E-12i;1.3357820916645195E-7-1.2151408135919746E-12i;-1.6643953458663816E-7+2.619300863498003E-11i;4.848250358900574E-9-1.189522339255376E-11i;-1.8034443794665142E-8-5.107136842158444E-12i;1.3198292849665306E-7-2.546491640876552E-13i
-5.2036812201355604E-8-3.7170277706632816E-10i;2.894337187003976E-7-7.196957163575223E-10i;2.4789869529636656E-8-5.054955187636965E-10i;1.2249302226934947E-7-1.3922370828044722E-11i;2.308070457514374E-7+1.129976276153304E-9i;-5.729951078315465E-8-8.75940671114898E-10i;-2.0361897681625633E-7-3.3638543711435036E-15i;-4.1940978210388536E-8+1.1274413527089944E-14i;-1.258867497474285E-7+1.520522773930994E-15i;-1.3710303254644024E-7-6.881541615830105E-14i;-9.369305200279989E-8+9.81762919480445E-15i;-4.224276174601181E-8-7.459134988009786E-14i;9.71625459363781E-8+3.092978133763013E-14i;-3.948463212523187E-8-2.1949029182480903E-14i;9.39201930291791E-8-1.3353620018621628E-14i;-1.0783175161209624E-7-1.8492150941929664E-13i;-2.8164380052860066E-8+6.809091062356413E-14i;1.9061019057810535E-7+3.7128401246904056E-13i;2.1402741545619578E-7+1.0663500090846017E-11i;-9.189721141043392E-8+2.2268852418762028E-12i;1.0437560809982208E-7-1.2570155212240888E-12i;-2.12443212552664E-7+3.009848616613913E-11i;-3.2882332935179414E-8-1.3739897418451325E-11i;-1.979489227851731E-8-6.261189675024509E-12i;1.6593539752766626E-7-2.4296958940823463E-13i
-2.982219877401592E-8-3.208027989565676E-10i;2.7749578731102796E-7-6.568492478459668E-10i;1.0861039059671226E-8-4.904551115871318E-10i;9.883272099220805E-8+9.083651585285669E-12i;2.3159895365824378E-7+1.1826556181820943E-9i;-4.2129197103224014E-8-7.369628849115648E-10i;-1.9921323392335233E-7-4.114264380530416E-15i;-3.2727420552115955E-8+1.2367582077070794E-14i;-9.873736582333643E-8+1.014852411385559E-14i;-1.3269748300497893E-7-7.068574073904314E-14i;-1.5104246511113115E-7+9.407426435991609E-15i;-5.606083882608538E-8-9.336808830621591E-14i;7.64966589796996E-8+3.004821106681396E-14i;-2.222662340495379E-9-1.0691501019731706E-14i;1.2468012397255537E-7-4.489602840579758E-16i;-8.80828788682446E-8-1.600838937681491E-13i;-7.462186862934216E-8+1.5019916269450442E-13i;1.9933161402857916E-7+4.658258895833181E-13i;2.188069232720086E-7+1.0718291815685124E-11i;-8.680087570562165E-8+2.247130378598723E-12i;7.746698409600488E-8-1.179784433424278E-12i;-2.2052513010477892E-7+2.854543960208805E-11i;-6.697429581849794E-8-1.2938085138509034E-11i;-2.239487474534057E-8-6.573854814352676E-12i;1.7154532536038764E-7-1.8397406164000903E-13i
-7.607585348534322E-9-2.6990282081487947E-10i;2.655578559055762E-7-5.940027793673475E-10i;-3.0677914019856035E-9-4.754147043899112E-10i;7.517241971608841E-8+3.2089673959602226E-11i;2.3239086158147574E-7+1.2353349602656438E-9i;-2.6958883420264677E-8-5.979850986825852E-10i;-1.9592192033133975E-7-5.4823757439289696E-15i;-2.34386831303222E-8+1.3038728434868595E-14i;-7.100583346536585E-8+1.7283231392069937E-14i;-1.2938347910948346E-7-7.177617340060139E-14i;-1.9624914974212348E-7+9.517874002064024E-15i;-6.703687646717121E-8-9.960412455890447E-14i;5.517324277341029E-8+2.2680985548636023E-14i;2.7564132223258953E-8-8.09791668335945E-15i;1.4943624828813656E-7-1.7157853792566322E-15i;-6.537751503698329E-8-1.1187159970906075E-13i;-1.123437651867354E-7+1.9378173048568488E-13i;1.728075436553946E-7+3.972987963449848E-13i;2.229296961846623E-7+1.0429199996026483E-11i;-7.115721750957126E-8+2.1730877426914448E-12i;5.3020234086006583E-8-1.0467904093017254E-12i;-1.9082448672929855E-7+2.162521137505679E-11i;-9.509447829657885E-8-9.734440329344548E-12i;-2.5228364844023498E-8-6.0831964253203735E-12i;1.4829543224991315E-7-1.7022278779072819E-13i
1.4607028075046542E-8-2.1900284264792783E-10i;2.536199244843931E-7-5.311563109147085E-10i;-1.699662185351462E-8-4.603742971682192E-10i;5.151211844090367E-8+5.509569630189025E-11i;2.331827695207091E-7+1.2880143024088406E-9i;-1.1788569732731807E-8-4.5900731241896744E-10i;-1.937333141359468E-7-6.247018029027214E-15i;-1.4089879491556215E-8+1.4003454658406502E-14i;-4.28066719247997E-8+2.0890392499640792E-14i;-1.2716472794322408E-7-7.257603977941898E-14i;-2.2748044033037994E-7+9.530110834732155E-15i;-7.466313934792339E-8-1.0624069344942734E-13i;3.3326708089853894E-8+2.0458347739657934E-14i;4.8354498709713565E-8-4.855006499108057E-15i;1.6678893994681043E-7+1.0221363036706779E-14i;-4.027965625101134E-8-7.051823913256802E-14i;-1.3896273718210928E-7+2.3413697141663886E-13i;1.1680083565031035E-7+2.6290448979823423E-13i;2.2594441866136704E-7+9.795634723108043E-12i;-4.6694944329675676E-8+2.092906248026056E-12i;3.0774294237870267E-8-8.247728227865717E-13i;-1.2903345991826952E-7+1.0427469876248893E-11i;-1.1518494560466287E-7-4.482991623331881E-12i;-2.7661871765986193E-8-4.8752927544637084E-12i;1.002342938459174E-7-1.2800163721643886E-13i
3.682164149674962E-8-1.6810286446155654E-10i;2.4168199304723676E-7-4.683098424888627E-10i;-3.092545229334309E-8-4.453338899140553E-10i;2.7851817166704602E-8+7.810171861688226E-11i;2.3397467747608947E-7+1.3406936446097323E-9i;3.381743960608825E-9-3.200295261136723E-10i;-1.9264067896079634E-7-7.962561402798796E-15i;-4.702283026134863E-9+1.4819983547863952E-14i;-1.4304813796824846E-8+2.306419653489927E-14i;-1.2605149416606418E-7-7.518168355796429E-14i;-2.434335564905057E-7+8.211059914249485E-15i;-7.85706793632681E-8-1.0993509800801776E-13i;1.1142473206620633E-8+1.6323841431741888E-14i;5.90411317453364E-8-1.314732361812831E-14i;1.7573201021141652E-7+8.004285814547195E-15i;-1.3623494361766568E-8-1.9946033771508364E-14i;-1.5272974748104603E-7+2.2731780007105683E-13i;4.1227644508673145E-8+1.0314066527626032E-13i;2.2754669396972892E-7+8.92519495101788E-12i;-1.6368592536876003E-8+1.9725335795988353E-12i;1.0041843459568951E-8-5.535229663518485E-13i;-4.574696504642737E-8-3.3136198752599113E-12i;-1.2575216472689158E-7+1.912851356088328E-12i;-2.9147128141140336E-8-3.0583946990173726E-12i;3.5399163334599614E-8-6.644266900800927E-14i
5.903625491665072E-8-1.1720288626221255E-10i;2.2974406159387545E-7-4.054633741017776E-10i;-4.485428272033629E-8-4.30293482619601E-10i;4.1915158936231554E-9+1.0110774090721362E-10i;2.347665854480965E-7+1.3933729868581023E-9i;1.8552057660618252E-8-1.8105173976325215E-10i;-1.9264066664924595E-7-9.52733390824834E-15i;4.698644547188861E-9+1.560410506874559E-14i;1.4301331881744231E-8+2.6310567603503595E-14i;-1.2605470053714115E-7-7.883242054772858E-14i;-2.434335426430227E-7+5.84153398620694E-15i;-7.856830477250521E-8-1.0861682571191668E-13i;-1.1156139129946695E-8+1.1149769268405186E-14i;5.9044806671335525E-8-2.201522080152188E-14i;1.7573219547154877E-7+1.4259679015019964E-16i;1.3576579478414262E-8+1.829475216454295E-14i;-1.5271870115760219E-7+2.0311687088722403E-13i;-4.12282025640766E-8-1.6572506421049813E-13i;2.2759081384020822E-7+7.926304082398089E-12i;1.601727870025874E-8+1.8138294853396674E-12i;-1.014128111899128E-8-2.2325130437111872E-13i;4.51509591171584E-8-1.7374667744197976E-11i;-1.2596962178047771E-7+8.402287780399759E-12i;-2.930093431333834E-8-1.0716382257873041E-12i;-3.5371268851292556E-8-2.4505106420967524E-14i
8.125086833447126E-8-6.630290805553554E-11i;2.178061301236319E-7-3.426169057695255E-10i;-5.87831131348081E-8-4.1525307528064314E-10i;-1.9468785378489458E-8+1.241137631755153E-10i;2.3555849343762432E-7+1.4460523291402415E-9i;3.3722371366888825E-8-4.2073953374186385E-11i;-1.9373408772880335E-7-1.0315933201507012E-14i;1.4085894420895139E-8+1.715455223608903E-14i;4.2800260556355006E-8+2.928707889838861E-14i;-1.271657572583594E-7-8.670354745508718E-14i;-2.2748062324112638E-7+8.008386025527653E-15i;-7.465843157354267E-8-1.0553121509611284E-13i;-3.333226166371677E-8+3.4522710550075606E-15i;4.835263617194407E-8-3.1824541908729336E-14i;1.6679817615066362E-7-8.868809217792624E-15i;4.0232589208401947E-8+6.148184431838217E-14i;-1.3893896388505482E-7+1.9582810743226E-13i;-1.1680486752314757E-7-3.936906355206518E-13i;2.260577429229358E-7+6.937883861941604E-12i;4.6332459169535807E-8+1.6421409586633356E-12i;-3.0845949552789336E-8+1.7816244674624393E-13i;1.2848934786766576E-7-2.936679733166986E-11i;-1.158125010237055E-7+1.3934412256839334E-11i;-2.8192554406313482E-8+9.203557207543407E-13i;-1.0016444477336548E-7+2.911079583502552E-14i
1.0346548174962903E-7-1.5402929846554854E-11i;2.0586819863608072E-7-2.79770437505207E-10i;-7.27119435380207E-8-4.002126678940848E-10i;-4.312908665010128E-8+1.471197854259914E-10i;2.3635040144544115E-7+1.4987316714436333E-9i;4.889268507834026E-8+9.690383304255944E-11i;-1.959230035586897E-7-1.0987982685258622E-14i;2.3434706015149442E-8+1.874838410898271E-14i;7.099949424939774E-8+2.8551462846513496E-14i;-1.2938624217717274E-7-9.321587325866897E-14i;-1.962498457346052E-7+1.1756499898131114E-14i;-6.703681613486939E-8-9.382036199681601E-14i;-5.517753945709104E-8-2.493684047238257E-15i;2.7560486948529794E-8-3.9134327642200035E-14i;1.4944292965084577E-7-1.7234687057068105E-14i;6.533685644057685E-8+1.2588007589173777E-13i;-1.1232771570737444E-7+1.3081368720543912E-13i;-1.7280474892765744E-7-5.342016905885188E-13i;2.23113480510824E-7+6.0928917687249535E-12i;7.079475186896507E-8+1.5067113765213165E-12i;-5.307802774345316E-8+5.328322872758802E-13i;1.903699535929464E-7-3.725726319677227E-11i;-9.598616972152174E-8+1.7559961373542088E-11i;-2.59782028846535E-8+2.518816161144178E-12i;-1.4821728909371776E-7+6.992170705809454E-14i
1.2568009516161073E-7+3.549704836109677E-11i;1.9393026713134395E-7-2.16923969314601E-10i;-8.664077393119642E-8-3.8517226045823765E-10i;-6.678938792167422E-8+1.701258076637323E-10i;2.3714230947168234E-7+1.5514110137588471E-9i;6.406299879403603E-8+2.358816194775564E-10i;-1.9921464963445007E-7-1.1457816432915592E-14i;3.2723495358744225E-8+2.0278102460861746E-14i;9.873140779838547E-8+3.101294881293969E-14i;-1.3270145350779423E-7-9.9902550688137E-14i;-1.5104353483780237E-7+1.3714779711254287E-14i;-5.6064105413884374E-8-7.134905596329288E-14i;-7.649981489466005E-8-9.756798747659834E-15i;-2.2279246418260975E-9-3.712638915999795E-14i;1.2468552792378656E-7-1.905324281443291E-14i;8.805167516567845E-8+1.792373544387446E-13i;-7.461129692220418E-8+6.282932767840201E-14i;-1.9932448766462428E-7-6.392492744790946E-13i;2.1903525815692692E-7+5.481712728332643E-12i;8.644108926081029E-8+1.4128531602152072E-12i;-7.750611762998815E-8+8.147186061010502E-13i;2.2020243334423002E-7-3.957937114020596E-11i;-6.798142817031345E-8+1.8536864477551395E-11i;-2.3252476057321246E-8+3.370667712074852E-12i;-1.714651358709052E-7+7.192238852032282E-14i
1.4789470856945516E-7+8.639702656549456E-11i;1.8199233561041538E-7-1.540775012053445E-10i;-1.0056960431698355E-7-3.701318529773326E-10i;-9.044968919427757E-8+1.9313182989110707E-10i;2.3793421751601714E-7+1.604090356076956E-9i;7.923331251209539E-8+3.748594059159436E-10i;-2.0362057704622004E-7-1.1642421087789933E-14i;4.193716111675902E-8+2.2227460310890496E-14i;1.2588110454387175E-7+2.9749485085690095E-14i;-1.371095669974793E-7-1.09848936339662E-13i;-9.369510459467991E-8+1.4004180067474041E-14i;-4.224927399639911E-8-5.1853577468184234E-14i;-9.71651384556912E-8-1.8243363876894993E-14i;-3.9488231031258745E-8-3.9033375916890225E-14i;9.392382465115906E-8-1.7492671624007368E-14i;1.0781022421258512E-7+2.328997305730269E-13i;-2.8161733168644923E-8+4.6789258268702934E-14i;-1.906010843274423E-7-6.021075922592105E-13i;2.1427626552569164E-7+5.134054397027909E-12i;9.154185556962602E-8+1.3689130689038794E-12i;-1.0439431473707783E-7+1.0349516864957122E-12i;2.1228504803296953E-7-3.558717107485321E-11i;-3.382495225625707E-8+1.6532188525636373E-11i;-2.0606848461913935E-8+3.297047293160845E-12i;-1.6586117442243717E-7+3.7696084511975705E-14i
1.7010932197143186E-7+1.3729700476700853E-10i;1.7005440407501698E-7-9.123103318823534E-11i;-1.1449843469972506E-7-3.5509144546547944E-10i;-1.1410999046972E-7+2.1613785210648205E-10i;2.387261255772814E-7+1.6567696983859704E-9i;9.440362622936527E-8+5.138371923351673E-10i;-2.0916015444118739E-7-1.2747070368476689E-14i;5.1069462317798146E-8+2.3680271186774695E-14i;1.5241124983912264E-7+2.834443931799375E-14i;-1.426162333260621E-7-1.1661443786412164E-13i;-2.6424346298560145E-8+1.442419161833665E-14i;-2.620646622045064E-8-2.096933638370403E-14i;-1.1712220029989679E-7-2.7911779106690603E-14i;-8.247575425148622E-8-5.693952109339895E-14i;5.8810181170317266E-8-2.1442864089568173E-14i;1.2441521485130125E-7+2.5347370472317595E-13i;2.4283890606749747E-8-2.162358384292754E-14i;-1.456631501650315E-7-5.287147280728158E-13i;2.0943112983261235E-7+5.159262391805475E-12i;8.58250022302092E-8+1.3391397980701212E-12i;-1.335738093376466E-7+1.1612986766093679E-12i;1.664667996003091E-7-2.549413962864927E-11i;4.151158666063843E-9+1.160855682093144E-11i;-1.866740234023745E-8+2.37590085473378E-12i;-1.3191907479439708E-7-6.553960339401395E-14i
1.923239353653934E-7+1.881969829693597E-10i;1.581164725275512E-7-2.838456527088843E-11i;-1.284272650840279E-7-3.400510379410319E-10i;-1.377702917501618E-7+2.391438743034421E-10i;2.395180336536037E-7+1.7094490406812961E-9i;1.0957393994259173E-7+6.528149787160943E-10i;-2.1586295949222714E-7-1.4243778817552637E-14i;6.012585825030993E-8+2.5264043191353922E-14i;1.7839139878517743E-7+3.159085504630957E-14i;-1.4925937208346324E-7-1.2684503640820386E-13i;4.8321640404840964E-8+1.5146149503028383E-14i;-8.604250482711314E-9+1.4601480369228982E-14i;-1.364500749566092E-7-3.424548901007201E-14i;-1.2942475356845574E-7-6.850199805746235E-14i;2.108359996552093E-8-3.291831285493387E-14i;1.3809938554778168E-7+2.493711629977505E-13i;7.998127208412391E-8-8.021937550649267E-14i;-6.817001374723172E-8-4.210064922211232E-13i;2.0528891945916754E-7+5.5368389342158085E-12i;7.044385153615634E-8+1.3534301871197E-12i;-1.6461248668053757E-7+1.2815814991584224E-12i;8.781282723434833E-8-1.02364681361646E-11i;4.3618533534575134E-8+4.183099438143703E-12i;-1.7873590188243206E-8+6.422033878879288E-13i;-7.432635169695032E-8-1.9260018659510875E-13i
2.1453854874840722E-7+2.390969611789672E-10i;1.461785409711714E-7+3.446190253560063E-11i;-1.4235609547506582E-7-3.2501063042568406E-10i;-1.614305930383785E-7+2.621498964716418E-10i;2.4030994174245583E-7+1.7621283829592877E-9i;1.2474425364814695E-7+7.917927650430043E-10i;-2.2377259358027385E-7-1.60935190472172E-14i;6.9126209185568E-8+2.6724439496403792E-14i;2.0403246568376372E-7+3.467193706262136E-14i;-1.5713088531446962E-7-1.3852646924841663E-13i;1.2807695429262157E-7+1.5460014581638633E-14i;9.89749591760803E-9+5.78458574680738E-14i;-1.5541544985881902E-7-3.89123463038063E-14i;-1.7882610882732877E-7-6.851288293030003E-14i;-1.7637771811803635E-8-3.8031302084166046E-14i;1.4959116776803815E-7+2.5835306928686845E-13i;1.3664213771809003E-7-1.367156891453736E-13i;3.455997479195519E-8-2.0785344200956664E-13i;2.0289546826206969E-7+6.227200333192388E-12i;4.771467766834007E-8+1.4265561841257858E-12i;-1.9715609657133762E-7+1.3477841487597448E-12i;-1.4757614776032197E-8+8.663626003667638E-12i;8.267444195800866E-8-4.981444955561074E-12i;-1.8420388903187572E-8-1.5799403195749037E-12i;-6.467838908112091E-10-3.2762990357760334E-13i
2.3675316211660624E-7+2.899969394075102E-10i;1.342406094098152E-7+9.730837021883178E-11i;-1.5628492587869485E-7-3.099702229521435E-10i;-1.8509089433802516E-7+2.8515591859464185E-10i;2.4110184984091064E-7+1.8148077252181078E-9i;1.3991456734202164E-7+9.307705513013607E-10i;-2.3295149002193118E-7-1.7517366365136007E-14i;7.810790038826302E-8+2.8526510402838204E-14i;2.2972755954147322E-7+3.7079575860163864E-14i;-1.664047494420093E-7-1.521664550735409E-13i;2.1058450826885301E-7+2.2697507448195285E-14i;2.87120732728321E-8+1.032999003901747E-13i;-1.745567902526544E-7-4.107976053075326E-14i;-2.2975459748219942E-7-6.511813605219644E-14i;-5.6091322054128085E-8-2.5609188015830017E-14i;1.6019252446115653E-7+2.7028018911699683E-13i;1.9300207486130156E-7-1.8006203490109932E-13i;1.533319931933702E-7+1.2315104064156629E-13i;2.0369960580218978E-7+7.191884394531475E-12i;2.0675761778149742E-8+1.5458188111037184E-12i;-2.3152987445557485E-7+1.4205024717660264E-12i;-1.3086033169641363E-7+2.954173072540731E-11i;1.2039060477221778E-7-1.5014409828131238E-11i;-2.0283503284091716E-8-4.123349453270509E-12i;8.078313391310915E-8-4.81021988457272E-13i
2.589677754685247E-7+3.408969176554177E-10i;1.2230267784544026E-7+1.6015483777730654E-10i;-1.7021375629670866E-7-2.949298155296048E-10i;-2.0875119565062092E-7+3.081619406702675E-10i;2.418937579478027E-7+1.867487067457161E-9i;1.5508488102343542E-7+1.0697483374869403E-9i;-2.4348696367780637E-7-2.028709186033084E-14i;8.712859709360333E-8+3.009975794601877E-14i;2.5610403158661397E-7+4.4836059080722967E-14i;-1.773718834950967E-7-1.669752447609894E-13i;2.9403772944481366E-7+2.3313761203402586E-14i;4.7396481393684517E-8+1.4780027815588825E-13i;-1.947994439667418E-7-4.229472678062641E-14i;-2.822590911087799E-7-6.252810535834136E-14i;-9.362867593040014E-8-2.584260635490136E-14i;1.7192951421413675E-7+2.5345612404351E-13i;2.4955414404829057E-7-2.5696230475311375E-13i;2.794817582349418E-7+3.8415852165330904E-13i;2.0983642627685363E-7+8.396343292421577E-12i;-7.48932338105445E-9+1.7203306214671176E-12i;-2.697111519497953E-7+1.483139558879194E-12i;-2.518185461397768E-7+5.1085486182741794E-11i;1.5757863097907145E-7-2.5422548938413372E-11i;-2.3375513908983763E-8-6.855374479548288E-12i;1.637211454949887E-7-6.888944440418046E-13i
-1.6959401289644966E-7-6.26361853409201E-10i;3.5242707560884815E-7-1.0842092118444444E-9i;7.972178323245959E-8-6.452882663628794E-10i;2.4969299790772315E-7-1.2291841730630104E-10i;2.3268323737348222E-7+9.177143001289106E-10i;-1.2035823334746212E-7-1.5094610512726157E-9i;-2.237181923498117E-7+4.4064718591223225E-15i;-1.1530447181666234E-7-3.5062911873140227E-15i;-2.29357024247727E-7-5.366664660832472E-15i;-2.2322465835203374E-7-1.411635724778476E-13i;3.0045714976244364E-7-5.833315311034931E-15i;6.548464970334075E-8+3.6716997680016646E-14i;2.414485995565387E-7+2.4522543356459875E-14i;-2.2073736809799352E-7-3.778061585296051E-14i;-1.0639192540313748E-7-1.0920829476661784E-13i;-7.477003548193232E-8-1.487020245264995E-13i;3.0336555912683665E-7-5.626632543817344E-13i;-2.6118345292904526E-7-1.3273743498017274E-12i;2.1967251392106412E-7+7.092874455177496E-12i;2.40896096360936E-8+1.885070386114461E-12i;2.91363330371251E-7-9.966048451436307E-13i;2.368620163339536E-7-3.111484701073315E-11i;5.875050169356745E-8+1.543158872201178E-11i;1.0606451152253364E-7+1.4086782255050174E-11i;-2.0814038772256642E-7+1.1129828892641755E-12i
-1.473793994775251E-7-5.754618758069968E-10i;3.4048914455560117E-7-1.0213627437945933E-9i;6.579295277451034E-8-6.302478595174498E-10i;2.260326965905353E-7-9.991239460815462E-11i;2.3347514497452756E-7+9.703936406103322E-10i;-1.0518791959716567E-7-1.3704832643869452E-9i;-2.134569701151922E-7+3.07642430685135E-15i;-1.0337299631984944E-7-9.131115889450394E-16i;-2.0566038677766833E-7-4.920789674281328E-15i;-2.0907178900735742E-7-1.2760906379943755E-13i;2.1664912825210142E-7-1.8325629508282623E-15i;4.066464419212784E-8+1.2879099799977889E-14i;2.1627909973126106E-7+2.825101120003497E-14i;-1.7523066797722617E-7-3.1847358139015474E-14i;-7.217386222518E-8-8.459593603779844E-14i;-7.338597938437885E-8-1.4014049513502142E-13i;2.3403529835035965E-7-4.167181906345816E-13i;-1.3680872878448585E-7-8.75630814065424E-13i;2.1420715400302675E-7+8.122514552852871E-12i;-1.4711539386231215E-8+1.964803851978187E-12i;2.4798217315397023E-7-1.0299579851667174E-12i;1.2808353818048913E-7-1.561678325696754E-11i;4.4608991035588645E-8+8.003513375285262E-12i;1.0222601886858588E-7+1.0850526075872843E-11i;-1.0571277178922641E-7+9.688689677110285E-13i
-1.2516478605998358E-7-5.245618981264999E-10i;3.285512134650251E-7-9.585162757658114E-10i;5.18641223068626E-8-6.15207452663085E-10i;2.0237239527577385E-7-7.690637197753418E-11i;2.3426705260931383E-7+1.0230729812082481E-9i;-9.00176058618015E-8-1.2315054776185186E-9i;-2.0449454574122016E-7+2.3179671292115132E-15i;-9.149203816327999E-8+1.8470751197254884E-15i;-1.8259463062212122E-7+4.613038806617548E-16i;-1.9706028876866755E-7-1.1848360645332884E-13i;1.3385585765282909E-7+3.939534704999118E-15i;1.570858778040682E-8-1.9120228634314466E-14i;1.924878924333296E-7+3.403130166859498E-14i;-1.3060268909027251E-7-1.939552379660342E-14i;-3.7554681191833986E-8-6.646937130046508E-14i;-7.222301522392263E-8-1.3505277453772428E-13i;1.648666039647169E-7-2.3425004054807797E-13i;-1.9614490342126312E-8-4.702986953908882E-13i;2.1440535929319193E-7+9.294793886777994E-12i;-5.1853220819434237E-8+2.120489616055493E-12i;2.087360838859961E-7-1.0506766957274942E-12i;2.3778246710361973E-8-7.971951366256775E-13i;3.011152494984509E-8+9.608255364815855E-13i;1.0089884804850547E-7+7.814968646710996E-12i;-5.2518534888341926E-9+8.803767058630963E-13i
-1.0295017264535941E-7-4.736619203575884E-10i;3.1661328233205435E-7-8.95669807764957E-10i;3.7935291827017895E-8-6.001670458041135E-10i;1.7871209396263686E-7-5.3900349423509175E-11i;2.3505896028271414E-7+1.0757523219440183E-9i;-7.484729214437323E-8-1.0925276909861856E-9i;-1.9675429948857574E-7+6.337328811695404E-16i;-7.958461279184067E-8+4.0610519023051364E-15i;-1.595969797226302E-7-1.6614752120573749E-15i;-1.8683299848509305E-7-1.0792669590845885E-13i;5.386964698136377E-8+1.2472115748839476E-14i;-8.810511145709585E-9-4.126737971182261E-14i;1.6893293902404905E-7+3.679668165949657E-14i;-8.697703406416419E-8-2.809973138966018E-14i;-2.9734994008849785E-9-4.317882370812148E-14i;-6.999552562799654E-8-1.2241716036304248E-13i;9.527717499961967E-8-1.0901510683572006E-13i;8.154105578594001E-8-7.591147876850678E-14i;2.1800416450895336E-7+1.0423178758954843E-11i;-8.327522087566712E-8+2.2673080616188964E-12i;1.7175659288466278E-7-1.138403281446187E-12i;-6.850754002531135E-8+1.2060604829646672E-11i;1.4917609880159393E-8-5.174779607741764E-12i;1.0017580729242677E-7+5.297949715309663E-12i;8.571442205322417E-8+8.143025678592981E-13i
-8.073555923365597E-8-4.227619425149986E-10i;3.04675351165655E-7-8.328233398042839E-10i;2.4006461340491857E-8-5.851266389379215E-10i;1.550517926505719E-7-3.089432694068986E-11i;2.358508679872397E-7+1.1284316627801947E-9i;-5.967697843900141E-8-9.53549904441266E-10i;-1.901825458498841E-7+4.615432115826743E-16i;-6.760136512064023E-8+6.490692709168312E-15i;-1.3631499095429964E-7+3.773733403956166E-15i;-1.7818019443705104E-7-1.0447134555573756E-13i;-2.1062176494587776E-8+1.5323115663007092E-14i;-3.2123849146420853E-8-7.498141193244389E-14i;1.4495067542530154E-7+3.842870548122587E-14i;-4.5299137466891E-8-2.0785053942787702E-14i;3.054653795086632E-8-2.405468839918007E-14i;-6.579359222770419E-8-1.0899180392868342E-13i;2.684072366473436E-8+3.6512211323366006E-14i;1.5735836418873093E-7+2.48917089577634E-13i;2.2344124673842695E-7+1.1312442722437724E-11i;-1.050268255265027E-7+2.4032640554106045E-12i;1.3696528533511282E-7-1.1146230230392264E-12i;-1.3963090286846768E-7+2.165566490482307E-11i;-6.218784058587071E-10-9.77571376859494E-12i;9.903133202965609E-8+3.113185412265011E-12i;1.5700748372762955E-7+7.860522831782836E-13i
-5.8520945824896076E-8-3.7186196461267073E-10i;2.9273741997222767E-7-7.699768718820847E-10i;1.0077630851793251E-8-5.700862320603213E-10i;1.3139149133906975E-7-7.888304517510014E-12i;2.3664277571737543E-7+1.181111003697251E-9i;-4.450666474099787E-8-8.145721179475394E-10i;-1.8474262109639222E-7-5.848507457602751E-16i;-5.551606263745729E-8+7.237230797328566E-15i;-1.125591705708051E-7+7.310041619851924E-15i;-1.7099432251846792E-7-9.629344285980801E-14i;-8.848033004914066E-8+1.282884133631085E-14i;-5.336216885549514E-8-8.628515982664687E-14i;1.2021152980194653E-7+3.995415981699374E-14i;-7.00278699124961E-9-6.2325455954963725E-15i;6.164159196516345E-8+3.0873411969568014E-15i;-5.906308534551347E-8-9.157155276716554E-14i;-3.761275239254293E-8+1.220053955896327E-13i;2.0047138756228056E-7+4.285151642107739E-13i;2.2956386579996702E-7+1.1885932298483976E-11i;-1.1406423414743595E-7+2.473881106391628E-12i;1.0496288148418282E-7-1.0912700824551308E-12i;-1.817068325863114E-7+2.680937252171496E-11i;-1.5755192131571288E-8-1.2227241049551742E-11i;9.710035695406114E-8+1.8863798782915987E-12i;1.9935014286748486E-7+7.678825545685366E-13i
-3.6306332419115894E-8-3.209619866618577E-10i;2.807994887559606E-7-7.071304040020354E-10i;-3.851199635337613E-9-5.550458251687331E-10i;1.0773119002778598E-7+1.5117717853153744E-11i;2.374346834695371E-7+1.2337903446810403E-9i;-2.9336351046660327E-8-6.755943314793338E-10i;-1.804106002274374E-7-1.2644599512602722E-15i;-4.3321633774027007E-8+8.751665818865342E-15i;-8.826525012650205E-8+1.690126241069047E-14i;-1.6523241900714831E-7-9.83103288138804E-14i;-1.459445304039186E-7+1.0797573916905045E-14i;-7.164649143431954E-8-1.1264375538726205E-13i;9.461611923192689E-8+3.4587991339702624E-14i;2.6269596674315842E-8+9.894906016072436E-15i;8.882700414423664E-8+1.3141213379557238E-14i;-4.961100712642677E-8-8.590173082214894E-14i;-9.470587537812256E-8+2.2353419264252914E-13i;2.0720911084820946E-7+5.202273915197954E-13i;2.3549012170551731E-7+1.194914349404436E-11i;-1.0887400591827053E-7+2.509346918500458E-12i;7.633112937326026E-8-9.30982674642642E-13i;-1.9023402510367047E-7+2.695628824339045E-11i;-2.953941725450969E-8-1.2308634873741031E-11i;9.450118124738749E-8+1.4972941278728586E-12i;2.0701173928463595E-7+8.031935578416724E-13i
-1.4091719016416107E-8-2.7006200867389677E-10i;2.6886155751916573E-7-6.442839361533964E-10i;-1.7780030117791096E-8-5.400054182575405E-10i;8.407088871647966E-8+3.8123740182391393E-11i;2.3822659124179628E-7+1.2864696857363927E-9i;-1.4166037353103453E-8-5.366165450172516E-10i;-1.7717152002288614E-7-2.220790795365251E-15i;-3.102655270148888E-8+1.0614649462063052E-14i;-6.346425468766486E-8+2.4259943536594598E-14i;-1.6088929117955693E-7-9.858079164382327E-14i;-1.912356576699546E-7+7.395478688563131E-15i;-8.616838640341393E-8-1.2968188149129905E-13i;6.822490872609427E-8+2.8248377587293894E-14i;5.2903452628666066E-8+1.890629270056249E-14i;1.1067805635944244E-7+1.6484334104684794E-14i;-3.75943819522081E-8-6.078957252865096E-14i;-1.4106737740172657E-7+2.9780589459070643E-13i;1.785532876989243E-7+5.055337562697549E-13i;2.4054006796117115E-7+1.1581263194632827E-11i;-8.981200221789277E-8+2.4410837767641336E-12i;5.1244207604727766E-8-7.233341530084217E-13i;-1.6531681323956954E-7+2.217149183349932E-11i;-4.099539923492592E-8-1.0092645686974508E-11i;9.168001321225544E-8+2.125994890868467E-12i;1.7935999214215943E-7+8.655268020860769E-13i
8.122894382918041E-9-2.1916203065624096E-10i;2.569236262624019E-7-5.814374683230538E-10i;-3.170886059330318E-8-5.249650113197261E-10i;6.041058740489968E-8+6.112976248029449E-11i;2.3901849903375854E-7+1.3391490268715542E-9i;1.0042763415860562E-9-3.9763875855050716E-10i;-1.7501625954509222E-7-3.762291701839299E-15i;-1.8651093166826847E-8+1.2054891017748952E-14i;-3.825512238650419E-8+2.5633185247935295E-14i;-1.579790296849029E-7-9.527306766341104E-14i;-2.2252255092773554E-7+5.507445896545574E-15i;-9.625439724728122E-8-1.359500276253689E-13i;4.120163546328883E-8+2.376370951726866E-14i;7.151098624748572E-8+1.50694783294524E-14i;1.2598279485681958E-7+2.126745880988558E-14i;-2.3484062900380168E-8-2.6105863958628296E-14i;-1.737740200297631E-7+3.330454640639053E-13i;1.2029798080051317E-7+3.7110751539554876E-13i;2.442081075665664E-7+1.0801474957959585E-11i;-5.913463228915681E-8+2.319554979153127E-12i;2.9289448990231277E-8-5.239042709779579E-13i;-1.1199880683853392E-7+1.3232647183191805E-11i;-4.9252591669004293E-8-5.981545747020859E-12i;8.924434322139788E-8+3.6758448832272226E-12i;1.2132073697764553E-7+9.072672008156627E-13i
3.0337507778836295E-8-1.6826205261526926E-10i;2.4498569498573154E-7-5.185910005168004E-10i;-4.5637691059740035E-8-5.099246043457625E-10i;3.675028609308554E-8+8.413578475037762E-11i;2.3981040684547495E-7+1.3918283680799733E-9i;1.6174590039120835E-8-2.586609720687216E-10i;-1.739398582774255E-7-6.162341140204131E-15i;-6.224147241905208E-9+1.3540417215843472E-14i;-1.2784791153555112E-8+3.070384251974981E-14i;-1.5651885327457102E-7-9.861299935878814E-14i;-2.385032904091536E-7+2.795484560375073E-15i;-1.0142132376331875E-7-1.4278932913430661E-13i;1.3778667289781923E-8+1.8250667890141978E-14i;8.108051551097326E-8+8.67164620725978E-15i;1.3386632117197076E-7+1.259315589727616E-14i;-8.008638171125227E-9-1.5711301829532092E-15i;-1.9068324865676088E-7+3.512043446036242E-13i;4.2398354625035095E-8+1.7511656600508795E-13i;2.461546252835367E-7+9.700907270014774E-12i;-2.0746058747958956E-8+2.1799188196727937E-12i;9.495927707022917E-9-2.736563644168985E-13i;-3.9662432615013385E-8+1.6875755217211142E-12i;-5.366393758325307E-8-6.385801530857166E-13i;8.774437009098055E-8+5.778475687383911E-12i;4.2784866294157806E-8+9.786549829312641E-13i
5.255212117121447E-8-1.1736207455766738E-10i;2.3304776368880616E-7-4.557445327505142E-10i;-5.9566521515795965E-8-4.948841973260414E-10i;1.3089984781074528E-8+1.0714180699419098E-10i;2.4060231467754446E-7+1.4445077093498842E-9i;3.134490374044437E-8-1.1968318556731923E-10i;-1.7394011938404563E-7-8.018938475394321E-15i;6.220426620075668E-9+1.4811732201872373E-14i;1.2774905796185743E-8+2.985672683597833E-14i;-1.5651993711601803E-7-9.935828393786427E-14i;-2.3850341094407254E-7+4.242209888678967E-15i;-1.0141893487396604E-7-1.3552336304111863E-13i;-1.3778571695732876E-8+1.1748858080367662E-14i;8.108179880438586E-8-7.24453439251485E-15i;1.3387075603214586E-7+8.414396435051074E-15i;7.94452601148448E-9+2.005265223844625E-14i;-1.9067435193128107E-7+3.1760925151074135E-13i;-4.240314886474512E-8-4.098395603910196E-14i;2.462086382385111E-7+8.451551717015116E-12i;2.0346695937376908E-8+1.9727789561909733E-12i;-9.519230289978485E-9+8.379306248651755E-17i;3.939488164583954E-8-1.0527469058194427E-11i;-5.386681316687749E-8+5.034605018605125E-12i;8.752823699297958E-8+8.235125110085497E-12i;-4.298928532902008E-8+1.028902022711413E-12i
7.476673455941608E-8-6.646209648912523E-11i;2.211098323707933E-7-3.928980650347326E-10i;-7.349535196146809E-8-4.798437902575454E-10i;-1.057031653148772E-8+1.3014782921542747E-10i;2.4139422253133147E-7+1.4971870506760479E-9i;4.651521744539137E-8+1.92946009478757E-11i;-1.7501690777642925E-7-9.496036878031907E-15i;1.8647435413047535E-8+1.709206291290109E-14i;3.8246831231053655E-8+3.3341636612214775E-14i;-1.5798269917371064E-7-1.0522536999543319E-13i;-2.2252226387502684E-7+6.939378645712634E-15i;-9.625159086410535E-8-1.2720829717145382E-13i;-4.12031353168706E-8+1.8190554524630313E-15i;7.151204183069068E-8-1.7581420654789914E-14i;1.259879808716688E-7+2.1750854115819734E-15i;2.3429555669238292E-8+3.813993610243404E-14i;-1.7375480529893864E-7+2.7404461230791633E-13i;-1.2030668058756822E-7-3.095425294267742E-13i;2.443650612936655E-7+7.229200620662206E-12i;5.873559194531965E-8+1.7642688763644365E-12i;-2.931885450513103E-8+3.2441714828268724E-13i;1.117707730724764E-7-2.133740421757264E-11i;-4.9795615215295894E-8+1.0034764521248967E-11i;8.865618554402538E-8+1.0554695992245209E-11i;-1.2152612412447848E-7+1.0709903658142733E-12i
9.698134794299927E-8-1.556211841485602E-11i;2.0917190103157323E-7-3.3005159738026726E-10i;-8.74241823976356E-8-4.648033831370815E-10i;-3.423061784493051E-8+1.531538514180029E-10i;2.4218613040719215E-7+1.549866392046522E-9i;6.168553115323075E-8+1.5827238746865632E-10i;-1.771726250461364E-7-1.0684439420585282E-14i;3.102300313091219E-8+1.902432472640193E-14i;6.345674674566077E-8+3.1502241276705804E-14i;-1.6089399145527905E-7-1.1114561487560037E-13i;-1.9123538306651034E-7+9.97924499009019E-15i;-8.616946072264385E-8-1.1080579510117654E-13i;-6.822756711822277E-8-6.753672535705318E-15i;5.2900148319139335E-8-2.8544117256719946E-14i;1.1068007905701715E-7-7.382077076558152E-15i;3.754784623425899E-8+8.715807065709092E-14i;-1.4104692391183617E-7+1.8267559967964477E-13i;-1.785591076554209E-7-4.747988716194909E-13i;2.4077909077845065E-7+6.184287714195561E-12i;8.941745043752558E-8+1.5676917513407953E-12i;-5.1270901234436625E-8+6.233643277985598E-13i;1.6512750381420742E-7-2.8884468118179548E-11i;-4.1766435958499705E-8+1.352822978147386E-11i;9.081644637273694E-8+1.2479161405448946E-11i;-1.7956400262297048E-7+1.120351593649128E-12i
1.1919596132156138E-7+3.533785966067381E-11i;1.9723396967194165E-7-2.6720512979499856E-10i;-1.0135301282544765E-7-4.497629759635722E-10i;-5.7890919159715814E-8+1.7615987360671854E-10i;2.4297803830506045E-7+1.6025457334502185E-9i;7.685584486328636E-8+2.9725017398667437E-10i;-1.8041206558774683E-7-1.1751035409170063E-14i;4.331811908660774E-8+2.0899473520630907E-14i;8.825772983859555E-8+2.999912619550421E-14i;-1.6523861885007978E-7-1.1875211064552822E-13i;-1.4594530352723017E-7+1.0598778682918807E-14i;-7.165065863070628E-8-8.690705856408686E-14i;-9.461818789800032E-8-1.6439320444438377E-14i;2.626581621802047E-8-3.021988050344314E-14i;8.882801788591588E-8-1.0907487500118345E-14i;4.9573299759409555E-8+1.394528577448988E-13i;-9.468880774562267E-8+9.389722007281276E-14i;-2.0720716344506803E-7-5.865926358667421E-13i;2.3578127532825158E-7+5.4318970479854895E-12i;1.0848147619252951E-7+1.4404486172953607E-12i;-7.634845322604902E-8+8.537236541299404E-13i;1.9009523201966395E-7-3.182242557470427E-11i;-3.040796072030362E-8+1.4857093662933546E-11i;9.351092378325022E-8+1.3523985126370032E-11i;-2.0720669411413662E-7+1.149296312160319E-12i
1.4141057469398178E-7+8.623783773692695E-11i;1.8529603829341856E-7-2.043586622870107E-10i;-1.1528184324760335E-7-4.347225687447132E-10i;-8.155122047701668E-8+1.9916589578299718E-10i;2.437699462239074E-7+1.6552250748753103E-9i;9.202615857369859E-8+4.362279604893828E-10i;-1.8474430863996778E-7-1.2512727347577253E-14i;5.5512610828461985E-8+2.3426983075899856E-14i;1.1255158965470196E-7+3.1264321418953685E-14i;-1.7100252928531653E-7-1.289474833431504E-13i;-8.848231164380497E-8+1.4029361241672145E-14i;-5.3369678182165107E-8-5.486109120269744E-14i;-1.2021307411820943E-7-2.8004503223517358E-14i;-7.004892924848263E-9-3.018334031093034E-14i;6.164072081963367E-8-1.2074545025940673E-14i;5.903603068253843E-8+1.7210565707252772E-13i;-3.760373270664652E-8+3.1949162286499095E-14i;-2.004661126703487E-7-6.352816812934122E-13i;2.2987071192877172E-7+5.097624375104517E-12i;1.1367763275697962E-7+1.3563803831892413E-12i;-1.0496788143575579E-7+1.0425531945087925E-12i;1.8163530943707327E-7-2.940078612395011E-11i;-1.655661073506727E-8+1.3645936458139793E-11i;9.616071680986236E-8+1.344533185141528E-11i;-1.9954922823535453E-7+1.1067760704956661E-12i
1.6362518805822606E-7+1.371378158136719E-10i;1.7335810689840449E-7-1.4151219487065712E-10i;-1.2921067366887668E-7-4.1968216149793987E-10i;-1.0521152179895169E-7+2.221719179437416E-10i;2.4456185416199994E-7+1.7079044163064042E-9i;1.0719647228108094E-7+5.752057469545828E-10i;-1.901844512468236E-7-1.3930749850294735E-14i;6.759802277381225E-8+2.6130982184983346E-14i;1.3630762521486822E-7+3.4886092210139393E-14i;-1.7819008887202342E-7-1.3990194580256344E-13i;-2.106371084530524E-8+2.0272879123975434E-14i;-3.2134310897784714E-8-1.762934386739883E-14i;-1.4495214121745167E-7-3.89877602428677E-14i;-4.530134275882528E-8-3.436782571168405E-14i;3.054221123665077E-8-1.6663847088346783E-14i;6.578000568113995E-8+1.7154472876909856E-13i;2.6842701863592208E-8-4.934712895729529E-14i;-1.573481693851526E-7-6.040292170624479E-13i;2.237259061008737E-7+5.183059351949431E-12i;1.0464892643159996E-7+1.3551211540766066E-12i;-1.3695893446028268E-7+1.167743250343923E-12i;1.3963022070663559E-7-2.1736637451342375E-11i;-1.190777896944835E-9+9.907917162405311E-12i;9.83058161821719E-8+1.228261807873901E-11i;-1.572177909185709E-7+1.0097344605881163E-12i
1.8583980141201937E-7+1.8803779389348042E-10i;1.614201754901944E-7-7.866572755902871E-11i;-1.431395040943178E-7-4.046417542447651E-10i;-1.2887182312789868E-7+2.451779400819596E-10i;2.453537621166735E-7+1.7605837577328182E-9i;1.2236678598198794E-7+7.141835333647426E-10i;-1.9675651119636237E-7-1.5553701270773253E-14i;7.95813569193856E-8+2.8560112783997716E-14i;1.5958992096796367E-7+4.0677375183940656E-14i;-1.8684390059342997E-7-1.4891475588180303E-13i;5.386821385973105E-8+1.9819253281900546E-14i;-8.823879173255538E-9+3.38967678235073E-14i;-1.689338813917301E-7-4.4220764836927255E-14i;-8.698025634695555E-8-4.1635868117676494E-14i;-2.980004917063499E-9-2.252817096952647E-14i;6.999859644212969E-8+1.4612125032716922E-13i;9.527015655596947E-8-1.312177428326775E-13i;-8.152379112263943E-8-5.647079724943613E-13i;2.1823435383306022E-7+5.710818094623394E-12i;8.290575651939296E-8+1.4103427880425691E-12i;-1.7173993590166417E-7+1.2286740299819906E-12i;6.858008650090955E-8-9.619870318431895E-12i;1.4720489188962501E-8+3.982129772779762E-12i;9.979393994193856E-8+1.0251882334782366E-11i;-8.594186750320656E-8+8.316386830830991E-13i
2.0805441475251202E-7+2.389377719792453E-10i;1.4948224407293883E-7-1.5819260370043735E-11i;-1.570683345294671E-7-3.8960134700707365E-10i;-1.5253212446682077E-7+2.681839621899851E-10i;2.4614567008465965E-7+1.8132630991405165E-9i;1.3753709967278645E-7+8.531613197029834E-10i;-2.0449706052731355E-7-1.726485200126139E-14i;9.148881746976603E-8+3.040293460319209E-14i;1.825878460593746E-7+4.087369278677613E-14i;-1.970721262352821E-7-1.5810921923190849E-13i;1.338544229667914E-7+2.297832701113708E-14i;1.56924081837337E-8+9.011403235745606E-14i;-1.9248799575903282E-7-5.0996168125998384E-14i;-1.306067428283184E-7-5.391850883323057E-14i;-3.756296914554448E-8-1.1551599179306815E-14i;7.224382843048213E-8+1.3795060026057247E-13i;1.6484908751255906E-7-2.2307128565231576E-13i;1.9640099185452333E-8-3.1202564556832175E-13i;2.1455627713132677E-7+6.6122617607977675E-12i;5.1488403249096267E-8+1.5264111672536679E-12i;-2.0871025279782402E-7+1.2771238014616595E-12i;-2.363236093464575E-8+5.742624226100307E-12i;3.03878206332967E-8-3.438744850787335E-12i;1.009529797859701E-7+7.67911780993396E-12i;5.003922117369249E-9+6.436194379282204E-13i
2.3026902807611846E-7+2.8983775008259125E-10i;1.375443126514295E-7+4.702720668254427E-11i;-1.7099716498010502E-7-3.745609398181539E-10i;-1.7619242581927266E-7+2.9118998425201344E-10i;2.469375780621942E-7+1.8659424405226946E-9i;1.527074133497215E-7+9.921391059577615E-10i;-2.1345977835741712E-7-1.9429136063274823E-14i;1.0336972081888305E-7+3.2436859498653294E-14i;2.0565386618049535E-7+4.347249431427825E-14i;-2.090846172619073E-7-1.742393254630766E-13i;2.1664777876760128E-7+2.530343197135259E-14i;4.0645407347625404E-8+1.420794525728793E-13i;-2.1627834948356756E-7-5.853797197033657E-14i;-1.7523563915464101E-7-6.089597444027177E-14i;-7.218422733818747E-8-8.04633738752559E-15i;7.342460238494492E-8+1.0940527253723898E-13i;2.3400655029858713E-7-3.0200588775302143E-13i;1.368440535507472E-7-1.7326359639543975E-14i;2.1426435808621794E-7+7.81574195097781E-12i;1.4345952765927851E-8+1.6983268677826495E-12i;-2.4794861291830176E-7+1.3157452851109473E-12i;-1.2786866473054815E-7+2.2888362093863692E-11i;4.5418100831925085E-8-1.1765841049885537E-11i;1.0276246699431445E-7+4.841402461902197E-12i;1.0543982614827966E-7+4.638778284328552E-13i
2.524836413819096E-7+3.4073772820582496E-10i;1.256063812282531E-7+1.098736735988091E-10i;-1.8492599544736636E-7-3.5952053268719176E-10i;-1.9985272718631366E-7+3.141960062649108E-10i;2.4772948604731446E-7+1.9186217818781928E-9i;1.678777270126426E-7+1.1311168921319494E-9i;-2.2372129686754839E-7-2.2251271640839867E-14i;1.1530097976620488E-7+3.4201979534828546E-14i;2.2935077557739042E-7+4.838707336315162E-14i;-2.2323848130717658E-7-1.9129991677426955E-13i;3.004559498999129E-7+2.6715291846800755E-14i;6.546192358649153E-8+1.9241392068124764E-13i;-2.414468651793148E-7-6.694581298451121E-14i;-2.2074351821824244E-7-6.057979169601349E-14i;-1.0640471767603381E-7-9.974394223989868E-15i;7.482641780225777E-8+9.205269645710547E-14i;3.033245676490465E-7-3.945583852136962E-13i;2.612295630656884E-7+2.6352948166046313E-13i;2.1963235904847262E-7+9.299812446463928E-12i;-2.44650809205904E-8+1.9058049961825428E-12i;-2.913225231913631E-7+1.373571363753002E-12i;-2.3658118107764456E-7+4.066173268695114E-11i;6.011765063518554E-8-2.0421053534382573E-11i;1.0709352959302445E-7+2.202074993030981E-12i;2.078343416297592E-7+3.0002796282129163E-13i
-1.7607814643043022E-7-6.265210402403694E-10i;3.557307760357902E-7-1.1344903641965203E-9i;6.500954459254257E-8-7.098789783428363E-10i;2.585914671201971E-7-1.168843506777867E-10i;2.385189680838352E-7+9.688490328370664E-10i;-1.0756538740861577E-7-1.4480924996561444E-9i;-1.9877877598898925E-7+7.535955211383823E-15i;-1.4274485649514622E-7-1.1746422603368546E-14i;-1.9611288126809498E-7+2.193464445477652E-15i;-2.585318309595569E-7-1.6809248583048206E-13i;3.0807923365651995E-7-8.691221798303991E-15i;8.522213242113374E-8+6.533010502639248E-14i;2.737748269985562E-7+4.2381655347681006E-14i;-1.4998581996443718E-7-1.8152993978263652E-14i;-1.1787760293393317E-7-5.90149448183577E-14i;3.176686679320659E-8+6.281628010025131E-14i;3.3502767119993903E-7-6.20413483571983E-13i;-2.4229259367966656E-7-1.3349615680480097E-12i;1.9125780345439734E-7+5.3968609544191715E-12i;5.0709317610265374E-8+1.4703748951173002E-12i;2.6929471924898916E-7-1.1645119925818122E-12i;2.1359548257560802E-7-3.606143444957714E-11i;-4.5284885025284276E-8+1.799279979793596E-11i;2.0991567749853125E-7+2.3026889351120483E-11i;-2.4248604317112447E-7+2.1340587131587403E-12i
-1.5386353302885085E-7-5.7562106282681E-10i;3.4379284517269856E-7-1.0716438967641232E-9i;5.108071413281175E-8-6.948385717760704E-10i;2.349311657727859E-7-9.387832800092549E-11i;2.393108755168457E-7+1.0215283722304787E-9i;-9.239507362901203E-8-1.3091147123852522E-9i;-1.888567814979806E-7+5.454140346221315E-15i;-1.279849757910876E-7-8.142277199595722E-15i;-1.7573378332489819E-7+4.282169881778249E-15i;-2.4155569042235893E-7-1.521978098494475E-13i;2.2383827480277017E-7-5.763714339555106E-15i;5.436464868091957E-8+3.541959670602491E-14i;2.450889824289295E-7+4.2828304075815505E-14i;-1.1289010074536531E-7-1.5949970199952343E-14i;-8.793822880447027E-8-4.836349042409964E-14i;2.1708124142551567E-8+2.85998316932637E-14i;2.575716153955005E-7-4.633460998248635E-13i;-1.1971938726754345E-7-9.333458258054757E-13i;1.882390766857752E-7+6.819080655111967E-12i;4.726397525157646E-10+1.6322997186499108E-12i;2.2560207124473914E-7-1.123386629586616E-12i;1.2044597455001434E-7-2.103072917543506E-11i;-3.5312977452928994E-8+1.068363462227507E-11i;2.0057050615926756E-7+1.9020115845892502E-11i;-1.2706545354850464E-7+1.8976612427392725E-12i
-1.3164891962890927E-7-5.24721085332345E-10i;3.3185491426882336E-7-1.008797429342591E-9i;3.7151883660951555E-8-6.797981651997708E-10i;2.1127086442777615E-7-7.08723053901913E-11i;2.401027829864339E-7+1.0742077117590638E-9i;-7.722475986684553E-8-1.170136925254673E-9i;-1.8016159942481412E-7+4.3603525864496655E-15i;-1.1328421263613107E-7-4.8135760633016065E-15i;-1.5592704375990466E-7+5.342860635774902E-15i;-2.2708285903300746E-7-1.413770875829506E-13i;1.4069539470135054E-7+1.9538478847657E-15i;2.3388889054016498E-8-8.973728897463689E-16i;2.179962942579778E-7+4.2922979855141316E-14i;-7.588879140401008E-8-1.57480051871242E-14i;-5.8176433882186906E-8-3.668524435235122E-14i;1.245182570392591E-8+1.5653906122205095E-14i;1.8019612628361333E-7-2.8640594172556837E-13i;-4.123093886374282E-9-4.924841896949027E-13i;1.902843125190025E-7+8.35484001893731E-12i;-4.745811717075709E-8+1.863173572574682E-12i;1.8578309056225322E-7-1.0758677091542071E-12i;3.126386076292263E-8-6.565705273235049E-12i;-2.546293382549641E-8+3.729640621119109E-12i;1.9676669001296513E-7+1.554921558308268E-11i;-1.4015579643974678E-8+1.7791192536139193E-12i
-1.0943430623240172E-7-4.738211077376265E-10i;3.199169833178447E-7-9.45950961953966E-10i;2.3223053173158766E-8-6.647577586229683E-10i;1.876105630841036E-7-4.786628286582677E-11i;2.408946904984154E-7+1.126887051435325E-9i;-6.205444612641155E-8-1.0311591382889648E-9i;-1.7263041253106003E-7+3.046699212058543E-15i;-9.85478085451179E-8-1.4815826596607013E-15i;-1.3621011074299343E-7+5.97505353548629E-15i;-2.147094811514758E-7-1.3134632594920383E-13i;6.042497911513447E-8+8.225022195673347E-15i;-7.009700548562411E-9-3.584488721551219E-14i;1.912062454054468E-7+4.4625776678857974E-14i;-3.9296489531306926E-8-9.654612689644116E-15i;-2.8787958313692858E-8-2.6004082887226578E-14i;4.466172825453613E-9-3.6375012840993688E-16i;1.0228973688732265E-7-9.804279744640152E-14i;9.543358070492338E-8-8.976627657149107E-14i;1.9534860620779154E-7+9.778605811049096E-12i;-8.826818214076185E-8+2.1008012294353715E-12i;1.4855886218059058E-7-1.0229153667973531E-12i;-4.776346796752551E-8+6.314456574960525E-12i;-1.553928907019179E-8-2.4970991215951754E-12i;1.9508416861919898E-7+1.2571770631561908E-11i;8.840510706631738E-8+1.685549886545099E-12i
-8.72196928394392E-8-4.229211300574531E-10i;3.0797905232891643E-7-8.831044946140072E-10i;9.294222674674225E-9-6.497173520420079E-10i;1.6395026174094615E-7-2.48602604231222E-11i;2.416865980449423E-7+1.1795663912172829E-9i;-4.688413240200314E-8-8.921813514396727E-10i;-1.6622041767565988E-7+2.5225206619598986E-15i;-8.37148146880635E-8+1.1895804286087105E-15i;-1.1628031413530072E-7+6.37022184221145E-15i;-2.04204991541195E-7-1.2376471345420604E-13i;-1.4737569164024821E-8+1.449673636713317E-14i;-3.5891017733333176E-8-7.126090269137337E-14i;1.6397116999735695E-7+4.513545528199176E-14i;-4.064596867479527E-9-5.21285297860574E-15i;-5.130320289354963E-10-4.224026102782411E-15i;-1.7610137077230498E-9+4.4764862615584485E-15i;2.5641634401387756E-8+5.26898961315411E-14i;1.6953980977745792E-7+2.699528871273466E-13i;2.019752809039131E-7+1.0909308742341879E-11i;-1.1717511280320754E-7+2.2758623679832693E-12i;1.1430868694529966E-7-9.286984694015487E-13i;-1.0900964852478173E-7+1.6469778930770024E-11i;-5.774879679624418E-9-7.407514656282934E-12i;1.9369488354366787E-7+1.020349564556957E-11i;1.6890511060214857E-7+1.6287982463392563E-12i
-6.500507945016444E-8-3.720211523094335E-10i;2.960411213090134E-7-8.202580273174272E-10i;-4.634607829880584E-9-6.346769454524015E-10i;1.4028996039757364E-7-1.854238046234463E-12i;2.424785056199364E-7+1.2322457310856352E-9i;-3.171381868877746E-8-7.532035646715267E-10i;-1.60903659037132E-7+1.633179516714511E-15i;-6.875295656439517E-8+3.313473445043563E-15i;-9.59740686739979E-8+1.20460649406576E-14i;-1.9545665116197468E-7-1.1796395235262547E-13i;-8.234096087046424E-8+1.3121369989325544E-14i;-6.218833675247482E-8-1.0225338958570845E-13i;1.3592004746657587E-7+4.428021467276907E-14i;2.8476622584214363E-8+7.643459735658539E-15i;2.5589747160210308E-8+1.1450258936402858E-14i;-5.860867412524404E-9-9.969555353834391E-15i;-4.656133978620191E-8+1.838494969036605E-13i;2.1077490870694608E-7+4.908424550522017E-13i;2.0906084164479036E-7+1.1597412566257202E-11i;-1.3045968301293423E-7+2.3955595393903085E-12i;8.395179618589603E-8-7.875866991915062E-13i;-1.4585663491354486E-7+2.285202579808216E-11i;3.3862251516149555E-9-1.0498015812253816E-11i;1.91797341903902E-7+8.692645282676264E-12i;2.1716468812143968E-7+1.5813333142851838E-12i
-4.279046606483744E-8-3.211211745077361E-10i;2.8410319026254706E-7-7.574115600615204E-10i;-1.8563438336662297E-8-6.196365388501459E-10i;1.1662965905343228E-7+2.1151784276414394E-11i;2.4327041321967016E-7+1.2849250710319525E-9i;-1.6543504982972014E-8-6.142257779587082E-10i;-1.566628211471967E-7+8.111823562314635E-16i;-5.3653782713341597E-8+4.991567155588024E-15i;-7.52338925072578E-8+1.9244127511523646E-14i;-1.8842670366810047E-7-1.1454376598540676E-13i;-1.399477536321664E-7+9.67545665541305E-15i;-8.4819974280497E-8-1.2329047354988581E-13i;1.0694013524414562E-7+4.092400869057957E-14i;5.684514643626959E-8+2.591871394184366E-14i;4.833600497488649E-8+2.4073251455625902E-14i;-7.68079166808947E-9-1.0041920817256934E-14i;-1.1052240970203878E-7+3.1276226070236024E-13i;2.1545330736911945E-7+5.871841783931608E-13i;2.1574337657560806E-7+1.1724775498266685E-11i;-1.2625822360937314E-7+2.4462552438660694E-12i;5.822479281726275E-8-6.008667075672581E-13i;-1.54511915838314E-7+2.480966356573295E-11i;1.1435934095278368E-8-1.1485208523960242E-11i;1.8929765433207013E-7+8.271721941845157E-12i;2.267957061640726E-7+1.578218309872363E-12i
-2.0575852683752263E-8-2.7022119666493944E-10i;2.721652591920031E-7-6.945650928357528E-10i;-3.2492268842228434E-8-6.045961322277619E-10i;9.29693577081511E-8+4.41578065563838E-11i;2.4406232084217143E-7+1.3376044110600342E-9i;-1.3731912814619448E-9-4.752479912807705E-10i;-1.5348760481578725E-7-4.030278312186E-16i;-3.8427980325615895E-8+6.629340148491385E-15i;-5.4081169154403615E-8+2.440035011646933E-14i;-1.8312123362405707E-7-1.1266513432045204E-13i;-1.853435861482831E-7+2.267118235761273E-15i;-1.0279033413396115E-7-1.4616286024651148E-13i;7.709287800193198E-8+3.02117496663065E-14i;7.961106603136662E-8+3.42330977614962E-14i;6.657852949661517E-8+3.202986288236342E-14i;-7.3305612683148156E-9+8.775067191685439E-15i;-1.624696720449131E-7+3.8402937599559146E-13i;1.8457468493521566E-7+6.352254943991736E-13i;2.2135098429082E-7+1.1276295737078503E-11i;-1.0499300179972605E-7+2.3981451807988906E-12i;3.726801912798886E-8-3.939777534160872E-13i;-1.3506297931669537E-7+2.2324657270365576E-11i;1.7897414469009314E-8-1.038147964544098E-11i;1.8657373123989055E-7+9.118527351403772E-12i;1.9708461012791106E-7+1.6436984784635331E-12i
1.6387606928032342E-9-2.1932121878907045E-10i;2.602273280983531E-7-6.317186256319632E-10i;-4.6421099343678435E-8-5.895557255765271E-10i;6.930905636154691E-8+6.716382880303087E-11i;2.4485422848692606E-7+1.3902837511734062E-9i;1.3797122418194414E-8-3.362702046235724E-10i;-1.513729620674024E-7-2.3353396190658426E-15i;-2.3101004960081204E-8+8.9439109596851E-15i;-3.259517438435208E-8+2.7273857298251887E-14i;-1.795624902097644E-7-1.1018830693816197E-13i;-2.166992560938624E-7-2.0211595329022902E-16i;-1.1527002129483618E-7-1.60022558706317E-13i;4.65538340657424E-8+2.4787389000794564E-14i;9.554027905417502E-8+3.1188241339045354E-14i;7.933940476407813E-8+3.152716772156286E-14i;-5.1965235481403926E-9+1.4320270625702162E-14i;-1.991253955270377E-7+4.301394301023577E-13i;1.2396575216047276E-7+4.924188095338492E-13i;2.253925319400073E-7+1.0361126957255732E-11i;-6.94359008810698E-8+2.2512230988286997E-12i;2.0469299394774295E-8-1.9662881058558177E-13i;-9.174016140085366E-8+1.599012534565913E-11i;2.2378032435205367E-8-7.50828600179368E-12i;1.8419027286325465E-7+1.0746221667538762E-11i;1.3351001053807852E-7+1.6983585815949568E-12i
2.3853374064604667E-8-1.68421240887594E-10i;2.4828939698150084E-7-5.688721584576958E-10i;-6.034992983836302E-8-5.745153188836523E-10i;4.5648755013610964E-8+9.016985102001154E-11i;2.456461361544279E-7+1.442963091366937E-9i;2.896743611806546E-8-1.9729241797564717E-10i;-1.5031632228941775E-7-4.672799987343198E-15i;-7.708990471554774E-9+1.1219617754128885E-14i;-1.0893755493228653E-8+3.035181800341102E-14i;-1.7777567549486124E-7-1.1036031763562323E-13i;-2.3271414175442396E-7+1.3213983921897012E-15i;-1.2166441318672326E-7-1.6357005509013772E-13i;1.557164859468136E-8+1.9921035068997995E-14i;1.0373911901248605E-7+2.0502881005074076E-14i;8.590804789759274E-8+2.4454968045542415E-14i;-1.889093479496366E-9+1.2680012204168179E-14i;-2.180861691925615E-7+4.384735657759497E-13i;4.363035419590864E-8+2.8977967273486163E-13i;2.275333791978082E-7+9.081435718028397E-12i;-2.4383359814314195E-8+2.0428454390711974E-12i;6.497855220754371E-9+3.53574469687909E-15i;-3.2426503266362196E-8+7.010953415998472E-12i;2.4601401051833405E-8-3.3625038499367615E-12i;1.8270583747853096E-7+1.3032125326632963E-11i;4.706526039608102E-8+1.7617171362852211E-12i
4.6067987430916106E-8-1.1752126296600353E-10i;2.3635146584015267E-7-5.060256913234496E-10i;-7.427876032526955E-8-5.594749121416033E-10i;2.1988453664012457E-8+1.1317587320965586E-10i;2.4643804384638817E-7+1.4956424316389935E-9i;4.413774981869425E-8-5.831463133667973E-11i;-1.5031663447697537E-7-6.8199647705526906E-15i;7.70570553470061E-9+1.3613111676568756E-14i;1.0883903968882469E-8+3.306269453517533E-14i;-1.7777722367068858E-7-1.1270711379281956E-13i;-2.327140273020565E-7+2.5453631166671568E-15i;-1.2166138367565145E-7-1.5900052623200492E-13i;-1.5568070304717816E-8+1.3337495609638346E-14i;1.037411270825746E-7+8.248496049732474E-15i;8.59132408179543E-8+2.0809030296029142E-14i;1.8287648932142684E-9+7.206535527118651E-15i;-2.1807648418169212E-7+4.0760665217701437E-13i;-4.363503007773633E-8+5.1898325536724385E-14i;2.2760066609725752E-7+7.633483524438639E-12i;2.4007358022282915E-8+1.806559055044359E-12i;-6.480064411118715E-9+2.3031447969816935E-13i;3.253701629563403E-8-3.0073140860262295E-12i;2.4425800914091982E-8+1.3283380171336833E-12i;1.824778078312369E-7+1.5677935566810087E-11i;-4.749414083710654E-8+1.8268725290722066E-12i
6.828260079113582E-8-6.66212850299365E-11i;2.2441353467337464E-7-4.4317922423343123E-10i;-8.820759080389504E-8-5.444345053457246E-10i;-1.6718476875165799E-9+1.3618189537646117E-10i;2.47229951564278E-7+1.5483217719919511E-9i;5.93080635203164E-8+8.066315529168591E-11i;-1.5137384236819678E-7-8.999830469901099E-15i;2.3097821396332915E-8+1.6008638957829318E-14i;3.258650058019113E-8+3.3205738433519793E-14i;-1.7956611898956682E-7-1.1641119856527617E-13i;-2.1669879853672993E-7+3.5385865428311086E-15i;-1.1526659667805391E-7-1.4222031017742692E-13i;-4.655268191555293E-8+1.9308396776773455E-15i;9.554067914648352E-8-4.936001461038755E-15i;7.934625332210962E-8+1.1655487805688892E-14i;5.141675152816924E-9+1.9454045784240196E-14i;-1.991031728527633E-7+3.134447492229106E-13i;-1.2397796275387634E-7-1.898193548635146E-13i;2.2558221334954632E-7+6.217400342861222E-12i;6.90616675984346E-8+1.5440171930197172E-12i;-2.0458882308293305E-8+4.3674694830372776E-13i;9.186027792210506E-8-1.2347823722932715E-11i;2.1914503694152995E-8+5.6914680144611506E-12i;1.8355167276876798E-7+1.8282715407156803E-11i;-1.3394589809076657E-7+1.8770623329385862E-12i
9.049721414483202E-8-1.5721307086392084E-11i;2.1247560348084694E-7-3.8033275719245363E-10i;-1.0213642127351597E-7-5.293940984892623E-10i;-2.533214904115176E-8+1.591879175267798E-10i;2.480218593090097E-7+1.6010011124213023E-9i;7.447837722350798E-8+2.1964094190789795E-10i;-1.5348874771406975E-7-1.0600207793340607E-14i;3.8424840682118184E-8+1.8827008344865368E-14i;5.407239727386792E-8+3.191468270456676E-14i;-1.8312662498350473E-7-1.227707961340558E-13i;-1.85343249214492E-7+3.2423461845409553E-15i;-1.0279159565579928E-7-1.2206830455097525E-13i;-7.709184309466698E-8-9.627375925260121E-15i;7.960929496138047E-8-1.6156049063181522E-14i;6.657851303599092E-8+4.493183457589379E-15i;7.281811932125456E-9+4.96432370695254E-14i;-1.6244660799372182E-7+2.0704904631423432E-13i;-1.845826775785817E-7-4.14855209223692E-13i;2.2162932156389917E-7+5.027316055415689E-12i;1.046226248988568E-7+1.3185735056089287E-12i;-3.7256501950326204E-8+6.259769240524529E-13i;1.3515658553469863E-7-1.9393660549679188E-11i;1.7257409923982405E-8+9.004842923517091E-12i;1.8564773690901577E-7+2.0296323846425048E-11i;-1.9751066849406806E-7+1.9250972665304424E-12i
1.1271182749156255E-7+3.5178670860325923E-11i;2.0053767226382466E-7-3.174862902101871E-10i;-1.1606525173554448E-7-5.143536915730438E-10i;-4.8992450397439615E-8+1.8219393966415688E-10i;2.488137670799665E-7+1.6536804529124872E-9i;8.9648690927463E-8+3.5861872850356976E-10i;-1.5666421690162975E-7-1.190606331738397E-14i;5.365074987751772E-8+2.1582148996035582E-14i;7.522528076089221E-8+3.092205278502256E-14i;-1.8843384133978815E-7-1.3003844778976278E-13i;-1.3994800673719075E-7+5.553737965481526E-15i;-8.482475699520238E-8-9.38712684087613E-14i;-1.0694029832207886E-7-2.3154570866325808E-14i;5.684317226705865E-8-1.9819935856758678E-14i;4.833143686914596E-8-4.910823932518214E-16i;7.640194522078169E-9+8.535873232629037E-14i;-1.1049984564634666E-7+9.390528358476315E-14i;-2.1545612865994402E-7-5.726121878436136E-13i;2.1607298245021105E-7+4.213296079862665E-12i;1.258944766155015E-7+1.1641292359020613E-12i;-5.821367365970584E-8+7.868841295187717E-13i;1.545700950868624E-7-2.2926177159768066E-11i;1.0727251786994684E-8+1.0677464698910706E-11i;1.8824166055720716E-7+2.1404711872317975E-11i;-2.2721671415848684E-7+1.9592225775762953E-12i
1.3492644082996267E-7+8.607864880883745E-11i;1.8859974102461358E-7-2.5463982330166007E-10i;-1.299940821937331E-7-4.993132846090295E-10i;-7.265275175789302E-8+2.0519996178773774E-10i;2.496056748756144E-7+1.7063597934462807E-9i;1.04819004629653E-7+4.975965150614252E-10i;-1.609055213212656E-7-1.3539527104530417E-14i;6.874999252986636E-8+2.456244790156923E-14i;9.596565994044526E-8+2.936709149482924E-14i;-1.954644012024987E-7-1.475578957479294E-13i;-8.234180663421245E-8+7.411497231537717E-15i;-6.219648249099006E-8-6.953571961760473E-14i;-1.359205945458947E-7-3.556968208817379E-14i;2.8472077254085773E-8-1.68678940618465E-14i;2.5583201243539852E-8-9.532568872187348E-15i;5.834232706900994E-9+1.1046830657452958E-13i;-4.654228952085252E-8+4.987891029938894E-14i;-2.1077305150828079E-7-5.584001709870102E-13i;2.0940194217204704E-7+3.808464212918507E-12i;1.3010719122067503E-7+1.1028244561741828E-12i;-8.394199670184708E-8+9.229405869501735E-13i;1.4587287849437378E-7-2.2220646868133375E-11i;2.743909466848638E-9+1.0357850606083038E-11i;1.907856347849671E-7+2.131675116488779E-11i;-2.175898277735832E-7+1.965129224189092E-12i
1.5714105415821247E-7+1.3697862675966292E-10i;1.766618097664315E-7-1.9179335648307727E-10i;-1.4392291265281548E-7-4.842728776163161E-10i;-9.631305312449707E-8+2.2820598389345284E-10i;2.503975826932215E-7+1.7590391340034704E-9i;1.199893183268513E-7+6.365743015633393E-10i;-1.6622270178913093E-7-1.5235904075461963E-14i;8.37119093580807E-8+2.761717219712463E-14i;1.1627213372475572E-7+3.368092098970114E-14i;-2.0421350079018385E-7-1.6396987279186807E-13i;-1.4738855344721684E-8+1.4150560474907616E-14i;-3.590218486860848E-8-3.278052513584967E-14i;-1.63972138457776E-7-4.891125935790091E-14i;-4.070840671245944E-9-1.3594404299297568E-14i;-5.215202153313947E-10-1.3907653803824991E-14i;1.7506306833157466E-9+1.1023920983185256E-13i;2.565483559176353E-8-9.199261552217688E-15i;-1.6953216219313052E-7-5.233911646230589E-13i;2.0228324339393363E-7+3.9822468024746006E-12i;1.1683442821422742E-7+1.123528986571445E-12i;-1.1430191386088649E-7+1.0085607418565243E-12i;1.0898107313490421E-7-1.7289894629868913E-11i;-6.213601982737029E-9+7.987614304255769E-12i;1.9291403187040744E-7+2.001437725000601E-11i;-1.6934028190953076E-7+1.898489823231821E-12i
1.7935566747393896E-7+1.8787860471883859E-10i;1.647238784934504E-7-1.2894688976616132E-10i;-1.5785174311820874E-7-4.692324706239671E-10i;-1.1997335449980386E-7+2.512120059717301E-10i;2.5118949052926824E-7+1.8117184745738013E-9i;1.351596320154646E-7+7.755520879965002E-10i;-1.7263308757076553E-7-1.7114847906418756E-14i;9.854494007934889E-8+3.069846761499932E-14i;1.3620211531802038E-7+4.2742217652147834E-14i;-2.1471877272062683E-7-1.7200534827736591E-13i;6.04234259793472E-8+2.089475109215768E-14i;-7.023814016213542E-9+3.1557061191655094E-14i;-1.9120752784880894E-7-5.76763622091509E-14i;-3.930414281839672E-8-1.7064352179388214E-14i;-2.8798622715411287E-8-1.2492228891766578E-14i;-4.4588280730853364E-9+6.798946757116061E-14i;1.022951017826027E-7-1.381944613780722E-13i;-9.54188026612291E-8-5.488570332844132E-13i;1.9558353084318686E-7+4.6994384103847254E-12i;8.793855621291302E-8+1.1994404193461414E-12i;-1.4855643070823656E-7+1.0259402225159458E-12i;4.7687688774751294E-8-8.773402490847239E-12i;-1.5655037243879237E-8+3.811552555744803E-12i;1.9468907871263992E-7+1.7729401481267584E-11i;-8.885539598882239E-8+1.6958437876688338E-12i
2.015702807745193E-7+2.3877858268512935E-10i;1.5278594721079476E-7-6.610042317573114E-11i;-1.717805735955651E-7-4.541920636529058E-10i;-1.436336558867746E-7+2.7421802801794174E-10i;2.5198139837965197E-7+1.8643978151306724E-9i;1.5032994569202373E-7+9.145298743438596E-10i;-1.8016464350863826E-7-1.9157156244808793E-14i;1.1328134405597359E-7+3.364918704553695E-14i;1.55919180296672E-7+4.832306094667371E-14i;-2.270929557176075E-7-1.7967649378632965E-13i;1.4069368055272424E-7+2.2813954816147933E-14i;2.337176388625594E-8+9.916194097576093E-14i;-2.1799787099447083E-7-6.714728343504051E-14i;-7.589779069887985E-8-2.842101315673255E-14i;-5.818952253280875E-8-9.286931757597325E-15i;-1.242610583516031E-8+5.963416622497703E-15i;1.801924177114438E-7-2.6390443774007686E-13i;4.146660068783486E-9-4.213495593787864E-13i;1.9041587267074042E-7+5.819209744151035E-12i;4.713689274094204E-8+1.3703034866572695E-12i;-1.8578622207685273E-7+9.924899304728356E-13i;-3.138771359633703E-8+2.4664612413957936E-12i;-2.516865145286221E-8-1.6636018746266362E-12i;1.968627793097693E-7+1.4880233980676076E-11i;1.354490935460108E-8+1.4902929702431396E-12i
2.237848940567139E-7+2.896785606666401E-10i;1.4084801592418345E-7-3.2539567307522634E-12i;-1.8570940409054575E-7-4.391516567341064E-10i;-1.6729395728883487E-7+2.972240500196363E-10i;2.527733062397572E-7+1.91707715565795E-9i;1.6550025935309871E-7+1.0535076605960743E-9i;-1.8886018530822303E-7-2.131689088323452E-14i;1.2798203993865787E-7+3.621548521563321E-14i;1.7572601980373708E-7+4.9219639681996644E-14i;-2.415666180393661E-7-1.903218647576578E-13i;2.238364800757103E-7+2.4041459401430296E-14i;5.434431135836782E-8+1.6878457518023528E-13i;-2.450908340495446E-7-7.683846308557554E-14i;-1.1290056206368455E-7-4.329218172432032E-14i;-8.795398112530936E-8-3.9983446310065165E-15i;-2.1663982956215834E-8-4.996369037503763E-14i;2.575581854312818E-7-3.9452836243627665E-13i;1.1975303503042814E-7-1.8430766915239524E-13i;1.8824935160180064E-7+7.287795026648586E-12i;-7.905631799755802E-10+1.5936970543232628E-12i;-2.2561158417988226E-7+9.609678317659138E-13i;-1.2061810579866357E-7+1.5249205326917742E-11i;-3.455819899307356E-8-7.906033157479664E-12i;2.0120909825862314E-7+1.2017318370408388E-11i;1.265664341726901E-7+1.3284544115017414E-12i
2.4599950732002087E-7+3.405785386661177E-10i;1.2891008463699188E-7+5.959250956869805E-11i;-1.9963823460385808E-7-4.2411124987617766E-10i;-1.9095425870670565E-7+3.202300719730394E-10i;2.5356521410671627E-7+1.969756496151695E-9i;1.806705729990113E-7+1.1924854467602018E-9i;-1.9878253979464108E-7-2.3659449084028544E-14i;1.427417676221319E-7+3.8448984166703635E-14i;1.9610516815137532E-7+5.293925583802894E-14i;-2.585436225721211E-7-2.0613517832791493E-13i;3.0807739192249723E-7+2.8065996534480844E-14i;8.519829687525899E-8+2.363911587277482E-13i;-2.737769131311496E-7-8.721619926331422E-14i;-1.4999794183499922E-7-5.3394844766028045E-14i;-1.178962987821947E-7-1.4939607147196181E-15i;-3.1704387326373E-8-8.325697764178946E-14i;3.3500404911278396E-7-5.096588239728455E-13i;2.423372194075227E-7+9.264744504164821E-14i;1.911412089736773E-7+9.024084235686957E-12i;-5.103242085275636E-8+1.864154399455014E-12i;-2.693108510189778E-7+9.65737136822306E-13i;-2.1381713425397428E-7+2.8653856527081275E-11i;-4.4047503298773087E-8-1.444628291592867E-11i;2.1110895095882946E-7+9.52079521658722E-12i;2.419439111151334E-7+1.2007306595985005E-12i
-1.8256227997270346E-7-6.266802273092029E-10i;3.590344765788822E-7-1.1847715165667265E-9i;5.029730597010725E-8-7.744696904344794E-10i;2.674899363146202E-7-1.1085028385230802E-10i;2.443546986928601E-7+1.019983765194079E-9i;-9.477254143455673E-8-1.3867239477246393E-9i;-1.6900753512814614E-7+1.0252094621526388E-14i;-1.6929248084207288E-7-1.9795676048303345E-14i;-1.5719157824042548E-7+6.4230827039517424E-15i;-2.8157848255274894E-7-1.8277619520766428E-13i;3.1647675502483386E-7-1.7287456582876182E-14i;1.0673844933991807E-7+1.0001163681037948E-13i;2.8979865372810687E-7+5.643485854515389E-14i;-7.526583595913419E-8-1.940062148273012E-15i;-1.2516833335931976E-7+1.5078912038121446E-15i;1.3662331724241003E-7+2.702588346038815E-13i;3.4265057418248333E-7-6.623906132940454E-13i;-2.2533687085842033E-7-1.3513911277524306E-12i;1.2900721618756637E-7+2.2195262545211606E-12i;8.631525981548177E-8+6.60461016260556E-13i;2.0840888167917848E-7-1.1320382436543287E-12i;1.8155238818027806E-7-3.926609220855085E-11i;-1.4367937827895833E-7+1.9566229009063758E-11i;2.619529277129313E-7+2.750852637678871E-11i;-2.6338598541833573E-7+2.647685530378286E-12i
-1.6034766658742667E-7-5.75780250057738E-10i;3.470965458913334E-7-1.1219250497299162E-9i;3.636847550284668E-8-7.594292841435785E-10i;2.438296349383238E-7-8.784426121033458E-11i;2.451466059691802E-7+1.0726631035524416E-9i;-7.96022276324577E-8-1.2477461601214895E-9i;-1.5948033584224683E-7+8.644692529356975E-15i;-1.5180529102756017E-7-1.677962220662577E-14i;-1.4068457583187433E-7+5.867575934145963E-15i;-2.622047302371949E-7-1.6652187861415672E-13i;2.3173963181567025E-7-1.2656971928987607E-14i;6.996946491829076E-8+6.739340959067883E-14i;2.592100220418367E-7+5.4297353817253085E-14i;-4.7615619467057324E-8-4.82848591331927E-16i;-1.0047317447699743E-7+6.245228125269236E-15i;1.1514594043537925E-7+2.1989769692119967E-13i;2.6227746729933013E-7-4.86137985651551E-13i;-1.0432509658289975E-7-8.997147275345623E-13i;1.29860966466046E-7+4.096628781035157E-12i;2.3958445803176607E-8+9.650356642128855E-13i;1.688848762094333E-7-1.0336542178124794E-12i;1.070718389056937E-7-2.5240177822212892E-11i;-1.1069288018825717E-7+1.270658808352883E-11i;2.5058076450370734E-7+2.3308149559886024E-11i;-1.4249939191948388E-7+2.408989352762419E-12i
-1.3813305320394853E-7-5.248802727241155E-10i;3.351586151616944E-7-1.0590785829005484E-9i;2.2439645021862685E-8-7.443888778443175E-10i;2.2016933356439887E-7-6.483823863413764E-11i;2.4593851328311356E-7+1.1253424420527648E-9i;-6.443191384934598E-8-1.1087683726725336E-9i;-1.5109560931406913E-7+6.980549170356222E-15i;-1.3438309236688405E-7-1.2985651138547684E-14i;-1.2468397487724705E-7+8.364217224199812E-15i;-2.455906496918692E-7-1.5313245764002724E-13i;1.4819346765237375E-7-4.137836683860749E-15i;3.3129844374087425E-8+2.452097459621169E-14i;2.3035091002288309E-7+5.265319594565453E-14i;-1.925706830251894E-8+3.931864877236668E-15i;-7.652966381297764E-8+6.669900051340693E-15i;9.549931504451533E-8+1.8252752958842674E-13i;1.81843663392146E-7-3.010501164536749E-13i;9.888001655361742E-9-4.623308686520433E-13i;1.343119259078231E-7+6.015211330729802E-12i;-3.5340944398990106E-8+1.3162248456283262E-12i;1.3241596473577735E-7-9.171043755736816E-13i;3.5888232493243814E-8-1.1688976560186267E-11i;-7.758078618044454E-8+6.0917338496429384E-12i;2.4623365839911466E-7+1.9715496760518633E-11i;-2.4256531368203842E-8+2.241906222215393E-12i
-1.159184398243202E-7-4.739802952848091E-10i;3.23220684383075E-7-9.962321161089227E-10i;8.510814522289706E-9-7.293484715480042E-10i;1.9650903219160506E-7-4.183221614955458E-11i;2.467304206409466E-7+1.1780217807022601E-9i;-4.926160009056705E-8-9.69790585408555E-10i;-1.4380690205668652E-7+5.246892994115596E-15i;-1.1691387095289364E-7-8.950810243338268E-15i;-1.0880129045962323E-7+1.1544293757312233E-14i;-2.3131405466934898E-7-1.4410135545237253E-13i;6.759386444928331E-8+3.056778617831731E-15i;-2.9765472882650744E-9-2.3954719334663344E-14i;2.0186493778476898E-7+5.127948310073288E-14i;9.312209488416295E-9+9.469841106591449E-15i;-5.3285643999360666E-8+6.059367956885844E-15i;7.736036054617915E-8+1.29849952936019E-13i;1.0076589813310281E-7-1.1209440043576406E-13i;1.0804809058982843E-7-5.0428298130125165E-14i;1.4087427701384247E-7+7.754272701968682E-12i;-8.614088908072463E-8+1.6307283467208003E-12i;9.874184634447588E-8-7.789417139659757E-13i;-2.7320497333693578E-8+7.394633237360313E-13i;-4.3651445974440385E-8+1.3129369755835916E-15i;2.446840531190153E-7+1.6611925253852028E-11i;8.296146670825088E-8+2.141982754175148E-12i
-9.370382644875655E-8-4.230803177532155E-10i;3.1128275356447806E-7-9.33385649373191E-10i;-5.418015991175491E-9-7.14308065251638E-10i;1.7284873081885202E-7-1.8826193752792846E-11i;2.475223280347198E-7+1.230701119455488E-9i;-3.409128635085303E-8-8.30812798284635E-10i;-1.3758425264189913E-7+4.933195320152674E-15i;-9.932553440163379E-8-5.458593921921185E-15i;-9.279206724978022E-8+1.441036288721755E-14i;-2.1914270452470023E-7-1.375603768012477E-13i;-7.836262875673756E-9+9.272328738640535E-15i;-3.725102030461569E-8-7.23053273947735E-14i;1.7296753658298499E-7+4.8255170413567826E-14i;3.7157828603436164E-8+1.7428459155019865E-14i;-3.11752531357621E-8+1.4465497748337667E-14i;6.081075330646578E-8+1.010857963390949E-13i;2.094176615342853E-8+6.750603984474427E-14i;1.806396042923403E-7+3.25054647499332E-13i;1.48411664689813E-7+9.10821975378307E-12i;-1.2290551784964279E-7+1.8857299199781508E-12i;6.887788916893569E-8-5.884176457448922E-13i;-7.665109858673088E-8+1.110055043306136E-11i;-9.702192877322901E-9-5.021588738970474E-12i;2.4365050116008717E-7+1.4152506221333411E-11i;1.6752611045373992E-7+2.0798316269730957E-12i
-7.148921307750175E-8-3.721803401490851E-10i;2.9934482271291534E-7-8.705391826872026E-10i;-1.9346846514073618E-8-6.992676589501051E-10i;1.4918842944516298E-7+4.179828573703045E-12i;2.483142354581389E-7+1.2833804582944505E-9i;-1.8920972625479657E-8-6.918350112654204E-10i;-1.324098429256718E-7+3.313295195854336E-15i;-8.158006766275754E-8-2.4165993067447895E-15i;-7.652255322212715E-8+1.523773751851502E-14i;-2.0897235464436087E-7-1.285248819566183E-13i;-7.565403136417372E-8+9.900011992884642E-15i;-6.844097644585561E-8-1.0656819679036161E-13i;1.432684794763419E-7+4.322825084972489E-14i;6.308622479695924E-8+2.1699287769750536E-14i;-1.0917817556445601E-8+2.3602524474122183E-14i;4.604316628573563E-8+7.757758074747381E-14i;-5.428504356110465E-8+2.0221854741534649E-13i;2.2019321108758868E-7+5.658015731139201E-13i;1.5601985399376903E-7+9.931424059500985E-12i;-1.4128242909700248E-7+2.029877020551557E-12i;4.4115038646433497E-8-4.336740035513514E-13i;-1.0694002616616378E-7+1.8368285532269184E-11i;2.2677281121305996E-8-8.606876786791795E-12i;2.420926751334157E-7+1.2618862855399533E-11i;2.187600873379435E-7+1.9971557088247993E-12i
-4.9274599710982976E-8-3.2128036248801034E-10i;2.874068918327788E-7-8.076927160445855E-10i;-3.327567704248421E-8-6.842272526381115E-10i;1.2552812806980536E-7+2.718585084433574E-11i;2.4910614290752324E-7+1.3360597972122353E-9i;-3.750658910649054E-9-5.528572243255781E-10i;-1.2827420579637895E-7+1.9876875488377446E-15i;-6.366784609667367E-8+2.832685178470236E-16i;-5.994276217479801E-8+2.0775056558119577E-14i;-2.007792577782222E-7-1.204541656337657E-13i;-1.3342777290159517E-7+5.43617409211657E-15i;-9.527253939271153E-8-1.3255024901395085E-13i;1.1264639702416376E-7+4.286412444035481E-14i;8.581280371985859E-8+3.3035913817413607E-14i;6.645280493713619E-9+3.671494769132175E-14i;3.316987015870009E-8+6.220474047241816E-14i;-1.2094043714768413E-7+3.6330575588646807E-13i;2.23011662006262E-7+6.478600947856486E-13i;1.6297265407233397E-7+1.0130374754301803E-11i;-1.3907186517590048E-7+2.0905962593777873E-12i;2.5342321456757047E-8-2.319011132992403E-13i;-1.1521744109440651E-7+2.1977723623236633E-11i;5.1584453398126406E-8-1.0419932458760742E-11i;2.3981919190604035E-7+1.2133082984686456E-11i;2.3003287958912194E-7+1.933886878737285E-12i
-2.7059986349666292E-8-2.703803847826602E-10i;2.7546896092631767E-7-7.448462494366984E-10i;-4.720450757281025E-8-6.691868463057305E-10i;1.0186782669228804E-7+5.019187307068858E-11i;2.4989805038119813E-7+1.388739136210277E-9i;1.1419654796813487E-8-4.1387943744565366E-10i;-1.251732496972423E-7+4.471126374779608E-16i;-4.560224540521359E-8+2.365727425636051E-15i;-4.306494085239484E-8+2.3558578533539642E-14i;-1.9458366062888186E-7-1.171388836602699E-13i;-1.7894685197992732E-7+2.0709666109858307E-16i;-1.1657181144390361E-7-1.5925102020595133E-13i;8.116136279097178E-8+3.354792226943978E-14i;1.0411335047683251E-7+3.8274197719068695E-14i;2.0684325276154465E-8+4.0812005720936596E-14i;2.2116401184877226E-8+5.462431799919136E-14i;-1.7507583949937703E-7+4.5285634350682355E-13i;1.9010974848122008E-7+6.797636182351409E-13i;1.6870098837446996E-7+9.642252496902008E-12i;-1.1676475667868454E-7+2.037699130965005E-12i;1.2658019427942763E-8-4.875914129047855E-14i;-1.0153981928123269E-7+2.1787734635530352E-11i;7.514936135245264E-8-1.0439935282701718E-11i;2.3718537917057924E-7+1.2862702068438987E-11i;2.0059394954135618E-7+1.9668069784004216E-12i
-4.845372994055861E-9-2.1948040704172892E-10i;2.6353102999408036E-7-6.819997828604836E-10i;-6.11333381016829E-8-6.541464399404349E-10i;7.820752531233161E-8+7.319789526034234E-11i;2.506899578791783E-7+1.44141847529212E-9i;2.6589968499624913E-8-2.749016506102236E-10i;-1.231058785345619E-7-1.5883582689994555E-15i;-2.7414287531175984E-8+4.9009873849433034E-15i;-2.5944891537296193E-8+2.3571376620717803E-14i;-1.904227246760939E-7-1.1286561005851309E-13i;-2.10384580057765E-7-2.7441241616376572E-15i;-1.3136101673509398E-7-1.7246992834452722E-13i;4.8988717078343065E-8+2.739253403916342E-14i;1.1694598227693316E-7+3.5578494355288895E-14i;3.048243330016633E-8+4.043453929257157E-14i;1.2580718203047548E-8+4.604572184125736E-14i;-2.132712233167935E-7+4.902533415222427E-13i;1.2734175767758887E-7+5.93822404668974E-13i;1.7278224539255094E-7+8.61337700125498E-12i;-7.761580761979062E-8+1.851936034419856E-12i;5.222601578470664E-9+8.815056194965084E-14i;-6.920108350420542E-8+1.8173812904868392E-11i;9.178265159588567E-8-8.819461437722686E-12i;2.3481249169449704E-7+1.4543750797453608E-11i;1.3610384108295075E-7+2.016124517759868E-12i
1.7369240354969027E-8-1.685804292717448E-10i;2.5159309903487617E-7-6.191533163217724E-10i;-7.506216862689454E-8-6.391060335315961E-10i;5.4547223929560585E-8+9.620391741711803E-11i;2.5148186540331295E-7+1.4940978144618275E-9i;4.1760282199271934E-8-1.3592386381346828E-10i;-1.220719643670121E-7-3.836216444709435E-15i;-9.147887211956051E-9+8.22638078027172E-15i;-8.668844639251874E-9+2.805478946806844E-14i;-1.883327381155776E-7-1.1285733251450929E-13i;-2.2643994683987515E-7-1.7880629686888875E-15i;-1.3893870000508648E-7-1.7669258267853706E-13i;1.6379245464413983E-8+2.4306239286104873E-14i;1.235594477763338E-7+2.882010454683666E-14i;3.5514605739426484E-8+3.4897202417081717E-14i;4.054344079616973E-9+2.6408978264585622E-14i;-2.3302117463824097E-7+4.832030580447647E-13i;4.4760844880632524E-8+4.0115194035341124E-13i;1.749253554830998E-7+7.199048544297946E-12i;-2.72768838843044E-8+1.608343274263827E-12i;1.338902398774117E-9+2.4178244858982417E-13i;-2.4371854128957892E-8+1.1973768187578317E-11i;1.0033901366390864E-7-5.937391642758541E-12i;2.333234496013086E-7+1.6884777996961135E-11i;4.796022790705473E-8+2.0955854309497225E-12i
3.958385369643808E-8-1.1768045147977609E-10i;2.396551680469051E-7-5.563068498234252E-10i;-8.899099914653112E-8-6.24065627069287E-10i;3.0886922543603814E-8+1.1920993954582026E-10i;2.522737729562132E-7+1.546777153728993E-9i;5.6930595896951625E-8+3.0539229469897064E-12i;-1.220722676800872E-7-5.7357334919498E-15i;9.145290345374117E-9+1.2132065913606047E-14i;8.659600315736778E-9+3.511917147635516E-14i;-1.8833428111048567E-7-1.1927095047395043E-13i;-2.2643978792778357E-7-2.4261512168475915E-15i;-1.3893621127376615E-7-1.7945756816467496E-13i;-1.637498093870586E-8+1.6183490062684074E-14i;1.2356151151864228E-7+2.6711053334171407E-14i;3.5518592679307074E-8+2.554228128556351E-14i;-4.1139300651896405E-9-9.975898903202812E-16i;-2.330122685496342E-7+4.748478993063126E-13i;-4.4766866824556065E-8+1.3645457237869857E-13i;1.7499953639931243E-7+5.576922554465578E-12i;2.6982551181394064E-8+1.3528058432027283E-12i;-1.2806255959399732E-9+4.283510912373519E-13i;2.4846079984370762E-8+4.4327895794296846E-12i;1.00200529004598E-7-2.3294261441186763E-12i;2.3309761110694273E-7+1.9499131704722403E-11i;-4.8521420393600113E-8+2.195816492075203E-12i
6.179846702971543E-8-6.678047367142194E-11i;2.277172370288608E-7-4.934603833613704E-10i;-1.0291982965941488E-7-6.090252205466978E-10i;7.226621154240132E-9+1.4221596165290988E-10i;2.5306568053972577E-7+1.59945649310598E-9i;7.210090959339684E-8+1.4203170967350955E-10i;-1.2310647054674092E-7-8.065833871713335E-15i;2.7411676144765223E-8+1.4927562636777853E-14i;2.593589796087228E-8+3.095470528173436E-14i;-1.9042699040904434E-7-1.2044091646765103E-13i;-2.1038305192069298E-7-2.6042530405682937E-15i;-1.3135777155348653E-7-1.576376732684694E-13i;-4.898448958524639E-8+3.9338472371036265E-15i;1.1694959898297693E-7+9.20002648887311E-15i;3.048465066482294E-8+2.6879908292393436E-14i;-1.2634295436170903E-8-1.456863168516862E-15i;-2.1324999836893227E-7+3.5346253379729945E-13i;-1.273597942024566E-7-7.587502130776948E-14i;1.7298309725346676E-7+4.01680549358931E-12i;7.732450127655204E-8+1.0464224044406895E-12i;-5.1683843713736485E-9+4.954835927893413E-13i;6.965626150848999E-8-3.182992604634288E-12i;9.142486302181865E-8+1.3044224086210104E-12i;2.3418139361902313E-7+2.2191750013593174E-11i;-1.366714038533869E-7+2.253949117529813E-12i
8.401308035508201E-8-1.5880495852434413E-11i;2.157793059809121E-7-4.306139169332817E-10i;-1.168486601638718E-7-5.939848139561503E-10i;-1.643368023813315E-8+1.6522198374541144E-10i;2.53857588154308E-7+1.6521358325904733E-9i;8.727122329011503E-8+2.810094963713973E-10i;-1.2517442524858896E-7-1.0382430613197768E-14i;4.559961628161378E-8+1.8302755403264642E-14i;4.305577165916735E-8+3.1509109405842095E-14i;-1.9458845828722365E-7-1.3031799555938448E-13i;-1.7894617802355316E-7-4.5319690536562E-15i;-1.1657283725284037E-7-1.389461831212936E-13i;-8.115681641600805E-8-1.1087091566227705E-14i;1.0411190280798567E-7+1.5909500380268506E-15i;2.0682608269177953E-8+1.7128812960945167E-14i;-2.2161522367146342E-8+6.706621879274729E-15i;-1.7504979764335694E-7+2.337107111019388E-13i;-1.9012152393124955E-7-2.9696770965564767E-13i;1.6900278232813844E-7+2.6920628268307787E-12i;1.1647710026606977E-7+7.992068711691848E-13i;-1.2610970407019721E-8+5.764776421321554E-13i;1.0190965829177694E-7-9.509468301568644E-12i;7.465257227639684E-8+4.3223713487900834E-12i;2.3624665478364008E-7+2.4213146582004295E-11i;-2.0114538187346683E-7+2.3186527303874592E-12i
1.0622769367187827E-7+3.5019481970784844E-11i;2.0384137490383298E-7-3.6776745054750726E-10i;-1.3077749066017794E-7-5.789444072944906E-10i;-4.009398163405244E-8+1.8822800582759403E-10i;2.546494958000179E-7+1.7048151721737793E-9i;1.0244153698713942E-7+4.1998728303707044E-10i;-1.2827591972819994E-7-1.235556648653368E-14i;6.366531824319067E-8+2.2190362881439405E-14i;5.99337955352451E-8+3.3500123279749855E-14i;-2.007846566046334E-7-1.389092554713206E-13i;-1.3342784346817796E-7-4.369839844457684E-15i;-9.527734070537409E-8-1.0710740248142122E-13i;-1.126434497132118E-7-2.5330499364655942E-14i;8.580755745664718E-8+1.8032950410888024E-15i;6.639898385543309E-9+8.941198156444634E-15i;-3.320490624483079E-8+3.859309589246805E-15i;-1.209116726142528E-7+1.0406431414756837E-13i;-2.2302010166739191E-7-5.261398250114797E-13i;1.6333072233695941E-7+1.849680384625059E-12i;1.3879530069901936E-7+6.449033207199898E-13i;-2.5305736532065807E-8+6.416497738774776E-13i;1.1546836540405167E-7-1.3535430876589734E-11i;5.103849142929242E-8+6.275599623955642E-12i;2.3874036395932916E-7+2.52958254853007E-11i;-2.305799786217728E-7+2.3731614222206497E-12i
1.284423069782849E-7+8.591945979495023E-11i;1.9190344380031348E-7-3.0492098422963797E-10i;-1.4470632115339078E-7-5.639040005758074E-10i;-6.375428303548624E-8+2.112340278968966E-10i;2.5544140347483394E-7+1.7574945118255195E-9i;1.1761185068092543E-7+5.589650696449945E-10i;-1.3241204993317077E-7-1.403518412466548E-14i;8.15776146043083E-8+2.5789814150344846E-14i;7.651378990683578E-8+3.357123042730577E-14i;-2.0897841834952885E-7-1.541717534548673E-13i;-7.56547921177314E-8+7.850890267304344E-16i;-6.84490148441851E-8-7.408895995197852E-14i;-1.4326716735057143E-7-3.866767867404569E-14i;6.307857436712291E-8+3.29048089285785E-15i;-1.0926077172573367E-8+1.6868698355509256E-15i;-4.6064897938687874E-8+8.403118356474257E-15i;-5.425732210663681E-8+3.0976357534453033E-14i;-2.2019732437893203E-7-5.627744406894067E-13i;1.5638252394619956E-7+1.5363510651016377E-12i;1.4101892753401785E-7+5.925261334756348E-13i;-4.4092421183082135E-8+6.775409792123042E-13i;1.0704907277254057E-7-1.458142680844693E-11i;2.219000985380536E-8+6.852607400735394E-12i;2.4106806775397193E-7+2.5135967311881123E-11i;-2.193088326319035E-7+2.385237134729837E-12i
1.506569202724269E-7+1.3681943762153687E-10i;1.7996551267464214E-7-2.4207451799942093E-10i;-1.5863515164917943E-7-5.488635938254814E-10i;-8.741458444464369E-8+2.342400499473506E-10i;2.562333111750628E-7+1.8101738515206778E-9i;1.3278216436772082E-7+6.979428561768095E-10i;-1.3758692975678083E-7-1.6123188848436184E-14i;9.93231206109874E-8+2.941618570937068E-14i;9.278343995927023E-8+3.806948784020076E-14i;-2.191494215158508E-7-1.7107137291330413E-13i;-7.837497831295314E-9+7.730516182782659E-15i;-3.726205715080833E-8-3.420258775070085E-14i;-1.7296767175207938E-7-5.5421463584492756E-14i;3.714826220882574E-8+6.3760283532194036E-15i;-3.118619144142253E-8-2.220019324175449E-15i;-6.081643144707909E-8-5.837466389397562E-16i;2.0965517914170094E-8-2.0090180456098346E-14i;-1.8063786022464346E-7-5.163096393074118E-13i;1.4872683709809965E-7+1.813132069708837E-12i;1.2265614749677136E-7+6.376968307940812E-13i;-6.887212773941792E-8+6.803186832070491E-13i;7.660318413693053E-8-1.255297489465296E-11i;-1.0021460134536298E-8+5.927820811297296E-12i;2.428714106491406E-7+2.3737241939832838E-11i;-1.6808134202584324E-7+2.3208091585689865E-12i
1.7287153355220557E-7+1.8771941545708238E-10i;1.6802758153209825E-7-1.792280518687873E-10i;-1.7256398215315374E-7-5.338231870766401E-10i;-1.110748858640152E-7+2.5724607196963846E-10i;2.570252188961065E-7+1.862853191243566E-9i;1.4795247804402572E-7+8.369206426226374E-10i;-1.438100253516735E-7-1.856531280398795E-14i;1.1691147123510926E-7+3.32784079707568E-14i;1.0879272055806209E-7+4.567650463666019E-14i;-2.3132139131151E-7-1.8365965642470964E-13i;6.759229386946422E-8+1.6282832887352025E-14i;-2.9905667369325027E-9+2.9345201042797656E-14i;-2.0186646045411513E-7-6.79394417422766E-14i;9.300857793515635E-9+3.4468822050710836E-15i;-5.3299395602368403E-8-6.16178180836026E-15i;-7.734846759152645E-8-5.191867828311918E-14i;1.007836435908366E-7-1.211845299465679E-13i;-1.0803870508125078E-7-5.131217655393652E-13i;1.410953579677609E-7+2.673113910954942E-12i;8.590534696280447E-8+7.722371386010124E-13i;-9.875483934362497E-8+6.35747497217243E-13i;2.7108320508770574E-8-7.792323830021734E-12i;-4.370834182765854E-8+3.607643984636758E-12i;2.4430998650374325E-7+2.1298266090700352E-11i;-8.352719483796384E-8+2.1647036570376506E-12i
1.9508614681533854E-7+2.3861939330267764E-10i;1.560896503788377E-7-1.1638158586195154E-10i;-1.8649281267086585E-7-5.187827803540444E-10i;-1.3473518729638867E-7+2.80252093957964E-10i;2.578171266327766E-7+1.9155325309649606E-9i;1.6312279170665392E-7+9.758984289717621E-10i;-1.5109916131256786E-7-2.068514905144426E-14i;1.3438067737364E-7+3.627464462687587E-14i;1.246754090701738E-7+4.6350451754339885E-14i;-2.455985881671844E-7-1.9173477983101684E-13i;1.4819163230131225E-7+2.1172739064448433E-14i;3.311276623872565E-8+1.064383203167454E-13i;-2.3035383125653774E-7-7.895368173485683E-14i;-1.9270222888770437E-8-7.55550844741881E-15i;-7.654639975467036E-8-2.792878277868991E-15i;-9.546931394231316E-8-1.0996616495770866E-13i;1.8185406328326918E-7-2.737968981053456E-13i;-9.86958291079776E-9-3.723330495726372E-13i;1.3440351205993287E-7+4.022177420418912E-12i;3.5117317996428444E-8+9.97900797273795E-13i;-1.3244872754717398E-7+5.099494928306557E-13i;-3.626470533897785E-8-9.48069536568035E-13i;-7.730669924145431E-8+2.6446497724660756E-13i;2.463731761149218E-7+1.8523076328534516E-11i;2.3674803516486134E-8+2.0019851036131666E-12i
2.173007600589801E-7+2.895193711629613E-10i;1.441517192216023E-7-5.353512000349919E-11i;-2.0042164320779385E-7-5.03742373686922E-10i;-1.5839548874498462E-7+3.032581159024607E-10i;2.5860903437942947E-7+1.968211870657884E-9i;1.7829310535253731E-7+1.1148762152164926E-9i;-1.594843096606038E-7-2.3410265264797294E-14i;1.518028184648897E-7+3.918685836514167E-14i;1.406759461121306E-7+5.0694654210062184E-14i;-2.622132757858502E-7-2.0220340610812526E-13i;2.3173757472996457E-7+2.2892379680665008E-14i;6.994918709977793E-8+1.9003295251238535E-13i;-2.592143497374939E-7-8.899977572854196E-14i;-4.763069463915811E-8-2.302194361089788E-14i;-1.0049304991163817E-7-8.511259553993564E-15i;-1.1509776985495061E-7-1.9314002029022099E-13i;2.622798207446598E-7-4.3564896705267514E-13i;1.0435377556170795E-7-2.2495368735891105E-13i;1.2980176449188924E-7+5.734871990063623E-12i;-2.4173986503516384E-8+1.2865900947984566E-12i;-1.689376650378879E-7+4.063592574933806E-13i;-1.0760875691387974E-7+7.153028107786195E-12i;-1.1004809647331243E-7-3.752017971795875E-12i;2.5128701312616014E-7+1.5618467716217433E-11i;1.4189214283444458E-7+1.8383016348978147E-12i
2.395153732831344E-7+3.4041934903959114E-10i;1.3221378806467395E-7+9.311345704246979E-12i;-2.1435047376425271E-7-4.887019670834739E-10i;-1.8205579021019877E-7+3.262641377993066E-10i;2.5940094213226344E-7+2.020891210313222E-9i;1.9346341898251414E-7+1.2538540013689208E-9i;-1.690119306185567E-7-2.5763804211372915E-14i;1.6928990334340835E-7+4.2294839307786927E-14i;1.571827986975753E-7+5.4292561520926704E-14i;-2.815876681404185E-7-2.184738079334902E-13i;3.1647449431545775E-7+2.7822642119912975E-14i;1.0671476125061384E-7+2.672059690549344E-13i;-2.8980437004161477E-7-1.0100957994672844E-13i;-7.528303640620655E-8-3.188149713660287E-14i;-1.2519156576096163E-7-3.593350244655571E-15i;-1.3655702887607121E-7-2.550455155852332E-13i;3.426447713171323E-7-5.651315366522383E-13i;2.2537658575101355E-7+3.164611892199261E-14i;1.2878967131337742E-7+7.651091526689634E-12i;-8.65289361708507E-8+1.622467344636467E-12i;-2.0848173135679974E-7+3.5426410633833404E-13i;-1.8224929157012827E-7+1.5812132925782956E-11i;-1.4264598397382087E-7-7.963001864471462E-12i;2.632392710667515E-7+1.3139816301163328E-11i;2.6273499232928747E-7+1.7690752991305761E-12i
-1.8904641352409613E-7-6.268394145933242E-10i;3.6233817723624835E-7-1.235052669000817E-9i;3.558506736250205E-8-8.390604026549783E-10i;2.763884054896097E-7-1.0481621685817602E-10i;2.5019042920136786E-7+1.071118497164244E-9i;-8.197969542762384E-8-1.3253553954757543E-9i;-1.3480365657513219E-7+1.3177518026189987E-14i;-1.9479941833508626E-7-3.008646171950726E-14i;-1.1352884564871195E-7+8.294974040457958E-15i;-2.9122078624761693E-7-1.8850973970341142E-13i;3.251781571346584E-7-2.0106921527193056E-14i;1.2996643217591664E-7+1.47077800621735E-13i;2.8844409943163687E-7+6.018451555359828E-14i;-1.980452301692043E-9+1.138894808835248E-14i;-1.2548218590334615E-7+4.923582935092836E-14i;2.288523718958318E-7+4.4848285391000425E-13i;3.2613006836212724E-7-7.134690655268022E-13i;-2.126421569846672E-7-1.3116843325947717E-12i;4.314399900816573E-8-2.0480525701667996E-12i;1.288459836194132E-7-3.820572204090388E-13i;1.1991583339700509E-7-9.399933453607887E-13i;1.401884894387621E-7-3.9712808015172635E-11i;-2.2490726268741333E-7+1.9721214533075292E-11i;2.4926889815495666E-7+2.6651536540213212E-11i;-2.676760198258087E-7+2.5585212533224135E-12i
-1.6683180015414775E-7-5.759394374811215E-10i;3.504002467116204E-7-1.172206202739614E-9i;2.165623688342728E-8-8.240199966357127E-10i;2.5272810408628737E-7-8.181019426344562E-11i;2.5098233633154166E-7+1.1237978345360253E-9i;-6.680938160864404E-8-1.1863776075848763E-9i;-1.2571446830806404E-7+1.129831201007394E-14i;-1.7470258418282282E-7-2.591575811095425E-14i;-1.0134025226963442E-7+9.523893291446993E-15i;-2.6990470904589943E-7-1.7130640947116722E-13i;2.3990047417352735E-7-1.4767156229211936E-14i;8.744894228023454E-8+1.0229052302680337E-13i;2.576431165353003E-7+5.974000527953063E-14i;1.5609954621417252E-8+1.3471399775043803E-14i;-1.0695083785247935E-7+4.518274368306937E-14i;1.9708313659048192E-7+3.742873978396767E-13i;2.4817281872590044E-7-5.167042628124605E-13i;-9.271746222724237E-8-8.68883508099699E-13i;4.868700234323663E-8+3.55294701910303E-13i;5.395070985193403E-8+8.047563124649284E-14i;8.788335074262652E-8-7.979682840440381E-13i;8.700143270311152E-8-2.738530206175962E-11i;-1.7262299748176898E-7+1.359872135636217E-11i;2.4008138443180285E-7+2.2713385294566323E-11i;-1.493459193537591E-7+2.351828950963165E-12i
-1.446171867860414E-7-5.25039460286391E-10i;3.3846231614475164E-7-1.1093597364853556E-9i;7.72740638943984E-9-8.089795906091762E-10i;2.290678026852434E-7-5.880417173428492E-11i;2.517742434992342E-7+1.1764771720496012E-9i;-5.163906780967182E-8-1.0473998198571312E-9i;-1.1767420520586548E-7+9.654547506642733E-15i;-1.546743822367766E-7-2.1500029686318026E-14i;-8.959079244608728E-8+1.5873935970269705E-14i;-2.5149563229899425E-7-1.5929400358032926E-13i;1.559110154606288E-7-9.161942582142868E-15i;4.4940188124001313E-8+4.6045534754043083E-14i;2.2863675647212388E-7+5.902402570406734E-14i;3.465360133862289E-8+2.4595168603605514E-14i;-8.968477978231176E-8+3.7913070309295014E-14i;1.6808223672591218E-7+2.978230141869541E-13i;1.699978898059802E-7-2.9741557574123504E-13i;2.053642654439338E-8-4.2380144038845956E-13i;5.5745459847035116E-8+2.691936684640865E-12i;-1.7058588251055194E-8+5.601691092012998E-13i;5.7712268909575816E-8-6.050830087597603E-13i;3.6285060960652156E-8-1.5387150480037428E-11i;-1.199926922087833E-7+7.670275428077297E-12i;2.3750849325225374E-7+1.930734778380114E-11i;-3.3790672316490045E-8+2.2065777318396883E-12i
-1.2240257342200807E-7-4.741394829835768E-10i;3.265243855288444E-7-1.046513270274208E-9i;-6.201424125193144E-9-7.93939184589113E-10i;2.054075012850498E-7-3.5798149299650913E-11i;2.525661507105539E-7+1.2291565097058104E-9i;-3.646875403682169E-8-9.084220323290715E-10i;-1.1065416219495877E-7+7.733739546837948E-15i;-1.3458538280324528E-7-1.7477388076008236E-14i;-7.799765578446109E-8+1.6409073203354138E-14i;-2.355807686810241E-7-1.4907283710680114E-13i;7.494652478157907E-8-5.8744181760644006E-15i;3.335959295019004E-9-1.3588003999420403E-14i;2.0008803719962892E-7+5.404257565860613E-14i;5.450210193147954E-8+2.5711630864597754E-14i;-7.340672348876705E-8+2.867676923725711E-14i;1.4085526853013393E-7+2.472637375499862E-13i;9.109981414711613E-8-9.047699787286468E-14i;1.1771559124901413E-7+2.5348410437261447E-14i;6.360172669492507E-8+4.7108602146381844E-12i;-7.82260060160674E-8+9.52186599081871E-13i;3.041776742749136E-8-4.1262095046852335E-13i;-8.871577489310482E-9-4.079428445022017E-12i;-6.592559217071402E-8+2.064350196353069E-12i;2.37347388610518E-7+1.6409771223606945E-11i;7.10674377356561E-8+2.1088305908040182E-12i
-1.001879600623669E-7-4.232395055872331E-10i;3.1458645487285513E-7-9.836668041229E-10i;-2.0130254656400384E-8-7.788987785747707E-10i;1.8174719988439766E-7-1.2792126953317436E-11i;2.5335805795735664E-7+1.281835847461103E-9i;-2.1298440285368743E-8-7.694442449592489E-10i;-1.0463866907081234E-7+7.22638981453688E-15i;-1.1435267889964573E-7-1.3068356531944767E-14i;-6.638191111484569E-8+2.2462173389989446E-14i;-2.2194557287894838E-7-1.422073258566336E-13i;-7.825758392059563E-10+1.0054835142856088E-15i;-3.61201256614941E-8-6.823775614905424E-14i;1.7122557145552893E-7+4.9459860500782886E-14i;7.427197748888754E-8+4.192339595084947E-14i;-5.8238175419388447E-8+3.6362507704842365E-14i;1.151395918489598E-7+1.967002673308636E-13i;1.336766811746628E-8+1.0360794922195141E-13i;1.89217005400916E-7+4.011725702778591E-13i;7.159790651823454E-8+6.328891088507048E-12i;-1.2333250608220218E-7+1.2997445867173645E-12i;7.764159249195042E-9-1.5353590134475596E-13i;-4.44479348854409E-8+5.85421967989126E-12i;-1.1699503769848705E-8-2.759895256648133E-12i;2.3729478580302892E-7+1.4005228479547514E-11i;1.540670972065344E-7+2.0444523985209017E-12i
-7.79733467074777E-8-3.7233952811729066E-10i;3.026485241838012E-7-9.208203380271878E-10i;-3.40590852000529E-8-7.638583725603651E-10i;1.58086898482134E-7+1.021389532148977E-11i;2.541499652332518E-7+1.334515185294305E-9i;-6.128126550890119E-9-6.304664577135832E-10i;-9.962134185021584E-8+5.5533603640728974E-15i;-9.393265086387511E-8-8.979607312939734E-15i;-5.4643396442885466E-8+2.3074755488026914E-14i;-2.1050792773030648E-7-1.3017102949193086E-13i;-6.884160121315236E-8+2.721808273841169E-15i;-7.20016916724169E-8-1.0811491641349374E-13i;1.416639022995123E-7+4.70332841885144E-14i;9.294338440799656E-8+4.996785741994806E-14i;-4.453580343643294E-8+4.401441391084671E-14i;9.09773674507776E-8+1.6039333724266806E-13i;-5.991833941417572E-8+2.541249769530425E-13i;2.275259564005286E-7+6.513658164450238E-13i;7.915718450024714E-8+7.302557744731102E-12i;-1.47431282945162E-7+1.5128535871596297E-12i;-8.551068295307186E-9+2.8240471601749796E-14i;-6.689675562930881E-8+1.3540057398898966E-11i;4.0133555443464584E-8-6.541698612190782E-12i;2.3632123601527364E-7+1.253901006971829E-11i;2.049211202314416E-7+1.959721022646628E-12i
-5.575873335789918E-8-3.2143955058934596E-10i;2.907105934658078E-7-8.579738719807852E-10i;-4.798791575226752E-8-7.488179665380726E-10i;1.3442659707734227E-7+3.321991753901804E-11i;2.549418725346924E-7+1.3871945231970656E-9i;9.042187170314507E-9-4.914886705675339E-10i;-9.560190351423764E-8+3.7336971741257556E-15i;-7.331489412061713E-8-5.275382627885473E-15i;-4.273980372680905E-8+2.0721476270167172E-14i;-2.0126671661549766E-7-1.218524003810352E-13i;-1.2680477846239477E-7+3.2667006058771253E-15i;-1.028561922713489E-7-1.437662374367312E-13i;1.1127878094419841E-7+4.280271365300383E-14i;1.0946062105489722E-7+4.532614051873582E-14i;-3.276951089067254E-8+4.555424481069818E-14i;6.844526589253856E-8+1.3147097497981094E-13i;-1.2486776794976023E-7+4.001410813825498E-13i;2.2893294820186248E-7+7.982922501003581E-13i;8.580038417548063E-8+7.510063192611125E-12i;-1.480133678630387E-7+1.5585072335819564E-12i;-1.749233575484472E-8+1.8895553329804387E-13i;-7.41406360750448E-8+1.8471827205270782E-11i;8.650370041486534E-8-9.028253340357614E-12i;2.3430447114021182E-7+1.2128337666991871E-11i;2.1721310309723928E-7+1.9054260623727334E-12i
-3.35441200143911E-8-2.705395730145209E-10i;2.78772662720518E-7-7.951274059821076E-10i;-6.19167463092519E-8-7.337775604956159E-10i;1.1076629566937585E-7+5.6225939708294904E-11i;2.557337798607933E-7+1.439873861168842E-9i;2.4212500881454913E-8-3.5251088350193834E-10i;-9.258310209379834E-8+1.7750123473783687E-15i;-5.251575652144854E-8-2.096904416348254E-15i;-3.067072069071106E-8+2.0952293925662E-14i;-1.942630233713772E-7-1.1776432001705242E-13i;-1.7246479952694027E-7-1.2463832172125268E-15i;-1.2734423380030445E-7-1.7426956438329676E-13i;8.011873187051754E-8+3.719943827559403E-14i;1.2283695750631085E-7+4.510770361250146E-14i;-2.3426573762557304E-8+4.8581319601724547E-14i;4.749706000274015E-8+9.582465728411495E-14i;-1.77620647711362E-7+5.011940331550374E-13i;1.9446378084498682E-7+8.130235965902833E-13i;9.11460512503571E-8+6.988574589929825E-12i;-1.2563315012117535E-7+1.477900531375419E-12i;-1.903011918981548E-8+3.1897988896681237E-13i;-6.61898357995226E-8+2.0343783915772067E-11i;1.2438701715038183E-7-1.0034088265684683E-11i;2.3171095499932547E-7+1.2692355673447572E-11i;1.90195729781115E-7+1.8737831445407553E-12i
-1.1329506677921437E-8-2.196395954016542E-10i;2.6683473194738726E-7-7.322809400300694E-10i;-7.58455768674E-8-7.187371544184873E-10i;8.710599425772626E-8+7.923196183606583E-11i;2.565256872128983E-7+1.4925531992183552E-9i;3.938281458524563E-8-2.135330965044038E-10i;-9.056812142813919E-8-6.047139878985125E-16i;-3.1572121997785134E-8+1.395530043856241E-15i;-1.8465149801728118E-8+2.31032692467927E-14i;-1.8955285538252705E-7-1.1402362179294016E-13i;-2.0399540842759736E-7-4.154674611642379E-15i;-1.443433499177313E-7-1.9007825092923494E-13i;4.834188611227761E-8+3.062608759875916E-14i;1.32252609241547E-7+4.5271251480443694E-14i;-1.6932197153338016E-8+4.4492443899954E-14i;2.789097018167195E-8+7.295783563135376E-14i;-2.148415322616517E-7+5.339011410577665E-13i;1.3000668379779256E-7+7.289397605444058E-13i;9.489975095605001E-8+5.868984632974635E-12i;-8.39927173145754E-8+1.2793661494833268E-12i;-1.424347855265917E-8+3.97676908017415E-13i;-4.534345969902662E-8+1.933246417978103E-11i;1.5118602263962887E-7-9.613289572512572E-12i;2.2927988377625228E-7+1.4243114883380774E-11i;1.2934295357996164E-7+1.9135718764997097E-12i
1.0885106650178585E-8-1.6873961775762096E-10i;2.548968011440248E-7-6.694344741239067E-10i;-8.977440742410588E-8-7.036967482932954E-10i;6.344569284185677E-8+1.0223798392811526E-10i;2.5731759459442494E-7+1.545232537361745E-9i;5.4553128283303384E-8-7.455530957051895E-11i;-8.955973452960309E-8-3.0174754385719096E-15i;-1.053561496583329E-8+5.330175811158895E-15i;-6.169421612807601E-9+2.5666249759956123E-14i;-1.8718446089481777E-7-1.1246306298164078E-13i;-2.2009676220902944E-7-5.5825780091707546E-15i;-1.5305105648406623E-7-1.9473086346383577E-13i;1.6166696795679908E-8+2.380546703931332E-14i;1.3711662616443426E-7+3.570880218681006E-14i;-1.3602109419637569E-8+4.1619319998454956E-14i;9.17957447961454E-9+3.7575952538615596E-14i;-2.3409410650168837E-7+5.217161814845581E-13i;4.566191018141735E-8+5.378948120843114E-13i;9.686087580771368E-8+4.327498122948646E-12i;-2.955536043483803E-8+9.7927038829976E-13i;-5.212625713808267E-9+4.66041116385359E-13i;-1.586244486787637E-8+1.5956397879915147E-11i;1.650335215574516E-7-8.010300309334797E-12i;2.2772750636225198E-7+1.6470479274871505E-11i;4.5638744933330696E-8+1.968198750654818E-12i
3.3099719968829434E-8-1.1783964008954267E-10i;2.429588703076098E-7-6.065880082498409E-10i;-1.0370323797690395E-7-6.886563421110137E-10i;3.9785391421415796E-8+1.2524400599383228E-10i;2.5810950200884776E-7+1.5979118756274205E-9i;6.972344197707108E-8+6.442247730395833E-11i;-8.955978271208627E-8-4.745518308095692E-15i;1.0532831877648543E-8+9.974433146325441E-15i;6.157272269184292E-9+3.176286842845491E-14i;-1.8718485425755788E-7-1.1777607913840335E-13i;-2.2009630947117465E-7-9.455960282507017E-15i;-1.530529844704728E-7-1.970241482680006E-13i;-1.6144163765860233E-8+1.6344154589032157E-14i;1.3711486357961316E-7+3.6074212717839086E-14i;-1.3607185596351733E-8+4.0112948533020596E-14i;-9.213836959431964E-9+9.140032715456728E-16i;-2.3408782121427722E-7+5.192253095598469E-13i;-4.565796062880899E-8+3.054964131071079E-13i;9.69278430240251E-8+2.5749162665579263E-12i;2.937297094701056E-8+6.887174024748826E-13i;5.31544325072746E-9+5.417310207314093E-13i;1.6643225676537935E-8+1.1009053132905874E-11i;1.649621754124193E-7-5.561336013012198E-12i;2.2750735488293625E-7+1.9010829966439048E-11i;-4.614295972955881E-8+2.0705402571333935E-12i
5.531433327727128E-8-6.693966240412333E-11i;2.3102093943598179E-7-5.437415424043779E-10i;-1.1763206852368961E-7-6.736159358583534E-10i;1.6125089996255763E-8+1.4825002803946246E-10i;2.589014094591575E-7+1.6505912140324873E-9i;8.489375566792592E-8+2.0340026412311476E-10i;-9.056870212814138E-8-7.701374589030264E-15i;3.156972212813082E-8+1.3750347462276909E-14i;1.845473513862499E-8+2.98844343915794E-14i;-1.8955521991065116E-7-1.191489000244964E-13i;-2.0399407652164472E-7-1.2772765382402232E-14i;-1.4434217563741319E-7-1.758508471505053E-13i;-4.832692643130828E-8+3.1528991112650846E-15i;1.322539461835788E-7+2.2534830888471133E-14i;-1.6932075637719108E-8+3.484545066607481E-14i;-2.792934177893515E-8-3.050889501962364E-14i;-2.1482713606608476E-7+3.8565744958594586E-13i;-1.30016834169418E-7+1.9201219681632892E-14i;9.51100916315569E-8+9.042751417938523E-13i;8.381933971135832E-8+3.48661865722862E-13i;1.4336446935416805E-8+4.943561445318729E-13i;4.6076690850750916E-8+5.364044335493363E-12i;1.5094756443254218E-7-2.788423429078301E-12i;2.286668804190347E-7+2.1432572678352402E-11i;-1.2988017472152132E-7+2.1043065591197377E-12i
7.752894657563306E-8-1.6039684706827933E-11i;2.1908300852888984E-7-4.808950765811852E-10i;-1.3156089906256469E-7-6.585755295272166E-10i;-7.535211433266913E-9+1.7125605007200733E-10i;2.5969331694630466E-7+1.7032705525829186E-9i;1.0006406935749552E-7+3.4237805089326356E-10i;-9.258451142141795E-8-1.0342657163666816E-14i;5.251364385286624E-8+1.78070984967019E-14i;3.066139366260905E-8+2.993038141212724E-14i;-1.94266034235227E-7-1.2967443265867828E-13i;-1.724634693091787E-7-1.2066353346450217E-14i;-1.2734541845931546E-7-1.5615854429425587E-13i;-8.010914378123905E-8-1.236924739040048E-14i;1.2283227375125457E-7+2.010983300025921E-14i;-2.342884421322781E-8+2.876592772784365E-14i;-4.753191371325695E-8-4.4615202211088244E-14i;-1.7759278353717702E-7+2.7113954221241607E-13i;-1.944809931320824E-7-2.1076437367580653E-13i;9.146839325536919E-8-4.845237365029472E-13i;1.2547356686852497E-7+1.0226856620374945E-13i;1.910653229639016E-8+4.506546547093338E-13i;6.679599908202329E-8+1.8182160420078953E-15i;1.2404162573407455E-7-1.5508218165188306E-13i;2.308149616151937E-7+2.3310959413706217E-11i;-1.9074244522419864E-7+2.1786890482277956E-12i
9.974355986358279E-8+3.4860292997393493E-11i;2.0714507758775673E-7-4.180486107888841E-10i;-1.4548972959413086E-7-6.435351231164257E-10i;-3.1195512867499546E-8+1.9426207209465763E-10i;2.6048522446950736E-7+1.7559498912656296E-9i;1.1523438304568015E-7+4.813558376116106E-10i;-9.560388645666198E-8-1.2349557014119042E-14i;7.331295635185415E-8+2.178630188890553E-14i;4.273083669731783E-8+2.992673842355721E-14i;-2.012702554189972E-7-1.3715255269208E-13i;-1.2680451170933792E-7-8.52754304448497E-15i;-1.0286084408560601E-7-1.1638483042267986E-13i;-1.1127274670555367E-7-2.6703393801415466E-14i;1.0945251657226153E-7+1.8061593609566293E-14i;-3.2775848976199926E-8+2.7490820777776784E-14i;-6.84727744347285E-8-6.980125155222871E-14i;-1.248338712475406E-7+1.2127512207976168E-13i;-2.2894768727870303E-7-4.0252770162179693E-13i;8.617666610865638E-8-1.3180849940041493E-12i;1.4786637019646286E-7-4.814375948678878E-14i;1.754962550649711E-8+3.8311743956969144E-13i;7.455720991822453E-8-4.28339693364827E-12i;8.61248513526756E-8+2.0001094411175057E-12i;2.3327918310577073E-7+2.4390721758507466E-11i;-2.1775421750514374E-7+2.2516615680136845E-12i
1.2195817313954103E-7+8.576027070236804E-11i;1.9520714661576935E-7-3.552021450556216E-10i;-1.594185601229427E-7-6.284947166383922E-10i;-5.485581430822866E-8+2.1726809410581394E-10i;2.612771320264091E-7+1.808629230045448E-9i;1.3040469672952144E-7+6.203336242552725E-10i;-9.962386450561869E-8-1.4313349341456415E-14i;9.393077334730006E-8+2.6067652300982624E-14i;5.4634623829565243E-8+3.291245608290664E-14i;-2.1051207685688813E-7-1.510784082515513E-13i;-6.884224059537287E-8-4.1762238122587974E-15i;-7.200922141424804E-8-7.504036266197494E-14i;-1.4166052369761846E-7-4.054516096406468E-14i;9.293336863254813E-8+2.0663722623204655E-14i;-4.454506465921209E-8+1.8393591553668238E-14i;-9.099252215753323E-8-9.248143482401582E-14i;-5.988396050072519E-8+2.9158566401680745E-14i;-2.2753715273054932E-7-4.778940795072254E-13i;7.952962700991854E-8-1.5275459166239148E-12i;1.4729794492682934E-7-9.088304008600965E-14i;8.583396688390095E-9+3.1034569419443153E-13i;6.708885473360372E-8-6.909203731811365E-12i;3.979949015212029E-8+3.362777307130009E-12i;2.3535497949065213E-7+2.41425484023129E-11i;-2.0546184714764797E-7+2.2685095543081587E-12i
1.4417278640142728E-7+1.3666024841048878E-10i;1.8326921561779252E-7-2.9235567940112475E-10i;-1.733473906550527E-7-6.134543101228851E-10i;-7.851611575788755E-8+2.402741160989873E-10i;2.6206903961277696E-7+1.8613085688958951E-9i;1.4557501040504418E-7+7.593114108070776E-10i;-1.0464171113546758E-7-1.6332184940707592E-14i;1.1435081722890275E-7+3.073299649604707E-14i;6.637320799450818E-8+3.823050779997047E-14i;-2.2195023535426706E-7-1.6536066346915883E-13i;-7.836645755653287E-10+3.71310121290847E-15i;-3.6130386108247784E-8-2.3045663419515266E-14i;-1.7122464926673205E-7-5.654304087870081E-14i;7.426004304715313E-8+2.4454998755164786E-14i;-5.825052535902909E-8+1.2357280640901592E-14i;-1.1513965070552774E-7-1.1824303057274566E-13i;1.3399906532773874E-8-2.290092258898388E-14i;-1.8922258512012354E-7-4.902185273092654E-13i;7.190685607852684E-8-1.0659819191138696E-12i;1.232143321296976E-7-9.901326189999013E-15i;-7.760707082980825E-9+2.36811579894522E-13i;4.438984755345731E-8-7.656180314156138E-12i;-1.1910366694274428E-8+3.825804269851359E-12i;2.365716869029111E-7+2.2728589204963874E-11i;-1.546099131829716E-7+2.2369097570292466E-12i
1.663873996473044E-7+1.875602261259773E-10i;1.713312846002691E-7-2.2950921384206557E-10i;-1.8727622119651963E-7-5.984139036047769E-10i;-1.0217641721900035E-7+2.632801380662153E-10i;2.6286094722285586E-7+1.9139879077907304E-9i;1.6074532406861992E-7+8.982891972573879E-10i;-1.1065770472688693E-7-1.9345689036421923E-14i;1.3458352216521716E-7+3.4936042624781333E-14i;7.798892124814022E-8+4.275309215108709E-14i;-2.3558584115990082E-7-1.8216923004525878E-13i;7.494506134669957E-8+1.095380917601748E-14i;3.322838251019092E-9+3.875843800430186E-14i;-2.0008960894951096E-7-7.21554101239065E-14i;5.448809521577324E-8+2.162875922512525E-14i;-7.342236852563984E-8+8.413074560498949E-16i;-1.4083897626074022E-7-1.793803191267983E-13i;9.112803148692973E-8-1.2861185789739318E-13i;-1.1771359583981611E-7-4.4084890266448235E-13i;6.379418598579704E-8-1.340847611767534E-14i;7.812337914582878E-8+1.6764512598456994E-13i;-3.0445322098501345E-8+9.052056397563218E-14i;8.55104050586242E-9-6.644361711856549E-12i;-6.594655308558563E-8+3.326502483178786E-12i;2.3702081115785615E-7+2.03396266820923E-11i;-7.161378840496237E-8+2.134656198851615E-12i
1.8860201287533454E-7+2.384602038502083E-10i;1.5939335357055302E-7-1.6666274840236436E-10i;-2.0120505175284488E-7-5.833734971126059E-10i;-1.2583671869411102E-7+2.862861600012476E-10i;2.6365285485016166E-7+1.9666672466953516E-9i;1.7591563771733524E-7+1.037266983598962E-9i;-1.1767823719091272E-7-2.2286923203383062E-14i;1.5467250613329872E-7+3.871901797820807E-14i;8.958194077595542E-8+4.5231132575510985E-14i;-2.515010640617113E-7-1.9486905678124195E-13i;1.5590918532270053E-7+1.5967794712154352E-14i;4.492410513387091E-8+1.1692973664919618E-13i;-2.2864088283027367E-7-8.639610859443899E-14i;3.463743221573174E-8+1.2809549044840877E-14i;-8.970379876214417E-8-4.038089206834748E-15i;-1.680490568861356E-7-2.4952415060104875E-13i;1.7002066959502392E-7-2.7289638618261487E-13i;-2.05251872192554E-8-3.359468904625767E-13i;5.578128157897041E-8+1.5677120334906925E-12i;1.697072538760426E-8+4.5097925952563814E-13i;-5.777172411368891E-8-7.029986692932962E-14i;-3.686723470078696E-8-4.209142351500152E-12i;-1.1977555752492546E-7+2.085881471971001E-12i;2.3768337442929862E-7+1.7503794264362908E-11i;3.3236679284624916E-8+2.000404326535851E-12i
2.1081662608312815E-7+2.8936018158525375E-10i;1.4745542253659118E-7-1.0381628311159906E-10i;-2.1513388232947651E-7-5.683330906751425E-10i;-1.4949702018625873E-7+3.0929218189548703E-10i;2.644447624879095E-7+2.0193465855738107E-9i;1.910859513484623E-7+1.1762447698273101E-9i;-1.257189839561295E-7-2.5061857363654028E-14i;1.7470066981210971E-7+4.209118160844795E-14i;1.0133118675194442E-7+4.622692298567434E-14i;-2.699104882595204E-7-2.062459251104402E-13i;2.3989829998599997E-7+2.2327976483392218E-14i;8.742978178535255E-8+2.0356076117071558E-13i;-2.5764979326634053E-7-9.845257062110066E-14i;1.559148561435866E-8+3.214106061537844E-15i;-1.0697329629155417E-7-4.241076193526943E-15i;-1.970329658037881E-7-3.182816603082161E-13i;2.481894255043094E-7-4.282357131407283E-13i;9.273890325013496E-8-1.1736029517829758E-13i;4.854166902271705E-8+3.499893072760373E-12i;-5.402567450611476E-8+8.079301494492154E-13i;-8.797469050101306E-8-2.306375391534749E-13i;-8.783810460411942E-8-7.826946616479959E-13i;-1.7213974790436584E-7+4.2776497819165976E-13i;2.4080935070890805E-7+1.4669814410552355E-11i;1.4877543118098853E-7+1.8950537625747413E-12i
2.3303123927101948E-7+3.402601593365139E-10i;1.355174915038161E-7-4.096981797255188E-11i;-2.2906271292662933E-7-5.532926843053797E-10i;-1.7315732169565905E-7+3.3229820374209667E-10i;2.6523667013109344E-7+2.07202592441257E-9i;2.0625626496311073E-7+1.3152225559601317E-9i;-1.3480865612458555E-7-2.7499870957363104E-14i;1.9479744029865392E-7+4.585789809000277E-14i;1.1351945664957825E-7+5.1095038166066197E-14i;-2.912269376615305E-7-2.219077027583974E-13i;3.25175648274492E-7+2.6264754700398778E-14i;1.2994404148143882E-7+2.8989601907903944E-13i;-2.884532889082674E-7-1.0775005474379969E-13i;-2.001427229486034E-9-5.211711691975395E-15i;-1.2550827439723913E-7-9.44023267274499E-15i;-2.2878512810127812E-7-3.962369389674703E-13i;3.261404479707127E-7-5.691849083939222E-13i;2.1267429681363113E-7+9.295865137377463E-14i;4.280773287167989E-8+5.5872694518586554E-12i;-1.2891084835695632E-7+1.213822307670341E-12i;-1.2003900427314165E-7-3.7205062925178915E-13i;-1.4127779550260672E-7+3.0045536514046797E-12i;-2.241450931719622E-7-1.4313753690801003E-12i;2.505636994254906E-7+1.2197986904780925E-11i;2.670717024824023E-7+1.8306818403875242E-12i
-1.955305470855497E-7-6.26998602066268E-10i;3.6564187800643376E-7-1.2853338215571417E-9i;2.0872828767608864E-8-9.036511150199623E-10i;2.852868746445409E-7-9.878214973403846E-11i;2.560261596108366E-7+1.1222532287064902E-9i;-6.918684939001648E-8-1.2639868429066768E-9i;-9.661235075717076E-8+1.6537521942817672E-14i;-2.1913376050931256E-7-3.99938138065086E-14i;-6.61536981064718E-8+1.3949386079468958E-14i;-2.869133311561171E-7-1.8873990840462398E-13i;3.3369429921077065E-7-2.063918213715441E-14i;1.546594388689187E-7+1.9426967729818333E-13i;2.696057794951016E-7+5.953643694768585E-14i;6.478311516891197E-8+3.066685810794555E-14i;-1.1652629963312566E-7+8.398268394626422E-14i;2.9882410852581963E-7+5.634548137627641E-13i;2.8719483458965387E-7-6.917720201231146E-13i;-2.0596383901084605E-7-1.2661055721503685E-12i;-5.204189861080779E-8-6.813774340429127E-12i;1.7512398622397637E-7-1.5025430505108421E-12i;1.9462829627963908E-8-6.0520927102958E-13i;8.99605178058598E-8-3.6657177401652285E-11i;-2.795944179304453E-7+1.8120311360625948E-11i;1.7451730058829618E-7+2.0472000641606263E-11i;-2.5310971167923676E-7+1.9074384699951984E-12i
-1.7331593372986048E-7-5.760986250738482E-10i;3.5370394763205844E-7-1.2224873558433537E-9i;6.94399827327278E-9-8.886107092641809E-10i;2.6162657321623613E-7-7.577612719379561E-11i;2.568180666056363E-7+1.1749325651472716E-9i;-5.401653555910168E-8-1.1250090547702438E-9i;-8.799304422145421E-8+1.4592686276707077E-14i;-1.9656482152852722E-7-3.4962593715240155E-14i;-5.861648901218404E-8+1.4487582961224602E-14i;-2.6412246931908395E-7-1.7323564174828132E-13i;2.478461997855667E-7-1.4654666694406363E-14i;1.0660528659589903E-7+1.3504853006137577E-13i;2.402834574647797E-7+5.913230141715752E-14i;7.209613370252356E-8+2.8804310470770455E-14i;-1.0498508577784799E-7+6.983484323819075E-14i;2.5883632552578555E-7+4.805752363347664E-13i;2.1683513124865067E-7-4.750521148696145E-13i;-8.646424550627523E-8-7.6860188437094E-13i;-4.171134089111797E-8-3.904187032073946E-12i;8.763228299755968E-8-8.938484270882932E-13i;-3.2753367673527953E-9-4.1787970236551366E-13i;6.014869735159007E-8-2.6792648851734434E-11i;-2.139370951786302E-7+1.3136731848481705E-11i;1.7154082421324016E-7+1.7330451929238856E-11i;-1.454382789924216E-7+1.7812045045910233E-12i
-1.5110132037601242E-7-5.251986479997933E-10i;3.4176601721656777E-7-1.159640890139171E-9i;-6.984832236840892E-9-8.735703035027047E-10i;2.379662717900373E-7-5.2770104718830264E-11i;2.5760997363669725E-7+1.227611901722915E-9i;-3.884622174874416E-8-9.860312668018514E-10i;-8.03214259510942E-8+1.2612600224663223E-14i;-1.740624596732402E-7-2.996953593888762E-14i;-5.145532728086075E-8+1.7041283822856025E-14i;-2.442733311667458E-7-1.5990663354396058E-13i;1.6338385690323582E-7-9.788219490378062E-15i;5.8663528642151874E-8+6.91528942566087E-14i;2.1274923072999648E-7+5.497455329640989E-14i;8.149096288385336E-8+3.7615229581832264E-14i;-9.512310145816318E-8+6.026832622052745E-14i;2.223926958176145E-7+4.053731826072801E-13i;1.460920260918629E-7-2.6402403684720973E-13i;2.642181219219136E-8-2.8907750463881E-13i;-3.228462474154732E-8-1.1772563420040886E-12i;4.895254022598255E-9-3.072467913869173E-13i;-2.5554423637461132E-8-2.1628915046731877E-13i;3.1841395660351396E-8-1.7093921259469912E-11i;-1.4775657650428084E-7+8.285618386598455E-12i;1.7289174629683988E-7+1.4572323539830554E-11i;-4.046356859107597E-8+1.687848947095716E-12i
-1.288867070263267E-7-4.742986708182599E-10i;3.29828086753473E-7-1.0967944244836479E-9i;-2.0913662769240706E-8-8.585298977524831E-10i;2.1430597036430605E-7-2.976408233847915E-11i;2.5840188070962025E-7+1.2802912384287364E-9i;-2.3675907965691943E-8-8.470534790418341E-10i;-7.358845790603918E-8+1.0491590996811567E-14i;-1.5148169644132242E-7-2.5331866903478355E-14i;-4.4501176673275135E-8+2.0968766366413085E-14i;-2.2699231081062687E-7-1.482598367646617E-13i;8.2026330173071E-8-9.646534928603968E-15i;1.1811195236943564E-8+5.535593688267015E-15i;1.857725083213699E-7+5.090964316637988E-14i;9.2218499173071E-8+4.5108476434478036E-14i;-8.646540462204514E-8+5.036429396649919E-14i;1.8801365384934828E-7+3.294619235459868E-13i;7.457931107632663E-8-6.165300782593187E-14i;1.2319387039319965E-7+1.2735823830550293E-13i;-2.359284752059811E-8+1.2030024783708717E-12i;-6.669017718262204E-8+1.937263412091968E-13i;-4.498258598161125E-8+6.485246111095841E-15i;6.4793798737022524E-9-7.693297969030214E-12i;-7.972048319669838E-8+3.548697734203063E-12i;1.7521379673502343E-7+1.208537471980962E-11i;5.4887729429006754E-8+1.5598693572553604E-12i
-1.0667209368123658E-7-4.2339869354532057E-10i;3.1789015625194834E-7-1.0339479588940038E-9i;-3.48424933204947E-8-8.434894920135624E-10i;1.906456689375739E-7-6.7580600453351125E-12i;2.5919378781595966E-7+1.3329705752201595E-9i;-8.5055942057675E-9-7.080756914542157E-10i;-6.7794483066212E-8+8.60182263860161E-15i;-1.2872935560773984E-7-2.0642145977332728E-14i;-3.764603224052189E-8+2.3913488458609338E-14i;-2.121024465779195E-7-1.3638888394743764E-13i;5.972075588402114E-9-9.24471293086415E-15i;-3.257823303903348E-8-5.3689890500610654E-14i;1.5864523667732263E-7+4.878156649199892E-14i;1.0348508872013838E-7+5.396912813937162E-14i;-7.882967373511492E-8+4.500390023170826E-14i;1.5519441398251083E-7+2.60098927801622E-13i;4.059444763562124E-9+1.1798673365549064E-13i;1.9418927772384507E-7+4.777446824065302E-13i;-1.5717472598967486E-8+3.038931295565738E-12i;-1.2029061906943444E-7+5.506147197651451E-13i;-5.902862046550402E-8+2.6020884215246E-13i;-1.3877334481641906E-8+1.0276031554777429E-12i;-1.1457023954190153E-8-7.885193893703535E-13i;1.7662446642404818E-7+1.0057008485375016E-11i;1.3066416778488943E-7+1.4658655289157694E-12i
-8.445748034118365E-8-3.7249871620046005E-10i;3.059522257190218E-7-9.711014933683147E-10i;-4.877132388680637E-8-8.284490862820077E-10i;1.6698536750851283E-7+1.6247962176610827E-11i;2.5998569494914466E-7+1.3856499120743178E-9i;6.664719535136054E-9-5.690979040058597E-10i;-6.29453887682344E-8+7.608967083285502E-15i;-1.0575695974540643E-7-1.513137452898862E-14i;-3.0824886984793826E-8+2.820834341107296E-14i;-1.995569071427528E-7-1.2484215251603112E-13i;-6.235166581411231E-8-3.973448211438457E-15i;-7.292103850928167E-8-1.0780582292958131E-13i;1.3101164962380782E-7+4.836444591133334E-14i;1.1447802887719556E-7+6.430716721915122E-14i;-7.221073260225987E-8+5.2917779229629956E-14i;1.2388107029341646E-7+1.9424000423946501E-13i;-6.245594170844246E-8+2.745996211057945E-13i;2.3186278259318873E-7+7.27333165002448E-13i;-8.835988971532977E-9+4.1556892058314226E-12i;-1.504195644769014E-7+8.333770702158635E-13i;-6.561426827544467E-8+4.846314052586405E-13i;-2.7351931565676118E-8+8.48181817287307E-12i;5.381167958148588E-8-4.4239260899929086E-12i;1.763516315865078E-7+8.680609191146591E-12i;1.7763525143003987E-7+1.4294604549458701E-12i
-6.224286700693041E-8-3.2159873879822235E-10i;2.940142951582492E-7-9.082550279011546E-10i;-6.270015446463593E-8-8.134086805475617E-10i;1.4332506607601485E-7+3.925398434052008E-11i;2.6077760210608057E-7+1.438329248981287E-9i;2.1835033260299856E-8-4.301201166742366E-10i;-5.9049855280127394E-8+5.417138387292144E-15i;-8.25535458565942E-8-1.1043701313111124E-14i;-2.4002967366101688E-8+2.3246708726085984E-14i;-1.8938698996874413E-7-1.1502369925914085E-13i;-1.2052362984713703E-7-1.908266485042136E-15i;-1.0759705289497616E-7-1.4896949937601573E-13i;1.0274932768509058E-7+4.3418416972903436E-14i;1.2440961218013011E-7+5.958812790720797E-14i;-6.669659920379121E-8+5.877244169702569E-14i;9.41264775390327E-8+1.526193489655058E-13i;-1.2141815923466646E-7+4.000532529562746E-13i;2.3249607624626117E-7+9.082370102117596E-13i;-3.1297130298072272E-9+4.410174213292077E-12i;-1.5426425777657277E-7+9.11129622494647E-13i;-6.357735120127833E-8+5.970877632191816E-13i;-3.28460879538739E-8+1.411626631783398E-11i;1.122217066295396E-7-7.225828603610257E-12i;1.7448503042179313E-7+8.320052270038626E-12i;1.9004092916994542E-7+1.3793665392401366E-12i
-4.0028253679437285E-8-2.706987613475637E-10i;2.820763645706454E-7-8.454085624995618E-10i;-7.662898505007815E-8-7.983682747952255E-10i;1.1966476463932313E-7+6.226000645104598E-11i;2.6156950928657454E-7+1.491008585936894E-9i;3.700534697289304E-8-2.911423294420519E-10i;-5.611744001672662E-8+3.57313733396929E-15i;-5.9138635334854654E-8-6.570050730344177E-15i;-1.716523320845365E-8+2.2132423975814763E-14i;-1.8166165701865254E-7-1.0887746364377979E-13i;-1.663394309189186E-7-3.1962592950292487E-15i;-1.3510897960157312E-7-1.8333852683047828E-13i;7.388504424582082E-8+3.9261075731772945E-14i;1.32567151659584E-7+5.5972258606176513E-14i;-6.241247858240046E-8+5.831698766654505E-14i;6.588985364898547E-8+1.164102221470368E-13i;-1.6931745485021164E-7+5.065539046876972E-13i;1.9711642235759873E-7+9.070599430924711E-13i;1.2606310977370472E-9+3.870654689479082E-12i;-1.3242564541197134E-7+8.134540110021568E-13i;-5.294899631830091E-8+6.772195365461163E-13i;-3.03466683121529E-8+1.7678720646482945E-11i;1.5996710088574334E-7-8.999777093027192E-12i;1.7171461406045174E-7+8.656818948446802E-12i;1.6718745501661443E-7+1.3197518140756698E-12i
-1.781364035999025E-8-2.1979878385665097E-10i;2.7013843395453036E-7-7.82562097162887E-10i;-9.05578156392944E-8-7.833278690081197E-10i;9.600446319784662E-8+8.526602851422298E-11i;2.6236141649338116E-7+1.543687922955258E-9i;5.217566067562503E-8-1.521645422983241E-10i;-5.4157224132787706E-8+8.035917974065589E-16i;-3.555559133949993E-8-2.111128804234959E-15i;-1.0309671408921234E-8+2.3708467777796278E-14i;-1.7645746891257803E-7-1.0514756779885536E-13i;-1.9797298752172224E-7-6.464227731927687E-15i;-1.5420598214505337E-7-2.0062815261254106E-13i;4.454018931623161E-8+3.156462270839599E-14i;1.383539843542778E-7+5.429744031093954E-14i;-5.948225643628844E-8+5.050019614745692E-14i;3.894571766193375E-8+8.05152199701078E-14i;-2.0310812919841658E-7+5.306671657066785E-13i;1.3163356238146298E-7+7.880748085257233E-13i;4.2565550059874295E-9+2.6806886976056785E-12i;-8.904909657032517E-8+5.599994481530319E-13i;-3.502026651603453E-8+6.741751892309891E-13i;-2.103616216125327E-8+1.905023674778266E-11i;1.937789770731591E-7-9.684327669677382E-12i;1.6902292349493395E-7+9.879443128541625E-12i;1.1396110381534043E-7+1.2954566715698081E-12i
4.400972949712947E-9-1.6889880633318215E-10i;2.582005033057553E-7-7.197156318730217E-10i;-1.0448664622882506E-7-7.682874631712838E-10i;7.234416175097055E-8+1.0827205054110546E-10i;2.631533237317819E-7+1.5963672600756049E-9i;6.734597437050646E-8-1.3186755238130636E-11i;-5.3175410951094905E-8-1.6562757175901847E-15i;-1.1864635952210385E-8+2.4413658630249526E-15i;-3.4407763199051004E-9+2.393854384427841E-14i;-1.738375327054908E-7-1.0155362189008875E-13i;-2.1412463161260271E-7-1.0742348277703128E-14i;-1.6398720141247216E-7-2.049219951543606E-13i;1.4885388152228718E-8+2.522406528491358E-14i;1.4135473279548008E-7+4.692850551208237E-14i;-5.799321015042203E-8+4.591117039730828E-14i;1.2864169606659482E-8+3.9422418920493433E-14i;-2.2058056197265943E-7+5.190149797825096E-13i;4.6206074164121634E-8+6.041136476373374E-13i;5.804780230605856E-9+1.0095877841101766E-12i;-3.1366437395269184E-8+2.3643854045119546E-13i;-1.2204531114585322E-8+6.470783540808194E-13i;-7.1961433062903774E-9+1.8396421930119464E-11i;2.1128149730538198E-7-9.29341964229365E-12i;1.6729604877378975E-7+1.1862806190177962E-11i;4.025783388029638E-8+1.3479119434371296E-12i
2.6615586248123613E-8-1.1799882878433542E-10i;2.4626257261949374E-7-6.568691666097872E-10i;-1.1841547681530827E-7-7.532470572694628E-10i;4.868386029826361E-8+1.3127807254234118E-10i;2.639452310075378E-7+1.6490465973421847E-9i;8.251628805938288E-8+1.2579103174280803E-10i;-5.3176288423714625E-8-4.538484440560899E-15i;1.1863086803997838E-8+6.9399704276647474E-15i;3.4318595284617372E-9+2.991437776766885E-14i;-1.7383839176395647E-7-1.0680677873431168E-13i;-2.1412466407088278E-7-1.5605972470189327E-14i;-1.6398600309346496E-7-2.0489197007941104E-13i;-1.486967269821947E-8+1.4595225236699984E-14i;1.413526588495238E-7+5.009088913792376E-14i;-5.7987190495474976E-8+4.248235132647464E-14i;-1.29002081215727E-8-1.4022629246785216E-14i;-2.205761750579488E-7+4.856138811686458E-13i;-4.6208730295890843E-8+3.5565848871866944E-13i;5.9073635015770145E-9-8.642719969691585E-13i;3.133290222890147E-8-1.048304057023008E-13i;1.232545957652708E-8+5.78738849262163E-13i;8.21530111596849E-9+1.6083944767764707E-11i;2.112211533442713E-7-8.089088148075682E-12i;1.6713207504241756E-7+1.4095214413867001E-11i;-4.0665641097632184E-8+1.4279160921297628E-12i
4.883019953421095E-8-6.709885121657682E-11i;2.3432464189220577E-7-5.940227013655743E-10i;-1.323443073959374E-7-7.382066512856664E-10i;2.5023558839561496E-8+1.5428409452483972E-10i;2.6473713832511726E-7+1.7017259347823591E-9i;9.768660174397295E-8+2.647688186485125E-10i;-5.415812338839767E-8-6.797966712326259E-15i;3.5554084629827325E-8+1.149292977401299E-14i;1.030086102821514E-8+2.9447121327625645E-14i;-1.764582542871954E-7-1.115647424644883E-13i;-1.9797090709051436E-7-1.5281017645655614E-14i;-1.5420487261501605E-7-1.9344383679335832E-13i;-4.452540536444954E-8+1.2516113727109043E-15i;1.3835030702166921E-7+3.936775762250007E-14i;-5.9481621630452106E-8+3.672076744125993E-14i;-3.897715297432481E-8-5.13121209039666E-14i;-2.0308914955674918E-7+4.1496467193194773E-13i;-1.3164943916046655E-7+1.0560765402499303E-13i;4.486248616528644E-9-2.655603153287738E-12i;8.902668260929615E-8-4.3975284039716353E-13i;3.5133125680222346E-8+4.672033650595774E-13i;2.19788968636509E-8+1.2627745032776762E-11i;1.9364142539696184E-7-6.24232618544287E-12i;1.6848200770172297E-7+1.6262432908738038E-11i;-1.1438039606629915E-7+1.5239166554702023E-12i
7.104481280758902E-8-1.6198873635809462E-11i;2.2238671112279E-7-5.311762361359021E-10i;-1.462731379692494E-7-7.231662452096419E-10i;1.3632573748969028E-9+1.7729011649472435E-10i;2.655290456864867E-7+1.754405272407293E-9i;1.128569154254353E-7+4.037466054814708E-10i;-5.611897886167599E-8-9.643431786929155E-15i;5.9137373211139855E-8+1.588361286306643E-14i;1.7156856888037054E-8+2.80783908043271E-14i;-1.8166291191472515E-7-1.1903142966470295E-13i;-1.6633713238584343E-7-1.5926168838917058E-14i;-1.3511016675938438E-7-1.6855698934214134E-13i;-7.387475441866252E-8-1.3656903585305494E-14i;1.3255898372758424E-7+3.296283324768616E-14i;-6.241691408893956E-8+3.2181926069401397E-14i;-6.59199195113441E-8-8.914572534952969E-14i;-1.6928293700967249E-7+2.869547336177568E-13i;-1.9713560556580752E-7-1.4076759292192613E-13i;1.5958160205358522E-9-4.066904294799357E-12i;1.324147235558985E-7-7.2817494503275E-13i;5.304583133723028E-8+2.782968906785261E-13i;3.1119113674264426E-8+8.519185481502455E-12i;1.5977048195722376E-7-4.124880685367783E-12i;1.7092127308837056E-7+1.795362871396526E-11i;-1.6760177527084458E-7+1.5839783458670253E-12i
9.325942606819092E-8+3.47011039516824E-11i;2.1044878031315467E-7-4.683297709315475E-10i;-1.6020196853597048E-7-7.08125839040519E-10i;-2.229704409591837E-8+2.0029613845538214E-10i;2.663209530904987E-7+1.807084610199278E-9i;1.2802722910376958E-7+5.427243922378738E-10i;-5.905200967490835E-8-1.1942047802900026E-14i;8.255223174640754E-8+2.0644599812168154E-14i;2.3994325305796338E-8+2.7554328533605894E-14i;-1.8938857982389435E-7-1.2878706826393382E-13i;-1.2052329041288798E-7-1.2701604781932403E-14i;-1.0760163438912356E-7-1.2873548798117487E-13i;-1.0273989964229038E-7-2.7817143478737285E-14i;1.243998268218707E-7+3.7328684212632434E-14i;-6.670402727908492E-8+3.5636471727219016E-14i;-9.41444791089208E-8-1.2633063707629879E-13i;-1.2138266525754738E-7+1.576990020222042E-13i;-2.3251264536354572E-7-3.1672680986249795E-13i;-2.7431454608773624E-9-4.851099945917544E-12i;1.5426564511109054E-7-8.66497151942352E-13i;6.364712858107137E-8+9.784868810346838E-14i;3.338075197914981E-8+4.2867412961754625E-12i;1.1201514646694555E-7-1.947500411523973E-12i;1.7358116346375785E-7+1.88011867384557E-11i;-1.904429129409944E-7+1.6578983256622119E-12i
1.1547403931473022E-7+8.560108154156174E-11i;1.9851084946725197E-7-4.054833057737645E-10i;-1.7413079910048015E-7-6.930854327951469E-10i;-4.59573455744899E-8+2.2330216040558203E-10i;2.67112860533845E-7+1.8597639481265002E-9i;1.4319754277626294E-7+6.817021789012449E-10i;-6.294814806838761E-8-1.4220098448915712E-14i;1.0575566768075176E-7+2.5332338624443943E-14i;3.0816376897405054E-8+2.849843970290681E-14i;-1.9955892101524164E-7-1.4163318837219402E-13i;-6.235215102868385E-8-8.301007976675923E-15i;-7.292776327744529E-8-7.761732991447332E-14i;-1.3100542681171213E-7-4.569027296337127E-14i;1.1446680877872222E-7+3.5095588410811196E-14i;-7.222045040227117E-8+2.666558695626674E-14i;-1.238873586619906E-7-1.6219297927908916E-13i;-6.241920615961364E-8+3.756329345379207E-14i;-2.3187991959341742E-7-4.051980783838088E-13i;-8.462168853756654E-9-4.93015806031217E-12i;1.504358674249089E-7-8.89724275256969E-13i;6.565173417679205E-8-9.791488259997648E-14i;2.7607335947877813E-8+4.143766932368344E-13i;5.3631521593502774E-8+4.033514874797568E-14i;1.7550542758874345E-7+1.8546415934062317E-11i;-1.7803888506451072E-7+1.6896536358513885E-12i
1.3768865254565375E-7+1.3650105913625993E-10i;1.8657291859108525E-7-3.4263684068096507E-10i;-1.8805962966853524E-7-6.780450265051066E-10i;-6.961764706291403E-8+2.4630818234000215E-10i;2.679047680110153E-7+1.9124432861568354E-9i;1.5836785643939655E-7+8.206799654602032E-10i;-6.77978232587299E-8-1.7104144330105762E-14i;1.287280831884778E-7+3.056291808867771E-14i;3.7637625251002476E-8+3.533996123887593E-14i;-2.1210480639499154E-7-1.5398988041545376E-13i;5.971283566486346E-9-5.215816706416424E-17i;-3.258713453596226E-8-1.6483672853453453E-14i;-1.5864288064454767E-7-5.6754535729230085E-14i;1.0347200234741118E-7+3.1846205097244095E-14i;-7.884251963342696E-8+1.4026521356425216E-14i;-1.5518822594363967E-7-2.319101822975226E-13i;4.096548309183041E-9-4.803498293682231E-14i;-1.9420212166726232E-7-4.5260371404029217E-13i;-1.5423679920033837E-8-4.26263402443592E-12i;1.203217343454997E-7-7.66082853101817E-13i;5.9028958021240435E-8-2.666136425493554E-13i;1.381898300665277E-8-2.834387813974547E-12i;-1.15677181108719E-8+1.6995265647921986E-12i;1.7600133603645976E-7+1.721238483581107E-11i;-1.310659610460706E-7+1.6627644066107865E-12i
1.5990326575936698E-7+1.8740103674016584E-10i;1.7463498769228374E-7-2.7979037567095777E-10i;-2.0198846024628364E-7-6.630046202096315E-10i;-9.327794856355109E-8+2.6931420425055817E-10i;2.686966755150124E-7+1.965122624257005E-9i;1.7353817008970286E-7+9.596577519095581E-10i;-7.359237258807057E-8-1.9984870415782473E-14i;1.5148043039167304E-7+3.531957485528358E-14i;4.4492694658075264E-8+3.725785116314905E-14i;-2.2699485929403353E-7-1.700146095934406E-13i;8.202509293421843E-8+4.1494533677631034E-15i;1.1799692863375299E-8+4.850195716380593E-14i;-1.85773947035675E-7-7.21908563965864E-14i;9.220313202205524E-8+2.853577022058034E-14i;-8.648175147969406E-8+5.341747808784084E-15i;-1.8799358889047478E-7-2.936142543317038E-13i;7.461465308793254E-8-1.4386228546397725E-13i;-1.2319968263254745E-7-3.7397281322339255E-13i;-2.3437863677339168E-8-2.956564241430036E-12i;6.67372078220484E-8-4.986541876390564E-13i;4.494320763726929E-8-4.565752258663563E-13i;-6.8680616239766064E-9-5.2815904162192045E-12i;-7.972365359120255E-8+2.933337188001887E-12i;1.74951768903635E-7+1.5005864744982918E-11i;-5.528483697493344E-8+1.6080228164426862E-12i
1.821178789543774E-7+2.3830101435244266E-10i;1.6269705677948473E-7-2.169439107717596E-10i;-2.1591729083940166E-7-6.479642139381152E-10i;-1.1693825007881322E-7+2.92320226131565E-10i;2.6948858303804815E-7+2.017801962382229E-9i;1.887084837243929E-7+1.0986355382424141E-9i;-8.032590702912869E-8-2.3104292405410145E-14i;1.7406119165732329E-7+4.016061449548676E-14i;5.144664521128901E-8+3.9235915749524156E-14i;-2.4427599695568366E-7-1.8635682725346065E-13i;1.6338213610805527E-7+9.367088170809847E-15i;5.864927596448054E-8+1.2131241922854377E-13i;-2.1275447713574895E-7-8.752631835407013E-14i;8.147312933625204E-8+2.643149953613122E-14i;-9.514294858845501E-8-2.71056988331977E-15i;-2.2235802659446329E-7-3.629131082013099E-13i;1.461240055435761E-7-2.4698047869672024E-13i;-2.6418477268380217E-8-2.4118800925179246E-13i;-3.231302270067189E-8-1.1209763557494508E-12i;-4.8317373413908635E-9-1.630484013728134E-13i;2.5474239472279297E-8-6.430422347024077E-13i;-3.2558914408944635E-8-6.978666620185867E-12i;-1.476252682905311E-7+3.724345422551233E-12i;1.7308551234494103E-7+1.2128840853131122E-11i;4.006978881484577E-8+1.510971288067256E-12i
2.0433249212869492E-7+2.8920099196981054E-10i;1.507591258619503E-7-1.5409744601975287E-10i;-2.2984612145345254E-7-6.329238077185025E-10i;-1.4059855161159642E-7+3.153262479752544E-10i;2.702804905720491E-7+2.0704813004825487E-9i;2.0387879734095207E-7+1.2376133244523984E-9i;-8.799807877024444E-8-2.6704113946971864E-14i;1.9656354220219525E-7+4.4407889685999027E-14i;5.8607461667431576E-8+4.1520693144393375E-14i;-2.641252144935807E-7-2.033626925781295E-13i;2.478440150611631E-7+1.9025258992532864E-14i;1.0658818769506453E-7+2.0086196195636552E-13i;-2.402924241319454E-7-1.0074372424587779E-13i;7.207572521743913E-8+2.5147736924143488E-14i;-1.0500844592887354E-7-1.436054816275563E-14i;-2.5878670703312065E-7-4.371351973224435E-13i;2.168627100764421E-7-3.6993541603091946E-13i;8.64775754345362E-8-3.1105096588313757E-14i;-4.195095367740215E-8+9.97827764015594E-13i;-8.755173418537443E-8+2.6743763211585526E-13i;3.154586606916644E-9-8.538066335541678E-13i;-6.118567161474797E-8-8.093453748169194E-12i;-2.1365560428796562E-7+4.2311487900234355E-12i;1.7223674996240196E-7+9.294726573152544E-12i;1.4504219194489565E-7+1.4345892224579595E-12i
2.2654710528304628E-7+3.401009695950157E-10i;1.3882119494633775E-7-9.125098142298536E-11i;-2.437749520886961E-7-6.178834015620548E-10i;-1.6425885316198495E-7+3.3833226977705326E-10i;2.7107239811084175E-7+2.1231606385334823E-9i;2.1904911094075764E-7+1.3765911105584498E-9i;-9.661793193045713E-8-2.9843477486962916E-14i;2.191324592346731E-7+4.8699692130102155E-14i;6.614418230600584E-8+4.490939670565574E-14i;-2.8691615367944425E-7-2.2367188229086493E-13i;3.336916726744711E-7+2.4880002476521855E-14i;1.5463938752463073E-7+2.8759743599210583E-13i;-2.69618347296333E-7-1.119076888527124E-13i;6.475995905859568E-8+2.062438489815151E-14i;-1.1655333300646294E-7-2.668416359250974E-14i;-2.987592769113219E-7-5.071980176457181E-13i;2.872178463450796E-7-4.895505935715272E-13i;2.0598738337891541E-7+2.337279922075293E-13i;-5.250487847139465E-8+3.2352591927095557E-12i;-1.750252360680491E-7+7.127646453896363E-13i;-1.9624162511455526E-8-1.0680717985828035E-12i;-9.131397800434728E-8-8.965523022260874E-12i;-2.791553915625345E-7+4.625966659009303E-12i;1.7572845309045796E-7+6.756144320675491E-12i;2.526990302610258E-7+1.349082338924932E-12i
-2.0201468065773845E-7-6.271577897056633E-10i;3.689455788873862E-7-1.3356149742812767E-9i;6.160590183552562E-9-9.682418275408223E-10i;2.941853437792212E-7-9.274808251186555E-11i;2.618618899233724E-7+1.1733879597932713E-9i;-5.639400332389822E-8-1.2026182900191757E-9i;-5.492024360978365E-8+2.0509401241538843E-14i;-2.4218752966951026E-7-4.822719656433404E-14i;-1.615278196710013E-8+1.6360999265800847E-14i;-2.687153185101162E-7-1.831572449546498E-13i;3.415388624792606E-7-1.4809586661128813E-14i;1.8041224943962018E-7+2.439282181814001E-13i;2.3412431599960792E-7+5.3031517573415306E-14i;1.2061937545009246E-7+4.603388603831244E-14i;-9.67160365435467E-8+1.0822808501715637E-13i;3.3906314772557573E-7+6.50140153964562E-13i;2.2917648687249296E-7-5.986701218663833E-13i;-2.0628067674777899E-7-1.1484841967880997E-12i;-1.402211978779455E-7-1.1353233480179837E-11i;2.2125315004257584E-7-2.530972332028371E-12i;-7.522342337301923E-8-2.562721821490379E-13i;3.238484910756246E-8-2.977499636832309E-11i;-3.0148380780795314E-7+1.4636701925421005E-11i;5.553673501162408E-8+1.0333914425350613E-11i;-2.1882854536539267E-7+8.385840651853258E-13i
-1.7980006731522015E-7-5.762578128142779E-10i;3.570076486506012E-7-1.2727685090861488E-9i;-7.768240328833302E-9-9.53201422038705E-10i;2.705250423281091E-7-6.97420600327614E-11i;2.626537967937909E-7+1.226067295362519E-9i;-4.1223689485441354E-8-1.0636405016776728E-9i;-4.678705809136138E-8+1.824878528123366E-14i;-2.1729808207461322E-7-4.358861451566132E-14i;-1.3474895602507176E-8+1.4951156638619044E-14i;-2.44901205829077E-7-1.6421646726649293E-13i;2.551077069404593E-7-9.413466160138269E-15i;1.2707823708644798E-7+1.725656130184206E-13i;2.078565386740399E-7+4.973476775527931E-14i;1.1782922637000722E-7+3.7479289840589345E-14i;-9.286587373281529E-8+9.291178371487108E-14i;2.936748880525766E-7+5.524359004213852E-13i;1.7105452086501585E-7-4.1320782555652566E-13i;-8.643711068076617E-8-6.473510260088601E-13i;-1.2588056086960567E-7-7.976411168001467E-12i;1.21547251658532E-7-1.821683623223507E-12i;-8.871292853099699E-8-5.305481860330309E-14i;2.7346920755152442E-8-2.3190195431667494E-11i;-2.2989574787250637E-7+1.1235117206851967E-11i;6.15781185812254E-8+8.37730956907867E-12i;-1.2940014253877383E-7+7.778275766640867E-13i
-1.5758545397448684E-7-5.253578358455925E-10i;3.450697183747611E-7-1.209922043899243E-9i;-2.1697070857572566E-8-9.381610165329202E-10i;2.468647408788189E-7-4.673603761430338E-11i;2.6344570369827503E-7+1.2787466310562044E-9i;-2.605337566768241E-8-9.246627135050303E-10i;-3.949635831215387E-8+1.5500021471216563E-14i;-1.9246861707780288E-7-3.8807764478183436E-14i;-1.1118388212480306E-8+1.8476244734731266E-14i;-2.2395815184597327E-7-1.5150614067773157E-13i;1.7015438630975376E-7-9.195273102009518E-15i;7.398383807229378E-8+9.688450277750295E-14i;1.8331211831751988E-7+4.5001055835894904E-14i;1.1758205873860114E-7+3.9379762169013225E-14i;-9.096415165174235E-8+7.530609584369257E-14i;2.5238344995558335E-7+4.500787093421155E-13i;1.124093654519185E-7-2.0803657886793545E-13i;2.6767044313689703E-8-2.2886383123414143E-13i;-1.1481204875568444E-7-4.877848341745518E-12i;2.7465088195678974E-8-1.1529250038905303E-12i;-1.0310145472065114E-7+1.6825295592281478E-13i;2.2718566221290088E-8-1.6655641155180978E-11i;-1.5769014388890464E-7+7.81796681721454E-12i;6.829041515169288E-8+6.473120097138058E-12i;-4.2349614245905015E-8+7.021053603290187E-13i
-1.3537084063791973E-7-4.74457858775208E-10i;3.3313178805420687E-7-1.1470755787625015E-9i;-3.562590140993264E-8-9.231206110430312E-10i;2.2320443942954822E-7-2.3730015285167334E-11i;2.6423761064150173E-7+1.3314259668664761E-9i;-1.0883061877923036E-8-7.85684925546335E-10i;-3.30595111790854E-8+1.3734268742741397E-14i;-1.6753810761056027E-7-3.334811573021266E-14i;-9.035363654369471E-9+2.0072843966854336E-14i;-2.0557755887020668E-7-1.3795580323987347E-13i;8.838314654832639E-8-8.113756980827178E-15i;2.2170225113969654E-8+2.939959556736637E-14i;1.5944753906662092E-7+4.4356692405246994E-14i;1.1908867370657284E-7+5.463308838675402E-14i;-9.03953900853451E-8+6.288996448588783E-14i;2.1347434092539672E-7+3.6149705456484275E-13i;5.3004109720360534E-8-2.8560727755720987E-14i;1.2379898620472282E-7+2.268503589724383E-13i;-1.0602526646516615E-7-2.2053401856643857E-12i;-5.42105912443402E-8-5.640310565685431E-13i;-1.1476221368978502E-7+4.107887585042545E-13i;1.8333850159480712E-8-9.900993982116423E-12i;-8.34667993234479E-8+4.3759328263274536E-12i;7.371502124779183E-8+4.764053490193459E-12i;3.6804287180380165E-8+6.435006865697227E-13i
-1.1315622730599984E-7-4.23557881617261E-10i;3.2119385769859105E-7-1.0842291137009465E-9i;-4.955473198312988E-8-9.080802055729332E-10i;1.995441379786399E-7-7.23993041548692E-13i;2.650295176143597E-7+1.3841053027395503E-9i;4.287251887499173E-9-6.467071377681147E-10i;-2.7493319299804373E-8+1.215086220214647E-14i;-1.4240368838708515E-7-2.742606090093891E-14i;-7.192997759469835E-9+2.5792064991437183E-14i;-1.8963960228674173E-7-1.2432852063825552E-13i;1.1982749018365678E-8-8.697141226646778E-15i;-2.6872846209516517E-8-3.6725497889936645E-14i;1.3566773535191015E-7+4.513479099844193E-14i;1.2169392114135538E-7+5.826454587857777E-14i;-9.070071500700429E-8+5.256948238052212E-14i;1.763396910373711E-7+2.696496981341928E-13i;-5.6353036769760775E-9+1.4028186020909916E-13i;1.94969428683244E-7+5.612847870290807E-13i;-9.903411596063078E-8-1.6826138480934396E-13i;-1.1607385289806551E-7-1.3926572086400377E-13i;-1.2048377627046857E-7+6.648465039909356E-13i;1.4248022753740239E-8-3.1732413626379424E-12i;-9.034437082491948E-9+9.856711610803576E-13i;7.670363197990916E-8+3.198751160918225E-12i;9.997684160099322E-8+5.612518552219212E-13i
-9.094161397928597E-8-3.7265790438965606E-10i;3.09255927314943E-7-1.0213826487180335E-9i;-6.348356257387439E-8-8.930398001177823E-10i;1.7588383652462394E-7+2.2282029129747565E-11i;2.6582142461019895E-7+1.4367846386468767E-9i;1.9457565632207804E-8-5.07729350140673E-10i;-2.281673031300175E-8+9.703431226370724E-15i;-1.1701236587045935E-7-2.2099955208644906E-14i;-5.563731042025188E-9+2.5140610128221412E-14i;-1.7614592709372104E-7-1.1033187489199918E-13i;-5.6625645255326716E-8-7.817075514889098E-15i;-7.14167777456804E-8-9.581569696824431E-14i;1.1166966305115584E-7+4.429813110954662E-14i;1.248286595890756E-7+6.302740943087184E-14i;-9.15177837997674E-8+5.278881322419696E-14i;1.408844697941723E-7+2.1183803230960462E-13i;-6.096591999254045E-8+2.7658567816824706E-13i;2.3271570674396619E-7+8.381003605969729E-13i;-9.357913859703962E-8+1.0653514684542399E-12i;-1.5212963182728338E-7+1.4604923135600277E-13i;-1.1784437555493712E-7+8.392776887958464E-13i;1.0599216568192282E-8+3.213482285674877E-12i;6.20853311489836E-8-2.1819912318020503E-12i;7.694876870620631E-8+2.1394750762682715E-12i;1.3962756046538876E-7+5.150830145083488E-13i
-6.872700065866485E-8-3.2175792710426496E-10i;2.973179969065086E-7-9.585361838188313E-10i;-7.741239317877959E-8-8.77999394666831E-10i;1.5222353506629378E-7+4.5288051236378556E-11i;2.6661333162621986E-7+1.4894639745728685E-9i;3.46278793592533E-8-3.687515626430956E-10i;-1.904857053618207E-8+7.326856407639207E-15i;-9.135306098947598E-8-1.6421684199720517E-14i;-4.118931183883853E-9+2.716960027644908E-14i;-1.6516767612675308E-7-9.899039522240541E-14i;-1.1502673490563048E-7-6.4443417656620024E-15i;-1.0969083434800933E-7-1.4628850007742807E-13i;8.733328624020736E-8+4.3056631216548316E-14i;1.2799486885529207E-7+6.78494958815509E-14i;-9.2549370510997E-8+5.549574189679057E-14i;1.071376172757629E-7+1.4634423240672356E-13i;-1.1002404087875659E-7+3.9221869005744966E-13i;2.3330810196889204E-7+9.31838692075522E-13i;-8.947688913941437E-8+1.375192972053048E-12i;-1.592938401237609E-7+2.5115095663652583E-13i;-1.0556139581046662E-7+9.625536907769577E-13i;7.50454855332526E-9+8.913673950234867E-12i;1.2570986713622106E-7-4.9776020866561095E-12i;7.49234726574599E-8+1.6630259429439128E-12i;1.5103065721022553E-7+4.563757867381576E-13i
-4.651238734527259E-8-2.708579497706779E-10i;2.8538006647319983E-7-8.956897190035898E-10i;-9.134122379416194E-8-8.629589892043595E-10i;1.2856323360275972E-7+6.829407328533278E-11i;2.67405238663151E-7+1.542143310521194E-9i;4.979819307139717E-8-2.2977377526133785E-10i;-1.6206412716133368E-8+5.761388656506324E-15i;-6.545002626315893E-8-1.0522992482580334E-14i;-2.8267840647604326E-9+2.388877539110077E-14i;-1.5680690198952842E-7-9.171638097193113E-14i;-1.6101494830816174E-7-2.219718307497539E-15i;-1.4005314995730632E-7-1.8834218723822037E-13i;6.266305097705922E-8+4.0574850573273823E-14i;1.3076124577991644E-7+6.813238618201269E-14i;-9.355839301122812E-8+6.494829327339953E-14i;7.506178234054908E-8+1.0763173786268169E-13i;-1.498519549446047E-7+4.987978351209077E-13i;1.9777680663424577E-7+9.70596111645158E-13i;-8.656004363899903E-8+8.08584768924707E-13i;-1.382218952091705E-7+1.4796703357232245E-13i;-8.372993389049106E-8+9.9928660458244E-13i;5.029337643448886E-9+1.363153420504327E-11i;1.77673292093071E-7-7.22511300436958E-12i;7.16859395497638E-8+1.7505788016658417E-12i;1.3357396195133128E-7+4.00446429913322E-13i
-2.4297774040757245E-8-2.1995797239637983E-10i;2.7344213601171723E-7-8.328432542644925E-10i;-1.0527005441605589E-7-8.479185837111607E-10i;1.0490293213329051E-7+9.130009528414884E-11i;2.681971457254057E-7+1.594822646519189E-9i;6.49685067711496E-8-9.079598798658946E-11i;-1.4302855953420177E-8+3.0427532428005073E-15i;-3.935308897182767E-8-5.286076294172254E-15i;-1.6502642844580948E-9+2.3203067222322357E-14i;-1.511659848008661E-7-8.652232196881929E-14i;-1.927592536336622E-7-7.275811340795729E-15i;-1.611135284925048E-7-2.10168698681125E-13i;3.772034882032142E-8+3.1797236001727094E-14i;1.3281407134319603E-7+6.126415169529361E-14i;-9.433282038851867E-8+5.84667044528453E-14i;4.439847053265407E-8+7.220030746408173E-14i;-1.7796621992278598E-7+5.151594004492999E-13i;1.320783120293112E-7+8.379268342374166E-13i;-8.46946406536559E-8-4.587208295519817E-13i;-9.34561621889176E-8-1.211916321494518E-13i;-5.382620328897577E-8+9.218610616603193E-13i;3.008368748280197E-9+1.701321639310473E-11i;2.144577472113095E-7-8.807625002178933E-12i;6.846521351487E-8+2.5737453195004676E-12i;9.136621870662545E-8+3.552814098222562E-13i
-2.083160747197776E-9-1.6905799498855848E-10i;2.615042055159035E-7-7.699967895753999E-10i;-1.1919888504004315E-7-8.328781781669442E-10i;8.124263065727899E-8+1.1430611724538936E-10i;2.6898905282056754E-7+1.6475019826222935E-9i;8.013882046098495E-8+4.81817991863651E-11i;-1.3348896616586006E-8-1.4369319358375645E-16i;-1.3131679860490332E-8-8.809448300145049E-16i;-5.439219083017974E-10+2.333993832041361E-14i;-1.483227120626674E-7-8.616363636462556E-14i;-2.0896908579462018E-7-1.5516274515297608E-14i;-1.7190512078733816E-7-2.1869487495070595E-13i;1.2593918809217036E-8+2.4785584122907288E-14i;1.3389161531275725E-7+5.775880617247537E-14i;-9.476188244366873E-8+4.6403509067469483E-14i;1.466561075861915E-8+2.7369196774163995E-14i;-1.9249261375967172E-7+4.896267585523351E-13i;4.634671700061673E-8+6.528365218536914E-13i;-8.374792735507042E-8-2.2432957436376215E-12i;-3.294679334384974E-8-4.841466572405585E-13i;-1.8512466417641387E-8+7.759898398033947E-13i;1.3523406911260406E-9+1.8897810224404927E-11i;2.3352153574586034E-7-9.599247227786765E-12i;6.644243137906703E-8+4.11989213856771E-12i;3.23422839499825E-8+3.821424692803232E-13i
2.0131452533314253E-8-1.181580175541234E-10i;2.495662749783521E-7-7.071503249132517E-10i;-1.3312771566149694E-7-8.178377725470305E-10i;5.758232917425486E-8+1.3731213917999377E-10i;2.6978095995735736E-7+1.700181318890681E-9i;9.530913414336175E-8+1.871595862619746E-10i;-1.3349023992425557E-8-3.052909754103927E-15i;1.3131493023637234E-8+3.793442750830085E-15i;5.366551284964535E-10+2.6452083701941753E-14i;-1.4832161977116287E-7-8.979243953492836E-14i;-2.0896838180878012E-7-2.038678922932084E-14i;-1.7190715999231998E-7-2.1683668393225859E-13i;-1.258149748667121E-8+1.6573782849556825E-14i;1.3388494398875365E-7+5.907617084397474E-14i;-9.4768173604052E-8+4.2127704976007814E-14i;-1.4706518038856028E-8-1.9368160163485797E-14i;-1.9247320598041018E-7+4.610274166858551E-13i;-4.636236091493854E-8+4.378765804700211E-13i;-8.36721561968134E-8-4.2423738789814295E-12i;3.3066591063455685E-8-8.695012697395453E-13i;1.8664615944625908E-8+5.879788596337019E-13i;-2.2798137464896515E-10+1.92434257232091E-11i;2.335071741880305E-7-9.579536888173697E-12i;6.62743275490743E-8+5.937189108160883E-12i;-3.2538208598542673E-8+4.596742573029712E-13i
4.2346065799210623E-8-6.725804009932903E-11i;2.3762834439320486E-7-6.44303860262392E-10i;-1.47056546276834E-7-8.027973668299461E-10i;3.3922027683931734E-8+1.6031816109610648E-10i;2.705728671427685E-7+1.7528606553689772E-9i;1.1047944782025563E-7+3.2613737324225124E-10i;-1.4303274769275955E-8-5.538701892702129E-15i;3.935233393065353E-8+8.791305837065604E-15i;1.6421523606871335E-9+2.8314109686999077E-14i;-1.511642749572161E-7-9.482541397929166E-14i;-1.9275729024652002E-7-1.9206707819397522E-14i;-1.6111465885549984E-7-2.0272534271441155E-13i;-3.770113579147461E-8+2.6477818126511216E-15i;1.3280668049755352E-7+5.383349943780934E-14i;-9.433901797484099E-8+3.735787384415573E-14i;-4.4416637930917545E-8-6.0635579295838E-14i;-1.779407823673897E-7+3.8310275280631835E-13i;-1.3209010426263828E-7+1.7704885745111586E-13i;-8.44726965858194E-8-6.081943112538881E-12i;9.358051523074127E-8-1.23373053475351E-12i;5.394879919262425E-8+3.8261856661795633E-13i;-1.9771778539907032E-9+1.8076736220029313E-11i;2.144350578535073E-7-8.777131776468668E-12i;6.800011712729747E-8+7.763954757087021E-12i;-9.154069335392677E-8+5.699773045383686E-13i
6.456067904971214E-8-1.6358062630688593E-11i;2.256904137581714E-7-5.814573956166305E-10i;-1.6098537688457858E-7-7.877569610030546E-10i;1.026172618617683E-8+1.8332418300065082E-10i;2.713647743801617E-7+1.8055399920768914E-9i;1.256497614926956E-7+4.6511516012755724E-10i;-1.6207247333536187E-8-8.48414951161425E-15i;6.544954172151486E-8+1.3794692435774034E-14i;2.81968270900179E-9+2.5325924745986166E-14i;-1.5680632634712397E-7-9.872656102540337E-14i;-1.6101073706193474E-7-2.0662555526331948E-14i;-1.400489952065883E-7-1.6913446532874535E-13i;-6.265125515482708E-8-7.794180862007374E-15i;1.3076059504291567E-7+4.766341134032189E-14i;-9.355813226705559E-8+3.7195479519769736E-14i;-7.508580528337618E-8-1.0936472613410009E-13i;-1.4982675638734104E-7+2.5685419386766726E-13i;-1.978003360137711E-7-8.028317522129509E-14i;-8.622967861970226E-8-7.46393831354653E-12i;1.3834988449757955E-7-1.530063063846835E-12i;8.38411644060197E-8+9.415448559005678E-14i;-4.14915303724315E-9+1.5475318072502636E-11i;1.7762707825861144E-7-7.31533898313347E-12i;7.10108388347179E-8+9.143166529498221E-12i;-1.3378629242953078E-7+6.22957042073681E-13i
8.677529228455026E-8+3.454191484606403E-11i;2.1375248307518121E-7-5.186109309837233E-10i;-1.7491420748598773E-7-7.727165550690054E-10i;-1.3398575319364897E-8+2.063302048972412E-10i;2.721566816683989E-7+1.85821932900008E-9i;1.408200751602752E-7+6.040929469123151E-10i;-1.905061210220336E-8-1.0968039250369465E-14i;9.135270022917803E-8+1.9064754537444456E-14i;4.111649630042342E-9+2.4667867267965545E-14i;-1.6516755485505814E-7-1.069938220732306E-13i;-1.1502396297711343E-7-1.7985054362440377E-14i;-1.0969124452383833E-7-1.260818636896907E-13i;-8.732449368927573E-8-2.5296364329164148E-14i;1.2798693442490576E-7+4.8004062526140895E-14i;-9.255515285333599E-8+3.778030899305295E-14i;-1.0715336522278475E-7-1.4812605775182447E-13i;-1.0998372847026748E-7+1.4051361934496182E-13i;-2.3333171636073658E-7-2.945981245808818E-13i;-8.908810987537065E-8-8.19026458242016E-12i;1.5943846834369845E-7-1.6740885872286989E-12i;1.0564150955042962E-7-1.86583306591737E-13i;-6.8976897072320925E-9+1.1698266563848482E-11i;1.2565714707285339E-7-5.3048376747024045E-12i;7.418537088337973E-8+9.861828157886546E-12i;-1.512138204179614E-7+7.124125579556284E-13i
1.089899055031203E-7+8.544189232788254E-11i;2.0181455234949302E-7-4.5576446638067267E-10i;-1.888430380852254E-7-7.576761490477454E-10i;-3.7058876833864425E-8+2.2933622678507305E-10i;2.7294858900263664E-7+1.9108986661043997E-9i;1.559903888207085E-7+7.43070733587509E-10i;-2.2819485440738175E-8-1.4561975259338582E-14i;1.1701172743843442E-7+2.4060033010188092E-14i;5.5560806761053556E-9+2.476860962027239E-14i;-1.76145597059736E-7-1.2084208280046762E-13i;-5.6625704957226446E-8-1.3152951091994046E-14i;-7.142147091645765E-8-6.910944320337886E-14i;-1.1166138022105899E-7-4.5072393525588545E-14i;1.2481866019080506E-7+4.1521233935195015E-14i;-9.1526813985562E-8+2.6339178867534266E-14i;-1.40883214616899E-7-1.9274592635410045E-13i;-6.093018772077627E-8+1.6308742298332242E-14i;-2.3273730663884276E-7-4.083102075210369E-13i;-9.321102623963779E-8-8.138011641067E-12i;1.5228824475753558E-7-1.6854656091684212E-12i;1.178832920338997E-7-4.76591202229984E-13i;-1.0301602652148747E-8+7.023563170109041E-12i;6.205664171937967E-8-2.938962763559383E-12i;7.62638677138533E-8+9.6942500519311E-12i;-1.398050913676716E-7+7.633113244753632E-13i
1.312045187045029E-7+1.3634186981659118E-10i;1.8987662158863245E-7-3.9291800182824344E-10i;-2.0277186868809945E-7-7.426357429736667E-10i;-6.07191783590807E-8+2.523422486593329E-10i;2.7374049637573467E-7+1.9635780033482147E-9i;1.711607024707775E-7+8.820485201460908E-10i;-2.7496842451577236E-8-1.753376005990057E-14i;1.4240305657183734E-7+2.9630202963506314E-14i;7.185287605195076E-9+2.812703319576196E-14i;-1.8963940498781745E-7-1.3447356842357508E-13i;1.1982397402584526E-8-6.53327010355739E-15i;-2.6879778687239042E-8-7.60612761861918E-15i;-1.3566395441241487E-7-5.6015606540057804E-14i;1.216810784988268E-7+3.155771304059982E-14i;-9.071324852184458E-8+1.0931921244749247E-14i;-1.7632795365686106E-7-2.6895017742641435E-13i;-5.596905233402455E-9-6.036587962727807E-14i;-1.9498802359556406E-7-4.2131090202325305E-13i;-9.875947967625052E-8-7.269237392856078E-12i;1.1624752567577337E-7-1.5000659484729185E-12i;1.2048146283708072E-7-7.122844917778289E-13i;-1.4297227959379543E-8+1.7958831905525094E-12i;-9.049476273000762E-9-3.276280055750082E-13i;7.621020716128311E-8+8.6002270161718E-12i;-1.001437847942372E-7+7.751672697932631E-13i
1.53419131887765E-7+1.872418473182792E-10i;1.779386908016478E-7-3.300715373410024E-10i;-2.1670069930058406E-7-7.275953368922329E-10i;-8.43794798969741E-8+2.7534827051112434E-10i;2.745324037791294E-7+2.016257340695149E-9i;1.8633101610743923E-7+1.0210263065906993E-9i;-3.3063761333169455E-8-2.021919350210545E-14i;1.6753749157863214E-7+3.5185312142585E-14i;9.027606592709199E-9+3.0956268677055085E-14i;-2.0557742838314223E-7-1.4747110274926957E-13i;8.838218548297746E-8+1.2911550625547138E-16i;2.2160974017903822E-8+6.723124556616314E-14i;-1.5944897079795703E-7-6.685160984631706E-14i;1.190732561437886E-7+3.7520200915653095E-14i;-9.041114780637921E-8+5.869332586603125E-15i;-2.134519180204752E-7-3.4894290412137735E-13i;5.304282266190937E-8-1.4505294534590798E-13i;-1.2381119443215503E-7-3.374919514824439E-13i;-1.0590867166373816E-7-5.656116422424732E-12i;5.4398899203939514E-8-1.1806918217521556E-12i;1.1471513934832568E-7-9.28878483409556E-13i;-1.874266342712126E-8-3.674843880677754E-12i;-8.346283596271861E-8+2.3541357572834904E-12i;7.352567369789085E-8+6.624150039148285E-12i;-3.695886174586198E-8+7.346134242700967E-13i
1.7563374505179905E-7+2.3814182482921174E-10i;1.6600075999855812E-7-2.6722507295213246E-10i;-2.3062952992847753E-7-7.125549308330888E-10i;-1.080397814497676E-7+2.9835429233559284E-10i;2.753243112035469E-7+2.0689366780849948E-9i;2.015013297280457E-7+1.1600040929140354E-9i;-3.950127514657223E-8-2.3550019364078387E-14i;1.924680171892609E-7+4.0904789240827165E-14i;1.1110372822185146E-8+3.3713744683623563E-14i;-2.239579195608911E-7-1.6621970924347614E-13i;1.7015282696587848E-7+7.97092262789918E-15i;7.39721277370595E-8+1.3905546936560993E-13i;-1.833186176873044E-7-8.038272747398819E-14i;1.175639617037349E-7+3.993147607263469E-14i;-9.09832914373133E-8-1.7674485101345365E-15i;-2.523495355283191E-7-4.3928798180236473E-13i;1.1244653817895492E-7-2.0921434627823034E-13i;-2.6770866750167717E-8-1.7075107089301783E-13i;-1.1490393277869729E-7-3.5479535658518522E-12i;-2.726021783470476E-8-7.645812073210569E-13i;1.0300890661649257E-7-1.1319875476316588E-12i;-2.3485837507421655E-8-9.077843736737345E-12i;-1.576618264268425E-7+4.941280200051093E-12i;6.848047224573952E-8+3.95454511463294E-12i;4.2210235036734017E-8+6.668246196908882E-13i
1.9784835819494864E-7+2.8904180234122763E-10i;1.5406282919002515E-7-2.0437860870510066E-10i;-2.445583605775623E-7-6.975145248224822E-10i;-1.3170008302025322E-7+3.2136031412645113E-10i;2.761162186395193E-7+2.1216160154523633E-9i;2.1667164333020243E-7+1.2989818791070154E-9i;-4.6792604079649235E-8-2.7047643477997976E-14i;2.1729750184122244E-7+4.6156905597256295E-14i;1.3466420360986653E-8+3.585042884713453E-14i;-2.449007781399254E-7-1.8604940824310985E-13i;2.551055628808564E-7+1.7293204706483555E-14i;1.270639977585603E-7+2.1749797589382626E-13i;-2.0786789113166444E-7-9.173562905389621E-14i;1.1780841723572418E-7+3.9300170384582807E-14i;-9.2888404252693E-8-1.63047925820825E-14i;-2.9362890062216597E-7-5.15670782399013E-13i;1.7108865142763394E-7-2.919757115310091E-13i;8.644270842458424E-8+9.445619274993544E-14i;-1.2621235901808643E-7-1.1822662168295637E-12i;-1.2132280651621369E-7-2.5723838531614953E-13i;8.857527049546604E-8-1.3588937840071768E-12i;-2.8462004779560164E-8-1.4318105805159837E-11i;-2.298397246089423E-7+7.435145411150826E-12i;6.218485370198079E-8+1.1501858456469216E-12i;1.2927511149277563E-7+5.885559639154763E-13i
2.200629713182501E-7+3.3994177985263766E-10i;1.4212489838407657E-7-1.4153214461517973E-10i;-2.584871912482793E-7-6.824741188703001E-10i;-1.553603846084629E-7+3.443663358807353E-10i;2.769081260795748E-7+2.1742953527595465E-9i;2.31841956915452E-7+1.437959665187885E-9i;-5.49264014101878E-8-3.1611274308722604E-14i;2.421869747508256E-7+5.077949018962826E-14i;1.614366091149932E-8+3.912226998655945E-14i;-2.687146740184852E-7-2.0845456336542062E-13i;3.415361852749978E-7+2.1748497628261918E-14i;1.8039543809197337E-7+3.0265139200617036E-13i;-2.3414028548674635E-7-1.0649241183901022E-13i;1.2059578990087182E-7+3.8449963700014105E-14i;-9.674203803829394E-8-3.668657164053648E-14i;-3.3900461809447427E-7-5.949353178877851E-13i;2.2920713326521036E-7-4.0430609155405513E-13i;2.0629564010036102E-7+3.493786119630169E-13i;-1.4080752867389656E-7+1.222716590176041E-12i;-2.210041086242888E-7+2.3172663825924E-13i;7.504049477197574E-8-1.6143536328734994E-12i;-3.384404119040192E-8-1.947038505115382E-11i;-3.0139842496368155E-7+9.848270514133249E-12i;5.657094123546176E-8-1.575670843971345E-12i;2.1871369567489093E-7+4.863144830139576E-13i
-2.084988142409886E-7-6.273169774929142E-10i;3.7224927987689583E-7-1.385896127209185E-9i;-8.551648391369196E-9-1.0328325402239879E-9i;3.0308381289367217E-7-8.67140152190801E-11i;2.676976201409743E-7+1.2245226904021146E-9i;-4.360115723127653E-8-1.1412497368179688E-9i;-1.0232196085615916E-8+2.5503916056507877E-14i;-2.638742340493612E-7-5.6306310954219035E-14i;3.537951249759796E-8+1.5915472744683323E-14i;-2.3725767240976552E-7-1.6687727642811807E-13i;3.482646991942038E-7-1.1297364827370526E-15i;2.0667700799213627E-7+2.877519375727909E-13i;1.8369263066875709E-7+3.714115962540061E-14i;1.6220588687017267E-7+5.594911803479027E-14i;-6.54406368861346E-8+1.3364566645604112E-13i;3.4510662142843225E-7+6.909080100127966E-13i;1.566162675783499E-7-4.643793188018567E-13i;-2.1364696016972486E-7-9.665455694797963E-13i;-2.0598219266609483E-7-1.498763841398524E-11i;2.6317903388860145E-7-3.33968878931262E-12i;-1.4761242627055005E-7+5.235321562978026E-14i;-2.995595353059668E-8-1.9228873859299755E-11i;-2.88191437122609E-7+9.423157103780508E-12i;-7.919572187224079E-8-1.5576552548189482E-12i;-1.658796595053318E-7-4.126881383723091E-13i
-1.8628420091053973E-7-5.764170006892339E-10i;3.603113497643838E-7-1.3230496624873104E-9i;-2.2480478923986698E-8-1.0177921349639992E-9i;2.7942351142199507E-7-6.370799279755533E-11i;2.684895268987069E-7+1.2772020251727578E-9i;-2.8430843389241214E-8-1.0022719483122148E-9i;-2.588327445874099E-9+2.2767929062562104E-14i;-2.3683185591997372E-7-5.121494653516112E-14i;3.312158249519804E-8+1.937393604310685E-14i;-2.1283609596553867E-7-1.4785454492434415E-13i;2.6125030743678216E-7-3.4683482726019165E-15i;1.4837193521664766E-7+2.096140658974462E-13i;1.6184352361234555E-7+3.565542934917125E-14i;1.4981470943047604E-7+4.255042406427182E-14i;-6.977894722578435E-8+1.0322032976793699E-13i;2.9751382619314064E-7+5.53760658428149E-13i;1.1452769016040095E-7-3.265798273147914E-13i;-9.268613141106873E-8-5.806202908553443E-13i;-1.8906706408790738E-7-1.1171219612099466E-11i;1.5207542557686332E-7-2.5342691537713363E-12i;-1.5351810510744282E-7+2.839291244303819E-13i;-9.640793207470841E-9-1.671700679473257E-11i;-2.187082015738145E-7+7.936026528813487E-12i;-6.303601416383632E-8-2.1399588884938186E-12i;-1.011524916932099E-7-3.944252819383884E-13i
-1.6406958758184265E-7-5.255170238164112E-10i;3.4837341961587824E-7-1.2602031977712982E-9i;-3.640930947327684E-8-1.0027517297039913E-9i;2.557632099517751E-7-4.0701970428699644E-11i;2.6928143368745247E-7+1.329881360058321E-9i;-1.3260529567669423E-8-8.632941599724225E-10i;4.320438415846061E-9+2.0592765194305214E-14i;-2.0983524390975574E-7-4.5508438301582253E-14i;3.057884049134876E-8+2.4184983018560922E-14i;-1.9111984712141006E-7-1.3465902048415264E-13i;1.7579660199072108E-7-8.311037318818387E-16i;9.044691987425288E-8+1.2791332309720253E-13i;1.4161722399921666E-7+3.610937298290517E-14i;1.402290020761657E-7+5.33814779020257E-14i;-7.61866295167373E-8+8.432615165041864E-14i;2.543429020430172E-7+4.461915450848179E-13i;7.185089320243517E-8-1.4217808522040573E-13i;2.1528404168470534E-8-1.1785175762717623E-13i;-1.774539658510484E-7-7.729704887044298E-12i;4.7426525325663544E-8-1.7525543399714902E-12i;-1.61471236517358E-7+5.378672819527907E-13i;9.917139559735157E-9-1.3983738462761513E-11i;-1.486540503483907E-7+6.405058374426727E-12i;-5.0524329009923585E-8-2.8880922291062374E-12i;-3.828133456334888E-8-3.719860987842174E-13i
-1.418549742572609E-7-4.746170468480862E-10i;3.364354894270561E-7-1.1973567331138327E-9i;-5.033814004712487E-8-9.87711324464552E-10i;2.3210290848102475E-7-1.769594814588119E-11i;2.7007334051043304E-7+1.3825606950357916E-9i;1.9097842257890667E-9-7.243163718460955E-10i;1.0460772473343238E-8+1.770519432376307E-14i;-1.8270874730925888E-7-3.9776021865629225E-14i;2.7674165082580392E-8+2.5979506715407568E-14i;-1.7189117153863227E-7-1.194314905319977E-13i;9.359495910662996E-8-3.833698492759461E-15i;3.399575271550315E-8+5.483416460563749E-14i;1.2223187102765924E-7+3.4864741848919847E-14i;1.3268908608264109E-7+5.705046635782973E-14i;-8.395970436778544E-8+6.721521481298601E-14i;2.1391914935419764E-7+3.4535120835137074E-13i;2.8511238526069968E-8+8.142322801085729E-15i;1.1949820924899094E-7+2.6597665339844356E-13i;-1.69484900441297E-7-4.835835948613141E-12i;-4.36133922740754E-8-1.1336615216003936E-12i;-1.6690644146105537E-7+7.555438140660465E-13i;2.6981066275388063E-8-1.0767019262218802E-11i;-7.675792878926056E-8+4.609140797932663E-12i;-4.1968786101473946E-8-3.72340597737982E-12i;1.8957397995175965E-8-4.1243502752309894E-13i
-1.1964036093732148E-7-4.237170697953609E-10i;3.244975592082394E-7-1.1345102685492336E-9i;-6.426697064351556E-8-9.72670919253301E-10i;2.0844260700792856E-7+5.310074049559425E-12i;2.70865247357742E-7+1.4352400300391836E-9i;1.7080097994200696E-8-5.853385839038107E-10i;1.5798934119695162E-8+1.5580974411067172E-14i;-1.553401886490492E-7-3.3094060079063693E-14i;2.436369658381577E-8+2.90109923829543E-14i;-1.5510285517774882E-7-1.0599156822667322E-13i;1.682713395568724E-8-5.7870594125206685E-15i;-1.9390183461671965E-8-2.3637055272863946E-14i;1.0324548023953634E-7+3.85147723668251E-14i;1.2672377612749106E-7+6.305409952502838E-14i;-9.239718673797551E-8+5.439564483502381E-14i;1.7568211597258689E-7+2.5548869897341106E-13i;-1.430910966199085E-8+1.7250335049050491E-13i;1.9153766694738934E-7+6.271051090955612E-13i;-1.641863919226474E-7-2.657208370110677E-12i;-1.1310134910439713E-7-6.50328548507778E-13i;-1.6611654114901674E-7+1.0062124858843723E-12i;3.963379535782161E-8-6.808780517027416E-12i;-4.812617808824421E-9+2.544536049627483E-12i;-3.76536690634458E-8-4.709755256069748E-12i;6.48686571112374E-8-4.4262743234618656E-13i
-9.742574762261114E-8-3.7281709267529625E-10i;3.1255962896659013E-7-1.0716638040864773E-9i;-7.819580125995529E-8-9.576305140673537E-10i;1.8478230553087312E-7+2.8316096169054285E-11i;2.7165715422237753E-7+1.4879193650341612E-9i;3.2250411740473E-8-4.463607961193185E-10i;2.03028483700883E-8+1.2944714019038807E-14i;-1.2767251493483672E-7-2.7681250548539524E-14i;2.0637857301406407E-8+2.880810088080541E-14i;-1.4081518870419746E-7-8.862413980069892E-14i;-5.208967667805702E-8-8.43363940717918E-15i;-6.785244751349842E-8-8.34068450468847E-14i;8.442557198622321E-8+4.0021521140217584E-14i;1.2203878842175874E-7+6.681689393827647E-14i;-1.008003153220005E-7+5.287351084927598E-14i;1.3956276411201543E-7+1.6992983209186104E-13i;-5.471476277714837E-8+2.61269754698935E-13i;2.3007734350321926E-7+8.419586907067946E-13i;-1.608860067929301E-7-1.3409635228158952E-12i;-1.5456916286897943E-7-3.6656582546067905E-13i;-1.564287225758177E-7+1.1233178015341515E-12i;4.628961832923383E-8-2.220841825676833E-12i;6.378679117484188E-8+2.4255519120884914E-13i;-3.7315199339717414E-8-5.382183817204477E-12i;9.41114193297279E-8-4.993821504033158E-13i
-7.521113431402257E-8-3.2191711549911337E-10i;3.006216987051176E-7-1.0088173397359023E-9i;-9.21246318933849E-8-9.425901088958736E-10i;1.6112200404857357E-7+5.132211821761472E-11i;2.724490611015904E-7+1.5405987000033011E-9i;4.742072546728169E-8-3.073830084757153E-10i;2.394411413481927E-8+1.0388945250324518E-14i;-9.969538141011144E-8-2.0844475365753593E-14i;1.652121377275898E-8+3.322627308582788E-14i;-1.2914436483745544E-7-8.05464491488924E-14i;-1.1074261463523134E-7-9.051296913001564E-15i;-1.0948278612245471E-7-1.4699662581666564E-13i;6.565649340495482E-8+4.0981637225950395E-14i;1.1844458029610285E-7+7.422452396957772E-14i;-1.0850120981387741E-7+4.6778451157651364E-14i;1.0557865214702302E-7+1.0266519518242194E-13i;-9.052214563485549E-8+3.8079464839011417E-13i;2.3137365271437935E-7+9.144513160195608E-13i;-1.590412847967891E-7-1.02502357595433E-12i;-1.646807725247053E-7-2.630568379494007E-13i;-1.364657083073491E-7+1.2319365318765919E-12i;4.609585613125471E-8+2.8662242925604256E-12i;1.2505180426292057E-7-2.244056106147089E-12i;-4.003443194058909E-8-6.075376884869557E-12i;1.0329802583490905E-7-5.902984064476262E-13i
-5.2996521012977E-8-2.710171382760934E-10i;2.886837684222461E-7-9.45970875489215E-10i;-1.0605346254020332E-7-9.275497037219289E-10i;1.3746170255996747E-7+7.432814020447466E-11i;2.7324096799742216E-7+1.5932780349619037E-9i;6.259103917700326E-8-1.6840522096067887E-10i;2.6697199001496216E-8+7.317003796453386E-15i;-7.143723023415676E-8-1.5209482799129982E-14i;1.2065096374287974E-8+2.617090876974788E-14i;-1.2023297996845175E-7-7.209974999050329E-14i;-1.5691863553927428E-7-1.0293483403975126E-14i;-1.4249548413588313E-7-1.8947264806853664E-13i;4.6899791363381316E-8+3.729862013051122E-14i;1.1582771546174557E-7+7.154136823141238E-14i;-1.1488543252986759E-7+4.890757005495354E-14i;7.363598093849417E-8+8.011730197446213E-14i;-1.195882670841801E-7+4.625133077271667E-13i;1.9645471580532758E-7+9.603531010120036E-13i;-1.5813937030960412E-7-1.649356946134886E-12i;-1.4412852978959037E-7-3.8523505340591203E-13i;-1.0631696505732435E-7+1.1760403035977274E-12i;3.907801820260517E-8+8.113479680900292E-12i;1.7503699728598116E-7-4.729568233607961E-12i;-4.426045462164455E-8-6.1881273835193245E-12i;9.204124805435662E-8-6.679657335977375E-13i
-3.078190772146553E-8-2.2011716101313764E-10i;2.767458381126774E-7-8.83124411330256E-10i;-1.199822931961706E-7-9.125092985242785E-10i;1.1380140106427897E-7+9.733416213932588E-11i;2.740328749163488E-7+1.6459573699529823E-9i;7.776135287201189E-8-2.942743356836881E-11i;2.8543875609415513E-8+4.400600688121855E-15i;-4.295737963678969E-8-9.557546844043987E-15i;7.3478813049752665E-9+2.2050821422515786E-14i;-1.1420860441329787E-7-6.505017768844209E-14i;-1.8878730218008936E-7-1.5884596210845632E-14i;-1.6539472155171777E-7-2.15210847350017E-13i;2.8145739220348414E-8+3.2941969495196385E-14i;1.1411910732836611E-7+6.226512218740022E-14i;-1.1944262855120004E-7+4.721967906431708E-14i;4.3412842862087895E-8+5.0499467766028804E-14i;-1.4007792411383427E-7+4.555356947212344E-13i;1.3132743305857903E-7+8.385615083508737E-13i;-1.577751322589186E-7-3.018256028962906E-12i;-9.789399038374609E-8-6.936847110322072E-13i;-6.760572358942114E-8+1.0212098025110791E-12i;2.6276143221724677E-8+1.305231255131501E-11i;2.103816028567327E-7-7.001103687244324E-12i;-4.836908012343567E-8-5.761817384162401E-12i;6.322148189487271E-8-7.241531968965031E-13i
-8.567294441959634E-9-1.6921718371589982E-10i;2.6480790776815235E-7-8.202779472353055E-10i;-1.3391112385632594E-7-8.974688932745323E-10i;9.014109956089052E-8+1.2034018403189063E-10i;2.7482478186833784E-7+1.698636705038921E-9i;9.293166655488924E-8+1.0955035370226833E-10i;2.9470383242890848E-8+1.6787154730112975E-15i;-1.4334638448337233E-8-4.142768146119515E-15i;2.4662707514316956E-9+2.2299851851188015E-14i;-1.1116967184564717E-7-6.497353247418426E-14i;-2.0506158746057136E-7-2.1932914559367087E-14i;-1.7712548936702863E-7-2.3140990960119827E-13i;9.382822101179513E-9+2.5601421917712886E-14i;1.1327304749455968E-7+6.663312757665518E-14i;-1.218173629100436E-7+3.991672518805953E-14i;1.431539472970065E-8+9.391933141303696E-15i;-1.5067201912277785E-7+4.270007473151617E-13i;4.608693112897477E-8+6.588075022225277E-13i;-1.5762824782521829E-7-4.926790699128151E-12i;-3.453100151885972E-8-1.0729128572116352E-12i;-2.3132589287297185E-8+8.196225063717413E-13i;9.58911506863126E-9+1.722900188295156E-11i;2.287100125581311E-7-8.820449089853656E-12i;-5.089331992448357E-8-4.811644420600997E-12i;2.2471263332712994E-8-6.985883061713096E-13i
1.3647318822776926E-8-1.1831720639081096E-10i;2.52869977377821E-7-7.574314831692106E-10i;-1.478399545143549E-7-8.824284879380515E-10i;6.6480798049297E-8+1.4334620589582058E-10i;2.756166888659333E-7+1.7513160403067939E-9i;1.0810198022889167E-7+2.4852814085810916E-10i;2.947032694627367E-8-1.4604612183953112E-15i;1.4335413199881372E-8+8.31474221435493E-16i;-2.471818502861527E-9+2.5204694468076456E-14i;-1.1116895698952563E-7-6.753603840401278E-14i;-2.0506111612334884E-7-2.4416060780089174E-14i;-1.7712432964178516E-7-2.309786412073298E-13i;-9.369617176530854E-9+1.6560396200201035E-14i;1.1327311118375852E-7+7.093173609472056E-14i;-1.2181660820241728E-7+3.681796217081616E-14i;-1.4350968054181354E-8-3.178241329466283E-14i;-1.5066605773163694E-7+3.8076896535167225E-13i;-4.60958309171038E-8+4.1979991475909794E-13i;-1.5754542246740138E-7-7.010627727616937E-12i;3.47625180181552E-8-1.5095877577140438E-12i;2.3287698995106145E-8+5.537137702637102E-13i;-8.474644190923669E-9+2.0146063149379637E-11i;2.2873213556525537E-7-9.96631420732226E-12i;-5.1012042293520574E-8-3.569871886830057E-12i;-2.240631406742274E-8-6.285702495876382E-13i
3.58619320705325E-8-6.74172290440271E-11i;2.409320469328119E-7-6.945850191053411E-10i;-1.6176878516554802E-7-8.673880824858395E-10i;4.28204965291108E-8+1.6635222774207978E-10i;2.7640859591945655E-7+1.8039953758244873E-9i;1.2327229389644257E-7+3.8750592790071306E-10i;2.8543550125700298E-8-4.3502940851910156E-15i;4.29578014197292E-8+5.862940403013627E-15i;-7.353397693932212E-9+2.5048170625280003E-14i;-1.142067422776972E-7-6.912814472977849E-14i;-1.887869154496E-7-2.76980924508059E-14i;-1.653920739954762E-7-2.0698606885584079E-13i;-2.8131122127201404E-8+7.50165755185175E-15i;1.141203327789066E-7+6.588574983394656E-14i;-1.194392368875609E-7+3.5849616059135575E-14i;-4.343859929001304E-8-6.397424840633012E-14i;-1.4006923553752207E-7+2.983523574480439E-13i;-1.313266869506374E-7+1.7286376118294783E-13i;-1.5753763390826574E-7-8.881750755889101E-12i;9.811855238796922E-8-1.896506196625382E-12i;6.773725190009778E-8+2.330323183895633E-13i;-2.5239850443741425E-8+2.1328086418657708E-11i;2.1045781747200002E-7-1.027032682810768E-11i;-4.869941522058885E-8-2.1723374007351084E-12i;-6.315539468176889E-8-5.333254740658386E-13i
5.8076545299814626E-8-1.651725168117129E-11i;2.2899411642824714E-7-6.317385550286394E-10i;-1.7569761580787037E-7-8.523476769036075E-10i;1.9160195000013675E-8+1.893582495788678E-10i;2.7720050303525324E-7+1.8566747116324315E-9i;1.3844260755864504E-7+5.264837148277853E-10i;2.6695758591458906E-8-7.542745748898927E-15i;7.143746753666585E-8+1.1126288224263246E-14i;-1.2070761562997708E-8+2.2017326592845315E-14i;-1.2023159411990053E-7-6.951439817138727E-14i;-1.569171291311117E-7-2.9409885421235E-14i;-1.4249351246704363E-7-1.6350566310266088E-13i;-4.688475896119771E-8-3.5649831573897224E-15i;1.1582548048482502E-7+5.446899645428486E-14i;-1.1488436548381231E-7+3.760892377644161E-14i;-7.364611917955597E-8-1.0723794618648786E-13i;-1.1956954155026345E-7+1.6971789644838855E-13i;-1.9646986329059418E-7-9.469295736900812E-14i;-1.5778142535916037E-7-1.0235043662117335E-11i;1.4437494823530474E-7-2.225143947686975E-12i;1.064161945246046E-7-1.2168791055126014E-13i;-3.821929075008807E-8+2.0518802878440146E-11i;1.7515393359052165E-7-9.626910866388757E-12i;-4.470995438087499E-8-1.0649475473636868E-12i;-9.19753785041114E-8-4.734235538931097E-13i
8.029115851052677E-8+3.4382725692523064E-11i;2.1705618586679684E-7-5.688920909456175E-10i;-1.8962644644317736E-7-8.37307271197882E-10i;-4.500106538315847E-9+2.1236427140967805E-10i;2.779924102112208E-7+1.9093540477142194E-9i;1.5361292121472576E-7+6.654615016346068E-10i;2.394151177424061E-8-1.1160620657628792E-14i;9.969566270352889E-8+1.6859414788234703E-14i;-1.6526915376651056E-8+1.6811510071307885E-14i;-1.2914357054268618E-7-7.638335439399888E-14i;-1.1074067244917476E-7-2.7324994361143212E-14i;-1.0948236606469884E-7-1.099066113691087E-13i;-6.564499034165461E-8-1.885471203226689E-14i;1.1843841265784224E-7+4.8978350827695017E-14i;-1.0850396860007823E-7+3.561375425494131E-14i;-1.0558133054115064E-7-1.3198955997594742E-13i;-9.049107173955363E-8+5.710262416929563E-14i;-2.313973377688217E-7-3.116927743826658E-13i;-1.5863016436872458E-7-1.0881608769137459E-11i;1.649431485033061E-7-2.380117670172019E-12i;1.365338562261258E-7-4.629655330197877E-13i;-4.54883317618952E-8+1.7599653954476516E-11i;1.251772806366378E-7-8.017818641550144E-12i;-4.052311099318088E-8-3.6045215037211816E-13i;-1.0322309085027696E-7-3.7703269329288325E-13i
1.025057717027904E-7+8.528270307485054E-11i;2.0511825525540055E-7-5.060456268733514E-10i;-2.0355527707598293E-7-8.222668653935725E-10i;-2.8160408086669794E-8+2.3537029323389707E-10i;2.7878431744067673E-7+1.962033384029586E-9i;1.6878323486250444E-7+8.044392883168746E-10i;2.0299865941289857E-8-1.454080323210192E-14i;1.2767263675957202E-7+2.292334762188823E-14i;-2.0644160348116057E-8+1.8547032751606537E-14i;-1.4081268826354836E-7-8.761504996215124E-14i;-5.208844577713254E-8-2.1566083502927836E-14i;-6.785431019274102E-8-5.059289075167832E-14i;-8.441574755798191E-8-3.5099685771415735E-14i;1.2202914024831162E-7+4.151971888948201E-14i;-1.0080717308028017E-7+2.3755983019178917E-14i;-1.3955361417772158E-7-1.882548551236495E-13i;-5.4679789040413675E-8-3.536876339794271E-14i;-2.3010127290478316E-7-4.582803532525839E-13i;-1.6051273900374718E-7-1.065703828978967E-11i;1.5484384135937947E-7-2.343841939898622E-12i;1.564614753698703E-7-7.801208476609819E-13i;-4.598725998919764E-8+1.2693286594625857E-11i;6.390630174062348E-8-5.51715535830319E-12i;-3.7789311723690516E-8-3.936790858966682E-13i;-9.402092872938479E-8-2.869098323400336E-13i
1.247203848764961E-7+1.361826804671846E-10i;1.9318032460327153E-7-4.4319916283180734E-10i;-2.1748410771200897E-7-8.072264595276391E-10i;-5.18207096463398E-8+2.5837631504669793E-10i;2.795762247146794E-7+2.014712720527169E-9i;1.8395354849923278E-7+9.43417074872454E-10i;1.5795141323827454E-8-1.739054658410702E-14i;1.5534026429170157E-7+2.9507378220109065E-14i;-2.4370010144025448E-8+2.1320194617241837E-14i;-1.5510017007314917E-7-1.0220601074507748E-13i;1.682693087176793E-8-1.4318902982866018E-14i;-1.9394678451062636E-8+1.3921354864841012E-14i;-1.0324122226074201E-7-4.664535707836082E-14i;1.267118781327919E-7+4.26767496641287E-14i;-9.24075158322518E-8+1.2861719116458432E-14i;-1.75666214335027E-7-2.6909584608005046E-13i;-1.42724063651901E-8-9.238286894089108E-14i;-1.9155965577281367E-7-4.496904678395325E-13i;-1.639213869559404E-7-9.54776946577224E-12i;1.1338674027255891E-7-2.1011763650573897E-12i;1.6610949265092566E-7-1.03096030430757E-12i;-3.966410476345762E-8+6.110709468934178E-12i;-4.73357692856306E-9-2.2407961856502134E-12i;-3.7988472867479245E-8-1.190353387683182E-12i;-6.476807819273882E-8-2.331809362238076E-13i
1.469349980313024E-7+1.8708265787461913E-10i;1.8124239392098893E-7-3.8035269883809793E-10i;-2.3141293835726097E-7-7.921860536479489E-10i;-7.548101121895616E-8+2.8138233683979105E-10i;2.80368132022965E-7+2.0673920571586527E-9i;1.9912386212213625E-7+1.08239486130726E-9i;1.0456138781911129E-8-2.0329662619948283E-14i;1.8270883721247032E-7+3.542661435798094E-14i;-2.768062647142607E-8+2.0447434923612556E-14i;-1.7188841179283207E-7-1.1835180337899135E-13i;9.359429436032695E-8-3.4869343801520427E-15i;3.3989345947526486E-8+8.136975333027092E-14i;-1.2223377383684172E-7-5.927649081190155E-14i;1.3267466989510387E-7+4.2087447930798236E-14i;-8.397327019131951E-8+4.088152541493812E-15i;-2.138962549873271E-7-3.473446078922781E-13i;2.854961367116505E-8-1.3655892848100272E-13i;-1.1951454674395276E-7-2.7851660800560923E-13i;-1.6939730232048622E-7-7.709022206947625E-12i;4.3910319492903904E-8-1.7113489031022942E-12i;1.668557522341927E-7-1.2550894046268326E-12i;-2.7359774213945834E-8-1.7147636100259425E-12i;-7.674832893849762E-8+1.5628665777976884E-12i;-4.208094636281011E-8-2.7901675666427053E-12i;-1.883621872513728E-8-2.348096205906053E-13i
1.691496111665593E-7+2.3798263529291773E-10i;1.6930446322013047E-7-3.175062349291413E-10i;-2.4534176901773593E-7-7.771456477884428E-10i;-9.91413128065309E-8+3.0438835860745044E-10i;2.811600393546054E-7+2.1200713938546988E-9i;2.142941757287144E-7+1.2213726476175578E-9i;4.315061719084972E-9-2.353884883515951E-14i;2.0983536509819214E-7+4.1306922427207555E-14i;-3.0585654062074216E-8+2.4360762444087162E-14i;-1.9111671819417115E-7-1.3551676390439757E-13i;1.757952061507735E-7+7.708458807643374E-15i;9.04383336818459E-8+1.5836490769864266E-13i;-1.4162528985632367E-7-6.632764106146623E-14i;1.4021189214560908E-7+4.586812392011666E-14i;-7.620349972707643E-8-7.422142040564485E-16i;-2.54312400133383E-7-4.411767155429253E-13i;7.18889317304011E-8-1.760171827078122E-13i;-2.1537546583661752E-8-6.699206087833937E-14i;-1.7759866626113023E-7-5.293063812977006E-12i;-4.711468686024279E-8-1.2188690499784344E-12i;1.6137616778779154E-7-1.4446847195297166E-12i;-1.0643174011107066E-8-1.0233711921882259E-11i;-1.487312298124989E-7+5.665856028639936E-12i;-5.0361957364930355E-8-5.073008365900211E-12i;3.842896894000246E-8-2.916308781698928E-13i
1.9136422428100618E-7+2.888826127119934E-10i;1.573665325128217E-7-2.546597711520886E-10i;-2.592705996993935E-7-7.621052419768493E-10i;-1.2280161441171147E-7+3.27394380343978E-10i;2.819519466986812E-7+2.1727507305372763E-9i;2.2946448931675617E-7+1.3603504337951065E-9i;-2.594402315058842E-9-2.709299156711395E-14i;2.3683202695490762E-7+4.677223597632094E-14i;-3.312894884761815E-8+2.650414147984229E-14i;-2.1283251341733217E-7-1.5545778221062155E-13i;2.612481988003307E-7+1.5449830410169568E-14i;1.4836117552793958E-7+2.4162960745142433E-13i;-1.6185756209766294E-7-7.550057736863591E-14i;1.497950314060633E-7+4.862829355510122E-14i;-6.979897358473952E-8-1.2631173524821539E-14i;-2.9747505885256276E-7-5.346978288881492E-13i;1.1456349470984086E-7-2.205205033597138E-13i;9.268528414884397E-8+2.3625872589793486E-13i;-1.894785115269226E-7-2.647070423145258E-12i;-1.517439261267125E-7-6.589989916783276E-13i;1.5337842968643042E-7-1.6260498444924189E-12i;8.57837230092213E-9-1.90044748638337E-11i;-2.188815050962147E-7+9.835218112857712E-12i;-6.257267997524764E-8-7.631991148431917E-12i;1.0133033193209465E-7-3.6468504313690665E-13i
2.1357883737582783E-7+3.3978259012587833E-10i;1.454286018085662E-7-1.9181330753097497E-10i;-2.731994304030119E-7-7.47064836221375E-10i;-1.4646191603457058E-7+3.5040040204776737E-10i;2.8274385404622694E-7+2.225430067154135E-9i;2.446348028877628E-7+1.4993282198555424E-9i;-1.0238944866893114E-8-3.111352366989448E-14i;2.6387448837873704E-7+5.262155017565122E-14i;-3.538771886470389E-8+3.376610835125167E-14i;-2.3725360098483003E-7-1.7727918354879983E-13i;3.4826201828688576E-7+2.462116186301675E-14i;2.066641660746748E-7+3.2930627421894633E-13i;-1.8371219008257184E-7-8.75232464799119E-14i;1.6218369527001856E-7+5.149076584971263E-14i;-6.546372078630577E-8-2.9973444643689315E-14i;-3.4505853406133347E-7-6.467999285980059E-13i;1.5664880518963537E-7-3.0507320900936554E-13i;2.136548323630723E-7+4.858347026172549E-13i;-2.0667711020999582E-7-8.340416604246968E-15i;-2.6281952098381535E-7-9.004319152355254E-14i;1.4742731455945268E-7-1.8260290269715667E-12i;2.8561130443431467E-8-2.789105196146352E-11i;-2.884645871848266E-7+1.4035239147942132E-11i;-7.842328821386449E-8-1.0454200799538645E-11i;1.6609321950292452E-7-4.71028405682738E-13i
-2.1498294783500596E-7-6.274761654182165E-10i;3.7555298097218297E-7-1.4361772803493115E-9i;-2.326388695868085E-8-1.0974232530726256E-9i;3.119822819881614E-7-8.067994786694145E-11i;2.7353335026556136E-7+1.275657420526508E-9i;-3.080831111403747E-8-1.0798811833114113E-9i;3.693378769273823E-8+3.035970788350128E-14i;-2.8414063290446143E-7-6.346987646234484E-14i;8.737986850567147E-8+1.879194148739697E-14i;-1.9369838724754336E-7-1.3999520732505075E-13i;3.534810067949895E-7+1.5384815117382746E-14i;2.328130208621349E-7+3.347893376960422E-13i;1.2074203584717822E-7+1.634888750230617E-14i;1.8748905724425335E-7+4.4035732061882124E-14i;-2.3111882297407083E-8+1.327508804862378E-13i;3.1580527795021145E-7+6.388528648515449E-13i;7.489140522409177E-8-3.5497916574660963E-13i;-2.271922422489746E-7-8.898057688289619E-13i;-2.369713883448393E-7-1.7122888964455666E-11i;2.9718433764160197E-7-3.788875208444958E-12i;-1.8475121468561257E-7+2.925761731305023E-13i;-9.367197561547907E-8-5.666418221604256E-12i;-2.413839144731884E-7+2.805874874341762E-12i;-1.96793560354844E-7-1.2672986740623155E-11i;-9.739802557392689E-8-1.5857691723939557E-12i
-1.9276833451558807E-7-5.765761886932688E-10i;3.636150509695023E-7-1.3733308160459966E-9i;-3.719271751349369E-8-1.0823828480416425E-9i;2.883219804982969E-7-5.767392549338343E-11i;2.743252569235178E-7+1.3283367545863478E-9i;-1.5637997272374462E-8-9.409033946851118E-10i;4.4101645957596855E-8+2.7667296101735798E-14i;-2.5512731626390035E-7-5.759112153468354E-14i;8.024290048668275E-8+2.012637197426023E-14i;-1.6902771500559687E-7-1.2452436784550221E-13i;2.6589280731760376E-7+8.980695951880372E-15i;1.6989829841630693E-7+2.423135006681997E-13i;1.0439157203519065E-7+1.7140378834306647E-14i;1.6627710567641262E-7+4.182067810358055E-14i;-3.5900382405450465E-8+1.0425531090671004E-13i;2.692885208674662E-7+5.137306845574681E-13i;5.158768020503862E-8-2.008323546531106E-13i;-1.0440832535097541E-7-4.371469800080004E-13i;-2.1946242195248498E-7-1.3006573794478973E-11i;1.759042007101221E-7-2.895448014576407E-12i;-1.86090906269753E-7+5.238758639454458E-13i;-4.831042656514817E-8-7.77489043005073E-12i;-1.8181926792238538E-7+3.5580471947589543E-12i;-1.7149552872838065E-7-1.1666066911390157E-11i;-6.227397471618457E-8-1.4095673472364254E-12i
-1.7055372119790864E-7-5.256762119039003E-10i;3.5167712093538327E-7-1.3104843517588643E-9i;-5.112154808486505E-8-1.0673424430146439E-9i;2.646616790094394E-7-3.466790317118201E-11i;2.751171636081878E-7+1.3810160887387165E-9i;-4.676834503353253E-10-8.019256062156376E-10i;5.063958214259096E-8+2.5042935622881773E-14i;-2.2613604360920172E-7-5.181584430648425E-14i;7.283012958338582E-8+2.0877245321193804E-14i;-1.4681803786367438E-7-1.0794997351117293E-13i;1.7993240162030465E-7+7.195407833388338E-15i;1.0750565251598156E-7+1.5627323791820427E-13i;8.955237687510491E-8+1.916590144436097E-14i;1.479133209724854E-7+4.732007814027979E-14i;-5.072687050735101E-8+8.599593944490007E-14i;2.272888310123196E-7+4.080867762701127E-13i;2.773385099929855E-8-6.007015716296763E-14i;1.1447328326957132E-8-8.116447057694346E-15i;-2.0864177736424776E-7-9.322440437275552E-12i;6.18271383912246E-8-2.093545782503555E-12i;-1.9023729135271477E-7+7.636448550676953E-13i;-4.895959426880253E-9-9.5729900539851E-12i;-1.2188952699958736E-7+4.167933874123672E-12i;-1.5388454286283528E-7-1.1118671435013365E-11i;-2.8282168830012646E-8-1.3138632569043486E-12i
-1.4833910788424928E-7-4.747762350279736E-10i;3.3973919086719124E-7-1.2476378875398527E-9i;-6.505037868127275E-8-1.0523020380161568E-9i;2.4100137751939443E-7-1.1661880929847535E-11i;2.759090703209416E-7+1.433695422950147E-9i;1.4702630344162477E-8-6.629478179519045E-10i;5.649247661181612E-8+2.2584829446138747E-14i;-1.9697680697031067E-7-4.561483270838706E-14i;6.493818246720428E-8+2.6183902103091767E-14i;-1.2696296629059147E-7-9.291462627669178E-14i;9.72830507312808E-8+5.813078047404542E-15i;4.676981555648175E-8+7.530134245431266E-14i;7.576419304209615E-8+2.5855273125018012E-14i;1.3174321578111616E-7+5.253420147724752E-14i;-6.686465613477319E-8+6.742734999304267E-14i;1.8846261769271156E-7+2.969986100445484E-13i;3.4128761832308614E-9+6.476369041385053E-14i;1.1096517244270181E-7+3.534796983796412E-13i;-2.024953139703692E-7-6.22398230044984E-12i;-3.7497704161077524E-8-1.4062630241481387E-12i;-1.921662269919295E-7+1.0031167719353082E-12i;3.334440725924591E-8-1.0462669312951676E-11i;-6.062912860204125E-8+4.379782724549522E-12i;-1.4285664427466965E-7-1.1115730451345771E-11i;2.737439456463988E-9-1.2973439822392544E-12i
-1.2612449457512898E-7-4.2387625807194847E-10i;3.278012607760811E-7-1.184791423439571E-9i;-7.897920930161911E-8-1.0372616330539395E-9i;2.1734107602617665E-7+1.1344141220378445E-11i;2.767009770508381E-7+1.4863747571377768E-9i;2.987294411348569E-8-5.239700298692874E-10i;6.160993310031173E-8+2.0114415146117467E-14i;-1.6752853450856646E-7-3.8856595879176157E-14i;5.6446985788657185E-8+3.31285430595615E-14i;-1.0950015822033673E-7-7.985604592110505E-14i;2.012433405275692E-8+1.4567743112550361E-15i;-1.06280923392209E-8-5.777366583329526E-15i;6.276829144323256E-8+3.0297936066672195E-14i;1.1752169474695047E-7+6.342724450774432E-14i;-8.341158658173009E-8+5.072327637256816E-14i;1.5243970784463034E-7+1.9349723190656363E-13i;-2.062701615647018E-8+1.8751412055704525E-13i;1.8448598631648704E-7+6.487930640137897E-13i;-1.9970916682878044E-7-3.9333405359971625E-12i;-1.1360943521752263E-7-9.016374594243405E-13i;-1.8791061377335484E-7+1.2193890822489391E-12i;6.259240174759072E-8-9.970196545721668E-12i;3.960351599882414E-10+3.9726918724901765E-12i;-1.3791326227753344E-7-1.1431761778824106E-11i;2.7836683262096533E-8-1.2980423629375425E-12i
-1.0390988127118047E-7-3.7297628105077013E-10i;3.1586333066910307E-7-1.1219449594735536E-9i;-9.290803994441181E-8-1.0222212281290015E-9i;1.9368077452800725E-7+3.435016328732784E-11i;2.7749288379067366E-7+1.5390540912614322E-9i;4.504325785960312E-8-3.849922419478026E-10i;6.594656032772842E-8+1.729116085245676E-14i;-1.3773092606779517E-7-3.247516218210315E-14i;4.73118297226483E-8+3.4699609206364985E-14i;-9.455731413800385E-8-6.503007715630395E-14i;-4.912906620054573E-8-2.0830218519450728E-15i;-6.271536872170709E-8-7.366201732883602E-14i;5.041367062357655E-8+3.467867672768861E-14i;1.052518604781447E-7+7.058560359784642E-14i;-9.936252102371973E-8+4.392028669540146E-14i;1.1923136052874113E-7+1.0645569776036434E-13i;-4.327462090953633E-8+2.666932135621454E-13i;2.2444836339905034E-7+8.37025041655825E-13i;-1.9925445986787696E-7-2.5913008451573654E-12i;-1.5960813675759892E-7-6.012113035148284E-13i;-1.746426257591502E-7+1.324639495210559E-12i;7.960785287711152E-8-7.828473833153232E-12i;5.8336300905503714E-8+2.8630825750780694E-12i;-1.381922385145302E-7-1.1883349325706776E-11i;4.4207961677707725E-8-1.3498553541401848E-12i
-8.169526797338224E-8-3.2207630397696517E-10i;3.0392540054849246E-7-1.059098495645122E-9i;-1.068368706072841E-7-1.0071808232325928E-9i;1.700204730234481E-7+5.7356185279585584E-11i;2.782847905381193E-7+1.5917334253107483E-9i;6.021357158439063E-8-2.4601445417454246E-10i;6.94640982412376E-8+1.4066477567015348E-14i;-1.0757621447223787E-7-2.54864643642665E-14i;3.7553684098269836E-8+3.2425068452321545E-14i;-8.230514779773094E-8-5.497370701922824E-14i;-1.0806061253364183E-7-5.634165704629132E-15i;-1.0744799432960014E-7-1.4182259164503464E-13i;3.860293583480891E-8+3.5820298531033636E-14i;9.50808537298814E-8+7.57670082445253E-14i;-1.1368197168418018E-7+3.941278838002909E-14i;8.888502912060889E-8+6.200893343303139E-14i;-6.329325517718654E-8+3.558476002454672E-13i;2.2709364460067166E-7+9.381668789927455E-13i;-2.002260703451302E-7-2.3165563581342994E-12i;-1.718904836614078E-7-5.282354511995248E-13i;-1.5092966553571508E-7+1.3544736117631477E-12i;8.251239844386905E-8-3.9985613991153205E-12i;1.0984543996616136E-7+1.0151835498081399E-12i;-1.42230218017104E-7-1.2528297143119471E-11i;5.012306099556317E-8-1.4451449213859242E-12i
-5.948065468338505E-8-2.7117632685845083E-10i;2.919874704112507E-7-9.962520319463385E-10i;-1.2076570128661595E-7-9.92140418345663E-10i;1.4636017151138747E-7+8.036220720522473E-11i;2.7907669729663503E-7+1.644412759308102E-9i;7.538388528994368E-8-1.0703666654176127E-10i;7.213085870105097E-8+9.71453411390121E-15i;-7.709893921458077E-8-1.9281032076779287E-14i;2.7251774569957858E-8+2.847707605565696E-14i;-7.292206597509103E-8-4.6969884240890646E-14i;-1.5444428545021583E-7-1.1904720561512988E-14i;-1.4291026826820006E-7-1.9413615658939502E-13i;2.7233270657189368E-8+3.408978743483786E-14i;8.720572280402262E-8+6.883708676331298E-14i;-1.254010379458353E-7+3.0927061063956285E-14i;6.120633322751984E-8+3.048467890703353E-14i;-7.94954320825789E-8+3.8889730204894137E-13i;1.9347642773346774E-7+8.97819555488824E-13i;-2.0179396454042083E-7-3.022578806170959E-12i;-1.5125005714517287E-7-6.996754904350117E-13i;-1.1683988887904814E-7+1.2531647155032993E-12i;7.139938541445859E-8+1.1918163736833962E-12i;1.517246204893182E-7-1.463594773476882E-12i;-1.480306528445113E-7-1.3025049578242435E-11i;4.536373404138269E-8-1.5759863264575408E-12i
-3.7266041403466556E-8-2.2027634970026298E-10i;2.800495402499561E-7-9.334055683580222E-10i;-1.3469453197771583E-7-9.771000134393195E-10i;1.22699869991059E-7+1.0336822907233873E-10i;2.798686040748438E-7+1.6970920933063476E-9i;9.05541989786211E-8+3.1941120952853616E-11i;7.392270816213376E-8+6.323308703509441E-15i;-4.636729188217296E-8-1.3742646521579404E-14i;1.6528081659527375E-8+1.8006445070398244E-14i;-6.656645855317139E-8-3.752799484242502E-14i;-1.8646143919984082E-7-1.9716492786375937E-14i;-1.675136997596803E-7-2.2192154461198067E-13i;1.620104061145296E-8+3.020360184503424E-14i;8.182691063277281E-8+5.681332446995194E-14i;-1.3370606552690073E-7+3.103100788436821E-14i;3.573894919945551E-8+2.1833855520894288E-14i;-9.090002288977251E-8+3.6776831404419E-13i;1.2954825343651891E-7+8.057542545152485E-13i;-2.0324982646700587E-7-4.526420726689791E-12i;-1.0298560140157586E-7-1.0319629005784747E-12i;-7.398996968569347E-8+1.0171167189633184E-12i;4.837732418127116E-8+7.2401971444740286E-12i;1.8129275371840839E-7-4.2185287244011365E-12i;-1.534665223003454E-7-1.305730444282362E-11i;3.143788240606689E-8-1.64496345069367E-12i
-1.505142813651886E-8-1.693763725077165E-10i;2.6811161005355133E-7-8.705591048431023E-10i;-1.4862336267491255E-7-9.620596084832037E-10i;9.903956846181843E-8+1.263742508946618E-10i;2.80660510885534E-7+1.7497714273907568E-9i;1.0572451265306918E-7+1.7091890831033106E-10i;7.482245029997645E-8+3.694818744405743E-15i;-1.547346073322605E-8-7.82250494559227E-15i;5.538119724985751E-9+1.7816651727790248E-14i;-6.335791555305587E-8-3.505978958063283E-14i;-2.0280837886753183E-7-2.5489089953419007E-14i;-1.8011366612033403E-7-2.353666329412641E-13i;5.380914194358419E-9+2.5871028517439934E-14i;7.909653668656623E-8+6.385884169540356E-14i;-1.380116847573573E-7+3.2658112543774654E-14i;1.17332346391804E-8-1.1543575075537384E-14i;-9.678595806046703E-8+3.321217168969491E-13i;4.550177861697121E-8+6.03923588552095E-13i;-2.0406397706375163E-7-6.544655900888549E-12i;-3.634862984948507E-8-1.4361067114649369E-12i;-2.5288479509945603E-8+7.582422259873299E-13i;1.737929829402519E-8+1.3393379436295778E-11i;1.9660867480304713E-7-6.925457190219719E-12i;-1.5671104846649357E-7-1.2772368713680661E-11i;1.1302660699189508E-8-1.6547380632986675E-12i
7.1631851144641625E-9-1.1847639528584206E-10i;2.5617367980895077E-7-8.07712641367056E-10i;-1.6255219337108783E-7-9.470192034316322E-10i;7.537926692329221E-8+1.4938027268367306E-10i;2.8145241774362886E-7+1.8024507616561645E-9i;1.2089482631683228E-7+3.098966955337002E-10i;7.482198677866976E-8+3.826890926030859E-16i;1.5475015092823908E-8-2.344525385735119E-15i;-5.5418160661104204E-9+2.043771141227688E-14i;-6.335807932663052E-8-3.486171335371776E-14i;-2.0280885309883071E-7-2.6610366061616382E-14i;-1.8011328780995366E-7-2.3228973793681236E-13i;-5.364298728425245E-9+2.0777677539056717E-14i;7.909774393707944E-8+6.944081589127115E-14i;-1.3801058642919007E-7+2.7953178906625146E-14i;-1.1753722142440814E-8-4.2880069407781295E-14i;-9.678496220664046E-8+2.730562605877327E-13i;-4.550123204318152E-8+3.369420372950072E-13i;-2.0397086012742278E-7-8.713811324370606E-12i;3.6653240184928476E-8-1.9015901596904753E-12i;2.5419242972337706E-8+4.4694176526298587E-13i;-1.6415108883180813E-8+1.8721012658218274E-11i;1.9667454090546192E-7-9.199142249080521E-12i;-1.5675744662621372E-7-1.215675894202338E-11i;-1.0987580115067933E-8-1.615897625843055E-12i
2.9377798346253508E-8-6.757641804016E-11i;2.44235749502769E-7-7.448661778848687E-10i;-1.7648102405969744E-7-9.31978798246922E-10i;5.171896537497455E-8+1.7238629445503537E-10i;2.8224432466460665E-7+1.8551300962086278E-9i;1.3606513997311512E-7+4.488744826264699E-10i;7.392153762952429E-8-2.2629416773158623E-15i;4.6368696509653146E-8+3.5379260741799394E-15i;-1.6531678518949752E-8+1.8952395719446723E-14i;-6.656579866693949E-8-3.505333476857815E-14i;-1.8646249025254427E-7-3.052122314655443E-14i;-1.675124354945912E-7-2.0877120408168882E-13i;-1.6184848488269188E-8+1.3819259606705634E-14i;8.1828252874615E-8+6.502629439019522E-14i;-1.3370263243446488E-7+3.2652213238857506E-14i;-3.575378345441741E-8-6.002855241561946E-14i;-9.089448712990298E-8+1.9223634032955382E-13i;-1.2954974955260804E-7+1.1312859435561427E-13i;-2.0298606898304243E-7-1.064197387593399E-11i;1.032916796126635E-7-2.3160195161939763E-12i;7.410465670466328E-8+9.06477650059911E-14i;-4.7481656339264956E-8+2.2361917789521405E-11i;1.8147584384074136E-7-1.0647922573939542E-11i;-1.5360379344883997E-7-1.1284933420614026E-11i;-3.113166247411967E-8-1.5149966334045676E-12i
5.1592411555945726E-8-1.667644077567232E-11i;2.322978191248494E-7-6.820197143630553E-10i;-1.9040985473675418E-7-9.16938392904925E-10i;2.8058663816233058E-8+1.9539231622119146E-10i;2.830362316609937E-7+1.9078094311322605E-9i;1.512354536238291E-7+5.87852269586026E-10i;7.212957189791205E-8-5.950172628714147E-15i;7.710033863080921E-8+9.834084181702973E-15i;-2.7256183395797573E-8+2.0325873688477956E-14i;-7.291820305069601E-8-3.751937717346366E-14i;-1.5444250346323237E-7-3.263513758662985E-14i;-1.4290680202553102E-7-1.6976333169144228E-13i;-2.721634667589622E-8+4.662984141598145E-15i;8.720236192800083E-8+6.161900901368228E-14i;-1.253981425266259E-7+2.980932195617832E-14i;-6.120890661980762E-8-9.076254070205475E-14i;-7.947562627500584E-8+9.529730031018669E-14i;-1.9350057260844535E-7-1.8579086113126353E-13i;-2.0141834031499848E-7-1.2003812141828204E-11i;1.5158072506467459E-7-2.6414497511915877E-12i;1.1693577302319897E-7-2.8055735852246175E-13i;-7.066229062071275E-8+2.3609541510757943E-11i;1.5198620907337887E-7-1.0979969722682145E-11i;-1.482708132683252E-7-1.0549166678988215E-11i;-4.5053286061744194E-8-1.4343040455769425E-12i
7.380702474431185E-8+3.4223536503711025E-11i;2.2035988868019222E-7-6.191732508079817E-10i;-2.043386854053383E-7-9.01897987421902E-10i;4.398362247089197E-9+2.1839833798496075E-10i;2.8382813872778727E-7+1.9604887663982474E-9i;1.6640576726759665E-7+7.268300564096473E-10i;6.946183733465222E-8-1.005599639780734E-14i;1.0757745646219432E-7+1.549026303990291E-14i;-3.755825829938923E-8+1.3781997347530942E-14i;-8.230106831431837E-8-4.3093188428812996E-14i;-1.0805692839869693E-7-3.083119440298232E-14i;-1.0744391672823572E-7-1.1459001171514722E-13i;-3.85882632916685E-8-9.39603556322279E-15i;9.507536012842485E-8+5.288193459244284E-14i;-1.136812094150404E-7+2.604384397249317E-14i;-8.887782871839746E-8-1.1171988232076469E-13i;-6.326499612700428E-8-4.1750401966227674E-15i;-2.271217389595014E-7-3.78664715519684E-13i;-1.9980198632867349E-7-1.2574750071729912E-11i;1.7222925371928843E-7-2.7976911743050607E-12i;1.5099141933294469E-7-6.422104780370738E-13i;-8.198437335821848E-8+2.2002218643559566E-11i;1.1013836380554643E-7-9.989555657134344E-12i;-1.424938467014667E-7-9.847318776623692E-12i;-4.9805192251276556E-8-1.3241251107344471E-12i
9.602163791218764E-8+8.512351379520556E-11i;2.084219581774591E-7-5.563267872402289E-10i;-2.1826751607037168E-7-8.86857581825652E-10i;-1.926193933288938E-8+2.4140435974486095E-10i;2.846200458564081E-7+2.0131681019553683E-9i;1.815760809023118E-7+8.658078430951835E-10i;6.594312246272902E-8-1.3496100145805064E-14i;1.3773208320201017E-7+2.1838932787232174E-14i;-4.7315879070891505E-8+8.027526605835962E-15i;-9.455375227412497E-8-5.2341861518365215E-14i;-4.9128530502038564E-8-2.718282852163178E-14i;-6.271462444696032E-8-5.3839064011791406E-14i;-5.040615496309451E-8-2.5099939799514396E-14i;1.0524544239609315E-7+4.078600208993097E-14i;-9.936521082130061E-8+1.7824105755011495E-14i;-1.1922381175313322E-7-1.5089108721299867E-13i;-4.324342475493454E-8-7.423819215947484E-14i;-2.2447370281625805E-7-4.754482629466789E-13i;-1.9886234782484517E-7-1.219988452342822E-11i;1.599465690642548E-7-2.7482638032988383E-12i;1.746715191625811E-7-9.592333678122376E-13i;-7.932658451996468E-8+1.741106058530505E-11i;5.859844865521088E-8-7.660710994585651E-12i;-1.3841663438157848E-7-9.623859285234391E-12i;-4.389042549911497E-8-1.2172195349411393E-12i
1.1823625106020935E-7+1.360234911002729E-10i;1.9648402762762653E-7-4.934803236797241E-10i;-2.321963467377891E-7-8.718171761587027E-10i;-4.2922240924600005E-8+2.6441038149584773E-10i;2.854119530360034E-7+2.0658474377438124E-9i;1.9674639452546582E-7+1.0047856296452814E-9i;6.160550114531168E-8-1.695006236337961E-14i;1.6752936827968636E-7+2.862355639573761E-14i;-5.645099471918932E-8+7.160652515748406E-15i;-1.0949613115676226E-7-6.451822248599315E-14i;2.01236735558919E-8-2.0064396759961834E-14i;-1.0630259965991478E-8+1.856117518952672E-14i;-6.276537145203649E-8-3.7395238509888036E-14i;1.1751211098448432E-7+3.604294792504561E-14i;-8.341847953791474E-8+9.682384069123763E-15i;-1.5242267793818977E-7-2.2138219947763092E-13i;-2.059557462417355E-8-1.2031573810791207E-13i;-1.8451048435327514E-7-4.2109017460024505E-13i;-1.9943507820044334E-7-1.088277733485735E-11i;1.1395735495764872E-7-2.488029304291307E-12i;1.878967433287113E-7-1.217860496260486E-12i;-6.25971073603448E-8+1.0091564215911175E-11i;5.756671983489271E-10-4.0780406401054725E-12i;-1.380544659365267E-7-9.963805034942687E-12i;-2.7506991038118587E-8-1.1570009988063137E-12i
1.404508641887315E-7+1.8692346842106112E-10i;1.8454609704306074E-7-4.3063386014978046E-10i;-2.4612517741379775E-7-8.567767704691408E-10i;-6.658254252931285E-8+2.874164032304522E-10i;2.8620386025440977E-7+2.118526773697592E-9i;2.1191670813453525E-7+1.1437634160655069E-9i;5.648739628747767E-8-2.007708480181417E-14i;1.9697763588060833E-7+3.5053762344844515E-14i;-6.494293723198321E-8+9.665665134139465E-15i;-1.2695758106605333E-7-7.902601799974483E-14i;9.728289275206056E-8-7.032899613446646E-15i;4.676673314527124E-8+9.533636785564518E-14i;-7.5766444989508E-8-4.4909100942864476E-14i;1.317302857790292E-7+3.633556340758261E-14i;-6.687458216358067E-8+4.300690902152863E-15i;-1.8844006468937828E-7-3.013916858489464E-13i;3.4472129007643813E-9-1.3169701309969815E-13i;-1.1098272210971678E-7-2.317355876508574E-13i;-2.024193489391333E-7-8.725655933175678E-12i;3.785201429177658E-8-2.0440426511208242E-12i;1.9211546023421078E-7-1.388840228242528E-12i;-3.36499625202641E-8+6.067199204182481E-13i;-6.060315150638845E-8+5.257756485322232E-13i;-1.4289058771713922E-7-1.1007495704926442E-11i;-2.373222946111922E-9-1.1315843234709203E-12i
1.6266547729760216E-7+2.3782344575389464E-10i;1.726081664368687E-7-3.6778739668927156E-10i;-2.600540081046273E-7-8.417363647945333E-10i;-9.024284414883506E-8+3.1042242494262204E-10i;2.869957674992089E-7+2.1712061097395608E-9i;2.2708702172724893E-7+1.282741202357129E-9i;5.0633697669570666E-8-2.2865475790004238E-14i;2.2613694051610996E-7+4.143090056613055E-14i;-7.2835201722742E-8+1.3648239688332001E-14i;-1.468121509269748E-7-9.791143116204392E-14i;1.7993098256766156E-7+6.273333162460771E-15i;1.0750047196900984E-7+1.7484607371255789E-13i;-8.956248723001382E-8-4.8410573349286376E-14i;1.4789832916319463E-7+4.253784410944332E-14i;-5.0740188097201885E-8-2.2129615692300533E-15i;-2.2726493912590203E-7-3.854352810955369E-13i;2.776876353633011E-8-1.070193828523863E-13i;-1.1460138428870012E-8+5.939409827517707E-14i;-2.0882056847384E-7-5.999096078456432E-12i;-6.146202921363147E-8-1.4409432518211405E-12i;1.9015072312535936E-7-1.4939699176781156E-12i;4.2957226660171144E-9-1.0302141376544897E-11i;-1.22059547718938E-7+5.781767327592323E-12i;-1.5377103396782492E-7-1.27432442864874E-11i;2.8678849093885228E-8-1.1330405809501552E-12i
1.8488009038595113E-7+2.8872342309125454E-10i;1.6067023582263956E-7-3.0494093334717357E-10i;-2.739828388163249E-7-8.266959591673602E-10i;-1.1390314578561738E-7+3.334284466255613E-10i;2.877876747578916E-7+2.223885445786852E-9i;2.4225733530155317E-7+1.4217189885190363E-9i;4.409499454737162E-8-2.6212090169949974E-14i;2.5512827191392564E-7+4.792946312585711E-14i;-8.024854967585337E-8+1.977851871067492E-14i;-1.6902119687176632E-7-1.1479420890405568E-13i;2.6589067121375375E-7+1.5876658407117437E-14i;1.6989143059066383E-7+2.642239486256359E-13i;-1.0440888101719142E-7-5.266758169277018E-14i;1.6626005800965713E-7+4.6727951278551686E-14i;-3.591654443259895E-8-1.0799560216791143E-14i;-2.692610567496302E-7-5.168835524122167E-13i;5.162050899144454E-8-1.3152385050229253E-13i;1.0440313257248174E-7+3.502917390188256E-13i;-2.1993232677891022E-7-3.042139771159424E-12i;-1.7552260552149352E-7-7.957333388188736E-13i;1.8596523565418693E-7-1.5926219545698377E-12i;4.7424811605620834E-8-2.1951252827267274E-11i;-1.822052997607387E-7+1.1285660272835797E-11i;-1.7121980904186848E-7-1.4930250850076897E-11i;6.271237706608154E-8-1.2345882688489667E-12i
2.0709470345516546E-7+3.396234004243344E-10i;1.487323052113552E-7-2.4209447015318273E-10i;-2.8791166954988676E-7-8.116555535978885E-10i;-1.3756344743970712E-7+3.564344682772615E-10i;2.8857958201993373E-7+2.276564781773859E-9i;2.57427648858962E-7+1.5606967745664186E-9i;3.692640079474936E-8-2.9376390653183914E-14i;2.8414175649075116E-7+5.3595566349964733E-14i;-8.738662027418305E-8+2.3241376577943098E-14i;-1.9369116973480258E-7-1.3306828470393788E-13i;3.5347835449109893E-7+2.75722272300015E-14i;2.328047000496135E-7+3.595135092993349E-13i;-1.20765551859036E-7-6.103750946653557E-14i;1.8747016641359683E-7+5.5073787834964586E-14i;-2.313046391839087E-8-1.6806323542431445E-14i;-3.157721710257981E-7-6.400675744000806E-13i;7.492002200338401E-8-1.8256243790943234E-13i;2.271950989935633E-7+7.043736751113804E-13i;-2.3775067219519194E-7-1.068382280203795E-13i;-2.9677536060910837E-7-1.8486017214899838E-13i;1.8458439210908747E-7-1.7282191165213785E-12i;9.250379138933033E-8-3.3845647396286566E-11i;-2.41994214014136E-7+1.6969831310043078E-11i;-1.9635084158824886E-7-1.7631018979942545E-11i;9.789306061808502E-8-1.4067737259558292E-12i
-2.2146708143907246E-7-6.276353534842099E-10i;3.7885668216983834E-7-1.4864584336846935E-9i;-3.797612551976244E-8-1.162013966089304E-9i;3.2088075106328577E-7-7.464588044823948E-11i;2.79369080299384E-7+1.3267921501764217E-9i;-1.8015464974026802E-8-1.0185126295132848E-9i;8.606634962201356E-8+3.5666167323612544E-14i;-3.029669991148037E-7-6.972239631844235E-14i;1.3887080176001388E-7+1.8419376097377256E-14i;-1.3961981178122347E-7-1.099242275826961E-13i;3.568822283272541E-7+3.2898271031753525E-14i;2.58133142760571E-7+3.72260065769789E-13i;4.821438621336056E-8-8.10280746761922E-15i;1.9580005003067878E-7+3.5655438370301846E-14i;2.8849199880130564E-8+1.2226225630934502E-13i;2.5332763630667347E-7+5.428065499401516E-13i;-1.0359858327326224E-8-2.1420119352767572E-13i;-2.4525630917864943E-7-7.428254371545675E-13i;-2.259453109147948E-7-1.74582997473214E-11i;3.2038069754748123E-7-3.817877774499267E-12i;-1.7943017802269868E-7+3.73189940160173E-13i;-1.5492353502828508E-7+9.92628693848539E-12i;-1.663694397364907E-7-4.663064521248532E-12i;-2.6789527787098246E-7-2.051291462537056E-11i;-1.8415742822597418E-8-2.3013986867901235E-12i
-1.992524681297971E-7-5.767353768246357E-10i;3.6691875226159176E-7-1.4236119697500559E-9i;-5.19049560984758E-8-1.1469735612724879E-9i;2.9722044955769713E-7-5.163985811757631E-11i;2.801609868716079E-7+1.3794714836192239E-9i;-2.845151136630385E-9-8.79534840810504E-10i;9.278704249272639E-8+3.1576309919901346E-14i;-2.721751718649039E-7-6.429684712121602E-14i;1.270423366904802E-7+1.7582517997106212E-14i;-1.1497740534467048E-7-9.289764817898769E-14i;2.687354796024308E-7+2.0212136725746053E-14i;1.9101602606973634E-7+2.7635675753033447E-13i;3.807345305955185E-8-5.4939372154124236E-15i;1.6672952686628488E-7+2.932752805072802E-14i;7.639145085569943E-9+8.484853441571531E-14i;2.1082065416286876E-7+4.1305780718875604E-13i;-1.3369079690550801E-8-1.0274198553896388E-13i;-1.201128545638666E-7-3.698028245251915E-13i;-2.0996784260451026E-7-1.3139615883150818E-11i;1.9042989372893292E-7-2.911729017292043E-12i;-1.7988130044049202E-7+5.708009688803527E-13i;-8.57239500550204E-8+2.7681553912108517E-12i;-1.232884148942159E-7-1.5567271955095048E-12i;-2.3615186595987608E-7-1.804845695516372E-11i;-1.574966314847303E-8-2.0511277818013673E-12i
-1.770378548222411E-7-5.258354001056553E-10i;3.5498082232810275E-7-1.3607655058483492E-9i;-6.583378669305495E-8-1.1319331564644955E-9i;2.735601480525764E-7-2.8633835839488772E-11i;2.809528934648656E-7+1.432150817120508E-9i;1.2325162682748508E-8-7.405570522492935E-10i;9.897706596522694E-8+2.862988988337156E-14i;-2.4137099175610903E-7-5.811733160908644E-14i;1.1490958227310685E-7+1.6058439588802167E-14i;-9.250011814970241E-8-7.422842743045277E-14i;1.822627913265185E-7+1.639139563596159E-14i;1.2455186478553335E-7+1.8681359307186863E-13i;2.9362072274733193E-8-9.508987870000455E-16i;1.4034709822559726E-7+2.6886988662000768E-14i;-1.545783710423252E-8+7.025007746387693E-14i;1.727756374506924E-7+3.2553669274169466E-13i;-1.6739907159435056E-8-5.3952758648078614E-15i;-2.1269747990189804E-9+6.146789188439333E-14i;-2.0130786494493447E-7-9.259181725533645E-12i;6.83302390427835E-8-2.0840609240523023E-12i;-1.8348125167132728E-7+7.883770001886884E-13i;-1.9623594486866462E-8-3.892542841409187E-12i;-8.028633782762991E-8+1.407459929147758E-12i;-2.1508387549351064E-7-1.6282414194434156E-11i;-1.338349796215577E-8-1.884547549222943E-12i
-1.5482324151855083E-7-4.74935423311076E-10i;3.4304289236919243E-7-1.2979190420313422E-9i;-7.976261731243501E-8-1.1168927516940455E-9i;2.498998465454729E-7-5.627813638215379E-12i;2.8174480007792235E-7+1.4848301506363101E-9i;2.7495476476163193E-8-6.015792638761591E-10i;1.0456082207307595E-7+2.531742337810061E-14i;-2.1034920911744405E-7-5.150467350929579E-14i;1.021425206771617E-7+1.6316983249088518E-14i;-7.220263169099545E-8-5.531942069447192E-14i;9.914293172259493E-8+9.640671845151725E-15i;5.990520749218333E-8+1.0441630920269234E-13i;2.1982832543328435E-8+5.296741693412081E-15i;1.1616109764252957E-7+3.2019297376758825E-14i;-3.975089619846194E-8+4.79149622556511E-14i;1.3843074505036945E-7+2.312260176198538E-13i;-2.0241825404482992E-8+7.955323922912845E-14i;9.941892286773706E-8+3.8231176777198507E-13i;-1.979460751783503E-7-6.047025906619295E-12i;-3.793756879422529E-8-1.4095340491213895E-12i;-1.852801553643179E-7+9.769957680320056E-13i;3.8766694655441136E-8-9.359639620591087E-12i;-3.6850102429924935E-8+3.79598920143655E-12i;-2.0278654677381412E-7-1.5228243954010218E-11i;-1.1157301280861245E-8-1.8095154080783524E-12i
-1.326086282192864E-7-4.240354464436999E-10i;3.3110496239622517E-7-1.2350725783589887E-9i;-9.369144795698814E-8-1.101852346971682E-9i;2.2623954503419497E-7+1.7378208470776076E-11i;2.8253670669925656E-7+1.5375094840718714E-9i;4.266579024470084E-8-4.626014756751289E-10i;1.0947160977348832E-7+2.3283348772942058E-14i;-1.7898013823632005E-7-4.462601059229819E-14i;8.854621901792513E-8+2.7818581332355646E-14i;-5.421561130426998E-8-4.387104908293153E-14i;2.1555156954413696E-8+7.692118190890108E-15i;-1.1670077201863661E-9+1.5047117989622854E-14i;1.5882700542763672E-8+1.5216539209254533E-14i;9.418362200252119E-8+5.146622509871047E-14i;-6.418020341844407E-8+3.39349765960511E-14i;1.0773605608755156E-7+1.189674824274144E-13i;-2.3624693193107256E-8+1.93589326139696E-13i;1.7491000539920685E-7+6.486979089181912E-13i;-1.984028874194019E-7-3.699708018710673E-12i;-1.1941106058486742E-7-8.518413959020701E-13i;-1.8131315637830242E-7+1.2118438461232153E-12i;8.384759551442128E-8-1.2772681625539715E-11i;5.8671534681466906E-9+5.326952681033325E-12i;-1.9821411077584717E-7-1.5017131024324718E-11i;-9.084627651813304E-9-1.7714849803940879E-12i
-1.1039401492508936E-7-3.7313546951343075E-10i;3.191670324161203E-7-1.1722261148603299E-9i;-1.0762027862651943E-7-1.0868119422998604E-9i;2.0257924351679183E-7+4.0384230486599263E-11i;2.833286133213869E-7+1.5901888173743374E-9i;5.783610398912291E-8-3.236236876343895E-10i;1.1365159785448005E-7+1.998765725694396E-14i;-1.4720150090474833E-7-3.8020629237404545E-14i;7.404309864156496E-8+3.058364398605818E-14i;-3.874047363166101E-8-3.2394663221125475E-14i;-4.8075003581631614E-8-5.428659424882548E-16i;-5.657639896082923E-8-6.338247957312876E-14i;1.100599772538326E-8+2.0023877679661126E-14i;7.474259108185415E-8+5.716344824241551E-14i;-8.745295951445396E-8+2.5684030657249483E-14i;8.085940435186844E-8+4.0729141873668265E-14i;-2.6671732583854394E-8+2.371931645084373E-13i;2.167732101547244E-7+8.336605857248693E-13i;-2.0138311275521646E-7-2.40355078286992E-12i;-1.6873941457885631E-7-5.516573690189539E-13i;-1.6872884660694927E-7+1.300305975137925E-12i;1.1074736144660773E-7-1.3622516622462426E-11i;4.5909886969739E-8+5.643312715338251E-12i;-2.0001007941688174E-7-1.522882706834822E-11i;-7.159608067619521E-9-1.83932258193442E-12i
-8.81794016370063E-8-3.2223549253347574E-10i;3.0722910243035066E-7-1.1093796515330817E-9i;-1.2154910931945561E-7-1.0717715376732842E-9i;1.789189419916826E-7+6.339025242105923E-11i;2.8412051994238457E-7+1.6428681505395562E-9i;7.300641771041645E-8-1.8464589974693248E-10i;1.1705315456860465E-7+1.688796055601875E-14i;-1.150088047196775E-7-3.0746155727024023E-14i;5.865957316984369E-8+2.5905164987071005E-14i;-2.600195214968691E-8-2.1597192128664152E-14i;-1.0732445718359505E-7-5.52228314801539E-15i;-1.0416246422059751E-7-1.3423227414320302E-13i;7.2449885449138295E-9+2.6514970818478773E-14i;5.83158637941132E-8+6.177270208168655E-14i;-1.0819939786964927E-7+2.2469361949651873E-14i;5.781918288788558E-8+7.599626532448378E-15i;-2.922315527577946E-8+2.891218721237222E-13i;2.2124529411949377E-7+9.332526201293964E-13i;-2.056555815854968E-7-2.205980453269552E-12i;-1.8213041564469771E-7-4.884178370641995E-13i;-1.460070024966767E-7+1.292126978972825E-12i;1.1670178672196968E-7-1.1601505206915566E-11i;8.112911590100388E-8+4.7093177308595805E-12i;-2.0617496786338668E-7-1.585327225836665E-11i;-5.391157633160982E-9-1.9390749261194324E-12i
-6.59647883569155E-8-2.713355155114981E-10i;2.9529117243400153E-7-1.046533188365768E-9i;-1.3547794003214608E-7-1.0567311330698767E-9i;1.5525864045769215E-7+8.63962742829426E-11i;2.849124265674479E-7+1.695547483601277E-9i;8.817673141028367E-8-4.566811201013219E-11i;1.196385580627213E-7+1.295781410410947E-14i;-8.244506467156699E-8-2.4024888057859608E-14i;4.250444321788879E-8+2.1839123002342748E-14i;-1.6219909498504247E-8-1.0267665323577662E-14i;-1.539603278728678E-7-1.3301191056066439E-14i;-1.4188519052150617E-7-1.8703821643468775E-13i;4.439144208111347E-9+2.8938477230921717E-14i;4.543410365912927E-8+5.837196627848844E-14i;-1.2509157614376483E-7+1.8052214812829543E-14i;3.833647594007311E-8-1.4220741123374445E-14i;-3.1206377177242563E-8+2.7660283552384767E-13i;1.8936511503256299E-7+8.301768074212062E-13i;-2.1005131419616045E-7-3.017674818464176E-12i;-1.6040678489417512E-7-6.891088615245788E-13i;-1.131672217844329E-7+1.1514507970428196E-12i;1.0175414289713827E-7-6.933734342564194E-12i;1.0952848611499343E-7+2.5219733313832755E-12i;-2.141759143347989E-7-1.6669279173530055E-11i;-3.6728752933663043E-9-2.082734825925594E-12i
-4.375017508747882E-8-2.2043553845107295E-10i;2.833532424166509E-7-9.836867253324724E-10i;-1.4940677075899594E-7-1.0416907284523179E-9i;1.3159833891412372E-7+1.0940229608034352E-10i;2.857043332082979E-7+1.7482268166296319E-9i;1.0334704509128315E-7+9.330967557527827E-11i;1.2137781527330337E-7+8.979962357139414E-15i;-4.959057130805171E-8-1.7987694790085766E-14i;2.5754119128324018E-8+1.093215570375803E-14i;-9.583831072646106E-9-7.498002233078025E-16i;-1.8614882522355167E-7-2.2665557763866852E-14i;-1.6805905421087755E-7-2.184824870577E-13i;2.361205783390073E-9+2.945104907998104E-14i;3.654865744297489E-8+4.7152959929920276E-14i;-1.370371294974528E-7+1.9130353336839974E-14i;2.1738217584945375E-8-8.631111607155635E-15i;-3.2528613171602375E-8+2.3258498763885346E-13i;1.2712499531843391E-7+7.204071154866548E-13i;-2.1357199066824917E-7-4.6839996873688976E-12i;-1.0928705188813438E-7-1.067180374678694E-12i;-7.173954887184934E-8+8.745569346285402E-13i;6.915124019309834E-8-2.1565745215256019E-13i;1.2944318432750916E-7-5.560833085862104E-13i;-2.2135497118184618E-7-1.7310829217171265E-11i;-2.087487816740538E-9-2.2091568830448776E-12i
-2.1535561831928213E-8-1.6953556135563716E-10i;2.7141531236443393E-7-9.208402623898272E-10i;-1.633356014935745E-7-1.0266503237824613E-9i;1.0793803736041453E-7+1.3240831782711784E-10i;2.8649623988056666E-7+1.8009061497271584E-9i;1.1851735875617406E-7+2.3228746300823962E-10i;1.222520412442278E-7+5.40875142848807E-15i;-1.655034184892185E-8-1.1561226081784432E-14i;8.626634553108138E-9+1.2205119893080562E-14i;-6.2301598552498646E-9+2.411758751846257E-15i;-2.02584199534294E-7-2.926440688053277E-14i;-1.8146384662689587E-7-2.352460736729221E-13i;7.417942010832161E-10+2.782236477541145E-14i;3.2016264705814455E-8+4.8072814601553035E-14i;-1.4321990289517808E-7+1.3949136849381452E-14i;7.025876981054228E-9-2.776925663871882E-14i;-3.3199052067555214E-8+1.9525949487062395E-13i;4.4708885885797496E-8+4.47378198893375E-13i;-2.1547567132539728E-7-6.835876663958904E-12i;-3.858522609237777E-8-1.5285481282434123E-12i;-2.4546489035698052E-8+5.903681405262319E-13i;2.466309772668071E-8+7.566233168033505E-12i;1.397595585860246E-7-4.065481012201951E-12i;-2.255521142552372E-7-1.7768771408591342E-11i;-5.287383158954768E-10-2.2600848861826525E-12i
6.790514064183432E-10-1.1863558422943902E-10i;2.5947738226151403E-7-8.579937994901012E-10i;-1.7726443222805335E-7-1.0116099190115093E-9i;8.427773579632204E-8+1.5541433953787294E-10i;2.8728814660211085E-7+1.8535854830097063E-9i;1.3368767240862166E-7+3.71265250290122E-10i;1.2225140680700587E-7+2.4303866684223187E-15i;1.6552427502934497E-8-5.248430852674193E-15i;-8.627985549659598E-9+1.2245565597028959E-14i;-6.230651398815496E-9+4.3566463016024615E-15i;-2.0258494355920947E-7-3.2638497191037233E-14i;-1.8146359166957633E-7-2.3552513653913847E-13i;-7.200991668697272E-10+2.4573080599406616E-14i;3.201858807646468E-8+5.1853562448256556E-14i;-1.4321885626577685E-7+1.9286674130443356E-14i;-7.023551997717009E-9-3.8155567749743263E-14i;-3.320136034698623E-8+1.2861576593246568E-13i;-4.469848849141238E-8+2.034155534687604E-13i;-2.1537693114005814E-7-9.122206981655825E-12i;3.890972029122567E-8-2.0162161801038246E-12i;2.4627764092931033E-8+2.8434456854416116E-13i;-2.3966454854110513E-8+1.5177285189113198E-11i;1.398681982388963E-7-7.39193922432529E-12i;-2.255390884485519E-7-1.7864714021853505E-11i;1.0080127574555294E-9-2.220512844183738E-12i
2.2893664623696358E-8-6.773560707703734E-11i;2.4753945209083097E-7-7.951473365752398E-10i;-1.9119326295454073E-7-9.965695140935697E-10i;6.061743422136911E-8+1.7842036123096592E-10i;2.8808005339240316E-7+1.9062648166116816E-9i;1.488579860522991E-7+5.102430374251384E-10i;1.2137595216706023E-7-1.0828438498656414E-15i;4.959274999247944E-8+5.913600281478778E-16i;-2.5755572506763552E-8+8.610448764245825E-15i;-9.584541504406335E-9+9.382360159638327E-15i;-1.8615109336280221E-7-3.4196447469939087E-14i;-1.6805994167376038E-7-2.0467044732547273E-13i;-2.34143605599272E-9+1.938500878483589E-14i;3.6550820066422606E-8+4.855471256113738E-14i;-1.3703803723780496E-7+2.4875901682838053E-14i;-2.1735798883832987E-8-4.2634651102132514E-14i;-3.252232039918701E-8+1.269202379645358E-14i;-1.2712079837622384E-7-5.931357887454203E-14i;-2.132956098446181E-7-1.1096321996760076E-11i;1.0961620591383383E-7-2.503047747936217E-12i;7.181480228367259E-8-1.0798890324845726E-13i;-6.85109347718637E-8+2.128733701581393E-11i;1.2973531024902417E-7-1.0042354323340808E-11i;-2.2132262830786847E-7-1.7547298147754476E-11i;2.566175276908936E-9-2.1872135422885727E-12i
4.510827781604867E-8-1.6835629901862492E-11i;2.356015218377402E-7-7.323008735949836E-10i;-2.0512209366725314E-7-9.81529108995022E-10i;3.695713263486911E-8+2.0142638292251288E-10i;2.888719602690821E-7+1.9589441506550033E-9i;1.6402829968990208E-7+6.492208244114104E-10i;1.196351621124097E-7-4.90619399916396E-15i;8.244763446750347E-8+7.471036567321882E-15i;-4.250625928657104E-8+5.353957919968977E-15i;-1.622256972954737E-8+5.0634086676767015E-15i;-1.539599084739225E-7-3.2961001783410926E-14i;-1.4188272002824407E-7-1.7212548131314814E-13i;-4.423774464501145E-9+1.1151373357619842E-14i;4.544101749917171E-8+4.623047811338902E-14i;-1.2509031586764038E-7+2.4941873192624308E-14i;-3.833484817151048E-8-4.8132515539467914E-14i;-3.120243246285686E-8-4.222604749118031E-14i;-1.893955020195217E-7-2.5889807772086173E-13i;-2.0964395300620802E-7-1.2508420862649488E-11i;1.607634678143281E-7-2.8159240610796375E-12i;1.1324015332590409E-7-4.5368968548016114E-13i;-1.0122611322248597E-7+2.4825156737387044E-11i;1.0995933677124388E-7-1.1452320777160132E-11i;-2.1411233912186066E-7-1.701010048236454E-11i;4.134213312526249E-9-2.0503511826214514E-12i
6.732289098437097E-8+3.406434729240396E-11i;2.236635915067908E-7-6.694544105497596E-10i;-2.1905092436901717E-7-9.664887037339856E-10i;1.3296831037054847E-8+2.244324046162423E-10i;2.8966386722772106E-7+2.0116234851196904E-9i;1.791986133203036E-7+7.881986112487314E-10i;1.1704914065731032E-7-8.17397340951195E-15i;1.150109865279858E-7+1.3759597364344534E-14i;-5.8660969742341467E-8-2.2112161549605195E-16i;-2.600251133230779E-8+1.1991483561989211E-15i;-1.0732269383168107E-7-2.8213198250699102E-14i;-1.041584143597515E-7-1.1586457697692205E-13i;-7.233067641009366E-9+1.0631106820026472E-15i;5.832051006224685E-8+4.0792763453047573E-14i;-1.0819733341108442E-7+2.8287377881745008E-14i;-5.781067721689742E-8-5.374427006459715E-14i;-2.921477874192905E-8-1.0705086051527818E-13i;-2.2127678080948106E-7-4.1705840369951816E-13i;-2.051944012291993E-7-1.2999005111942255E-11i;1.8248378820804498E-7-2.9493867797762176E-12i;1.460492649447369E-7-7.682144483450165E-13i;-1.1630406202917465E-7+2.491051401068073E-11i;8.161569999000487E-8-1.1285036622385593E-11i;-2.061121469001644E-7-1.6306121517059928E-11i;5.832541359732231E-9-1.903895693696454E-12i
8.953750413007404E-8+8.496432450243454E-11i;2.117256611080105E-7-6.066079474614101E-10i;-2.3297975506521738E-7-9.514482983410416E-10i;-1.0363470572219092E-8+2.4743842631045596E-10i;2.904557742582618E-7+2.0643028199429842E-9i;1.9436892694138928E-7+9.271763979349682E-10i;1.1364780348939649E-7-1.2352227514438263E-14i;1.472034863257491E-7+2.0487235112830556E-14i;-7.404500266600784E-8-5.917035981203334E-15i;-3.8735384697480584E-8-8.497063690969633E-15i;-4.807481608189409E-8-2.5620459296024647E-14i;-5.6573114995374644E-8-5.84576817139847E-14i;-1.099746107744111E-8-1.5217250135215546E-14i;7.47396287728049E-8+3.171643613162121E-14i;-8.745083539193839E-8+1.903546347848406E-14i;-8.08463603840395E-8-7.69724531806949E-14i;-2.6652334505227595E-8-1.4120676932126347E-13i;-2.167977915340536E-7-4.832590483824307E-13i;-2.0095944649070892E-7-1.2502302349962778E-11i;1.6908406574811904E-7-2.875131389046275E-12i;1.6874550217241442E-7-1.0436784136865566E-12i;-1.1052241991187456E-7+2.1164860131878415E-11i;4.6339430637615294E-8-9.411888260998354E-12i;-1.9997658602302137E-7-1.5795954152467136E-11i;7.612261068272446E-9-1.7854267619810219E-12i
1.1175211725464581E-7+1.3586430172887873E-10i;1.9978773065470667E-7-5.437614843554522E-10i;-2.469085857624634E-7-9.364078928633814E-10i;-3.402377219347231E-8+2.7044444799946443E-10i;2.912476813472611E-7+2.116982155050523E-9i;2.095392405506164E-7+1.0661541844751473E-9i;1.0946638540485151E-7-1.628825707643309E-14i;1.7898185946623547E-7+2.7261055020798426E-14i;-8.854790787993974E-8-6.479183800589222E-15i;-5.421113808264197E-8-2.0879385796038342E-14i;2.1558866797191045E-8-2.1103339889864328E-14i;-1.1626476999430798E-9+1.8618076914615456E-14i;-1.588101608967405E-8-2.7689507695697335E-14i;9.417853506002193E-8+2.6832968999509824E-14i;-6.418156656876903E-8+1.3971204384885151E-14i;-1.0772139728684638E-7-1.456619829693135E-13i;-2.359956360687348E-8-1.5077779805687626E-13i;-1.7492544555208696E-7-4.5039974277037494E-13i;-1.9810547787279852E-7-1.0959302293158032E-11i;1.1975063003992938E-7-2.5602538433664743E-12i;1.8129491939247815E-7-1.2333593344949442E-12i;-8.382433490650697E-8+1.3753258599998027E-11i;6.15418528960313E-9-5.859042344555792E-12i;-1.9816004510509156E-7-1.5634512359979424E-11i;9.558964765721103E-9-1.715508316897164E-12i
1.3396673035912736E-7+1.8676427897166165E-10i;1.8784980016112228E-7-4.809150212610153E-10i;-2.608374164673917E-7-9.213674873502306E-10i;-5.768407382768173E-8+2.9345046967605744E-10i;2.920395884807454E-7+2.169661490361661E-9i;2.2470955414569745E-7+1.2051319708756547E-9i;1.0455509925830313E-7-1.890483201291958E-14i;2.1035093477346377E-7+3.437556566513619E-14i;-1.0214500830409422E-7-5.4700714742676475E-15i;-7.219553340041593E-8-3.5853635521026505E-14i;9.914307541681017E-8-6.24443004159809E-15i;5.990572560769206E-8+9.688261104563219E-14i;-2.1987142556254874E-8-3.115074377868735E-14i;1.1615147827513372E-7+2.5529855927622533E-14i;-3.975630155899095E-8+1.2802895266651629E-14i;-1.3841432091091809E-7-2.0798639272350202E-13i;-2.0213852969460698E-8-9.35305363756524E-14i;-9.943581733401037E-8-1.4460985540926516E-13i;-1.9786038194183502E-7-8.525136752407482E-12i;3.8284348015830926E-8-2.044724036704246E-12i;1.8523781003232522E-7-1.2830696057725289E-12i;-3.896094108199938E-8+3.3829921428476277E-12i;-3.67923371818082E-8-8.169912988409866E-13i;-2.027393778763695E-7-1.6013177239548943E-11i;1.1665663996504148E-8-1.6476221408086887E-12i
1.5618134344404708E-7+2.376642562297794E-10i;1.7591186964189448E-7-4.1806855821523425E-10i;-2.7476624718626504E-7-9.063270818470195E-10i;-8.134437547626333E-8+3.164564913332817E-10i;2.9283149564467527E-7+2.2223408257952914E-9i;2.398798677247131E-7+1.3441097571477605E-9i;9.89706169277442E-8-2.192520262028105E-14i;2.41372690602596E-7+4.1525438245581003E-14i;-1.1491223984548584E-7+5.9059720650208E-16i;-9.24918316919424E-8-5.150091668159164E-14i;1.822610915235747E-7+7.578557609273857E-15i;1.2455030592980613E-7+1.8509522758889812E-13i;-2.937540600409624E-8-3.3580658769002407E-14i;1.403355788481522E-7+3.53056562866329E-14i;-1.5466592912959137E-8+2.4653941200828005E-15i;-1.7276302755893077E-7-3.036158938127713E-13i;-1.671141413425055E-8-4.8128905509051766E-14i;2.112447342179791E-9+1.1558763101423778E-13i;-2.0149673000289E-7-5.502398797929129E-12i;-6.797837193255797E-8-1.391923476334735E-12i;1.8341541044697072E-7-1.2902460470716468E-12i;1.9222316506764887E-8-9.2208718551677E-12i;-8.052380031477977E-8+5.1748889034341435E-12i;-2.1503485801735788E-7-1.69822933541162E-11i;1.392484661888368E-8-1.6553870252137924E-12i
1.783959565090849E-7+2.8856423349471386E-10i;1.6397393911213705E-7-3.552220952711816E-10i;-2.8869507792517663E-7-8.912866763869748E-10i;-1.0500467714138663E-7+3.394625129646253E-10i;2.9362340282495076E-7+2.2750201612585873E-9i;2.55050181285912E-7+1.4830875432931906E-9i;9.277970920723515E-8-2.4897141322671342E-14i;2.721768956367106E-7+4.8374445628817336E-14i;-1.2704551694740866E-7+7.549243616686034E-15i;-1.1496848409196312E-7-7.103048442898655E-14i;2.687333472257146E-7+1.8269482268125197E-14i;1.9101330895151337E-7+2.7579521505896735E-13i;-3.809507417896484E-8-3.35478882266011E-14i;1.667166350558819E-7+4.3437471573941965E-14i;7.62757376283317E-9-3.480738327094876E-15i;-2.1080926490413466E-7-4.198606081410143E-13i;-1.3343081307193176E-8+1.1387829346898816E-15i;1.201058688063381E-7+5.08828575737204E-13i;-2.1046936652711917E-7-2.2524892951389227E-12i;-1.9006756741759746E-7-6.299145279939964E-13i;1.797855594653114E-7-1.2660858428996035E-12i;8.512015703085529E-8-2.2980982044385968E-11i;-1.2385247359262052E-7+1.1709903899449725E-11i;-2.3609354480344064E-7-1.8576560937018488E-11i;1.63403406458086E-8-1.7181135018905654E-12i
2.0061056955574583E-7+3.394642107567014E-10i;1.5203600858457225E-7-2.923756324640854E-10i;-3.026239086855268E-7-8.762462709830581E-10i;-1.286649788231714E-7+3.6246853456713693E-10i;2.9441531000917955E-7+2.3276994966712742E-9i;2.702204948306534E-7+1.6220653293265108E-9i;8.605823683381727E-8-2.7258841164022628E-14i;3.029690619368966E-7+5.482461775920223E-14i;-1.3887561164359236E-7+1.1098479404820108E-14i;-1.3961002810527472E-7-8.8837464270952E-14i;3.568796903540496E-7+2.791567963640215E-14i;2.5812976273313807E-7+3.7289821546996784E-13i;-4.8242401499432405E-8-3.3959124465189194E-14i;1.9578654646842613E-7+5.150303971807541E-14i;2.8836219262679113E-8-3.198243966256207E-15i;-2.533141674647285E-7-5.369394741983068E-13i;-1.0340612728643819E-8+1.6648537447625756E-14i;2.452568558636729E-7+9.197400647377505E-13i;-2.2677852224450502E-7+1.022813221578298E-12i;-3.199955549072917E-7+6.875713127792122E-14i;1.7930172604460283E-7-1.2463590476682875E-12i;1.5411911738145137E-7-3.720727981266777E-11i;-1.6727186071207065E-7+1.847497417863E-11i;-2.678269376762622E-7-2.0991733283864248E-11i;1.907531802988881E-8-1.9124625864276383E-12i
-2.279512150519925E-7-6.277945417052244E-10i;3.8216038346569674E-7-1.5367395871760336E-9i;-5.268836407583363E-8-1.2266046792729573E-9i;3.2977922012016243E-7-6.861181293759336E-11i;2.8520481024524644E-7+1.377926879387083E-9i;-5.2226188130766385E-9-9.571440754436506E-10i;1.366788387314684E-7+4.003132157455603E-14i;-3.203748283770381E-7-7.731205903308542E-14i;1.8901706907551435E-7+1.4022454863732116E-14i;-7.690078698513632E-8-7.98650028906126E-14i;3.5826864164258443E-7+4.647829667621435E-14i;2.819755068290119E-7+4.0443778914901487E-13i;-3.069362581742917E-8-3.709036689382138E-14i;1.8780346433897914E-7+1.622809108842335E-14i;8.819298099270755E-8+9.366783929588225E-14i;1.62729335066035E-7+3.9591900599074146E-13i;-9.37478991068131E-8-5.024670831755201E-14i;-2.6563525768753997E-7-6.101035382501085E-13i;-1.7172795171144062E-7-1.5900674954666577E-11i;3.3105921018582843E-7-3.4771126439660165E-12i;-1.3111043961362073E-7+2.7280849497621384E-13i;-2.099057236021158E-7+2.6265826306126954E-11i;-7.130106491925126E-8-1.241583967462248E-11i;-2.7335769622968115E-7-2.3401727827933683E-11i;6.462227743113268E-8-2.4614003922154996E-12i
-2.0573660175206808E-7-5.768945650898361E-10i;3.702224536348367E-7-1.4738931235670344E-9i;-6.661719468009954E-8-1.2115642746544095E-9i;3.061189186013777E-7-4.560579065418743E-11i;2.859967167473783E-7+1.4306062123086757E-9i;9.947695015935914E-9-8.181662867104439E-10i;1.4299502902068213E-7+3.645607050611879E-14i;-2.880116185726162E-7-7.098145674627839E-14i;1.7281632482620474E-7+1.4395912001945045E-14i;-5.248252917416344E-8-5.911853338695269E-14i;2.695768714196557E-7+3.467049131443166E-14i;2.1110987237757084E-7+3.055806120506706E-13i;-3.431158304869136E-8-3.1562008580407224E-14i;1.5196449631338588E-7+1.4413419661625566E-14i;5.890901111901438E-8+5.738949384058116E-14i;1.2655206311815426E-7+2.84064895514151E-13i;-7.62359209636749E-8+4.162395204830398E-14i;-1.3778701706939402E-7-2.3492409832508544E-13i;-1.5920186200273962E-7-1.1447190775221663E-11i;1.9409525642134235E-7-2.5356546938938225E-12i;-1.3435721942722067E-7+4.901615561918335E-13i;-1.1893977920471156E-7+1.4040514387954923E-11i;-4.939821109834054E-8-6.847221168018066E-12i;-2.388075459574146E-7-1.9749747543973735E-11i;3.4222424855659875E-8-2.156083257725966E-12i
-1.83521988453799E-7-5.259945884248859E-10i;3.582845237879103E-7-1.4110466600119848E-9i;-8.054602529859092E-8-1.196523870049093E-9i;2.8245861708239943E-7-2.2599768422586083E-11i;2.867886232623355E-7+1.4832855452415695E-9i;2.511800882985237E-8-6.791884980923681E-10i;1.488709269736196E-7+3.24193942391864E-14i;-2.555843686414111E-7-6.497888186096109E-14i;1.562251389985811E-7+9.712315377028325E-15i;-2.990225234897961E-8-3.721637842671555E-14i;1.8257544008593656E-7+2.552796623222607E-14i;1.4099078609538635E-7+2.168935282273179E-13i;-3.650565329420207E-8-2.4159805401203428E-14i;1.1845727664090569E-7+1.0081081161010898E-14i;2.7947439315495348E-8+4.1508254384249455E-14i;9.472204162515561E-8+1.9975449219861107E-13i;-5.8680430402816753E-8+7.27567460559159E-14i;-1.7336932663065468E-8+1.186519979848453E-13i;-1.5388215071196279E-7-7.506140237765682E-12i;6.550213775120368E-8-1.6952389458727356E-12i;-1.407340552466119E-7+6.471372935197676E-13i;-3.2083391260308126E-8+2.356836296898179E-12i;-2.8318130281652885E-8-1.5031021499947453E-12i;-2.1643561570519715E-7-1.6883140324048497E-11i;4.327637010492513E-9-1.8991415051697564E-12i
-1.6130737515922548E-7-4.750946116962053E-10i;3.463465939274605E-7-1.3482001965706262E-9i;-9.447485594075082E-8-1.181483465492058E-9i;2.5879831556050975E-7+4.062537329450469E-13i;2.875805297860799E-7+1.5359648781248173E-9i;4.0288322620695255E-8-5.402107096339099E-10i;1.5421166693120744E-7+2.859378685154423E-14i;-2.2287265276077606E-7-5.810906269039581E-14i;1.3879079942828678E-7+1.3092439728685949E-14i;-9.302372397454735E-9-1.8109533060590497E-14i;9.894766946915884E-8+1.851498384189673E-14i;7.281072804839661E-8+1.2590794887030228E-13i;-3.6988975123249974E-8-1.7249521416014526E-14i;8.700644499670724E-8+9.31006543920359E-15i;-4.076915532929826E-9+1.840819661223206E-14i;6.725769035332653E-8+9.618873751079666E-14i;-4.074284487564781E-8+1.0451789999489902E-13i;8.655101976249954E-8+3.611620778470518E-13i;-1.5408027343036505E-7-4.237860049678467E-12i;-4.6231755457139286E-8-1.01109238983201E-12i;-1.458613983517023E-7+8.229509416961483E-13i;4.474355662954997E-8-7.856544012425566E-12i;-8.076324033187318E-9+3.1569289105892097E-12i;-2.0432092530195701E-7-1.4979951319438832E-11i;-2.289308504491507E-8-1.7670267634210712E-12i
-1.3909276186903203E-7-4.2419463490501907E-10i;3.344086640633168E-7-1.2853537333013287E-9i;-1.0840368660936419E-7-1.1664430609972483E-9i;2.3513801403323378E-7+2.3412275796439073E-11i;2.8837243630783557E-7+1.5886442108655152E-9i;5.545863638716594E-8-4.0123292133401485E-10i;1.5893471891366484E-7+2.572454606164287E-14i;-1.897400776118301E-7-5.0615150655995126E-14i;1.2024936479840797E-7+1.9862456833333762E-14i;9.085610571155771E-9-4.494745004486132E-15i;2.0872638496818945E-8+1.1100737335780638E-14i;8.391216425399029E-9+3.269417351322641E-14i;-3.5596754869853655E-8-6.9785593642647584E-15i;5.791438471132778E-8+2.1394006091685926E-14i;-3.598728894687732E-8+5.937688271336535E-15i;4.4541660191382595E-8+9.311008630164004E-15i;-2.2724026913071597E-8+1.6222044821432067E-13i;1.6433039552352692E-7+6.004333362322572E-13i;-1.5835158059136685E-7-1.893804637026186E-12i;-1.316596494109597E-7-4.615094450690214E-13i;-1.4604986494081643E-7+1.0066417266561857E-12i;1.0430256652182418E-7-1.5478651226902248E-11i;1.074078509990028E-8+6.702391757853947E-12i;-2.0123893942019447E-7-1.4130222535431966E-11i;-4.448506608693961E-8-1.7225716380982444E-12i
-1.1687814858381177E-7-3.7329465805627237E-10i;3.224707342022044E-7-1.222507270243351E-9i;-1.2233251730572183E-7-1.1514026565708905E-9i;2.1147771249842497E-7+4.6418297760610983E-11i;2.891643428197577E-7+1.641323543398848E-9i;7.062895012863121E-8-2.622551331910591E-10i;1.6297278567974256E-7+2.2768799557907403E-14i;-1.561246030062042E-7-4.2902651071421114E-14i;1.0050124233079524E-7+2.5076322851631897E-14i;2.4993515695330312E-8+3.778756904914719E-15i;-4.9197526107524185E-8+2.3059699481923228E-15i;-5.005809849242753E-8-5.878785868816306E-14i;-3.230608951900378E-8+6.9437890438538294E-15i;3.18370113439324E-8+4.037401176603703E-14i;-6.620983336716737E-8-3.897222630307752E-15i;2.690978908223163E-8-5.751443527602353E-14i;-5.380836235016364E-9+2.068344321701176E-13i;2.0836917161350206E-7+7.549102946910645E-13i;-1.6519597389529246E-7-6.50260847715966E-13i;-1.829685024550622E-7-1.5885135834626942E-13i;-1.3850118745777898E-7+1.136378997640538E-12i;1.4018889166328796E-7-1.960053272247191E-11i;2.738060005550192E-8+8.638280651676155E-12i;-2.054927171762353E-7-1.4241533613308479E-11i;-5.7588217712615084E-8-1.7712769120684778E-12i
-9.466353530451675E-8-3.223946811611761E-10i;3.105328043453842E-7-1.1596608073987411E-9i;-1.3626134802921742E-7-1.1363622522089514E-9i;1.8781741095438813E-7+6.94243196344693E-11i;2.899562493196617E-7+1.6940028757152253E-9i;8.579926384511917E-8-1.2327734520387686E-10i;1.6626942643187198E-7+1.9707693882167945E-14i;-1.2202729285224197E-7-3.5634839941386507E-14i;7.958372672757967E-8+2.147042984164446E-14i;3.813987073070103E-8+1.576155568799284E-14i;-1.088322680558821E-7-5.010610250751094E-15i;-1.0027014160874465E-7-1.3077604473768408E-13i;-2.7238800024416316E-8+1.7008722407722104E-14i;9.58724024757393E-9+4.284519193205932E-14i;-9.306586903241228E-8-7.503820833321279E-15i;1.4353418752275494E-8-6.509483768536139E-14i;1.0297597532388338E-8+2.1811475919440415E-13i;2.1491239538248913E-7+8.212053215321824E-13i;-1.7310749664057453E-7-5.695932141613305E-13i;-1.9620957660205453E-7-1.2653571319989374E-13i;-1.2161831320151406E-7+1.1322715988683891E-12i;1.488134767146296E-7-1.9744818969100656E-11i;4.126054050768565E-8+8.731512372747059E-12i;-2.1458994717765212E-7-1.4934499194886095E-11i;-6.041808644834288E-8-1.9029655454437545E-12i
-7.244892203331386E-8-2.71494704227425E-10i;2.9859487448546097E-7-1.0968143447452113E-9i;-1.5019017877596334E-7-1.1213218478870823E-9i;1.6415710939990583E-7+9.243034143002557E-11i;2.9074815581504216E-7+1.7466822078662594E-9i;1.009695775379971E-7+1.5700442625815995E-11i;1.6878033891537145E-7+1.612005151332433E-14i;-8.750173310498857E-8-2.7896793842079563E-14i;5.764425050732212E-8+1.6537591685863088E-14i;4.8260601227885175E-8+2.5759281184708833E-14i;-1.5577779205684062E-7-1.4264710178158475E-14i;-1.4008514989593934E-7-1.884642840004865E-13i;-2.063866665473909E-8+2.3054424619755335E-14i;-7.97994897689208E-9+4.4832946857676924E-14i;-1.1489290689690296E-7-8.863380251723488E-15i;6.445340097356709E-9-6.974254465071729E-14i;2.3202255777681162E-8+1.9856313065008956E-13i;1.8497098991724238E-7+7.139946987031789E-13i;-1.8058916166936152E-7-1.560604438859598E-12i;-1.722559217466249E-7-3.443302004163004E-13i;-9.527875731652512E-8+9.676514981488242E-13i;1.3020506544874907E-7-1.5968453044300397E-11i;5.199938510500207E-8+7.0096870975246E-12i;-2.254138503704189E-7-1.6158868920372805E-11i;-5.2573239388183636E-8-2.0708119998671083E-12i
-5.023430877339685E-8-2.205947272568209E-10i;2.866569446078709E-7-1.0339678822498593E-9i;-1.6411900953908715E-7-1.1062814435567904E-9i;1.4049680783437002E-7+1.1543636315560503E-10i;2.9154006232185975E-7+1.7993615399495134E-9i;1.1613989121010496E-7+1.5467823029403539E-10i;1.7047191615038986E-7+1.1619535513426664E-14i;-5.264243043384653E-8-2.177928981115899E-14i;3.4918925896856096E-8+6.093907120378467E-15i;5.513844902702108E-8+4.0362987841425437E-14i;-1.8818333094958076E-7-2.1422019183071683E-14i;-1.6771725105611387E-7-2.2000842585947788E-13i;-1.2870416510541705E-8+2.8073253014709632E-14i;-2.0152703765466503E-8+3.230695547779788E-14i;-1.3031236064228787E-7-2.393724345506604E-15i;2.254943876288878E-9-5.685988007961924E-14i;3.243960172319578E-8+1.1282386341550967E-13i;1.245480011281804E-7+5.471207880111323E-13i;-1.8635646458678614E-7-3.4047665204313864E-12i;-1.1717605627979613E-7-7.828955994198826E-13i;-6.082553093922599E-8+6.542779933070303E-13i;8.857038531047512E-8-8.927359317883607E-12i;5.9278452447270747E-8+3.7909170783712975E-12i;-2.3480595772435562E-7-1.7365786201390825E-11i;-3.563368054024503E-8-2.2256186198381304E-12i
-2.8019695528399277E-8-1.6969475025027094E-10i;2.747190146953738E-7-9.711214198666727E-10i;-1.78047840311108E-7-1.0912410391674058E-9i;1.1683650625742486E-7+1.3844238482280976E-10i;2.923319688594037E-7+1.8520408720834768E-9i;1.313102048645051E-7+2.93656017794362E-10i;1.7132305555816808E-7+7.504869257539213E-15i;-1.7570514338881394E-8-1.5219847582390463E-14i;1.169612319800568E-8+4.375755447421631E-16i;5.861819723935795E-8+4.657349629577287E-14i;-2.047296694429361E-7-2.907154223247143E-14i;-1.8186859279056E-7-2.4043444491700675E-13i;-4.3655438389647085E-9+2.7093931239939974E-14i;-2.6376609495590785E-8+2.4845041908693496E-14i;-1.3828484453406172E-7-2.1444746946053533E-15i;4.770200680675313E-10-3.028440478339142E-14i;3.7234301847067505E-8+4.7739514853221914E-14i;4.3876058592535996E-8+3.1439520641203856E-13i;-1.8943588387833103E-7-5.756848590701675E-12i;-4.137363139866772E-8-1.3160754482792973E-12i;-2.0897638497679502E-8+3.663177681178829E-13i;3.143755702608344E-8+2.415073937393486E-13i;6.304193575282016E-8-3.996506737528659E-13i;-2.4018967562603736E-7-1.8541248172198755E-11i;-1.2427990622609507E-8-2.3011747278819363E-12i
-5.805082302048244E-9-1.1879477321092914E-10i;2.627810847286894E-7-9.082749575258252E-10i;-1.9197667108323605E-7-1.0762006346691583E-9i;9.317620466895142E-8+1.6144840645203768E-10i;2.9312387544904313E-7+1.9047202044140695E-9i;1.4648051850501293E-7+4.3263380512903085E-10i;1.7132242555047354E-7+4.114701319583857E-15i;1.7573137480220702E-8-8.264483450437567E-15i;-1.1694560890764023E-8+3.0443177947452355E-16i;5.8618092610632E-8+4.767085551719256E-14i;-2.0473044524191722E-7-3.562058864041133E-14i;-1.8186835132819676E-7-2.438689582816785E-13i;4.390951569988615E-9+2.5226926971679077E-14i;-2.6374519816279198E-8+2.800419164858569E-14i;-1.382840945087773E-7+2.2679402765841276E-15i;-4.5513111028565513E-10-1.4206905913201854E-14i;3.7232106552982045E-8-2.4442923079854684E-14i;-4.38541699242496E-8+5.3926514950407615E-14i;-1.8933131062063658E-7-8.195993055681233E-12i;4.165632067882353E-8-1.858469444948669E-12i;2.092147903802525E-8+7.890464826516348E-14i;-3.1104187177988716E-8+9.967253776604353E-12i;6.318872397544558E-8-4.79960207938107E-12i;-2.4012485701222295E-7-1.9359782954346434E-11i;1.2944375651107403E-8-2.3035853061410272E-12i
1.6409530901423866E-8-6.789479614293298E-11i;2.508431546875772E-7-8.454284951542002E-10i;-2.0590550184657156E-7-1.0611602300117113E-9i;6.951590306865474E-8+1.8445442806576713E-10i;2.9391578211361377E-7+1.95739953710515E-9i;1.6165083213556598E-7+5.716115923029948E-10i;1.7047006717046328E-7+3.232219799015237E-16i;5.264525396336728E-8-2.2297957621974723E-15i;-3.49178225203551E-8-9.606759514035043E-15i;5.513866807073317E-8+5.499853765050699E-14i;-1.881851451081261E-7-3.7865979599773457E-14i;-1.6771712633404155E-7-2.1361085335968698E-13i;1.2894361686390332E-8+2.256351269846974E-14i;-2.0149726222505103E-8+2.031400957407148E-14i;-1.30312642584568E-7+1.606978736988746E-14i;-2.2325797146736427E-9+1.3399573384874052E-14i;3.24429779713502E-8-1.4655764737987072E-13i;-1.2454130397890975E-7-1.6113384557144953E-13i;-1.86062995848878E-7-1.0294176534787234E-11i;1.1747045972765493E-7-2.3688230996054334E-12i;6.084961290189736E-8-2.9986210291550283E-13i;-8.826972026091104E-8+1.8541213533714215E-11i;5.968012314653326E-8-8.622643031939848E-12i;-2.3462727228395303E-7-1.94738959112441E-11i;3.6151049363772814E-8-2.270226791464529E-12i
3.862414407850543E-8-1.6994819048514758E-11i;2.389052245570931E-7-7.825820327012805E-10i;-2.198343325953342E-7-1.046119825158851E-9i;4.58556014562036E-8+2.0746044967893658E-10i;2.9470768887091716E-7+2.0100788702766293E-9i;1.7682114575884879E-7+7.105893793123497E-10i;1.6877741954996985E-7-3.4365114401055074E-15i;8.750511469844342E-8+4.846267982021971E-15i;-5.7644264308868845E-8-1.4242518305928765E-14i;4.826154055778575E-8+5.504087003863454E-14i;-1.5577659439702704E-7-3.712891797025574E-14i;-1.4008093612375009E-7-1.7133092747572382E-13i;2.0659337868007397E-8+1.7769169903132315E-14i;-7.975681825620334E-9+2.235428993856872E-14i;-1.1489046203532723E-7+2.0290694065520643E-14i;-6.424699743911902E-9+3.7106964710851255E-14i;2.321052294057188E-8-2.2118070819494563E-13i;-1.8499924473100337E-7-3.4679864983341744E-13i;-1.801553165588273E-7-1.169496404104714E-11i;1.725757805150592E-7-2.714759603446205E-12i;9.531052997896103E-8-6.052739462078481E-13i;-1.299666715172885E-7+2.445625334431041E-11i;5.257587231823951E-8-1.123711786140927E-11i;-2.2514854294194003E-7-1.917590210763118E-11i;5.3087362142231755E-8-2.1425302690460657E-12i
6.083875722925398E-8+3.39051580694718E-11i;2.2696729433795535E-7-7.197355701505771E-10i;-2.3376316333050112E-7-1.031079420122075E-9i;2.2195299831808318E-8+2.3046647129900066E-10i;2.9549959572110353E-7+2.062758203944212E-9i;1.9199145937474684E-7+8.495671661607262E-10i;1.6626537182599808E-7-6.926550291484569E-15i;1.220306685341446E-7+1.1964274854794576E-14i;-7.958325920839486E-8-1.9109533429879248E-14i;3.814063543930685E-8+4.962207785144765E-14i;-1.0883181303720099E-7-3.230497870864608E-14i;-1.0026472265857797E-7-1.2220400251102361E-13i;2.7251543527387136E-8+9.89975552245174E-15i;9.596412384773214E-9+2.325263437470503E-14i;-9.306210967047678E-8+2.6850897317884947E-14i;-1.4343051775780959E-8+4.089850068846299E-14i;1.0298902773571307E-8-2.302173367536685E-13i;-2.1494283540295324E-7-4.613602272946787E-13i;-1.7261931571370027E-7-1.2157807919442195E-11i;1.9651336260522756E-7-2.8134782402893177E-12i;1.2164937604257558E-7-8.196802922622868E-13i;-1.4861312799052368E-7+2.656913453473419E-11i;4.192167796192799E-8-1.2076247504431159E-11i;-2.1429679525474704E-7-1.8465005226677513E-11i;6.088919378455238E-8-1.970444062377576E-12i
8.305337035522578E-8+8.48051352074002E-11i;2.1502936403967726E-7-6.568891075215134E-10i;-2.476919940571712E-7-1.0160390149297298E-9i;-1.465001804450492E-9+2.5347249292516447E-10i;2.9629150265477633E-7+2.1154375380473476E-9i;2.07161772981447E-7+9.885449528457332E-10i;1.629675858670763E-7-1.0676336988931922E-14i;1.561282831752592E-7+1.9545090576880033E-14i;-1.0050128251186054E-7-2.3048648215838396E-14i;2.4994677185198585E-8+3.8698192343700416E-14i;-4.9195916366628535E-8-2.442084595266398E-14i;-5.00511845042122E-8-6.104235081664051E-14i;3.231072284172298E-8-3.278788008047261E-15i;3.1846398045241764E-8+1.7604273828879815E-14i;-6.620698991498473E-8+2.2291549776960753E-14i;-2.6910346406482494E-8+2.6559560235166762E-14i;-5.3729814325983966E-9-2.112183739572207E-13i;-2.0839783981332946E-7-5.15666610107631E-13i;-1.6474497994018094E-7-1.1514768622553663E-11i;1.832565089835182E-7-2.680279954464803E-12i;1.3853040527023294E-7-9.769270371931952E-13i;-1.4005959961561979E-7+2.415042399274696E-11i;2.7972579273331566E-8-1.0870058130275386E-11i;-2.0521503575125406E-7-1.7638624909871684E-11i;5.8058483722359056E-8-1.8498943892497827E-12i
1.0526798345877354E-7+1.3570511236391331E-10i;2.0309143367815256E-7-5.940426448471186E-10i;-2.616208247829539E-7-1.0009986096326807E-9i;-2.5125303452763597E-8+2.76478514550949E-10i;2.970834096558019E-7+2.168116872494609E-9i;2.2233208657629025E-7+1.127522739372716E-9i;1.5892903825357783E-7-1.4687861408001916E-14i;1.8974331210564584E-7+2.660296203181732E-14i;-1.2024923344357668E-7-2.608115537438887E-14i;9.090676224477341E-9+2.7127734184200632E-14i;2.0875715715452126E-8-1.9817332328555305E-14i;8.399533246308571E-9+1.6914848779465277E-14i;3.559523430092041E-8-1.5125833574567718E-14i;5.791743354476391E-8+1.4190363514438854E-14i;-3.598331500190066E-8+1.6806246777557696E-14i;-4.454147219835868E-8-1.1761913889962385E-14i;-2.2709575001675785E-8-1.6152762921634758E-13i;-1.6434468357685926E-7-4.073208494273343E-13i;-1.5802288907763296E-7-9.786729180016355E-12i;1.3192707686785278E-7-2.3250594866745253E-12i;1.4605300511910414E-7-1.0663059925610543E-12i;-1.0425078806454487E-7+1.7238705179096996E-11i;1.1142963497914991E-8-7.610796166267206E-12i;-2.0102146054191785E-7-1.676525252338084E-11i;4.4962215063398274E-8-1.7501608362124263E-12i
1.2748259654162619E-7+1.866050895390507E-10i;1.9115350326924527E-7-5.311961821592751E-10i;-2.755496555148674E-7-9.859582042850123E-10i;-4.878560511377543E-8+2.9948453616994634E-10i;2.9787531670863874E-7+2.220796207198341E-9i;2.3750240015724288E-7+1.2665005257535914E-9i;1.5420520772789168E-7-1.763366667786803E-14i;2.2287544075772613E-7+3.405437210955424E-14i;-1.3879052865501987E-7-2.286685549889839E-14i;-9.294617885663541E-9+1.3012344042779227E-14i;9.894588047858105E-8-8.789862077261945E-15i;7.281326908025833E-8+1.0022158200391385E-13i;3.69806185862923E-8-1.9368295472607652E-14i;8.700306928392239E-8+1.5518114354357216E-14i;-4.079276448769496E-9+1.6219315429263858E-14i;-6.725446131271393E-8-8.176469321200799E-14i;-4.072458236703493E-8-6.080561161371865E-14i;-8.657363097526033E-8-1.5110019996674735E-13i;-1.539695675128034E-7-7.1059494139310565E-12i;4.650906758357613E-8-1.768431311837342E-12i;1.4584238536373377E-7-9.992090799960922E-13i;-4.480280024216808E-8+6.534642827098596E-12i;-7.960178552011245E-9-2.545767247885117E-12i;-2.042073197553541E-7-1.6313907704772125E-11i;2.340107272644565E-8-1.6874341876009566E-12i
1.4969720960510523E-7+2.3750506673104953E-10i;1.7921557282937005E-7-4.683497194981478E-10i;-2.894784862594093E-7-9.7091779893409E-10i;-7.244590678848391E-8+3.2249055777457634E-10i;2.9866722379749634E-7+2.27347554206502E-9i;2.5267271372276797E-7+1.405478312002012E-9i;1.4886376664902878E-7-2.0149374540144185E-14i;2.5558672128543247E-7+4.1579533198216865E-14i;-1.5622441829499293E-7-1.4345745678516792E-14i;-2.989229245140384E-8-2.885861357060808E-15i;1.8257436664072297E-7+9.203933974097365E-15i;1.4099362665638324E-7+1.8845858247796257E-13i;3.6487754946925445E-8-1.770404159116019E-14i;1.1845063983896653E-7+2.5666067072563573E-14i;2.79438280352597E-8+8.663897629897828E-15i;-9.472492049442974E-8-1.748383743566081E-13i;-5.866113387680714E-8+2.790455338635251E-14i;1.732661174494575E-8+1.5762643291434297E-13i;-1.5405488306545835E-7-3.802994039723749E-12i;-6.523641616540022E-8-1.0196255001368027E-12i;1.406971347742225E-7-8.549115437212159E-13i;3.193545902710756E-8-6.984158393435157E-12i;-2.8584955819632447E-8+3.850462548936434E-12i;-2.1645749014982575E-7-1.6498694399836306E-11i;-3.789539802309684E-9-1.6981660911050684E-12i
1.719118226497564E-7+2.884050439332325E-10i;1.6727764237511529E-7-4.055032569140513E-10i;-3.03407317022438E-7-9.558773936196344E-10i;-9.610620847850387E-8+3.454965793573049E-10i;2.994591309066275E-7+2.326154876996742E-9i;2.678430272716473E-7+1.5444560981292916E-9i;1.4298694779746005E-7-2.2982556993725035E-14i;2.8801404686381014E-7+4.8503111034120856E-14i;-1.7281627368964222E-7-7.774225282748588E-15i;-5.247169216566367E-8-2.0497913757477464E-14i;2.695747709308848E-7+2.162726426057743E-14i;2.1111137604364796E-7+2.856528710854901E-13i;3.428452463949453E-8-1.0612026571974894E-14i;1.519569936573721E-7+3.285087181645925E-14i;5.8902242824725E-8+1.0687205690949521E-14i;-1.26561409427115E-7-2.898796762760218E-13i;-7.621912872206647E-8+1.1591990144942982E-13i;1.3778049978772337E-7+5.958040535344532E-13i;-1.5970611299396762E-7-2.200965155000095E-13i;-1.938237537247743E-7-1.9344163266346776E-13i;1.343062229310897E-7-7.103093521681335E-13i;1.1869209331631282E-7-2.2186587010849137E-11i;-5.0092451737438515E-8+1.1031639865388574E-11i;-2.38980512569683E-7-1.7287960212056944E-11i;-3.362926108658757E-8-1.7771094983390567E-12i
1.941264356774884E-7+3.3930502113351825E-10i;1.5533971192090695E-7-3.426567944483387E-10i;-3.173361478054561E-7-9.408369883536627E-10i;-1.1976651018379272E-7+3.6850260091615234E-10i;3.002510380216974E-7+2.37883421189619E-9i;2.830133408053101E-7+1.6834338841491842E-9i;1.3666987810277053E-7-2.556277396961044E-14i;3.203779713073969E-7+5.52833004172505E-14i;-1.890196179194702E-7+8.806512897164341E-16i;-7.688938409433148E-8-4.151399378302067E-14i;3.5826630370961146E-7+3.0657654481476165E-14i;2.819773496253541E-7+3.831603823709478E-13i;3.066044477710177E-8-8.665579180936977E-15i;1.8779794199401248E-7+4.3789015414525324E-14i;8.818602856137195E-8+8.288036649639379E-15i;-1.6274066760849608E-7-4.1651174966076786E-13i;-9.374281374215804E-8+2.044318552241853E-13i;2.656353222003355E-7+1.0242454944143486E-12i;-1.7258352694954064E-7+3.3564892927876894E-12i;-3.3077311581772816E-7+6.092941285870808E-13i;1.310396163915354E-7-5.478961045830415E-13i;2.0956300160876069E-7-3.8070468271142705E-11i;-7.24331958837492E-8+1.8520871680327784E-11i;-2.7368269881530314E-7-1.9023731306905502E-11i;-6.39595883626812E-8-1.9516088714874762E-12i
-2.3443534867225682E-7-6.279537300829951E-10i;3.854640848517265E-7-1.5870207407875524E-9i;-6.740060262894577E-8-1.2911953926153646E-9i;3.386776891606562E-7-6.257774532177282E-11i;2.9104054010942167E-7+1.4290616082020145E-9i;7.570227365643039E-9-8.95775521135728E-10i;1.8831956573697758E-7+4.432583274064736E-14i;-3.364390810459205E-7-8.507437363079591E-14i;2.3718874817881753E-7+9.325341018937099E-15i;-7.602224793914275E-9-4.3004598129245644E-14i;3.5756792640356725E-7+4.989301240671081E-14i;3.037816252964528E-7+4.406492766636225E-13i;-1.12810304225845E-7-6.08539112191883E-14i;1.653669143363316E-7-1.6775025365771555E-15i;1.521249010760764E-7+6.968453530971647E-14i;5.1204294721641334E-8+2.1145313947035438E-13i;-1.7067454736815118E-7+8.855214912726045E-14i;-2.8590045843841537E-7-4.96435405309754E-13i;-7.911385709775647E-8-1.2582006270060645E-11i;3.2886105749700025E-7-2.7696374680130054E-12i;-4.5636466638480765E-8-5.616308835751131E-14i;-2.5537086740165663E-7+4.206286839945348E-11i;3.407454596461372E-8-1.9811856384381873E-11i;-2.0809769385248311E-7-2.0588408263236225E-11i;1.4474178078602194E-7-2.0116207892322522E-12i
-2.122207353807601E-7-5.770537534894804E-10i;3.735261550833125E-7-1.5241742774715613E-9i;-8.132943325869994E-8-1.2761549881740791E-9i;3.150173876311634E-7-3.957172309546828E-11i;2.918324465553992E-7+1.4817409406857819E-9i;2.274054118394462E-8-7.567977324048327E-10i;1.9428928390225443E-7+3.973574704771796E-14i;-3.027201728046907E-7-7.86964345165511E-14i;2.1705399732018575E-7+1.0825882027211622E-14i;1.6501149950837425E-8-2.2956453634466528E-14i;2.68336849658523E-7+3.7371997479738454E-14i;2.2965297799863387E-7+3.3278466692557974E-13i;-1.1002603974064808E-7-5.684735925150152E-14i;1.2386975528539525E-7-3.915759119671711E-15i;1.1544515780376551E-7+2.42465630297337E-14i;2.2748570331313482E-8+1.0343237508182351E-13i;-1.3367591621760742E-7+1.20501765222603E-13i;-1.5522155593979418E-7-2.14925293534254E-13i;-7.136791641341003E-8-8.139532707372309E-12i;1.8650529949381003E-7-1.8163166595829021E-12i;-5.462531444481247E-8+1.3874191012849968E-13i;-1.4542307001796113E-7+2.495793836581466E-11i;3.255721405232935E-8-1.196162344721918E-11i;-1.7438060506252781E-7-1.6098923639506686E-11i;8.297310593334589E-8-1.6595878059058997E-12i
-1.9000612209095896E-7-5.261537768609903E-10i;3.6158822530964646E-7-1.461327814229281E-9i;-9.525826390123597E-8-1.2611145837567739E-9i;2.913570861006781E-7-1.6565700915176332E-11i;2.92624353004616E-7+1.5344202731291055E-9i;3.791085499022685E-8-6.178199437589668E-10i;1.9989544556834818E-7+3.628403904188775E-14i;-2.6886380344090327E-7-7.184928580211422E-14i;1.9636472032112945E-7+9.012988353964467E-15i;3.909099411671001E-8+5.484151856106668E-16i;1.8077249339936885E-7+3.403394759778456E-14i;1.5630014686891347E-7+2.3764317516141316E-13i;-1.0568300487733106E-7-4.710916662607992E-14i;8.419124297791127E-8-1.0363718619790791E-14i;7.726715145098488E-8+6.1999712934638506E-15i;-1.3698521420995819E-9+2.238239826225486E-14i;-9.592926149127364E-8+1.3547500779388176E-13i;-3.213855689730992E-8+1.2084218099858272E-13i;-7.017562779319318E-8-4.1552043435778885E-12i;5.2910816207164497E-8-9.338470863546007E-13i;-6.656762138378829E-8+3.522692414393968E-13i;-4.035749282331682E-8+8.443269427326347E-12i;2.904194395466348E-8-4.268199472215403E-12i;-1.5284655753521712E-7-1.2482922405610731E-11i;2.2300163220829083E-8-1.38189984765845E-12i
-1.6779150880475021E-7-4.752538001811237E-10i;3.4965029553693945E-7-1.39848135114205E-9i;-1.0918709456620041E-7-1.246074179397037E-9i;2.676967845662358E-7+6.44032118527243E-12i;2.9341625944946313E-7+1.5870996054404024E-9i;5.308116877690195E-8-4.788421552392251E-10i;2.0502598350271976E-7+3.2466052185902844E-14i;-2.3463447609926283E-7-6.416514682177809E-14i;1.7455232660203312E-7+1.523409565995894E-14i;5.989967373884916E-8+1.7496957354391404E-14i;9.656330927892453E-8+2.431286600534134E-14i;8.493583861103323E-8+1.3720523526138446E-13i;-9.91094924732946E-8-3.7621540304039617E-14i;4.6301066179036375E-8-6.45394458139375E-15i;3.809835867409601E-8-2.0075652404912027E-14i;-2.0229793128702696E-8-7.09955622016766E-14i;-5.702224513246607E-8+1.3377899300472378E-13i;7.42953142691973E-8+3.1175434943607724E-13i;-7.445720306970618E-8-8.897724973375249E-13i;-6.288702763293528E-8-2.0794168675153913E-13i;-7.80606526943293E-8+5.569858052552403E-13i;5.2724069212378584E-8-6.417625069838798E-12i;2.2951681896542354E-8+2.652033798505057E-12i;-1.4236555973908657E-7-9.96672109302034E-12i;-3.323121310709198E-8-1.1981410239312693E-12i
-1.455768955229462E-7-4.24353823449407E-10i;3.3771236577297503E-7-1.3356348882616447E-9i;-1.2311592525898058E-7-1.2310337751188073E-9i;2.440364830249694E-7+2.9446343192338344E-11i;2.942081658801671E-7+1.6397789375323413E-9i;6.825148253998816E-8-3.3986436686033365E-10i;2.0958706039260153E-7+3.041244692099099E-14i;-1.9988943031573505E-7-5.6210457612996314E-14i;1.5129222439556195E-7+1.9226065851518207E-14i;7.860806586511467E-8+3.228443618667159E-14i;1.7915928892921308E-8+1.9150523960571106E-14i;1.746970885266894E-8+3.493580646334488E-14i;-8.99382182137903E-8-2.4895824488041772E-14i;1.0800695394053935E-8+5.297361911390219E-15i;-7.521527313591007E-10-2.4606385522695657E-14i;-3.297918049147075E-8-1.4028781897877532E-13i;-1.7871769947058918E-8+1.648847353214748E-13i;1.5449251850827954E-7+5.357641373790914E-13i;-8.289189504611015E-8+1.3830186559102153E-12i;-1.5085417058738952E-7+3.3796763479053216E-13i;-8.582975881203078E-8+7.591243981413682E-13i;1.2496061621170542E-7-1.8224139601721658E-11i;1.4414518130637824E-8+8.253908871558899E-12i;-1.4187963552263108E-7-8.577621061403429E-12i;-7.766924512061865E-8-1.0973077995064406E-12i
-1.2336228224597602E-7-3.734538466706748E-10i;3.257744360239306E-7-1.2727884256244318E-9i;-1.370447559824375E-7-1.2159933709309214E-9i;2.203761814744817E-7+5.245236510025058E-11i;2.9500007228857203E-7+1.6924582693384573E-9i;8.34217962772894E-8-2.0088657863001174E-10i;2.1350095068468927E-7+2.6734554184844036E-14i;-1.6457049540039522E-7-4.818841075874886E-14i;1.2647601736498677E-7+2.0721555406834647E-14i;9.487475471463159E-8+4.5999616985611334E-14i;-5.270926888107458E-8+5.7772818062651494E-15i;-4.3799326531920695E-8-5.4070254795079573E-14i;-7.808976603345607E-8-9.653759257577555E-15i;-2.132118904540426E-8+1.5944388094379532E-14i;-3.747965237194542E-8-3.484494486087477E-14i;-3.9138456587160787E-8-1.7346121367807255E-13i;1.9738735547341266E-8+1.3515048926626175E-13i;2.0081852297612194E-7+6.457212123005496E-13i;-9.3879316205152E-8+2.5515692880776812E-12i;-2.028359948313003E-7+5.698266614330113E-13i;-8.716654932031981E-8+8.509142581996147E-13i;1.6864698111537663E-7-2.577562511256648E-11i;4.208583490697504E-9+1.1814681750464984E-11i;-1.4947541986058017E-7-8.40193626883258E-12i;-1.0542559580984552E-7-1.1688891288751198E-12i
-1.0114766897470343E-7-3.2255386985112477E-10i;3.138365062904937E-7-1.2099419632450876E-9i;-1.509735867368654E-7-1.2009529668279798E-9i;1.9671587991300698E-7+7.545838691011928E-11i;2.957919786725936E-7+1.7451376008395764E-9i;9.85921099878611E-8-6.190879055595009E-11i;2.1670507265480425E-7+2.263055851710783E-14i;-1.2868837199522937E-7-4.0984477787578465E-14i;1.0016577041174512E-7+1.7462365832770123E-14i;1.0836744596523606E-7+6.126238713494047E-14i;-1.1283577634435648E-7-5.322088131321592E-15i;-9.646368781044957E-8-1.2459120869540597E-13i;-6.372419579541252E-8+2.6225454103351294E-15i;-4.891251332909543E-8+1.6751729266564937E-14i;-7.007288703666306E-8-3.650441902640407E-14i;-3.876336749992236E-8-1.6219903340362546E-13i;5.36119869080749E-8+1.1584419304977123E-13i;2.0942212343291362E-7+6.339761062993226E-13i;-1.056304706773631E-7+2.468506693049893E-12i;-2.1463830029471836E-7+5.48614878643918E-13i;-8.036417250841824E-8+7.920883947862149E-13i;1.7933659769809576E-7-2.828724005127884E-11i;-6.449115420365023E-9+1.3022149766161446E-11i;-1.6219690877722988E-7-9.275483822951876E-12i;-1.1290151668381825E-7-1.3147235521353988E-12i
-7.893305571158273E-8-2.7165389299645386E-10i;3.018985765626263E-7-1.1470955010952458E-9i;-1.6490241751813718E-7-1.1859125627829684E-9i;1.7305557833934135E-7+9.846440863403872E-11i;2.9658388504223146E-7+1.7978169321036988E-9i;1.1376242367271641E-7+7.706899735613144E-11i;2.1915043983709778E-7+1.878294937027438E-14i;-9.231011362534311E-8-3.2681587395362884E-14i;7.255677191207041E-8+1.1322235280826396E-14i;1.1878247970846205E-7+7.330211041646769E-14i;-1.6018315636895088E-7-1.5990583397842584E-14i;-1.3824532566484761E-7-1.840001001480101E-13i;-4.718868902294384E-8+1.8556933754617298E-14i;-7.080343110342087E-8+1.8202870606795126E-14i;-9.654720836387687E-8-3.560299403460825E-14i;-3.247502898146175E-8-1.3991190285602942E-13i;8.142425496580727E-8+7.020344500285767E-14i;1.8129085524842106E-7+5.446821328635865E-13i;-1.163404926341136E-7+1.2804675262017332E-12i;-1.871976260527728E-7+2.81665863053673E-13i;-6.509161175278414E-8+6.323676512552393E-13i;1.5702920932944445E-7-2.560543083757092E-11i;-1.6053687869885074E-8+1.1831152207406426E-11i;-1.7638182626832297E-7-1.0927661211227607E-11i;-9.936544250720267E-8-1.5088463197554246E-12i
-5.6718442460488384E-8-2.2075391610672274E-10i;2.8996064682047783E-7-1.0842490391251158E-9i;-1.7883124831781038E-7-1.170872158736844E-9i;1.493952767529953E-7+1.2147043028305986E-10i;2.97375791418855E-7+1.8504962632657604E-9i;1.2893273733499553E-7+2.160467850986967E-10i;2.208001217583057E-7+1.440773419345696E-14i;-5.554804276381617E-8-2.5379782087161225E-14i;4.395403004670639E-8-3.112665896190077E-15i;1.2587316462478454E-7+8.530017722041253E-14i;-1.928737556511077E-7-2.8475028133115905E-14i;-1.6725381474258824E-7-2.2199540041807715E-13i;-2.900273795219647E-8+2.9889196377249137E-14i;-8.602012148966079E-8+1.4891238126917873E-14i;-1.1524308329874315E-7-3.279889623771912E-14i;-2.150306386312631E-8-8.960720244897969E-14i;1.0125295630278729E-7+8.954173229059052E-16i;1.224494944857269E-7+4.223176907486845E-13i;-1.2444418910356867E-7-8.284813377573057E-13i;-1.2692255467150983E-7-2.1212975130672492E-13i;-4.2427426196894897E-8+3.403251775191493E-13i;1.0678925099853313E-7-1.844944946828094E-11i;-2.3342146959938192E-8+8.554915299068781E-12i;-1.8835427059099685E-7-1.2848153781121669E-11i;-6.780656433266708E-8-1.6913386540968729E-12i
-3.4503829225459085E-8-1.6985393918015804E-10i;2.7802271704276437E-7-1.0214025772802286E-9i;-1.9276007912701887E-7-1.1558317546269484E-9i;1.2573497515386287E-7+1.4447645186897394E-10i;2.981676978259174E-7+1.903175594467884E-9i;1.4410305097815185E-7+3.5502457266192586E-10i;2.2163078495923262E-7+1.0338979688414228E-14i;-1.854253834187387E-8-1.820021554094957E-14i;1.4723833120968238E-8-1.2950663122056865E-14i;1.2946382196462914E-7+9.173522681292939E-14i;-2.0956712674125322E-7-3.360829258701296E-14i;-1.8211189581343647E-7-2.516333135414745E-13i;-9.77573223992171E-9+2.637017263403662E-14i;-9.381229566465384E-8+5.105787149085093E-15i;-1.2490607024332576E-7-2.3961938501917996E-14i;-7.503455092881426E-9-2.3195278698940042E-14i;1.1153377897301719E-7-8.677788735501243E-14i;4.320977587097177E-8+2.0326844327132792E-13i;-1.2874399912157604E-7-3.4081173254665774E-12i;-4.479646501973643E-8-7.948320044409225E-13i;-1.474485391569017E-8+8.911587906955545E-14i;3.775771513871787E-8-8.051919438583197E-12i;-2.713852778821564E-8+3.7899706080119904E-12i;-1.951098572283393E-7-1.469278119779628E-11i;-2.390148998559125E-8-1.7874745264239664E-12i
-1.228921601062939E-8-1.18953962219687E-10i;2.660847872064481E-7-9.585561154709873E-10i;-2.0668890993581938E-7-1.140791350398534E-9i;1.0207467354207453E-7+1.674824734175906E-10i;2.9895960428877425E-7+1.9558549258911365E-9i;1.5927336460629146E-7+4.940023600495129E-10i;2.2163013861091264E-7+5.914842066171659E-15i;1.8545767133162137E-8-1.1741550816403404E-14i;-1.4719019656780302E-8-1.9401784573781228E-14i;1.2946397886396445E-7+9.51119666176103E-14i;-2.095679736997526E-7-4.134595520539641E-14i;-1.821117574448902E-7-2.560561655395415E-13i;9.803504156381195E-9+2.4647158557973856E-14i;-9.381036198063671E-8+2.002900206376972E-15i;-1.2490602372233201E-7-1.8041510174875794E-14i;7.53994369469976E-9+3.755970422315042E-14i;1.115328840833658E-7-1.79587825165635E-13i;-4.317507654471229E-8-5.560202766749056E-14i;-1.2863324496338475E-7-6.062270681564471E-12i;4.4979508138955284E-8-1.3938168426280737E-12i;1.471094352001674E-8-1.9781671532101444E-13i;-3.7854606697952333E-8+3.6256161718017763E-12i;-2.695681933425441E-8-1.6310038277475042E-12i;-1.9499859152315937E-7-1.6078286342843568E-11i;2.4319169163870798E-8-1.8162610702315184E-12i
9.925397179601591E-9-6.805398522716057E-11i;2.541468572883389E-7-8.957096536150435E-10i;-2.2061774073439202E-7-1.1257509459945545E-9i;7.841437191769017E-8+1.904884949521894E-10i;2.9975151083340053E-7+2.008534257716679E-9i;1.7444367822362736E-7+6.329801472623286E-10i;2.2079826433505028E-7+1.948720014480999E-15i;5.555166937092777E-8-4.7689971787282944E-15i;-4.395015432342081E-8-2.5567915757698528E-14i;1.2587405642273357E-7+1.0185114949928368E-13i;-1.9287481391271423E-7-4.491472276463596E-14i;-1.6725206149602319E-7-2.2296139940269271E-13i;2.9029286687589517E-8+2.4048361510709643E-14i;-8.601534558574177E-8-1.7258731364291758E-15i;-1.1524195073388291E-7+7.8718139015631905E-16i;2.15390353512807E-8+8.781066730248006E-14i;1.0125268855541286E-7-3.1901343668588877E-13i;-1.2244075901001577E-7-3.323679315646994E-13i;-1.2412874903645762E-7-8.267120541049123E-12i;1.271253176235051E-7-1.922640459704788E-12i;4.240395592369574E-8-4.997786595140558E-13i;-1.0689213740178339E-7+1.458770119059904E-11i;-2.2834705003437012E-8-6.674125122866518E-12i;-1.8803774966603976E-7-1.6659983493056915E-11i;6.822802886951714E-8-1.8007578101959434E-12i
3.214001034250312E-8-1.715400820503734E-11i;2.422089272752882E-7-8.328631916648649E-10i;-2.3454657151785855E-7-1.1107105413829135E-9i;5.4754070280764864E-8+2.1349451648643137E-10i;3.0054341747532463E-7+2.061213590050881E-9i;1.8961399183238715E-7+7.719579342953322E-10i;2.1914755103950907E-7-1.4650870646071848E-15i;9.231416612087232E-8+3.1775309450400947E-15i;-7.255392247948665E-8-2.885025718099386E-14i;1.1878499955419506E-7+1.0225122985361118E-13i;-1.6018249572233773E-7-4.2864321342491887E-14i;-1.3824004918856525E-7-1.8270262101194353E-13i;4.721206167247393E-8+2.2246704805212872E-14i;-7.07976040822104E-8+3.5525902631101993E-15i;-9.654286008924039E-8+1.0165127760742333E-14i;3.2508090376765335E-8+1.3314653300214609E-13i;8.14268256493108E-8-3.636949062641063E-13i;-1.8130746712876515E-7-5.179071767770654E-13i;-1.1586916736326895E-7-9.72310625978765E-12i;1.8741215117030424E-7-2.2562926448810043E-12i;6.507901261637911E-8-7.137274642015299E-13i;-1.5711887905738836E-7+2.2981470679472182E-11i;-1.5317923975471485E-8-1.0511201723333179E-11i;-1.7590824930592346E-7-1.6589451500915367E-11i;9.97774411874064E-8-1.6596909123715956E-12i
5.4354623477885495E-8+3.37459688441046E-11i;2.3027099716607338E-7-7.700167295979628E-10i;-2.484754022863137E-7-1.0956701365685953E-9i;3.1093768631661995E-8+2.3650053802931776E-10i;3.01335324216976E-7+2.1138929229223367E-9i;2.047843054329562E-7+9.109357211517127E-10i;2.1670125227547845E-7-4.8312787781683E-15i;1.2869251448878858E-7+1.1055501878132558E-14i;-1.0016306467506056E-7-3.287725336691756E-14i;1.0837173081709953E-7+9.691764564718321E-14i;-1.128350899661752E-7-3.5338000595726486E-14i;-9.645620885662548E-8-1.3218940641354185E-13i;6.374101731226227E-8+1.7867467212819995E-14i;-4.890495341209618E-8+9.834560418851502E-15i;-7.006580652520898E-8+1.675034250256126E-14i;3.8787619934368116E-8+1.513438535074646E-13i;5.36121581441474E-8-3.516096605780107E-13i;-2.0944593492586335E-7-6.034557868470489E-13i;-1.0508913283797848E-7-1.0129801837302765E-11i;2.1483843209439516E-7-2.3596686291462495E-12i;8.035978539641825E-8-7.805020806048059E-13i;-1.7937934553120045E-7+2.729030579044625E-11i;-5.610377328095984E-9-1.2456060938980564E-11i;-1.6166228705405867E-7-1.5836514383238773E-11i;1.1327826701552869E-7-1.5115693375632113E-12i
7.656923658683772E-8+8.464594591788141E-11i;2.1833306696692247E-7-7.071702674150438E-10i;-2.624042330433481E-7-1.0806297315772106E-9i;7.4334669706255445E-9+2.59506559583868E-10i;3.0212723105275955E-7+2.166572256303902E-9i;2.1995461902435872E-7+1.049913507834356E-9i;2.134960858727427E-7-8.835239756431635E-15i;1.6457499191154067E-7+1.8903952744704733E-14i;-1.2647391842951727E-7-3.976232863650075E-14i;9.488014865052848E-8+8.613956148983618E-14i;-5.27070867279343E-8-2.738183364581884E-14i;-4.3788520168137835E-8-7.017683759623919E-14i;7.809771509575849E-8+1.0064147369404632E-14i;-2.1311388967490194E-8+6.800303166800435E-15i;-3.746981060873675E-8+1.6682878673915996E-14i;3.9146676786849796E-8+1.5382359854961902E-13i;1.9737901099469434E-8-2.7320653065183373E-13i;-2.008421584019476E-7-6.058453147836372E-13i;-9.336738649758355E-8-9.399048251634104E-12i;2.0301029272307904E-7-2.2035093570027416E-12i;8.717758913615034E-8-8.07926756422272E-13i;-1.686343797595003E-7+2.654571879150072E-11i;4.9811137607192374E-9-1.2136073329871677E-11i;-1.4897669204447933E-7-1.461289456845822E-11i;1.0577493452394955E-7-1.3866910258425226E-12i
9.878384967195214E-8+1.3554592301374386E-10i;2.0639513669326863E-7-6.443238051501682E-10i;-2.763330637962958E-7-1.065589326456162E-9i;-1.6226834702251055E-8+2.8251258114514197E-10i;3.0291913796735796E-7+2.2192515901101933E-9i;2.351249326044273E-7+1.1888912943499838E-9i;2.0958098381063533E-7-1.1878882276826397E-14i;1.9989368872867763E-7+2.6477759433380505E-14i;-1.512891913225698E-7-4.427895915234374E-14i;7.861386881695785E-8+7.542649420386795E-14i;1.7918589084966263E-8-1.58365936410596E-14i;1.7481924253015666E-8+4.20051760997322E-15i;8.993392487484205E-8+2.1427717184762793E-15i;1.0812584276428212E-8+1.81684735665972E-15i;-7.424006889086566E-10+1.9939126436907275E-14i;3.2968131185090344E-8+1.3969299430784822E-13i;-1.7875761686036228E-8-1.593898427835978E-13i;-1.5450620256499322E-7-4.449016741587583E-13i;-8.251428533235649E-8-7.511348829885113E-12i;1.5099250730892088E-7-1.7837753041866507E-12i;8.585054005425871E-8-7.079818663643428E-13i;-1.248802725568789E-7+2.0637523989052615E-11i;1.4971499362802498E-8-9.387331294870821E-12i;-1.415152968835161E-7-1.3144382761461613E-11i;7.798259106560939E-8-1.2530805718619937E-12i
1.2099846273582204E-7+1.8644590012924653E-10i;1.9445720636327338E-7-5.814773428437196E-10i;-2.9026189455303495E-7-1.050548921259114E-9i;-3.988713638725946E-8+3.0551860270669245E-10i;3.0371104494312967E-7+2.2719309242351747E-9i;2.5029524617131816E-7+1.3278690807096622E-9i;2.0501862205117783E-7-1.509040659740472E-14i;2.3463881142547112E-7+3.388523217035554E-14i;-1.7454954333133723E-7-4.41284964874539E-14i;5.990566831115477E-8+6.398079153073564E-14i;9.656500279955905E-8-1.8423319228595464E-15i;8.494695596099915E-8+9.260234969194074E-14i;9.909455925258743E-8-5.148679166827901E-16i;4.631313387477833E-8-1.272763071698924E-17i;3.81039972194941E-8+1.9117153450591476E-14i;2.0203867784123182E-8+8.449634936306813E-14i;-5.702407573662027E-8-2.876022208574E-14i;-7.430465628426918E-8-1.7395044647086851E-13i;-7.43099318592776E-8-4.6166956527137985E-12i;6.300487353848522E-8-1.1867974729628443E-12i;7.808788974527282E-8-5.200987748376183E-13i;-5.260422217727392E-8+1.0188844806787698E-11i;2.3148780666551836E-8-4.531363620805359E-12i;-1.422202412647605E-7-1.1819011409777414E-11i;3.355911298716898E-8-1.1998772479650636E-12i
1.4321307578063208E-7+2.373458772631713E-10i;1.8251927599514384E-7-5.186308805351185E-10i;-3.041907253205153E-7-1.0355085160399914E-9i;-6.354743808496856E-8+3.285246242614273E-10i;3.045029519626238E-7+2.324610258576345E-9i;2.654655597238704E-7+1.4668468669321894E-9i;1.9988725715624812E-7-1.7332159873160393E-14i;2.6886733834476023E-7+4.1497671880997886E-14i;-1.963607579086114E-7-3.8192431928508045E-14i;3.9100086663316524E-8+4.514736789280355E-14i;1.8077131669963876E-7+1.2255877606026402E-14i;1.5630717241096446E-7+1.8075033856440621E-13i;1.056577552659571E-7+3.1094092172847075E-15i;8.419546098120818E-8+1.2774008385923742E-14i;7.726672663786813E-8+1.2584129128310605E-14i;1.338159858357671E-9+1.7012212521737066E-14i;-9.592164694306994E-8+1.4275927950466434E-13i;3.2128524538394195E-8+2.546681022346118E-13i;-7.032060258648344E-8-1.0662261754194557E-12i;-5.279394256515548E-8-4.107817590766801E-13i;6.658721229697415E-8-2.1086795133996725E-13i;4.048979079374106E-8-3.695206043766944E-12i;2.8779158883729177E-8+1.965749172667232E-12i;-1.52962052056214E-7-1.0967966458332319E-11i;-2.19198159482937E-8-1.1712488286525998E-12i
1.654276888080823E-7+2.8824585440821333E-10i;1.7058134560703584E-7-4.557844182755245E-10i;-3.1811955610420133E-7-1.0204681108381608E-9i;-8.72077397962144E-8+3.515306458026313E-10i;3.052948590083394E-7+2.377289593023952E-9i;2.8063587326162345E-7+1.605824653034365E-9i;1.942801133656004E-7-2.0282485568342264E-14i;3.027234073794089E-7+4.8475590029458424E-14i;-2.170498719633585E-7-2.8080867139155313E-14i;1.6511750009962757E-8+3.0229145348759247E-14i;2.6833434359766226E-7+2.5314965403317214E-14i;2.2965798960795982E-7+2.886956385121251E-13i;1.0999025369684139E-7+1.3700774381221006E-14i;1.2387115025738054E-7+2.4412947039001154E-14i;1.1544029594107056E-7+1.874491862463281E-14i;-2.278994411487405E-8-8.756152703002221E-14i;-1.3366702508087745E-7+2.7428557618362604E-13i;1.5521296382256005E-7+7.042939190254268E-13i;-7.185618283782385E-8+2.849176828805413E-12i;-1.8638736576950576E-7+4.908705162631522E-13i;5.4642602779540615E-8+7.075013678210924E-14i;1.4556736918737283E-7-1.9749408050415295E-11i;3.177980079740341E-8+9.415229869039445E-12i;-1.7479238749785727E-7-1.0876623234522054E-11i;-8.25319910697402E-8-1.3026171225409832E-12i
1.8764230182134782E-7+3.3914583155362267E-10i;1.5864341521461573E-7-3.929379560993932E-10i;-3.3204838690441666E-7-1.0054277056701556E-9i;-1.1086804151994412E-7+3.745366673269447E-10i;3.060867660640012E-7+2.4299689274757947E-9i;2.958061867868566E-7+1.7448024390410401E-9i;1.8830960691653187E-7-2.3122815829688595E-14i;3.3644364543022826E-7+5.536459547881304E-14i;-2.371891450905806E-7-1.3978706614846023E-14i;-7.590676463582612E-9+1.3417411784141597E-14i;3.5756569178826504E-7+3.479248037017395E-14i;3.037889345545343E-7+3.9518178479171345E-13i;1.1277104979025406E-7+1.6658531472185687E-14i;1.6537316378847705E-7+3.2428100703676595E-14i;1.5212362422822102E-7+1.3906789726797688E-14i;-5.124724966242135E-8-2.228460665863028E-13i;-1.7068744258671406E-7+3.918861863928721E-13i;2.8589976161843016E-7+1.1149033537960307E-12i;-7.996464360918266E-8+6.789635314852227E-12i;-3.2874047458811773E-7+1.4000542822573732E-12i;4.564354430097975E-8+3.427770003434392E-13i;2.5554055741644855E-7-3.6714988242861106E-11i;3.2782670471624806E-8+1.7327672610848064E-11i;-2.08812323509803E-7-1.165884437597258E-11i;-1.442463758153189E-7-1.4967213997238119E-12i
-2.409194822986748E-7-6.281129185721925E-10i;3.88767786311157E-7-1.6373018945294418E-9i;-8.211284118436591E-8-1.3557861061011838E-9i;3.475761581875451E-7-5.654367764291973E-11i;2.9687626990635354E-7+1.4801963366639822E-9i;2.036307355482062E-8-8.3440696665825E-10i;2.4059852197720344E-7+4.927258658285152E-14i;-3.51293589986219E-7-9.29935356470858E-14i;2.8303538327390643E-7+7.352890200995372E-15i;6.62402404026483E-8-3.2805599412018945E-15i;3.548574429955274E-7+6.039337392173224E-14i;3.231945327897353E-7+4.710577027718459E-13i;-1.9538912299726927E-7-8.569788764547825E-14i;1.3122728506207138E-7-1.8873265520365512E-14i;2.1777411754489662E-7+4.40094444836955E-14i;-7.321099213249333E-8+1.4811720240248622E-15i;-2.379230033862363E-7+1.9508564579001358E-13i;-3.0385437169128E-7-4.100858617411224E-13i;4.2501098542642184E-8-7.83550430370844E-12i;3.147460355809859E-7-1.736610685990508E-12i;6.648763686700258E-8-4.888588890753273E-13i;-2.8916463552187644E-7+5.6162381914906084E-11i;1.4019935718668754E-7-2.6366281031323918E-11i;-8.143324652735397E-8-1.2745314534815883E-11i;2.1564188182073325E-7-1.01946836642097E-12i
-2.1870486901417795E-7-5.772129419967868E-10i;3.7682985659513125E-7-1.5744554314593444E-9i;-9.604167183611766E-8-1.3407457018129663E-9i;3.2391585664955553E-7-3.3537655464124804E-11i;2.976681763056152E-7+1.532875668785299E-9i;3.553338736375488E-8-6.954291779321126E-10i;2.462897891658301E-7+4.4440759851413126E-14i;-3.1644539460487054E-7-8.630753657383632E-14i;2.5951496958830154E-7+9.340046764127906E-15i;9.002504630628801E-8+1.9984411809330238E-14i;2.6507725656762334E-7+4.805146001045675E-14i;2.4630363177577177E-7+3.632882012570069E-13i;-1.8673588020164363E-7-7.937369757138235E-14i;8.51585903392942E-8-2.8024609399455898E-14i;1.7466826338625837E-7+3.5384981316945176E-15i;-9.358677556588713E-8-1.0685263958658141E-13i;-1.8358590788025077E-7+1.7814989501420134E-13i;-1.7036569071773304E-7-1.8839620104577434E-13i;4.494021482553498E-8-3.44797802333181E-12i;1.6837951353436477E-7-7.825683937797774E-13i;5.003255238684424E-8-2.835819794198868E-13i;-1.6347200602818327E-7+3.4712605024676724E-11i;1.1560160377142642E-7-1.6404787785092148E-11i;-5.121799445202423E-8-7.670397009464223E-12i;1.2621335124506592E-7-6.613007263344744E-13i
-1.9649025573184068E-7-5.263129653933587E-10i;3.6489192688497873E-7-1.5116089684992347E-9i;-1.0997050250110925E-7-1.3257052975634464E-9i;3.0025555510971283E-7-1.0531633337049878E-11i;2.9846008269852157E-7+1.5855550008015265E-9i;5.070370116228827E-8-5.564513892722538E-10i;2.5167861623020465E-7+4.0420200779211055E-14i;-2.813533130054006E-7-7.924656897108008E-14i;2.351613710722843E-7+1.020378544423073E-14i;1.1259927287254077E-7+4.179787783692748E-14i;1.7688485076317356E-7+4.128704176933641E-14i;1.7011453395053374E-7+2.558776963496061E-13i;-1.7616417719038087E-7-6.941992814265447E-14i;4.024599874784642E-8-3.257588928502647E-14i;1.301013608981504E-7-2.8044215333737124E-14i;-1.0933413794439238E-7-1.8760043413212356E-13i;-1.2733342539045355E-7+1.731804613855547E-13i;-4.45756518121572E-8+7.517444140270344E-14i;4.1718765001271065E-8+5.086932637350035E-13i;3.10495082542126E-8+8.140460863423181E-14i;3.066089969298186E-8-5.546304896659466E-14i;-4.308139096178575E-8+1.3778177487962528E-11i;8.714903032211531E-8-6.640563667601608E-12i;-3.213102720709168E-8-3.564154651917222E-12i;3.799434288063437E-8-3.613695483604871E-13i
-1.7427564245324197E-7-4.754129887484241E-10i;3.5295399719110703E-7-1.448762505743854E-9i;-1.2389933318908598E-7-1.3106648933898178E-9i;2.7659525356478496E-7+1.247438870256695E-11i;2.9925198907322616E-7+1.6382343325934888E-9i;6.587401494340073E-8-4.174736007120743E-10i;2.566381866063445E-7+3.68031276549947E-14i;-2.457702258158722E-7-7.090166268782983E-14i;2.093096326498794E-7+1.573152737312917E-14i;1.3357812540471556E-7+6.231760126576058E-14i;9.197266276619614E-8+3.273476388559672E-14i;9.585756779632978E-8+1.5142215961438418E-13i;-1.626572178815219E-7-5.759581255252803E-14i;-3.2760325585716983E-9-2.909400783800373E-14i;8.447246747605006E-8-5.0677995848645E-14i;-1.1863016273659089E-7-2.5502052215346993E-13i;-6.877149751756397E-8+1.5284958013575587E-13i;6.456088325114294E-8+2.4950216322011846E-13i;3.314939562319781E-8+3.726117759285879E-12i;-8.766744484089655E-8+8.28075949028823E-13i;1.0592756508331462E-8+1.6490579246845396E-13i;6.385263719769478E-8-5.454573061717656E-12i;5.383401248017726E-8+2.423254588098478E-12i;-2.443296925396169E-8-5.390891702002025E-13i;-4.323462045158377E-8-1.5516289320647885E-13i
-1.5206102917901E-7-4.2451301206352605E-10i;3.4101606752113373E-7-1.385916043240653E-9i;-1.378281639067832E-7-1.2956244893203804E-9i;2.529349520113998E-7+3.548041064511097E-11i;3.00043895419034E-7+1.6909136640702864E-9i;8.104432870173018E-8-2.7849581227242677E-10i;2.610653321884325E-7+3.353171956312001E-14i;-2.0954976400289422E-7-6.301333260385071E-14i;1.8158998429305828E-7+1.8028008307805733E-14i;1.52561574356852E-7+8.211158629905289E-14i;1.2589772267144607E-8+1.9621540928833793E-14i;2.5541828803789976E-8+5.187159406636896E-14i;-1.4567873106974093E-7-4.2393099400705097E-14i;-4.449898250432423E-8-2.0446253776669937E-14i;3.923295336157436E-8-6.237560347131811E-14i;-1.201736029305947E-7-2.998555574590072E-13i;-9.505419414458255E-9+1.0142566511843667E-13i;1.4729746500801356E-7+3.7892023137616665E-13i;2.0378266238353067E-8+5.927349607392138E-12i;-1.7707470200895358E-7+1.3371976922836177E-12i;-7.345284559811447E-9+3.178793993284874E-13i;1.469079839633323E-7-2.129841816316761E-11i;1.6683053366181973E-8+9.944469798891013E-12i;-2.745183941619709E-8+1.2414148498337E-12i;-1.0862567634544042E-7-8.774877967333997E-14i
-1.298464159093682E-7-3.736130353448803E-10i;3.2907813788006866E-7-1.3230695810183216E-9i;-1.517569946583529E-7-1.2805840853684401E-9i;2.292746504468303E-7+5.848643248968304E-11i;3.0083580172786383E-7+1.7435929951701272E-9i;9.621464243358915E-8-1.3951802396972862E-10i;2.6487570497695283E-7+3.0017978528174075E-14i;-1.7264251057526485E-7-5.4478383895631114E-14i;1.5190582050311281E-7+1.8756017729426687E-14i;1.6914740910787812E-7+9.443445552254695E-14i;-5.8763772133229325E-8+6.49285546328431E-15i;-3.841384322175103E-8-4.5554294721199525E-14i;-1.2513842076669326E-7-2.7577938366947192E-14i;-8.210351733269203E-8-7.329337059760448E-15i;-3.551024762886E-9-6.490263128432005E-14i;-1.1340606782942965E-7-3.070535589542857E-13i;4.760011212344269E-8+7.35010433924368E-14i;1.9587664123142658E-7+4.665809979210459E-13i;5.124467967795624E-9+6.9238167625703415E-12i;-2.2860434222490474E-7+1.5787829404729836E-12i;-2.045619025405842E-8+4.25331706205263E-13i;1.971023720615545E-7-3.216027820637499E-11i;-2.1809304666858995E-8+1.5137961374866497E-11i;-3.910808290557944E-8+1.4445381941801472E-12i;-1.4994616781888978E-7-1.0509761988213598E-13i
-1.0763180264556651E-7-3.227130585918133E-10i;3.171402082649091E-7-1.2602231190915212E-9i;-1.6568582544383475E-7-1.2655436815207618E-9i;2.056143488692477E-7+8.149245423118867E-11i;3.016277080010412E-7+1.796272325887417E-9i;1.1138495613747281E-7-5.402358192033745E-13i;2.680017170971384E-7+2.6614371759705813E-14i;-1.350742207387562E-7-4.5604867614094133E-14i;1.2036056080340984E-7+1.99566917230623E-14i;1.82951569613379E-7+1.0918114368689163E-13i;-1.1955182728478213E-7-3.560605191625194E-15i;-9.34487320220835E-8-1.226090488693515E-13i;-1.0126197281292456E-7-1.0775581552428741E-14i;-1.1458346533463022E-7-2.292371929625304E-15i;-4.152911795903845E-8-6.628938759557203E-14i;-9.846205798073943E-8-2.7950439241024593E-13i;9.907402318708199E-8+1.5759315781545912E-14i;2.063042182511466E-7+4.4023450960039365E-13i;-1.0563905160794409E-8+6.674453351528848E-12i;-2.3778501480604783E-7+1.5383054876149565E-12i;-2.688775149493616E-8+4.1013754891881017E-13i;2.09121269030235E-7-3.699529755008964E-11i;-5.839646856414978E-8+1.7494250587346932E-11i;-5.6029248881633434E-8+3.6244822567693976E-13i;-1.6175458033311296E-7-2.4958356160463865E-13i
-8.541718939020256E-8-2.718130818068684E-10i;3.0520227866352894E-7-1.1973766574339158E-9i;-1.7961465625924505E-7-1.2505032777431925E-9i;1.8195404727749694E-7+1.0449847587794384E-10i;3.0241961425040216E-7+1.8489516562960606E-9i;1.2655526981380864E-7+1.384375521653486E-10i;2.703912264009382E-7+2.2548910696735346E-14i;-9.692992622527188E-8-3.710329216327283E-14i;8.721106352899985E-8+1.0498930284160353E-14i;1.936341881196491E-7+1.2281278745564373E-13i;-1.6744719385357682E-7-1.1453074480008433E-14i;-1.3715117834249684E-7-1.8620194089827193E-13i;-7.452565948415067E-8+1.0637943850233842E-14i;-1.4046036225876522E-7-2.8083656437138214E-15i;-7.23913085385371E-8-6.034653408287765E-14i;-7.620157267203932E-8-2.3058617151787516E-13i;1.4137442736551414E-7-4.708235222003225E-14i;1.795184987824761E-7+3.3884888109859543E-13i;-2.457192173243017E-8+5.254088065418298E-12i;-2.0559947469803534E-7+1.1982505752980136E-12i;-2.603074396552242E-8+2.6805452042425065E-13i;1.829040628542788E-7-3.5490606483956176E-11i;-8.956130922917542E-8+1.686330160513861E-11i;-7.400407723991971E-8-1.7135411935006451E-12i;-1.4297746567853717E-7-4.760080680801614E-13i
-6.320257614754442E-8-2.2091310498874142E-10i;2.93264349052175E-7-1.134530195980159E-9i;-1.9354348709530234E-7-1.2354628739741392E-9i;1.5829374567130374E-7+1.275044974450174E-10i;3.0321152050125804E-7+1.9016309865616673E-9i;1.417255834656872E-7+2.7741533997409393E-10i;2.720050657962857E-7+1.762896247688723E-14i;-5.8343576362691766E-8-2.896303907480835E-14i;5.2840830493803415E-8-5.62465351344653E-15i;2.009194858069299E-7+1.338388253745991E-13i;-2.005294691905186E-7-2.5150509589072442E-14i;-1.6751082983714006E-7-2.3147002070412467E-13i;-4.561975712412466E-8+2.475531992283247E-14i;-1.5849088679275007E-7-1.0454238128996961E-14i;-9.418651728440237E-8-5.5807011695130566E-14i;-4.818532594288434E-8-1.45365116412058E-13i;1.7150613375868488E-7-1.4031573922044355E-13i;1.2159204792475344E-7+1.6297308004386737E-13i;-3.5051862534669045E-8+2.8832196045630502E-12i;-1.3879116780781293E-7+6.302976148448235E-13i;-1.8650831300434574E-8+1.2685975129153164E-14i;1.2424609891268957E-7-2.8336696295673317E-11i;-1.1228565034441415E-7+1.3530569916459015E-11i;-8.884005400492025E-8-4.210159962961371E-12i;-9.781804489444413E-8-6.913397725463317E-13i
-4.098796292212294E-8-1.7001312813502308E-10i;2.813264194043195E-7-1.0716837346499648E-9i;-2.0747231794121312E-7-1.2204224701433684E-9i;1.346334440508702E-7+1.50510518950436E-10i;3.0400342678233997E-7+1.9543103168706085E-9i;1.5689589709711797E-7+4.163931275994516E-10i;2.728181605659965E-7+1.2868600804683504E-14i;-1.9478325544973354E-8-2.1471026486914385E-14i;1.7703303725976716E-8-1.9046828467054276E-14i;2.0461223794269078E-7+1.4032239655892837E-13i;-2.1742617190065433E-7-3.4952836272765735E-14i;-1.8306591424779357E-7-2.5983460265936784E-13i;-1.5350230348109464E-8+2.9593248894811355E-14i;-1.6773807652566756E-7-2.0683011435200003E-14i;-1.054533307542284E-7-5.304494707487365E-14i;-1.646736257894188E-8-4.224621923660592E-14i;1.871376621354437E-7-2.475740904872856E-13i;4.296883157682605E-8-7.54305529423835E-14i;-4.0591832593044245E-8+9.188950636677048E-15i;-4.894399032415978E-8-4.750119824019286E-15i;-6.787280354410954E-9-2.3840897532527106E-13i;4.37794280477248E-8-1.6926796193729375E-11i;-1.2411060641983457E-7+8.174073200437242E-12i;-9.711495429508236E-8-6.678000805398346E-12i;-3.4653061356616166E-8-8.036766167286582E-13i
-1.8773349718444254E-8-1.1911315124631397E-10i;2.693884896927158E-7-1.0088372733403036E-9i;-2.2140114878555232E-7-1.2053820661871504E-9i;1.1097314241670586E-7+1.7351654042208882E-10i;3.047953331234535E-7+2.0069896474351154E-9i;1.7206621071267703E-7+5.553709150439348E-10i;2.7281765726267736E-7+8.393654126752945E-15i;1.9482239711574028E-8-1.4455417746813228E-14i;-1.769534322169146E-8-3.0836113049863636E-14i;2.0461353954153943E-7+1.4520208361206187E-13i;-2.17426957471415E-7-4.243093351864463E-14i;-1.8306549916144823E-7-2.6260116341694513E-13i;1.5380816514118977E-8+3.018479696760129E-14i;-1.6773809304326913E-7-2.2920899856612468E-14i;-1.0545274799785047E-7-3.8602503274866325E-14i;1.6518526119928932E-8+6.072173430755239E-14i;1.8714061047145294E-7-3.580518167893247E-13i;-4.292477978401422E-8-3.0983351803947015E-13i;-4.0467305951767885E-8-2.8614028174818208E-12i;4.8987918397968135E-8-6.701823594504157E-13i;6.693899553068473E-9-4.722678951211455E-13i;-4.434815827037848E-8-3.34291302978398E-12i;-1.2390049076385897E-7+1.8211862140904055E-12i;-9.695139988427101E-8-8.627713252586476E-12i;3.486054160232879E-8-8.630647814407993E-13i
3.441263459343012E-9-6.821317432263377E-11i;2.5745055989321703E-7-9.459908119734501E-10i;-2.353299796184201E-7-1.1903416620381435E-9i;8.731284076932862E-8+1.965225618788227E-10i;3.0558723955160163E-7+2.059668978430986E-9i;1.8723652431654176E-7+6.943487022991195E-10i;2.720033676565902E-7+4.064899198246307E-15i;5.8347867736012995E-8-7.25353883388564E-15i;-5.2833753422717363E-8-4.283015734187743E-14i;2.009220320339624E-7+1.4803701965063645E-13i;-2.0053027694057027E-7-5.071637597832473E-14i;-1.675076514066891E-7-2.4083056247341846E-13i;4.5648779239633184E-8+2.6399957457055392E-14i;-1.5848633892604986E-7-2.5723506014078488E-14i;-9.418282606636397E-8-1.8405397365742645E-14i;4.823417132996624E-8+1.62467960190265E-13i;1.7150388939475904E-7-4.564234067070436E-13i;-1.2157424308592642E-7-4.984147795365932E-13i;-3.470216462009374E-8-5.3023037099550846E-12i;1.3885165079207973E-7-1.2460519930474879E-12i;1.8574125038185848E-8-6.875912408624913E-13i;-1.2478120582347676E-7+1.003804954569681E-11i;-1.1167533945002858E-7-4.434370136845308E-12i;-8.83848745753748E-8-9.694863290318355E-12i;9.802330803817045E-8-8.473105582980468E-13i
2.5655876609055727E-8-1.7313197365513988E-11i;2.455126299933004E-7-8.831443505046695E-10i;-2.4925881043529216E-7-1.1753012576640081E-9i;6.365253910919011E-8+2.1952858333359169E-10i;3.0637914608136005E-7+2.1123483099564814E-9i;2.0240683791071276E-7+8.333264893579377E-10i;2.7038847964576465E-7-9.532823714123541E-17i;9.69346634690254E-8+1.235444294694961E-15i;-8.720509333890614E-8-4.626389912551002E-14i;1.9363888371015497E-7+1.4931235617892804E-13i;-1.6744609743829244E-7-4.8945731879162716E-14i;-1.3714347201930985E-7-1.9796985612728882E-13i;7.455116445735178E-8+2.700672605979656E-14i;-1.4045381485184167E-7-1.7516466490991423E-14i;-7.238262169249353E-8-7.057261377492579E-15i;7.624467601330695E-8+2.2301665058551804E-13i;1.413715487368988E-7-4.9637182419236E-13i;-1.7952558022611502E-7-7.073614558487832E-13i;-2.404658213653786E-8-6.847525415288013E-12i;2.0566586942522315E-7-1.6016760061704352E-12i;2.59754470725458E-8-7.757138577965814E-13i;-1.833523167605621E-7+2.093317525818614E-11i;-8.866860745609667E-8-9.565578886045427E-12i;-7.332379457780179E-8-9.797767637704629E-12i;1.4316747305386134E-7-7.474237916733769E-13i
4.7870489730383036E-8+3.3586779622801194E-11i;2.335746999897387E-7-8.202978888979987E-10i;-2.631876412354965E-7-1.1602608530686814E-9i;3.9992237436898527E-8+2.42534604798564E-10i;3.0717105271730484E-7+2.1650276420577753E-9i;2.175771514958972E-7+9.723042762255084E-10i;2.679978323914682E-7-3.254550560340885E-15i;1.35079127473359E-7+9.572636716867873E-15i;-1.2035485359806476E-7-5.2194282754020834E-14i;1.8295775022586502E-7+1.4645026907884587E-13i;-1.1954962406269237E-7-3.685917671663124E-14i;-9.343754865642173E-8-1.42024905203969E-13i;1.01280100493679E-7+2.8042569042991996E-14i;-1.1457381847174118E-7-1.517884603601985E-14i;-4.1517124406555744E-8+4.669710218810311E-15i;9.849140467334392E-8+2.6919131555989864E-13i;9.906763307131969E-8-4.550225254165516E-13i;-2.0631912117925014E-7-7.940566110985113E-13i;-9.956258744914122E-9-7.25627134963339E-12i;2.378297470774557E-7-1.7013762379662298E-12i;2.685661624445495E-8-7.19776247183021E-13i;-2.094200436357836E-7+2.7548973145881282E-11i;-5.737317623394427E-8-1.2690305644515819E-11i;-5.526133941019791E-8-8.879217368143242E-12i;1.6190009870493324E-7-6.048244613791561E-13i
7.008510282445642E-8+8.448675663996406E-11i;2.2163676988727087E-7-7.574514271452084E-10i;-2.7711647202189485E-7-1.145220448276414E-9i;1.6331935753012485E-8+2.655406262796287E-10i;3.079629594555494E-7+2.2177069747265726E-9i;2.3274746507159462E-7+1.1112820629081141E-9i;2.6487076753784876E-7-6.026716373586152E-15i;1.7264753602477445E-7+1.8329832962179295E-14i;-1.5190029524839772E-7-5.757391818065422E-14i;1.6915550312116116E-7+1.345469567821508E-13i;-5.876301567025754E-8-2.534228015467753E-14i;-3.840203060056539E-8-8.72045130308258E-14i;1.2514717884403573E-7+2.5399635292404346E-14i;-8.209301180305396E-8-1.7683045186532994E-14i;-3.538419507691256E-9+1.2739436125729877E-14i;1.1341793328613812E-7+2.926790892508264E-13i;4.759321559045702E-8-3.0672123089406564E-13i;-1.9589272003547528E-7-7.558594377978541E-13i;5.709030366622183E-9-6.447998693618097E-12i;2.2861715329948238E-7-1.510742107669376E-12i;2.045111653411441E-8-5.280546066147221E-13i;-1.9722200071802574E-7+2.873539075852247E-11i;-2.0844858432543708E-8-1.3326470925673953E-11i;-3.8398607370256685E-8-7.322690695946336E-12i;1.500498514328672E-7-4.383959614044911E-13i
9.229971589369895E-8+1.3538673368140368E-10i;2.0969883969854066E-7-6.946049652744918E-10i;-2.910453028005418E-7-1.1301800433212225E-9i;-7.328365942063093E-9+2.8854664777473735E-10i;3.0875486628431305E-7+2.270386307897314E-9i;2.479177786366654E-7+1.250259849411403E-9i;2.6105920136388456E-7-9.35394872881643E-15i;2.0955521774693294E-7+2.5875705195426884E-14i;-1.8158544020480624E-7-6.815439808991222E-14i;1.5257032739112362E-7+1.258087060642244E-13i;1.2592461985869298E-8-1.3330814093733668E-14i;2.5557899302261375E-8-9.288701489357142E-15i;1.4567740415626844E-7+2.0988653243307527E-14i;-4.448347492603831E-8-2.0616387866234145E-14i;3.9249683716963295E-8+2.1991940820485813E-14i;1.2016446490586783E-7+2.973873365473564E-13i;-9.523300138614424E-9-1.5235215221674825E-13i;-1.473045904514102E-7-5.045871478680507E-13i;2.0833219197851057E-8-4.410454515736909E-12i;1.7704286335779017E-7-1.0854387487933775E-12i;7.367531712354807E-9-2.9522513842187615E-13i;-1.4682352700492684E-7+2.4113780439507205E-11i;1.741216463286876E-8-1.1280910239422222E-11i;-2.6939413203348344E-8-5.167455808293423E-12i;1.0868250281438383E-7-3.118681499675385E-13i
1.1451432894142335E-7+1.8628671074495399E-10i;1.9776090944199657E-7-6.317585033238131E-10i;-3.049741335793611E-7-1.1151396382588717E-9i;-3.098866764810753E-8+3.115526692795072E-10i;3.0954677318608235E-7+2.323065641469283E-9i;2.6308809218990264E-7+1.3892376357505725E-9i;2.566305513584907E-7-1.2424828492578345E-14i;2.4577596203249487E-7+3.3528921261594223E-14i;-2.0930546792910926E-7-6.467208438980356E-14i;1.335856888158975E-7+1.1227987443349686E-13i;9.197688120557884E-8+9.728217330584463E-16i;9.587619936359017E-8+7.497855587265342E-14i;1.6264295100075253E-7+2.149569484060585E-14i;-3.2536023381584235E-9-1.784491710233234E-14i;8.448827096426115E-8+1.7465411462795316E-14i;1.185940330877168E-7+2.6335340285969715E-13i;-6.879913084236402E-8+3.889870453481103E-14i;-6.455702091775072E-8-1.8919754961284955E-13i;3.336306119381774E-8-1.3280889832815585E-12i;8.759053465830135E-8-4.035686451560887E-13i;-1.0537191132306895E-8+9.860863714683808E-14i;-6.356635138029968E-8+1.428680802851764E-11i;5.41670142797363E-8-6.825732758610173E-12i;-2.4262052899344824E-8-3.066104666820176E-12i;4.325890883004144E-8-2.3914641551719414E-13i
1.3672894197095578E-7+2.3718668782777137E-10i;1.8582297913772145E-7-5.689120413345787E-10i;-3.1890296436593754E-7-1.1000992331439175E-9i;-5.464896936512244E-8+3.3455869078854806E-10i;3.1033868014209644E-7+2.3757449753274658E-9i;2.7825840573089456E-7+1.5282154219482293E-9i;2.5167012609973713E-7-1.4551622036901285E-14i;2.8135830296793537E-7+4.117696476477666E-14i;-2.3515600538711606E-7-6.011213076382867E-14i;1.1261057155928292E-7+1.0132430100858339E-13i;1.7688314953116308E-7+1.7337898442148013E-14i;1.7012645035246612E-7+1.7673453497503084E-13i;1.7613867792012165E-7+2.925908273909796E-14i;4.0258657679912794E-8-9.11449315541581E-15i;1.3010928833286794E-7+1.7395805814668494E-14i;1.0928952671456645E-7+2.0929685393934005E-13i;-1.273478026917216E-7+2.32867452157299E-13i;4.456524459558022E-8+2.644264086143555E-13i;4.163677541728589E-8+2.476510390311824E-12i;-3.112121071841307E-8+4.820916800815953E-13i;-3.0597365375028847E-8+5.222962345798666E-13i;4.349555707960204E-8+4.1852500015509806E-13i;8.695650196076282E-8-4.3235862782999435E-13i;-3.232650740445562E-8-1.2764372103448683E-12i;-3.791251058033859E-8-2.61456417949031E-13i
1.5894355498533812E-7+2.88086664922724E-10i;1.7388504880539348E-7-5.060655793522181E-10i;-3.328317951653085E-7-1.0850588280202716E-9i;-7.830927109301083E-8+3.5756471229539357E-10i;3.111305871331449E-7+2.4284243093516047E-9i;2.9342871926004135E-7+1.6671932080273032E-9i;2.4628037260257504E-7-1.7763610164214598E-14i;3.1644869201669796E-7+4.8203663605602095E-14i;-2.5950581136360824E-7-4.792516581308605E-14i;9.003971248935393E-8+8.351448902946045E-14i;2.650767603174317E-7+2.535574366261696E-14i;2.463154900720056E-7+2.8315618903540903E-13i;1.866945907350729E-7+3.767097028462098E-14i;8.516293674083963E-8+5.338361276451748E-16i;1.7467414394902485E-7+1.3644534121987559E-14i;9.352500378062084E-8+1.1314182511940309E-13i;-1.8359088761920576E-7+4.563577563614761E-13i;1.703788374406181E-7+7.562450522188642E-13i;4.4522679358097685E-8+6.632070042752648E-12i;-1.6848232943832855E-7+1.4269173954021711E-12i;-4.997037093040101E-8+9.550946145399915E-13i;1.640393647510023E-7-1.59981824939454E-11i;1.1481227206663472E-7+7.05787420988327E-12i;-5.1808040813592314E-8-2.722129119140985E-13i;-1.260936489550495E-7-4.395954382204258E-13i
1.811581679890762E-7+3.3898664202067026E-10i;1.6194711846211912E-7-4.432191174072552E-10i;-3.467606259764898E-7-1.0700184229068868E-9i;-1.0196957282963399E-7+3.80570733795248E-10i;3.1192249414047305E-7+2.4811036434320705E-9i;3.085990327803121E-7+1.8061709940243262E-9i;2.405882729672091E-7-2.0049287233173263E-14i;3.5129849643210997E-7+5.5566677709639336E-14i;-2.8303134432136617E-7-3.3403812846931074E-14i;6.625594524621255E-8+6.612320126343377E-14i;3.5485454591742726E-7+3.3673170507777655E-14i;3.232064332057094E-7+3.9229275589106734E-13i;1.953442211506228E-7+4.333725571699337E-14i;1.3123645466038493E-7+9.72035197978177E-15i;2.1778137447223753E-7+8.01895530989007E-15i;7.314476282462128E-8+2.6894297713328347E-14i;-2.3794828566277015E-7+6.604205563720895E-13i;3.038584254548596E-7+1.2981812688462395E-12i;4.1707972856808544E-8+1.0888628776678123E-11i;-3.148386421871894E-7+2.4756528001270254E-12i;-6.641641169694171E-8+1.3691805886521945E-12i;2.8984947766946607E-7-3.355529209964368E-11i;1.3882216461090429E-7+1.518499575077462E-11i;-8.245796633688302E-8+6.691309226753301E-15i;-2.1545970478446862E-7-6.048591844320451E-13i
-2.4740361592998277E-7-6.282721071205984E-10i;3.920714878254897E-7-1.687583048416169E-9i;-9.682507974599247E-8-1.420376819703378E-9i;3.564746272042042E-7-5.050960995122E-11i;3.02711999652661E-7+1.5313310648231531E-9i;3.315591974807053E-8-7.73038412080983E-10i;2.9320265233071273E-7+5.3820484144003705E-14i;-3.651526829295098E-7-9.993240891625595E-14i;3.2658041413156483E-7+1.3364920437409454E-14i;1.4277248959488607E-7+3.943650476306886E-14i;3.5039265678284797E-7+7.354304031178375E-14i;3.401860585957758E-7+4.931221187246281E-13i;-2.7649460938519316E-7-1.1098301077332688E-13i;8.868451953474957E-8-4.000215809877703E-14i;2.827565332613948E-7+1.598899170992753E-14i;-2.0304875990636563E-7-2.5335087528449427E-13i;-2.9429102474333905E-7+2.7569545458909845E-13i;-3.180043436493072E-7-4.4546012371527534E-13i;1.8148296727015695E-7-2.169855787847031E-12i;2.9084558194072315E-7-4.622055083937087E-13i;1.928767584279422E-7-9.73777983341196E-13i;-3.1084822626489487E-7+6.78894044588403E-11i;2.396666049083016E-7-3.173635105024843E-11i;8.698429819132123E-8-1.3739027725948139E-12i;2.732268062640865E-7+3.530077686044443E-13i
-2.2518900265089993E-7-5.773721305617371E-10i;3.8013355815258075E-7-1.6247365855424854E-9i;-1.1075391041502136E-7-1.405336415537796E-9i;3.3281432565964114E-7-2.7503587809308437E-11i;3.0350390601366594E-7+1.5840103966510252E-9i;4.832623355008209E-8-6.340606233553677E-10i;2.9869352804099795E-7+4.868369331969706E-14i;-3.2940777636546625E-7-9.359715000435078E-14i;3.0031128019692553E-7+1.0271767344910486E-14i;1.6632778214922797E-7+6.378309577117587E-14i;2.6003443747766097E-7+5.968599097508183E-14i;2.6103371391607685E-7+3.8216050841187126E-13i;-2.628798671606734E-7-1.0009597638215809E-13i;3.902831306589608E-8-5.5087961633646416E-14i;2.3444381915535615E-7-1.9411676793875934E-14i;-2.1605609167870712E-7-3.2831595576014383E-13i;-2.2562319205212547E-7+2.3814662013389676E-13i;-1.818132821781557E-7-1.8488855864130497E-13i;1.7904993351573917E-7+2.1300975605081666E-12i;1.4145404732164488E-7+4.648584574350827E-13i;1.6875534825219953E-7-7.499460982481004E-13i;-1.7281991370501883E-7+4.286105476372828E-11i;1.9469752951713752E-7-2.0068609551330105E-11i;1.1272761554767558E-7+4.0275062382609075E-12i;1.6136153190005017E-7+7.09677881059076E-13i
-2.0297438937479973E-7-5.264721539809833E-10i;3.6819562849878763E-7-1.5618901228276263E-9i;-1.246827410994052E-7-1.3902960114356773E-9i;3.091540241123264E-7-4.497565728227742E-12i;3.0429581235720485E-7+1.6366897282954325E-9i;6.349654734242072E-8-4.950828346802784E-10i;3.0392049344311097E-7+4.4128027148319134E-14i;-2.9326801091035815E-7-8.665422555249445E-14i;2.727716749443291E-7+9.465692639965865E-15i;1.889153372815435E-7+8.792369607650421E-14i;1.7108303001355502E-7+4.602306560913261E-14i;1.8231802317848883E-7+2.7185841755281753E-13i;-2.466463042232703E-7-8.842509047766252E-14i;-1.0276741557764082E-8-6.015036913121051E-14i;1.8435534671176242E-7-5.1860651494794344E-14i;-2.2356689742541616E-7-4.011759040172103E-13i;-1.531133981902595E-7+1.8206196374860433E-13i;-5.3062380418419953E-8+4.2059511989423324E-14i;1.71532799483822E-7+6.018402335534907E-12i;1.0544782032486378E-9+1.3150738786305644E-12i;1.410771149758586E-7-5.225387548315036E-13i;-3.97090555858633E-8+1.803419483371131E-11i;1.4289390325011247E-7-8.426913763699695E-12i;1.2845813102642732E-7+8.654958273390617E-12i;4.965255005010896E-8+1.0077973498048079E-12i
-1.807597761029174E-7-4.755721773686662E-10i;3.56257698879095E-7-1.4990436603803711E-9i;-1.3861157180985157E-7-1.3752556074405578E-9i;2.8549372255877175E-7+1.8508456255339698E-11i;3.0508771866674576E-7+1.6893690596062048E-9i;7.866686111798508E-8-3.5610504608662506E-10i;3.0874967551766196E-7+3.9933897918338796E-14i;-2.5647487287116985E-7-7.864327264239293E-14i;2.4322010518405644E-7+1.2755678044330207E-14i;2.1007260106893928E-7+1.1255141911762026E-13i;8.5264038089613E-8+3.2893014272818613E-14i;1.053291398961754E-7+1.7087699756651144E-13i;-2.2651214122338074E-7-7.535580173046344E-14i;-5.875606275088269E-8-5.778797824975879E-14i;1.3288509222096057E-7-7.573841820381144E-14i;-2.2302144893503888E-7-4.4785415625624483E-13i;-7.656354471113445E-8+1.0973003825551911E-13i;5.9105776985105705E-8+1.6204257714461302E-13i;1.5868107285657608E-7+9.200542719835702E-12i;-1.2001292037010735E-7+2.0351162658431863E-12i;1.1112048921107757E-7-3.3513662307639663E-13i;7.905330176282638E-8-5.264395049032125E-12i;8.315123328714899E-8+2.5448267058574233E-12i;1.3260967113853866E-7+1.2117126333749154E-11i;-5.4138215594829864E-8+1.1996317099746313E-12i
-1.5854516283537277E-7-4.2467220072589614E-10i;3.443197693002966E-7-1.436197198244272E-9i;-1.5254040255321492E-7-1.3602152035775698E-9i;2.618334209949003E-7+4.151447813231036E-11i;3.0587962493074023E-7+1.742048390487925E-9i;9.383717487081892E-8-2.171272575983714E-10i;3.13072296063103E-7+3.6206640979297074E-14i;-2.1889024012196824E-7-7.00323932944996E-14i;2.1128672543335252E-7+1.1923309711329187E-14i;2.2933163552622198E-7+1.2885757900356306E-13i;4.882103619176993E-9+2.274257338299164E-14i;3.220024396689152E-8+6.237943579753913E-14i;-2.0187055406016493E-7-5.993925822143106E-14i;-1.0517521725623172E-7-5.1091256575645145E-14i;8.168360021784773E-8-9.265387794166686E-14i;-2.1283069151079795E-7-4.628413534004832E-13i;1.5667626545545116E-9+5.915034364976232E-14i;1.446581361121405E-7+3.3849519747643677E-13i;1.415254643679537E-7+1.1287293957688838E-11i;-2.103444963950883E-7+2.533913089040869E-12i;8.14343607941316E-8-1.660311771380031E-13i;1.7150500711149868E-7-2.4860108318369096E-11i;1.7721208756980382E-8+1.1879780657346435E-11i;1.2545935625937965E-7+1.4072524484109627E-11i;-1.3834001465242464E-7+1.3044135623454252E-12i
-1.3633054957240733E-7-3.737722240584772E-10i;3.3238183976404136E-7-1.3733507364352226E-9i;-1.6646923333334916E-7-1.3451747998571514E-9i;2.3817311941761462E-7+6.45204999060171E-11i;3.066715311434133E-7+1.7947277208982162E-9i;1.0900748859663479E-7-7.814946923385372E-11i;3.168004204608801E-7+3.352694027958706E-14i;-1.8048132991709482E-7-6.03989927816229E-14i;1.769127413444323E-7+1.3927203380284932E-14i;2.462333836941151E-7+1.4565311437405817E-13i;-6.747833152621958E-8+1.44790906629654E-14i;-3.4473258292782196E-8-3.628972227178915E-14i;-1.726653356932311E-7-3.9868517377725193E-14i;-1.4784491450436293E-7-3.997605231889196E-14i;3.3147163808872936E-8-9.832036090887193E-14i;-1.9239106084962757E-7-4.430934539933576E-13i;7.719999267550883E-8-7.742181362979882E-15i;1.9548560813454003E-7+3.5292935562775906E-13i;1.219333860088653E-7+1.2154906865130891E-11i;-2.607230134850726E-7+2.7685230694510755E-12i;5.4776756693826256E-8-2.962872282703748E-14i;2.271691948292194E-7-3.8871879167732476E-11i;-4.9003964487478825E-8+1.862879028387965E-11i;1.0918881981447683E-7+1.4288571083468418E-11i;-1.9191262736371029E-7+1.3140377093214117E-12i
-1.1411593631551879E-7-3.228722473665733E-10i;3.2044391026402575E-7-1.3105042749511683E-9i;-1.8039806415009007E-7-1.3301343962621435E-9i;2.1451281782501388E-7+8.752652157700943E-11i;3.074634373089421E-7+1.8474070508523073E-9i;1.2417780229336363E-7+6.082831898609717E-11i;3.198637240759479E-7+2.996400594782221E-14i;-1.4129528569641294E-7-5.150632574768478E-14i;1.4026480114050608E-7+1.2797341547265431E-14i;2.603471508034111E-7+1.5997334339699526E-13i;-1.291943122680618E-7+3.912073118329812E-15i;-9.194703260827264E-8-1.1869243110321476E-13i;-1.3923219387237567E-7-2.0334783730166297E-14i;-1.8489441600545237E-7-3.138466909490469E-14i;-1.0001252711165669E-8-9.514302808427466E-14i;-1.6198622150147398E-7-3.897879925116119E-13i;1.4552856717716475E-7-9.777187761293708E-14i;2.0735105263221083E-7+2.978612738507053E-13i;1.0224265404925101E-7+1.1689584777828937E-11i;-2.6632722779374306E-7+2.6945563778887798E-12i;3.325461415224072E-8-2.7762823395853573E-14i;2.39810038233373E-7-4.593878169704988E-11i;-1.1158801515779564E-7+2.2091386426361284E-11i;8.760774599587397E-8+1.2962684407129565E-11i;-2.075617159834159E-7+1.1771754243670124E-12i
-9.190132306761727E-8-2.719722706458981E-10i;3.085059807850199E-7-1.2476578137717182E-9i;-1.9432689499930946E-7-1.3150939927493267E-9i;1.9085251621605853E-7+1.1053254314597329E-10i;3.082553434421522E-7+1.900086380435214E-9i;1.393481159609192E-7+1.998061070389148E-10i;3.222078508582393E-7+2.559036892781542E-14i;-1.0144077435050719E-7-4.18689138780378E-14i;1.016772183156026E-7+1.2839415859315862E-15i;2.7129552536341877E-7+1.7517981737857823E-13i;-1.7786488577250516E-7-8.614853980192802E-15i;-1.376483446854363E-7-1.8471466282585867E-13i;-1.0220104875579731E-7+1.905470191360948E-15i;-2.1452337400616206E-7-3.428035163423217E-14i;-4.510830071994459E-8-8.823379412053592E-14i;-1.2274267727649974E-7-3.0509442443262796E-13i;2.0177105946651104E-7-1.995420052231547E-13i;1.811060151505839E-7+1.556233197644773E-13i;8.487267087159484E-8+9.9844943260961E-12i;-2.2814116869419946E-7+2.2868328125892865E-12i;1.7793033177053272E-8-1.6838109918829175E-13i;2.0923573663121076E-7-4.5584725862142706E-11i;-1.644391422101702E-7+2.1979609567904292E-11i;6.545548220889562E-8+1.041006963209512E-11i;-1.8380977557967918E-7+9.076792117346394E-13i
-6.968670983310606E-8-2.210722938939476E-10i;2.9656805130078583E-7-1.1848113528199309E-9i;-2.0825572587165386E-7-1.300053589256393E-9i;1.671922145906821E-7+1.335385646310938E-10i;3.0904724957065515E-7+1.952765709832724E-9i;1.545184296019166E-7+3.38783894911259E-10i;3.2379239732969326E-7+2.1112587937404034E-14i;-6.107699313262803E-8-3.2812924394356424E-14i;6.162156574946258E-8-1.0292055950383986E-14i;2.787743459369407E-7+1.8774168245262825E-13i;-2.115022399508497E-7-1.644509924795896E-14i;-1.6942195418253008E-7-2.283507656389712E-13i;-6.244968670503173E-8+2.0519024995103155E-14i;-2.3521226872016432E-7-3.622429380304815E-14i;-6.991120508242143E-8-7.756985602630282E-14i;-7.658734359517592E-8-2.0085751165887926E-13i;2.418340799946055E-7-3.3274888065915074E-13i;1.2292278635680594E-7-1.1751484063419056E-13i;7.197556427328853E-8+7.364758161503211E-12i;-1.53275566152503E-7+1.6618821571930853E-12i;7.976605526573095E-9-3.8520308363351283E-13i;1.4189703610972307E-7-3.8402319384946236E-11i;-2.0269386514110842E-7+1.8610805573333462E-11i;4.7490741384091714E-8+7.2179064331557006E-12i;-1.2590655313735167E-7+6.365819655625602E-13i
-4.747209661695515E-8-1.7017231710803675E-10i;2.846301217792286E-7-1.121964891988013E-9i;-2.2218455675406677E-7-1.2850131857053143E-9i;1.4353191294961408E-7+1.5654458605729064E-10i;3.0983915572900376E-7+2.0054450392779468E-9i;1.6968874322121343E-7+4.777616825981926E-10i;3.2459108742206E-7+1.6121200740343246E-14i;-2.039378149888627E-8-2.4288653580717358E-14i;2.064826449086995E-8-2.470358820032319E-14i;2.825692004846581E-7+1.9000481157819309E-13i;-2.2868850784529153E-7-3.439856631200944E-14i;-1.857104682028038E-7-2.6517966732971675E-13i;-2.099757219371485E-8+3.2001258481308307E-14i;-2.4584051713321245E-7-4.2167326134352984E-14i;-8.274052013265472E-8-7.288184628580112E-14i;-2.6012824939542342E-8-6.286422242067153E-14i;2.6264115159481964E-7-4.0837788487362377E-13i;4.348681800447282E-8-3.788755952902571E-13i;6.51745407456036E-8+4.158008225838546E-12i;-5.39957715990934E-8+9.389703930975653E-13i;2.125715240832426E-9-5.773482023758224E-13i;4.9848771746283184E-8-2.5923033960550263E-11i;-2.226203513721529E-7+1.267354332663134E-11i;3.755728442257735E-8+4.081689032004232E-12i;-4.474520432781035E-8+4.724859850859825E-13i
-2.5257483423878148E-8-1.192723402856138E-10i;2.726921921891816E-7-1.0591184311643334E-9i;-2.3611338763356266E-7-1.2699727820188843E-9i;1.198716112938329E-7+1.7955060745088823E-10i;3.1063106195104225E-7+2.058124369003818E-9i;1.848590568239219E-7+6.167394700976735E-10i;3.245905948369253E-7+1.1096304533811882E-14i;2.0398563612824677E-8-1.7065818724336323E-14i;-2.0637666925806623E-8-4.2308481871434725E-14i;2.8257083728169345E-7+1.9481985182314061E-13i;-2.2868904682995965E-7-4.2097889009907045E-14i;-1.8570932699128377E-7-2.726390068617989E-13i;2.1032216036649275E-8+3.4481310754236077E-14i;-2.4583998569541064E-7-4.952278016686455E-14i;-8.273868588540505E-8-5.4191364688956166E-14i;2.6079648582669904E-8+8.626889293613511E-14i;2.62641755485729E-7-5.105902233047919E-13i;-4.3433179983797524E-8-5.993125963195774E-13i;6.531375634557688E-8+9.72243223104615E-13i;5.387263540920282E-8+2.1945893352945962E-13i;-2.279676077888172E-9-7.537703740500471E-13i;-5.0899785134352184E-8-1.0421968947461926E-11i;-2.2237070428595087E-7+5.31376762339774E-12i;3.7769591401604656E-8+1.6045283691286325E-12i;4.4661827227429525E-8+3.969650977500613E-13i
-3.0428702576495437E-9-6.83723634251078E-11i;2.6075426250628044E-7-9.962719702729533E-10i;-2.5004221850045505E-7-1.2549323781279283E-9i;9.621130962428844E-8+2.0255662882883142E-10i;3.1142296826385636E-7+2.1108036991818445E-9i;2.0002937041398896E-7+7.557172573969563E-10i;3.237907943577798E-7+6.339010235285242E-15i;6.108197795318902E-8-9.192043038499932E-15i;-6.161131710418653E-8-5.6142458473028256E-14i;2.7877838006964724E-7+1.9594283501411076E-13i;-2.1150283624806665E-7-5.105950672812085E-14i;-1.6941748387544984E-7-2.5902315225454916E-13i;6.248158796670204E-8+3.1097867337796336E-14i;-2.3520815283251294E-7-5.893420269416335E-14i;-6.99051143046292E-8-4.5380563844706064E-14i;7.664864535398545E-8+2.159597300386062E-13i;2.4183069960483725E-7-5.858455739017821E-13i;-1.2289265235793804E-7-7.894172418515857E-13i;7.236787634238962E-8-1.7314903272059914E-12i;1.5316256758251472E-7-4.316804266153153E-13i;-8.10770431009903E-9-8.525986191262039E-13i;-1.4287253170541386E-7+5.365138074036394E-12i;-2.0197912688365091E-7-2.200242712592541E-12i;4.80820313589748E-8+1.1885281318032973E-13i;1.258146452318006E-7+4.075940108113247E-13i
1.9171742879694172E-8-1.7472386527395194E-11i;2.488163327164741E-7-9.334255092635783E-10i;-2.639710493497071E-7-1.239891973994906E-9i;7.255100794185198E-8+2.2556265020520887E-10i;3.122148746834755E-7+2.1634830299225007E-9i;2.1519968399352193E-7+8.946950444875411E-10i;3.2220512398962895E-7+2.4881779441267043E-15i;1.0144604046749058E-7-4.030758497743377E-16i;-1.0166751833374535E-7-6.391239401541235E-14i;2.713019499185517E-7+1.9712050923115033E-13i;-1.7786344378209326E-7-4.8745577673035956E-14i;-1.3763862273524062E-7-2.2426696924772416E-13i;1.022278422810835E-7+3.2447314049134455E-14i;-2.1451609876663957E-7-5.0121776036234963E-14i;-4.5096234646782756E-8-2.655420297760668E-14i;1.2279359374873606E-7+3.208252822509523E-13i;2.0176409021026665E-7-5.974599487519956E-13i;-1.811028027151293E-7-9.218180944751673E-13i;8.546197958162337E-8-3.4700981572810583E-12i;2.2802964634302346E-7-8.013427867116018E-13i;-1.7889794480434792E-8-7.978263526013441E-13i;-2.100507216131921E-7+1.8878396302177054E-11i;-1.6338472723277902E-7-8.616290458966702E-12i;6.633155285021631E-8-8.431159200069883E-14i;1.8369399298378433E-7+5.193766516065099E-13i
4.138635598787683E-8+3.342759040582802E-11i;2.3687840281478483E-7-8.705790480937937E-10i;-2.7789988018003485E-7-1.224851569617704E-9i;4.889070624748543E-8+2.4856867159362355E-10i;3.1300678121627683E-7+2.216162361281392E-9i;2.3036999756343886E-7+1.033672831372336E-9i;3.198597964963774E-7-9.168050750191057E-16i;1.4130054597230665E-7+8.220501585610451E-15i;-1.4025478022799134E-7-7.377054590732195E-14i;2.603554841459463E-7+1.933576197999777E-13i;-1.2919270740009933E-7-3.743826149655044E-14i;-9.193447773275014E-8-1.6752141643283346E-13i;1.3924975715725288E-7+3.734847549440519E-14i;-1.8488432696659582E-7-4.948323766705592E-14i;-9.986615314238874E-9-7.434350164119514E-15i;1.62017294105454E-7+4.0617442163647553E-13i;1.4551950144826933E-7-5.148986310166575E-13i;-2.0735486584610204E-7-9.51311296155147E-13i;1.0292949120719327E-7-3.939395624354897E-12i;2.6618464592951567E-7-9.15809298300799E-13i;-3.331090137561706E-8-5.733175701493171E-13i;-2.4037000557334415E-7+2.7914745574611097E-11i;-1.1037387552193241E-7-1.295921722233864E-11i;8.859319490394543E-8+1.0059307808964798E-12i;2.0738837761677686E-7+6.724165915492465E-13i
6.360096906819482E-8+8.432756737137057E-11i;2.2494047280448478E-7-8.077325867515165E-10i;-2.91828710993605E-7-1.2098111650135365E-9i;2.5230404542184676E-8+2.7157469300177163E-10i;3.1379868786006176E-7+2.2688416932625456E-9i;2.45540311123717E-7+1.172650618057557E-9i;3.167953387330268E-7-4.0375235170134045E-15i;1.8048666936585514E-7+1.6617085718206408E-14i;-1.7690282603703237E-7-8.445353329000113E-14i;2.4624378882912687E-7+1.8703207698781255E-13i;-6.747695931539985E-8-2.4890907621770175E-14i;-3.4458479324972886E-8-1.0305828639578724E-13i;1.7267289632444723E-7+3.938608083223803E-14i;-1.4783302287841215E-7-5.3330285209099003E-14i;3.316400014782337E-8+6.644961588887763E-15i;1.9240117677792457E-7+4.610129214790325E-13i;7.718796864197142E-8-3.6593934443681035E-13i;-1.954909953638322E-7-8.725204777360557E-13i;1.226090373595445E-7-3.076594376651886E-12i;2.6054012822023573E-7-7.276638441455593E-13i;-5.4792431889136686E-8-2.6430378380350843E-13i;-2.274242760948438E-7+3.1053006127469284E-11i;-4.7839730341203536E-8-1.4644290713964992E-11i;1.1010226973848802E-7+3.0967679283676534E-12i;1.9168266844790332E-7+8.419846574229309E-13i
8.581558212340017E-8+1.3522754436360185E-10i;2.1300254269691772E-7-7.448861252589111E-10i;-3.0575754179578045E-7-1.194770760212253E-9i;1.5701028268539802E-9+2.94580714430517E-10i;3.145905946046736E-7+2.3215210258120444E-9i;2.607106246738866E-7+1.3116284045483505E-9i;3.1306603894748837E-7-6.803383851271242E-15i;2.1889582114325928E-7+2.469560306502804E-14i;-2.1127741449831857E-7-9.167788046721398E-14i;2.2934358670231E-7+1.8047760072770736E-13i;4.883167940238585E-9-1.0988648133421965E-14i;3.2217051074925566E-8-2.6956651109991573E-14i;2.0186731632398526E-7+4.0378858522519045E-14i;-1.0516041050165549E-7-4.8169066842754894E-14i;8.170223862966154E-8+1.9265303961319956E-14i;2.128178869511468E-7+4.698809822682965E-13i;1.5476234096124251E-9-1.5225616122478684E-13i;-1.4466219487884472E-7-6.256545227022106E-13i;1.4207385868051479E-7-8.78653753013628E-13i;2.101169582820783E-7-2.5454257985133984E-13i;-8.140754575661519E-8+1.5794610613142552E-13i;-1.7142958882459524E-7+2.7870639287931574E-11i;1.8630555558066225E-8-1.3363696744684685E-11i;1.261156708176903E-7+5.886207586116032E-12i;1.3805758998009716E-7+9.574604459532498E-13i
1.0803019515736723E-7+1.8612752138054094E-10i;2.0106461250887019E-7-6.820396636411307E-10i;-3.1968637259367093E-7-1.1797303552678118E-9i;-2.2090198897629727E-8+3.1758673587916366E-10i;3.1538250143497813E-7+2.374200358851829E-9i;2.7588093821391104E-7+1.450606190868146E-9i;3.0874235668287777E-7-9.614725575997002E-15i;2.5648064675886994E-7+3.286709065169729E-14i;-2.4321122930758543E-7-8.931507973017655E-14i;2.100860393904753E-7+1.6946388689716006E-13i;8.526468883875816E-8+5.484239909861963E-15i;1.0534808830464671E-7+6.184040671498108E-14i;2.2649655176126486E-7+4.45019048283854E-14i;-5.873747872494823E-8-4.3097095962783694E-14i;1.3290618743173717E-7+2.419586717609536E-14i;2.2298302168527202E-7+4.49256717696171E-13i;-7.659462656708052E-8+7.999069993557084E-14i;-5.9105402975940113E-8-2.77811407559001E-13i;1.5900065250876117E-7+2.406824782166035E-12i;1.1973851025424547E-7+5.331939288458332E-13i;-1.1105097755067026E-7+6.998881551829646E-13i;-7.864125296840533E-8+1.884473011467812E-11i;8.363068453635153E-8-9.356803887062723E-12i;1.3286077890943024E-7+8.770936267405026E-12i;5.380427926234199E-8+1.070595849236975E-12i
1.3024480817480878E-7+2.370274984190301E-10i;1.8912668226095927E-7-6.191932019350421E-10i;-3.336152033951244E-7-1.1646899502354136E-9i;-4.575050063041883E-8+3.4059275734542377E-10i;3.161744083329775E-7+2.4268796922695167E-9i;2.9105125174496774E-7+1.5895839770454959E-9i;3.039120781021349E-7-1.221242151226854E-14i;2.9327489860182184E-7+4.100708361929258E-14i;-2.7276639955492203E-7-8.316320279726995E-14i;1.8892991353032507E-7+1.558031107766579E-13i;1.7108351589845998E-7+2.177923565622955E-14i;1.823393969889816E-7+1.5957238733071705E-13i;2.4662439685438893E-7+5.445984423538077E-14i;-1.025337773047934E-8-3.5921819699839966E-14i;1.8438024704157877E-7+1.953050766449091E-14i;2.235154782964623E-7+3.876986462538262E-13i;-1.5316414838482514E-7+3.5885978119529766E-13i;5.306928365145383E-8+2.2050125422079289E-13i;1.715495342197298E-7+6.372974282025636E-12i;-1.3635658840142985E-9+1.5005968139261037E-12i;-1.4098335628417908E-7+1.3146110721852054E-12i;4.042318540735615E-8+5.2690647893863435E-12i;1.4282747615459285E-7-3.2013203656902847E-12i;1.2822278748383773E-7+1.1318485497804594E-11i;-4.9999828429907585E-8+1.0116409630608037E-12i
1.524594211804329E-7+2.8792747547356646E-10i;1.7718875197355107E-7-5.563467401764582E-10i;-3.475440342045848E-7-1.1496495451599966E-9i;-6.941080237017948E-8+3.635987788240572E-10i;3.1696631527900173E-7+2.479559025945643E-9i;3.0622156526882884E-7+1.7285617631133799E-9i;2.986834103263685E-7-1.5139770142349972E-14i;3.294135781047373E-7+4.8732047466955884E-14i;-3.003027306201817E-7-6.73664922443818E-14i;1.663415133544687E-7+1.4061727643219338E-13i;2.6003681668218163E-7+3.2853613359514774E-14i;2.6105557394830216E-7+2.7337972264174547E-13i;2.628381605526178E-7+6.379184228414196E-14i;3.905259379159854E-8-2.3201369561503295E-14i;2.3446241414156432E-7+1.3349546968621867E-14i;2.159680749683024E-7+3.030178707825504E-13i;-2.2566808525538964E-7+6.166202249903378E-13i;1.8184261027065645E-7+7.150775162361932E-13i;1.786960181116012E-7+1.0797850585014664E-11i;-1.4181135434867043E-7+2.5440303146678875E-12i;-1.686218517879168E-7+1.907927722724614E-12i;1.738059149784544E-7-1.1248316355062228E-11i;1.9397113242101385E-7+4.269455032664886E-12i;1.1193317605851092E-7+1.3187235171002155E-11i;-1.6168616963068995E-7+8.328416694332446E-13i
1.746740341789779E-7+3.3882745253591006E-10i;1.6525082166661404E-7-4.935002784000114E-10i;-3.6147286502121265E-7-1.1346091400717213E-9i;-9.307110411471856E-8+3.866048003066274E-10i;3.1775822224989284E-7+2.5322383597443835E-9i;3.2139187878743135E-7+1.867539549111669E-9i;2.9319171926057485E-7-1.7894596887538748E-14i;3.6515868217306747E-7+5.6026157431669666E-14i;-3.265730294490946E-7-4.8530259395765975E-14i;1.427890410834202E-7+1.210737847749943E-13i;3.503900207003602E-7+4.0969673770743285E-14i;3.402036458385333E-7+3.865960323824712E-13i;2.764430982758276E-7+7.310465395830288E-14i;8.870470665383421E-8-1.2144233760408924E-14i;2.8277057684825856E-7+8.4569952951998E-16i;2.029494915016552E-7+2.20357528986814E-13i;-2.94334567650222E-7+8.530511678423106E-13i;3.180129959115852E-7+1.2631448031006126E-12i;1.8075192338937428E-7+1.531223779308375E-11i;-2.911866889096265E-7+3.647981518347285E-12i;-1.9272158391988127E-7+2.4645504264378926E-12i;3.120231363981304E-7-2.9098624626021476E-11i;2.382711434807577E-7+1.2401814323527357E-11i;8.567112777852611E-8+1.4329963690675426E-11i;-2.7346397886410563E-7+6.268833414024532E-13i
-2.5388774956451976E-7-6.284312956956255E-10i;3.953751893754277E-7-1.7378642024196993E-9i;-1.1153731831394277E-7-1.4849675333834016E-9i;3.653730962145616E-7-4.447554226924752E-11i;3.085477293662291E-7+1.5824657927644662E-9i;4.5948765942091304E-8-7.11669857455476E-10i;3.459162568275298E-7+5.817345568266486E-14i;-3.7833848362866165E-7-1.0741485697010512E-13i;3.683507937683194E-7+1.4284179492760253E-14i;2.2050389631373724E-7+8.719552594790559E-14i;3.4466720682922355E-7+8.680369190474724E-14i;3.552374845212686E-7+5.137952386127277E-13i;-3.5550136422449216E-7-1.3083628964112902E-13i;4.127464823781156E-8-6.199299282143946E-14i;3.459016632889433E-7-3.5321836889761318E-15i;-3.331775778805456E-7-4.823660343650495E-13i;-3.414973610219589E-7+3.3572606602603636E-13i;-3.2822601549833894E-7-4.103705598912362E-13i;3.271820148433857E-7+3.901753856842163E-12i;2.6031448430917046E-7+8.968420142260543E-13i;3.230763285472806E-7-1.5052927243477864E-12i;-3.225497580184036E-7+7.732350263762762E-11i;3.2984056516518406E-7-3.5966491890622066E-11i;2.745684805616238E-7+1.2039670198972982E-11i;3.1773406066643577E-7+1.9460832076033848E-12i
-2.316731362891597E-7-5.775313191486101E-10i;3.8343725973601457E-7-1.6750177396945687E-9i;-1.2546614899503983E-7-1.469927129308162E-9i;3.417127946650502E-7-2.14695201562207E-11i;3.093396356973423E-7+1.6351451243655828E-9i;6.111907973989412E-8-5.726920687227149E-10i;3.512871181137353E-7+5.238774013414093E-14i;-3.419284451475942E-7-1.0083859921033509E-13i;3.400175952575987E-7+1.1598899534707496E-14i;2.4398093326643224E-7+1.1266422601247041E-13i;2.5366151398386894E-7+6.683145554307548E-14i;2.742657669136569E-7+4.0709633288727857E-13i;-3.380887363038658E-7-1.1989354730609742E-13i;-1.1146466248212559E-8-8.199582164442093E-14i;2.936813201838487E-7-3.772928288090227E-14i;-3.403898079325401E-7-5.660906944823079E-13i;-2.618767891242609E-7+2.366444573231889E-13i;-1.8923664518423596E-7-2.350358140980959E-13i;3.21062785924273E-7+8.179689660184554E-12i;1.0816333227017285E-7+1.800146056842902E-12i;2.9238298147239233E-7-1.2897922325495163E-12i;-1.750729789793878E-7+4.9498066114979345E-11i;2.6878215199819664E-7-2.2980224162475925E-11i;2.9663832827858475E-7+1.7659529125943483E-11i;1.8892523235524596E-7+2.279807866108242E-12i
-2.094585230181317E-7-5.266313425904554E-10i;3.7149933013300235E-7-1.6121712771935777E-9i;-1.3939497969559832E-7-1.4548867253343699E-9i;3.180524931117538E-7+1.536501886468284E-12i;3.101315419968623E-7+1.6878244556844195E-9i;7.628939352796866E-8-4.3371428002784805E-10i;3.5640790092565286E-7+4.82751602447733E-14i;-3.049002343256862E-7-9.412950449920381E-14i;3.097334124778288E-7+6.344261114386338E-15i;2.6667399093731466E-7+1.3530393679493555E-13i;1.637173111050264E-7+5.5036278529123826E-14i;1.9315412716212226E-7+2.8815076113687246E-13i;-3.168577439987272E-7-1.0803641833042661E-13i;-6.429012060568365E-8-8.445783988290176E-14i;2.387744816416371E-7-6.687533117122817E-14i;-3.403932533410059E-7-6.058803032059186E-13i;-1.7516148760925757E-7+1.7239300970788823E-13i;-5.676634111401542E-8+7.151021159776239E-14i;3.0969382671171755E-7+1.2042529933304147E-11i;-3.565834117871547E-8+2.6734576041255625E-12i;2.5633995611955656E-7-1.0444679889124335E-12i;-3.0664813976496606E-8+2.1213469430167968E-11i;1.959764285958281E-7-9.64308994026819E-12i;3.090320305600229E-7+2.262166864154207E-11i;5.696987945614982E-8+2.6103126088842484E-12i
-1.8724390975241055E-7-4.757313660120798E-10i;3.595614005849233E-7-1.549324815036297E-9i;-1.5332381042731815E-7-1.4398463215102476E-9i;2.9439219155132515E-7+2.4542523819850512E-11i;3.109234482449339E-7+1.7405037865461116E-9i;9.145970729900112E-8-2.947364914009852E-10i;3.6114557186415556E-7+4.351624986202655E-14i;-2.6700522445922584E-7-8.694477184106572E-14i;2.7676163156681013E-7+1.6701706520135406E-15i;2.880718977933137E-7+1.6123734200792293E-13i;7.663463232908628E-8+4.0434328657288765E-14i;1.1333975459767687E-7+1.8478663734176946E-13i;-2.9045220875288436E-7-9.304494995811904E-14i;-1.1737798223527725E-7-8.610776296589371E-14i;1.8177749981141183E-7-8.779906866943493E-14i;-3.302455253122169E-7-6.236266761149463E-13i;-8.184959091164244E-8+7.206410539503287E-14i;5.9434790423603845E-8+2.282175325578312E-13i;2.9261130841667976E-7+1.5165809972490864E-11i;-1.5969980485007926E-7+3.3542885119159477E-12i;2.158467565065601E-7-8.655484720329425E-13i;9.938450688994804E-8-5.909422926106971E-12i;1.1107022846883155E-7+3.13427968862997E-12i;3.092993573281667E-7+2.646365332228807E-11i;-6.75409246719797E-8+2.7965873175308515E-12i
-1.6502929649106005E-7-4.2483138941190246E-10i;3.4762347109514295E-7-1.486478353252744E-9i;-1.6725264119593224E-7-1.4248059178512424E-9i;2.707318899782578E-7+4.754854563619157E-11i;3.117153544299419E-7+1.7931831168581917E-9i;1.0663002104667969E-7-1.55758702865222E-10i;3.6539169346232283E-7+3.9707962137209824E-14i;-2.2812938524231703E-7-7.71897625322292E-14i;2.407905378294696E-7+3.949226096884669E-15i;3.0765510618368277E-7+1.805822601517998E-13i;-5.162533111002536E-9+3.2159515991585603E-14i;3.7178238596964754E-8+7.639976608032449E-14i;-2.5832141054767624E-7-7.326013287466249E-14i;-1.6878157435007136E-7-7.788954416043857E-14i;1.2471092271231714E-7-1.1244993637470188E-13i;-3.082686890008791E-7-6.247424177468584E-13i;1.4386291451058756E-8-2.220496578738757E-14i;1.4858949229021603E-7+2.524443693356995E-13i;2.7095145300102195E-7+1.720076252438849E-11i;-2.5140692006492894E-7+3.8410907769035375E-12i;1.7355233503881943E-7-6.728608480782398E-13i;2.0099487684213822E-7-2.923239275529303E-11i;1.806358362761805E-8+1.4196286486563644E-11i;2.975221890588657E-7+2.8492063854182203E-11i;-1.694637699674304E-7+2.8796884017589294E-12i
-1.4281468323427784E-7-3.73931412794312E-10i;3.3568554166203193E-7-1.4236318918465888E-9i;-1.8118147200460342E-7-1.4097655143611545E-9i;2.470715883892454E-7+7.055456734066688E-11i;3.125072605485028E-7+1.8458624465938826E-9i;1.2180033476649582E-7-1.6780914442561202E-11i;3.6905852818477744E-7+3.6696165996378863E-14i;-1.882671374827239E-7-6.646545247585567E-14i;2.018358201778829E-7+8.171271177649199E-15i;3.2491648018879826E-7+1.9390295981096533E-13i;-7.896824523276347E-8+2.1637205348477574E-14i;-3.250181822620811E-8-3.574898142637365E-14i;-2.2051696645414621E-7-5.244626027008381E-14i;-2.1640215424759851E-7-6.432149397759083E-14i;7.03928096848293E-8-1.3109873683195302E-13i;-2.7391703073878815E-7-5.857967970327549E-13i;1.080726410719228E-7-7.335104495243012E-14i;2.0195274534219404E-7+2.235755870746916E-13i;2.468345498702726E-7+1.7878209938131334E-11i;-3.0063793586845753E-7+4.06493150040184E-12i;1.3247890134888034E-7-4.917615418411018E-13i;2.6188167445075276E-7-4.631752087491357E-11i;-7.649458437236906E-8+2.243872370812775E-11i;2.760733986595292E-7+2.853220475401136E-11i;-2.34663447048668E-7+2.904055293069257E-12i
-1.206000699836681E-7-3.23031436159894E-10i;3.23747612276837E-7-1.3607854308039984E-9i;-1.9511030285303948E-7-1.3947251110201585E-9i;2.234112867823899E-7+9.356058893811808E-11i;3.1329916660681755E-7+1.8985417757863788E-9i;1.369706484559007E-7+1.2219687384427557E-10i;3.7207438471455005E-7+3.3014125166075755E-14i;-1.4749224237406178E-7-5.645438386216098E-14i;1.601441032524156E-7+7.0791232508104E-15i;3.393774305984905E-7+2.1133599152205104E-13i;-1.4202075550622634E-7+8.282762287908126E-15i;-9.271171977875032E-8-1.187243063353976E-13i;-1.7751415047334716E-7-2.676967047097379E-14i;-2.5796684909555064E-7-6.182963942100848E-14i;2.1985118349504848E-8-1.3293083121381678E-13i;-2.2764943737350722E-7-5.18649746467285E-13i;1.9296077512515468E-7-2.0655227495647665E-13i;2.1484092804802493E-7+1.0383330458593803E-13i;2.229379201792278E-7+1.71927646117843E-11i;-3.020015831581945E-7+3.922883272493192E-12i;9.508497435685275E-8-4.69955955673548E-13i;2.746462482977709E-7-5.5535944574556455E-11i;-1.648558379528181E-7+2.695857464257581E-11i;2.492457983359556E-7+2.686858641861067E-11i;-2.5378661852222473E-7+2.73383091924002E-12i
-9.838545674249717E-8-2.721314595027532E-10i;3.118096829206778E-7-1.2979389700968446E-9i;-2.0903913373682817E-7-1.3796847077799463E-9i;1.9975098515680673E-7+1.16566610431268E-10i;3.1409107262323355E-7+1.951221104547563E-9i;1.5214096211430295E-7+2.6117466196696763E-10i;3.743840458138134E-7+2.9018148163510675E-14i;-1.0594367639981498E-7-4.6059340865236254E-14i;1.1614712011928578E-7-4.574483460190764E-15i;3.506229615657695E-7+2.2814780250588943E-13i;-1.918116713366635E-7-8.784549750005441E-16i;-1.4067706966091826E-7-1.8496486017770318E-13i;-1.301312005163649E-7-1.9828662048374825E-15i;-2.913298812165074E-7-6.549857124605427E-14i;-1.7471426378557978E-8-1.2501742163313753E-13i;-1.7090767043564848E-7-4.0134258860694483E-13i;2.6296805497995234E-7-3.7601199743780787E-13i;1.8797857166393873E-7-6.986589696111242E-14i;2.0202334149819495E-7+1.5207306249175562E-11i;-2.5644247908060205E-7+3.4485604497993294E-12i;6.267452449214858E-8-6.039027215325114E-13i;2.3888422115540073E-7-5.6169553993810026E-11i;-2.392813833702976E-7+2.7315090644879888E-11i;2.2237716672290982E-7+2.3883684621674694E-11i;-2.2486544636672845E-7+2.444464160002758E-12i
-7.617084351565862E-8-2.2123148281522104E-10i;2.9987175356352457E-7-1.2350925096432677E-9i;-2.2296796464663272E-7-1.3646443045717355E-9i;1.76090683512531E-7+1.3957263183493346E-10i;3.148829786290542E-7+2.003900433081258E-9i;1.6731127574352399E-7+4.001524499015493E-10i;3.7594618048045656E-7+2.4427334671359707E-14i;-6.380854444850119E-8-3.586206820601776E-14i;7.041048644038512E-8-1.589927720427902E-14i;3.583170771191752E-7+2.3519571289730483E-13i;-2.2625189989813477E-7-1.4997377574487208E-14i;-1.7406110742590638E-7-2.389943537626673E-13i;-7.943990046033272E-8+2.1432895072266304E-14i;-3.146741939477366E-7-6.174669974204249E-14i;-4.5370156452728964E-8-1.1062776732213515E-13i;-1.0599325706935864E-7-2.5775944204291933E-13i;3.1286143927389926E-7-4.955218635105543E-13i;1.277098965492049E-7-3.4900552059752666E-13i;1.8656858101980948E-7+1.2202992162499212E-11i;-1.7149115339206615E-7+2.7729140436918E-12i;3.5164733799804476E-8-7.538566574394785E-13i;1.616814288915269E-7-4.875750190996532E-11i;-2.930092078260987E-7+2.3800623211560575E-11i;2.0085806868159862E-7+2.000651269845326E-11i;-1.5409202769634898E-7+2.112733121955434E-12i
-5.395623030816611E-8-1.7033150609386453E-10i;2.8793382416846565E-7-1.172246049309012E-9i;-2.3689679556642044E-7-1.349603901304389E-9i;1.524303818511736E-7+1.625786531799607E-10i;3.1567488466404043E-7+2.056579761660077E-9i;1.8248158935005068E-7+5.391302376490833E-10i;3.7673383536800823E-7+1.904333682568627E-14i;-2.1308701186533288E-8-2.733559680291069E-14i;2.3595629516805403E-8-3.246221917573058E-14i;3.622255767157944E-7+2.4178446321598667E-13i;-2.438563119464854E-7-3.3245593543296484E-14i;-1.9118669033217267E-7-2.6975429817699384E-13i;-2.6696900564518434E-8+3.5870579177779006E-14i;-3.266862039700095E-7-6.806248463525955E-14i;-5.98110786148019E-8-9.13280621863938E-14i;-3.589429611090779E-8-9.114847109008326E-14i;3.388031590553158E-7-6.175276751536113E-13i;4.521308411554783E-8-6.876094455774623E-13i;1.7843584273823004E-7+8.641995208449556E-12i;-6.034796936293897E-8+1.9359972040876643E-12i;1.1207211917273203E-8-9.211430079879056E-13i;5.665843522970773E-8-3.5008597328349843E-11i;-3.210230406419303E-7+1.7175722039630835E-11i;1.8904224528227349E-7+1.624123341547168E-11i;-5.487632583630861E-8+1.867030340989594E-12i
-3.1741617124826254E-8-1.1943152933457188E-10i;2.7599589470104244E-7-1.1093995889745175E-9i;-2.508256264819227E-7-1.3345634978913976E-9i;1.287700801742078E-7+1.855846744922989E-10i;3.164667907653957E-7+2.109259090533671E-9i;1.9765190293940916E-7+6.78108025202334E-10i;3.767333427786187E-7+1.3875969512762297E-14i;2.131496839701412E-8-1.908287720876425E-14i;-2.358437467950276E-8-5.233045458207119E-14i;3.6222748565328217E-7+2.456728391213716E-13i;-2.4385660042873935E-7-4.2091268989419096E-14i;-1.9118485457520115E-7-2.8433314317593454E-13i;2.673995990652814E-8+4.082083627268961E-14i;-3.2668502591103563E-7-8.457602732025142E-14i;-5.980813082850195E-8-7.670868675392732E-14i;3.598359088224218E-8+8.788671922742481E-14i;3.3880145620119397E-7-7.034418830201658E-13i;-4.5149330006723624E-8-9.222318057671325E-13i;1.785923242960318E-7+5.06380829253631E-12i;6.00484980273839E-8+1.1336464838531322E-12i;-1.1427809475206878E-8-9.969922220777357E-13i;-5.8196692902421705E-8-1.7368792052636182E-11i;-3.2072965087381077E-7+8.73342439954007E-12i;1.8930191556383076E-7+1.3133979587936895E-11i;5.447227301013809E-8+1.7973634716494982E-12i
-9.527003969416388E-9-6.853155253421667E-11i;2.640579651349424E-7-1.0465531285583344E-9i;-2.647544573831142E-7-1.319523094259807E-9i;1.051097784829212E-7+2.0859069578874496E-10i;3.172586969620196E-7+2.161938419886517E-9i;2.128222165153644E-7+8.170858125451911E-10i;3.7594466040486976E-7+8.934257501995584E-15i;6.381474639390081E-8-1.0764224471129517E-14i;-7.039876861610131E-8-7.158549309259821E-14i;3.5832258251363204E-7+2.445319585441961E-13i;-2.2625211723448882E-7-4.709692535697131E-14i;-1.7405512680669725E-7-2.799702422440655E-13i;7.947850544459587E-8+3.6948605257626045E-14i;-3.1467052342616154E-7-9.571245712877816E-14i;-4.5361233805681695E-8-6.132218386300666E-14i;1.0607307988039679E-7+2.771047859648237E-13i;3.128567770188644E-7-7.3392421158251E-13i;-1.2766602772597176E-7-1.0810483275958939E-12i;1.8701479247930026E-7+2.0293805509374043E-12i;1.7119392049430433E-7+4.553887533788508E-13i;-3.535651880496351E-8-9.966124703781822E-13i;-1.6310052032022976E-7+1.0474589794385608E-12i;-2.9217918181328144E-7-8.918580640290255E-14i;2.015912970309502E-7+1.1300440106139027E-11i;1.5367030913403008E-7+1.8319986180302734E-12i
1.2687609156106693E-8-1.7631575692882925E-11i;2.5212003545397645E-7-9.837066679979017E-10i;-2.786832882642097E-7-1.3044826903703009E-9i;8.144947677864041E-8+2.3159671708683235E-10i;3.1805060327200524E-7+2.2146177498494672E-9i;2.2799253008018092E-7+9.560635996710855E-10i;3.7438131786133257E-7+4.45498458212496E-15i;1.0594907112206123E-7-2.2100003426286695E-15i;-1.1613240141064981E-7-8.275837803997059E-14i;3.506312034079698E-7+2.4127634182340024E-13i;-1.9181065492199204E-7-4.777149734187342E-14i;-1.406665622253901E-7-2.573707865256303E-13i;1.301572707976741E-7+3.7032846930442593E-14i;-2.913234153379795E-7-9.400730011786516E-14i;-1.745803304582554E-8-4.8098985836894284E-14i;1.7096234347257336E-7+4.2440526906918024E-13i;2.6296291942967993E-7-7.070051457848315E-13i;-1.8796317440637475E-7-1.1709328513415613E-12i;2.0268940330951296E-7+2.927968821361044E-14i;2.5613737813202754E-7+3.4531432302194803E-14i;-6.280875105610431E-8-8.093443973389484E-13i;-2.400647015762111E-7+1.7341361336587202E-11i;-2.3805660491705318E-7-7.920486781400141E-12i;2.2344710742418308E-7+1.0968374441631343E-11i;2.2440365450848462E-7+1.922035904898827E-12i
3.490222225155967E-8+3.3268401187636215E-11i;2.401821056514635E-7-9.208602072536936E-10i;-2.9261211912336234E-7-1.2894422862069388E-9i;5.7789175062765646E-8+2.5460273839925857E-10i;3.188425097035281E-7+2.267297080483058E-9i;2.4316284363498016E-7+1.0950413865755994E-9i;3.720704761318476E-7+8.788745426409208E-16i;1.4749727739185837E-7+6.309453235809422E-15i;-1.601279656599154E-7-9.752729713067448E-14i;3.3938845331246285E-7+2.375233841473792E-13i;-1.4202005421445403E-7-4.059138318644326E-14i;-9.269838296403935E-8-2.053083786444155E-13i;1.7752846224936926E-7+4.073651103011099E-14i;-2.5795851701615015E-7-9.04837687535728E-14i;2.2001593491757312E-8-2.314174871423249E-14i;2.2767813728540942E-7+5.551245396985505E-13i;1.9295493927143294E-7-6.072731402989954E-13i;-2.1483414675429187E-7-1.1316824270971786E-12i;2.2372432813437706E-7-5.720664364231233E-13i;3.0165815419367937E-7-9.011591443913895E-14i;-9.516290421290476E-8-4.508350221801413E-13i;-2.754681991608968E-7+2.8926549690788425E-11i;-1.634382080439688E-7-1.356137187578591E-11i;2.5045635209405844E-7+1.2244264223980757E-11i;2.5325384907053334E-7+2.123451287850963E-12i
5.7116835318554717E-8+8.416837810370799E-11i;2.282441757296595E-7-8.580137463103403E-10i;-3.065409499622476E-7-1.2744018817802887E-9i;3.4128873336816355E-8+2.776087597355692E-10i;3.1963441625558477E-7+2.3199764117964903E-9i;2.583331571801365E-7+1.2340191732623146E-9i;3.690534655638356E-7-2.0075293011757158E-15i;1.8827213649792744E-7+1.5159391652585627E-14i;-2.0181943938329145E-7-1.0904119811326363E-13i;3.249301776765302E-7+2.337839331175827E-13i;-7.896812884122676E-8-2.8091391907294365E-14i;-3.2486021433872835E-8-1.4078205636612308E-13i;2.2051998449278324E-7+5.031205880988897E-14i;-2.1639205510349754E-7-8.595050989291156E-14i;7.041227192242157E-8-1.7384180100869312E-15i;2.739203595887971E-7+6.255218813182341E-13i;1.0806297005403872E-7-3.8906811727266674E-13i;-2.0195013129564846E-7-9.591816160576516E-13i;2.4762352323045433E-7+3.28956017679973E-13i;3.0024688451444544E-7+1.2131214335479143E-13i;-1.325000607058756E-7+6.967360067716387E-14i;-2.6227463051293646E-7+3.4130571232828746E-11i;-7.51166345608241E-8-1.6267555075199484E-11i;2.77200303609692E-7+1.4855728646833006E-11i;2.3405669240936047E-7+2.343776705087092E-12i
7.933144836026132E-8+1.350683550497001E-10i;2.1630624569825745E-7-7.951672851783279E-10i;-3.2046978078533603E-7-1.2593614771182112E-9i;1.0468571602328156E-8+3.006147810993219E-10i;3.2042632291965503E-7+2.3726557437515395E-9i;2.735034707157035E-7+1.372996959739995E-9i;3.653855733458076E-7-3.993706478933125E-15i;2.281344225973035E-7+2.360204255807324E-14i;-2.4077429341320555E-7-1.1647412348977771E-13i;3.076716590032193E-7+2.3049614952198914E-13i;-5.163449281116235E-9-1.468167939387732E-14i;3.719597755531282E-8-5.923329494320752E-14i;2.5831264653354595E-7+6.267605049061563E-14i;-1.687704130697026E-7-8.115686637983716E-14i;1.247334414416262E-7+1.1706968320975492E-14i;3.082466328137073E-7+6.449255719551365E-13i;1.4370374304492313E-8-1.0822366588917509E-13i;-1.4858772404258764E-7-6.912914609837755E-13i;2.716243536752386E-7+2.664639678363957E-12i;2.5096439713809584E-7+6.625229011430485E-13i;-1.7351853650469184E-7+6.861837127805743E-13i;-2.009241693057446E-7+3.235074261121875E-11i;1.9169066960219597E-8-1.5757713116425213E-11i;2.9835353542697923E-7+1.829943533765419E-11i;1.6878894608585765E-7+2.4721804459097453E-12i
1.0154606138139171E-7+1.8596833202417745E-10i;2.043683155737228E-7-7.323208238728663E-10i;-3.343986115995141E-7-1.2443210722788213E-9i;-1.3191730139117532E-8+3.236208024927038E-10i;3.212182296814394E-7+2.4253350762817113E-9i;2.886737842425065E-7+1.5119747460400907E-9i;3.611383891162033E-7-6.788523096411286E-15i;2.6701072559294767E-7+3.2354156900538024E-14i;-2.767468759684564E-7-1.1543901656606577E-13i;2.880906949681958E-7+2.205270080587465E-13i;7.663363912770723E-8+5.720480690247434E-15i;1.1336054984493913E-7+3.1818087342514034E-14i;2.90433091914314E-7+7.028243251181416E-14i;-1.1736366454145815E-7-6.983266862692285E-14i;1.818047600175948E-7+2.0004543620031803E-14i;3.3020060607692246E-7+6.408442942278806E-13i;-8.188000537964196E-8+1.9011219653532582E-13i;-5.942887979375328E-8-3.0828830892393446E-13i;2.9306133813092206E-7+6.142714365208255E-12i;1.5920472046880147E-7+1.5083090599370499E-12i;-2.1576472906750153E-7+1.3717132126051617E-12i;-9.8849242899209E-8+2.4093302434517272E-11i;1.1171353272638809E-7-1.2232998061101936E-11i;3.0966318848601946E-7+2.1960572189126037E-11i;6.680842203973702E-8+2.553833497325161E-12i
1.2376067438805361E-7+2.368683090254268E-10i;1.9243038537540516E-7-6.694743624192263E-10i;-3.483274424127997E-7-1.2292806673168544E-9i;-3.6852031885744885E-8+3.466268239175353E-10i;3.22010136526572E-7+2.4780144093012717E-9i;3.0384409776411137E-7+1.6509525322002726E-9i;3.563994278121915E-7-9.751495949408482E-15i;3.049072161823609E-7+4.118093747760794E-14i;-3.097228421009273E-7-1.0049903914114928E-13i;2.666928467470499E-7+2.1238262652443303E-13i;1.6371507748805813E-7+2.7644219916030282E-14i;1.9317683306340342E-7+1.4456619716432617E-13i;3.16831037676082E-7+8.380448356290751E-14i;-6.426729084953488E-8-5.846575522017426E-14i;2.388040911844391E-7+2.4031058884649292E-14i;3.4032709539197977E-7+5.515314112788165E-13i;-1.7521531341879482E-7+4.804027974477434E-13i;5.6769833628139114E-8+9.437843528235328E-14i;3.0982296625690924E-7+1.0417222211013888E-11i;3.512458562490278E-8+2.5508159045505894E-12i;-2.5620656450867957E-7+2.137102006005695E-12i;3.16212070661253E-8+1.0742000466630283E-11i;1.9602800166268225E-7-6.2805384541008324E-12i;3.087886479554709E-7+2.523470111777037E-11i;-5.773169552095721E-8+2.4434333773982726E-12i
1.4597528738641785E-7+2.87768286048981E-10i;1.8049245512425614E-7-6.066279008460856E-10i;-3.622562732302739E-7-1.2142402622813472E-9i;-6.051233363536227E-8+3.696328453709883E-10i;3.2280204343649985E-7+2.5306937426966524E-9i;3.1901441128400513E-7+1.7899303182625229E-9i;3.512770118433788E-7-1.2413280781947196E-14i;3.4193545139570586E-7+4.9289904837567243E-14i;-3.4000720671465526E-7-8.412183654111655E-14i;2.4399894537734455E-7+2.0031862221338408E-13i;2.536631737102943E-7+4.254564014062049E-14i;2.742931049292921E-7+2.652531440252186E-13i;3.3804816218814485E-7+9.548751367490584E-14i;-1.1117356319297343E-8-5.109396670224874E-14i;2.9371244769304134E-7+1.5527955899550012E-14i;3.402946237691578E-7+4.746694642920451E-13i;-2.6194602052264914E-7+7.697912391585876E-13i;1.8926879566294105E-7+5.986736562298093E-13i;3.208226514213206E-7+1.5091257092844127E-11i;-1.0875898477123566E-7+3.6852778366588056E-12i;-2.9221277198377905E-7+2.8793971161155378E-12i;1.764205448276732E-7-5.806048533241662E-12i;2.681558429293044E-7+1.1572871493789342E-12i;2.9575642589821353E-7+2.7816630241273748E-11i;-1.8970746299341776E-7+2.250685574110358E-12i
1.6818990038110776E-7+3.3866826308665003E-10i;1.6855452484324688E-7-5.437814391943109E-10i;-3.761851040508848E-7-1.1991998572100103E-9i;-8.417263538578097E-8+3.9263886683971065E-10i;3.2359395038170257E-7+2.5833730762931464E-9i;3.341847248016053E-7+1.9289081042618913E-9i;3.459060316747961E-7-1.4813673049051507E-14i;3.7834615710510295E-7+5.725047588538626E-14i;-3.683432183944076E-7-6.459431490746474E-14i;2.205277450827219E-7+1.796187552073821E-13i;3.446616652147924E-7+5.562050673104241E-14i;3.552612081132391E-7+3.7905831985375756E-13i;3.554546297021202E-7+1.094964698901196E-13i;4.129825854834083E-8-3.5398846494587716E-14i;3.4593539810003435E-7-2.8691301450658854E-15i;3.3307866460188016E-7+3.9641217977611715E-13i;-3.4157612281033115E-7+1.0603342939099737E-12i;3.282331626580253E-7+1.1746211425640225E-12i;3.265789939652667E-7+1.9788541905392292E-11i;-2.6089678411606876E-7+4.853755155236577E-12i;-3.2288918062929264E-7+3.5620866513273134E-12i;3.241746321541629E-7-2.3832230306729452E-11i;3.285199497396019E-7+9.29523171968894E-12i;2.731279533137098E-7+2.963206030373981E-11i;-3.1846647080965584E-7+2.0274482359561033E-12i