;;;;;;;;;;;;;;;;;;;;;;;;
-2.66744473241046E-8;2.8789582698834486E-7;3.843362206572821E-7;3.34702687933303E-8;1.4874701910559043E-7;-3.8849718153401426E-7;3.407883668577908E-7;3.7811427442147664E-7;3.679034277291477E-7;-1.9614742656209165E-7;3.434994980731677E-7;-3.5508696614658926E-7;3.5502303988525115E-7;7.69474460469919E-8;3.451378481729493E-7;-3.2632405138532E-7;3.4047635134784185E-7;-3.285911612892595E-7;-2.442682525075779E-7;-3.2672680119980544E-7;-3.2259340694830505E-7;3.28645313700118E-7;-3.237578435494995E-7;-3.1695442054433713E-7;2.6823431717308425E-7
-4.8177499249997905E-9;2.7552477822059543E-7;3.6983680466335807E-7;1.1323727651408637E-8;1.4724008447252257E-7;-3.7196584218743184E-7;3.470462928019984E-7;3.415452747415105E-7;3.393569689078573E-7;-2.2370564963285617E-7;2.525244093434095E-7;-2.7575205535670157E-7;3.3813335302995766E-7;2.0732082085736972E-8;2.965830075826634E-7;-3.376960524392706E-7;2.59216220197158E-7;-1.910484518696763E-7;-9.411556985103723E-8;-3.20580834990154E-7;-2.8732659552157997E-7;2.673637695021268E-7;-1.746509091452013E-7;-1.8839378762131977E-7;2.9467441898447946E-7
1.7038947486448716E-8;2.631537294466439E-7;3.5533738868731414E-7;-1.0822813478987285E-8;1.4573314984765915E-7;-3.554345028325223E-7;3.5301685671417625E-7;3.044025490556733E-7;3.089424154648969E-7;-2.5035889964602123E-7;1.6258345737945836E-7;-1.9626778821054372E-7;3.174096863186E-7;-3.618035000106553E-8;2.453050519628914E-7;-3.414722384181524E-7;1.7117624343857797E-7;-5.972103375956812E-8;4.744508996880888E-8;-3.0838832474307705E-7;-2.468072081126298E-7;1.9436876965278444E-7;-2.8870478144874378E-8;-5.700339129634483E-8;3.096312779356057E-7
3.889564492090742E-8;2.507826806660394E-7;3.408379727421419E-7;-3.296935458846097E-8;1.4422621523238788E-7;-3.3890316346347915E-7;3.5854279077640256E-7;2.664403714735273E-7;2.75909696316189E-7;-2.755032837928227E-7;7.546659821739281E-8;-1.1802162312604674E-7;2.9140435742602624E-7;-9.297489558017519E-8;1.9179138427470553E-7;-3.34358356604458E-7;7.677842810497171E-8;5.5726238673758675E-8;1.6903014148599871E-7;-2.894981435069268E-7;-2.023527115998344E-7;1.0905170216540928E-7;1.0223268689728122E-7;6.679184891808412E-8;3.100076559176444E-7
6.075234238577348E-8;2.38411631880696E-7;3.2633855683564676E-7;-5.511589567004524E-8;1.4271928062133157E-7;-3.2237182406942456E-7;3.634973649064481E-7;2.2754970051854814E-7;2.399509225261472E-7;-2.9852588377438945E-7;-6.40952376067932E-9;-4.3315802366194034E-8;2.595387703041876E-7;-1.4791681194562066E-7;1.3796079500640913E-7;-3.1446881095067734E-7;-2.0314095695133635E-8;1.445951585291456E-7;2.583405751387324E-7;-2.6513582408512305E-7;-1.572122058158788E-7;1.5366579637407344E-8;2.0457281850823045E-7;1.680628617377635E-7;2.9578157232646524E-7
8.260903988602888E-8;2.260405830938346E-7;3.118391409728567E-7;-7.726243671874148E-8;1.4121234600658528E-7;-3.05840484638548E-7;3.6777776947925175E-7;1.8772097997760236E-7;2.0106834599348634E-7;-3.188286461261081E-7;-8.032550163943517E-8;2.5066399090814134E-8;2.218350745674263E-7;-1.9878279178155473E-7;8.65315839508749E-8;-2.811138687590856E-7;-1.1466306717734687E-7;1.9809705616156282E-7;3.054152529448139E-7;-2.3771936341195895E-7;-1.149709500173687E-7;-8.013477067235772E-8;2.657972880693732E-7;2.3280762533456178E-7;2.697901915559701E-7
1.0446573742677771E-7;2.136695343084766E-7;2.9733972515847134E-7;-9.940897772945451E-8;1.3970541138146478E-7;-2.893091451619625E-7;3.7129968220347114E-7;1.4702184105255242E-7;1.594957398218017E-7;-3.3584445231448096E-7;-1.4350138164178883E-7;8.417996406366066E-8;1.787610468832178E-7;-2.431598040856201E-7;4.056764387242947E-8;-2.3471726162511465E-7;-2.0004721722258598E-7;2.1147501526199542E-7;3.0499431021364484E-7;-2.1032492918632804E-7;-7.844033320495786E-8;-1.6961652422635722E-7;2.7847271883325685E-7;2.517679471732119E-7;2.3719643147745233E-7
1.2632243501183424E-7;2.0129848552819772E-7;2.828403093964658E-7;-1.2155551869823343E-7;1.3819847673979475E-7;-2.727778056328832E-7;3.7399803906551167E-7;1.0558461149059837E-7;1.1565670840418165E-7;-3.490807323211745E-7;-1.9340672329740122E-7;1.3128582587569377E-7;1.3115616830542487E-7;-2.787679385361915E-7;3.0273266059510246E-9;-1.7682220341454514E-7;-2.704015608885827E-7;1.8537129819428074E-7;2.5808500776928967E-7;-1.8616411773156544E-7;-4.8986234711378385E-8;-2.4518976204086725E-7;2.422236604438832E-7;2.2304421565549985E-7;2.044859452845538E-7
1.4817913264393575E-7;1.8892743675671904E-7;2.683408936902128E-7;-1.4370205962213818E-7;1.3669154207612835E-7;-2.5624646604619413E-7;3.7582412947164624E-7;6.358745148093426E-8;7.010611780625165E-8;-3.581384476868972E-7;-2.279359046703132E-7;1.640790161392236E-7;8.012343874907714E-8;-3.036771587399795E-7;-2.3552241766693423E-8;-1.0992949757784009E-7;-3.205101033346365E-7;1.260377106200845E-7;1.72167228193882E-7;-1.681379951417516E-7;-2.6239709924134484E-8;-2.9992419439468836E-7;1.6418164289779495E-7;1.52789181835708E-7;1.782210040277997E-7
1.7003583032481717E-7;1.765563879979641E-7;2.538414780426612E-7;-1.658486004991998E-7;1.351846073855862E-7;-2.3971512639800186E-7;3.7674589778660676E-7;2.1240790453835297E-8;2.349016056797802E-8;-3.627382670673762E-7;-2.4558737965720803E-7;1.809018980357236E-7;2.695392205504717E-8;-3.164918275249229E-7;-3.731977559297771E-8;-3.730335653080244E-8;-3.465528150749537E-7;4.4590803834437765E-8;6.032699399894697E-8;-1.5844944697254083E-7;-8.240653812026162E-9;-3.2865893765462797E-7;5.8072665162604686E-8;5.432963835836869E-8;1.6371900139042791E-7
1.9189252805473473E-7;1.6418533925691462E-7;2.393420624567797E-7;-1.8799514132879444E-7;1.3367767266306802E-7;-2.2318378668464287E-7;3.767473277261949E-7;-2.122411333015782E-8;-2.3485573383552373E-8;-3.627371517268293E-7;-2.4558662622198924E-7;1.8089731566500367E-7;-2.6937931979733034E-8;-3.1649024946572783E-7;-3.731378830019824E-8;3.729116988872706E-8;-3.46546352374623E-7;-4.4659335843244785E-8;-6.065329325936941E-8;-1.582786075728307E-7;8.029766035038054E-9;-3.286887284710889E-7;-5.797220940574048E-8;-5.414109088641011E-8;1.6390162886546992E-7
2.1374922583132685E-7;1.518142905408945E-7;2.2484264693622545E-7;-2.101416821127032E-7;1.3217073790261252E-7;-2.0665244690185678E-7;3.758283570682495E-7;-6.357109401493907E-8;-7.010268230627794E-8;-3.581350475199451E-7;-2.2793459273742176E-7;1.6406671073053454E-7;-8.010910913330008E-8;-3.036735079063934E-7;-2.3536585637245516E-8;1.0992065846388101E-7;-3.2049487594669276E-7;-1.2608999730106754E-7;-1.7249771204263736E-7;-1.676492348156116E-7;2.6057186246635857E-8;-3.0001401156060975E-7;-1.640676075067448E-7;-1.5253511110860893E-7;1.787312868177112E-7
2.3560592364543176E-7;1.3944324185915871E-7;2.103432314803739E-7;-2.3228822285895473E-7;1.3066380309855836E-7;-1.9012110704903164E-7;3.7400493098681856E-7;-1.0556863544726768E-7;-1.1565463990434924E-7;-3.4907517087783975E-7;-1.934091143472912E-7;1.3127158970524408E-7;-1.3114298845197827E-7;-2.787665234155138E-7;3.044116470490845E-9;1.7681524340631333E-7;-2.7039312046224405E-7;-1.8539076155346194E-7;-2.584198693425426E-7;-1.8542137095838196E-7;4.885274948223697E-8;-2.45346115385203E-7;-2.420848012333433E-7;-2.2267336970726866E-7;2.0520907359356048E-7
2.5746262148433705E-7;1.2707219322252763E-7;1.958438160877034E-7;-2.544347635787544E-7;1.2915686824509372E-7;-1.735897671261202E-7;3.7130920749662753E-7;-1.4700685440724236E-7;-1.5949686447615293E-7;-3.358372543163081E-7;-1.435079582824863E-7;8.416497855679282E-8;-1.7875161710334424E-7;-2.4316315858651863E-7;4.05839284826126E-8;2.3471812525322995E-7;-2.0005376106811718E-7;-2.11470799138108E-7;-3.0536046510058153E-7;-2.0944624630507416E-7;7.83686885161403E-8;-1.6983347994364778E-7;-2.7833276507222184E-7;-2.5128251515848206E-7;2.380105436585301E-7
2.793193193372848E-7;1.14701144640226E-7;1.8134440075758355E-7;-2.7658130428154123E-7;1.2764993333741963E-7;-1.5705842713258203E-7;3.6778954879184403E-7;-1.8770692173124186E-7;-2.0107195653515368E-7;-3.188185808301794E-7;-8.033599839695092E-8;2.5052048617203038E-8;-2.218259541286381E-7;-1.9879085483606675E-7;8.654225568155894E-8;2.8111554815669587E-7;-1.1469332891366451E-7;-1.9808783970703412E-7;-3.058375931102371E-7;-2.3683076549135778E-7;1.1494879605676373E-7;-8.04040843017384E-8;-2.6568773677665424E-7;-2.322376020024646E-7;2.7052693856383144E-7
3.0117601719447464E-7;1.0233009611596942E-7;1.6684498548282615E-7;-2.987278449766181E-7;1.261429983749614E-7;-1.4052708707487972E-7;3.6351109912218585E-7;-2.275374826519609E-7;-2.39959581948381E-7;-2.9851230603404235E-7;-6.424266403605082E-9;-4.3327831071250226E-8;-2.595334891871763E-7;-1.479301379372908E-7;1.3796186347775684E-7;3.1447707672833804E-7;-2.0375001757274877E-8;-1.4459585928443692E-7;-2.588419848929783E-7;-2.643713957618654E-7;1.5723776251828088E-7;1.505802927595329E-8;-2.0453440592768558E-7;-1.6747938186911962E-7;2.962902675090404E-7
3.2303271504983783E-7;8.995904764828151E-8;1.523455702541583E-7;-3.208743856708811E-7;1.2463606336097407E-7;-1.239957469627098E-7;3.585581389831454E-7;-2.6643073791416376E-7;-2.759254247675854E-7;-2.7548486026931744E-7;7.545009552202137E-8;-1.1803315148639623E-7;-2.914054048214509E-7;-9.298954134893336E-8;1.9178336763906383E-7;3.3437533459401136E-7;7.669345969291364E-8;-5.574026964744585E-8;-1.696107314424263E-7;-2.889788937843443E-7;2.0242107518626876E-7;1.087341699714675E-7;-1.0227856688726099E-7;-6.624313666299902E-8;3.101664128154232E-7
3.448894129013799E-7;7.758799923168953E-8;1.3784615506214324E-7;-3.4302092636897224E-7;1.2312912830176502E-7;-1.0746440680715923E-7;3.5303372579372746E-7;-3.043950322460351E-7;-3.089640225254802E-7;-2.503359691967174E-7;1.625685170813806E-7;-1.9628161303963115E-7;-3.1741555682193633E-7;-3.6195729013372855E-8;2.4529179804291197E-7;3.414971425619444E-7;1.7107286111990438E-7;5.970305468158651E-8;-4.8084763875972454E-8;-3.082205955873685E-7;2.4692060142590495E-7;1.9407084698824294E-7;2.8753590660676897E-8;5.74973913990396E-8;3.0939230534487454E-7
3.6674611075009135E-7;6.52169508569672E-8;1.2334673989689985E-7;-3.651674670745826E-7;1.216221932070361E-7;-9.093306662095047E-8;3.4706476171795656E-7;-3.415435534808349E-7;-3.3939552187006154E-7;-2.2367636033556373E-7;2.525146205789223E-7;-2.757754102336927E-7;-3.381633147346781E-7;2.073311240967444E-8;2.965774093694245E-7;3.3775618594138417E-7;2.5914787108987506E-7;1.910233185634814E-7;9.342214641321059E-8;-3.208272198477328E-7;2.8749497354214516E-7;2.6717857395976954E-7;1.744803266179812E-7;1.888401185058411E-7;2.940087324877192E-7
3.886028085976771E-7;5.284590250872213E-8;1.0884732474705388E-7;-3.8731400778593463E-7;1.2011525808999267E-7;-7.440172641744746E-8;3.408073863997543E-7;-3.781168246277129E-7;-3.6795397310165165E-7;-1.9610785040130132E-7;3.4350374410737244E-7;-3.5512554067230376E-7;-3.550665699177662E-7;7.69696957338326E-8;3.4513857263274413E-7;3.263943714262918E-7;3.4044211678918414E-7;3.286045618310241E-7;2.4359193209084856E-7;-3.273979532878639E-7;3.228026572780365E-7;3.285696134503222E-7;3.235922750030184E-7;3.1737617480571467E-7;2.6711112740334266E-7
-3.361213184224829E-8;2.9105288969733247E-7;3.6971020346973153E-7;4.26957130233057E-8;1.5347124904743796E-7;-3.7602288394928007E-7;2.8811399998080084E-7;3.646866986808559E-7;3.2562819533018467E-7;-1.205920733058609E-7;3.4998656971245706E-7;-3.381464798560502E-7;2.74796193816734E-7;1.1482840198043534E-7;2.7694354627118203E-7;-1.939972254960801E-7;2.9316749790117344E-7;-3.1723220463059013E-7;-2.8091845244308537E-7;-1.8163698607226793E-7;-1.9665666425787535E-7;2.3675624501194152E-7;-3.1221590660616954E-7;-2.703678227757646E-7;8.096611340549894E-8
-1.1755434449422006E-8;2.786818409525041E-7;3.552107874693609E-7;2.054917187408811E-8;1.5196431439037157E-7;-3.5949154460150815E-7;2.9451405813759035E-7;3.2878440860403774E-7;2.9917364027173036E-7;-1.4822527905685846E-7;2.5982776114136434E-7;-2.6078682436137974E-7;2.6183153602021224E-7;6.169300952094715E-8;2.3239486241166118E-7;-2.1137311018396584E-7;2.2330139843040376E-7;-1.8318545148895231E-7;-1.3374359405719467E-7;-1.7994082010390867E-7;-1.68398553576465E-7;1.9226984471586548E-7;-1.7338979976056833E-7;-1.5959855927674405E-7;1.120067921145253E-7
1.0101262954275866E-8;2.663107922138398E-7;3.4071137148746114E-7;-1.5973692656291573E-9;1.5045737972872013E-7;-3.429602052413364E-7;3.0060898962939067E-7;2.9253830136139087E-7;2.715396656697898E-7;-1.7472336798519056E-7;1.7113605055321646E-7;-1.8392406825338057E-7;2.4622408014213644E-7;9.070139623889101E-9;1.860146578109664E-7;-2.2276564216917185E-7;1.500727035050774E-7;-5.645761943266553E-8;4.02368026403631E-9;-1.7241234822806692E-7;-1.3657874081346207E-7;1.411002458781215E-7;-4.0019512934491124E-8;-4.9531596357115285E-8;1.3122191555741406E-7
3.195796037771372E-8;2.539397434815319E-7;3.2621195553594396E-7;-2.3743910387842674E-8;1.4895044506223757E-7;-3.264288658606447E-7;3.062406158455271E-7;2.556928137792239E-7;2.4197022033859654E-7;-1.9954088154410593E-7;8.56050741341966E-8;-1.0878279797639355E-7;2.2660377505657324E-7;-4.25611712834842E-8;1.3810016136024965E-7;-2.2531775712109313E-7;7.31560448662698E-8;5.4053282762533435E-8;1.223125545275287E-7;-1.5864220605399047E-7;-1.0283636583713583E-7;8.1861602092318E-8;7.864244576867824E-8;5.2426912011185886E-8;1.3658105439644385E-7
5.3814657828040486E-8;2.415686947570225E-7;3.117125396234697E-7;-4.589045148589592E-8;1.474435103873786E-7;-3.098975264499597E-7;3.112825637638578E-7;2.1811430779647492E-7;2.1009872642469683E-7;-2.221319616416027E-7;5.506732758165849E-9;-3.7424966867928186E-8;2.0234334510143035E-7;-9.190870779206362E-8;9.021642848581938E-8;-2.172961946075917E-7;-5.046569245441898E-9;1.3854396611900602E-7;2.101475007163691E-7;-1.3976084848670382E-7;-7.028082419133133E-8;1.6737096896212974E-8;1.7085458820455239E-7;1.3499140597170186E-7;1.2836859013705173E-7
7.567135531063473E-8;2.2919764604215296E-7;2.972131237559886E-7;-6.803699255451539E-8;1.4593657569906364E-7;-2.933661869996656E-7;3.156322064677326E-7;1.7976515719562627E-7;1.758505793662573E-7;-2.4196003816346096E-7;-6.659874403484831E-8;2.7632647349858945E-8;1.7335611107335479E-7;-1.3721336077253133E-7;4.465014531300962E-8;-1.9798623387841913E-7;-8.056927406759711E-8;1.8904263230645723E-7;2.5867420502806737E-7;-1.1786424400163771E-7;-4.214339476245133E-8;-4.995321530586632E-8;2.263229147825688E-7;1.8746261271900626E-7;1.0914641005320573E-7
9.75280528303811E-8;2.168265973386368E-7;2.827137079382331E-7;-9.018353358883485E-8;1.4442964099256533E-7;-2.768348475020016E-7;3.19207102324983E-7;1.406869241303286E-7;1.3938298504839983E-7;-2.58518993502911E-7;-1.280983820437394E-7;8.371282826075406E-8;1.3998132754114453E-7;-1.765137055968642E-7;4.026615933714487E-9;-1.6767885027320626E-7;-1.4868559916388154E-7;2.0133853789106576E-7;2.6330714911019753E-7;-9.562727274132146E-8;-2.0861027285297405E-8;-1.1274240289345077E-7;2.3894015240678944E-7;2.0279214459612286E-7;8.347469567731979E-8
1.1938475039108136E-7;2.0445554864817086E-7;2.682142921739122E-7;-1.1233007458488041E-7;1.4292270626374722E-7;-2.6030350795096075E-7;3.2194365854442113E-7;1.0097941776625634E-7;1.0101706780291422E-7;-2.7136577406726707E-7;-1.7660328254342931E-7;1.2830965942887731E-7;1.0286225892656576E-7;-2.0792467312076147E-7;-2.909794279589667E-8;-1.2759163685115117E-7;-2.0469916306466425E-7;1.7621836992940514E-7;2.2508720859604374E-7;-7.58267347100062E-8;-7.407686170239523E-9;-1.6597443057329495E-7;2.0856224683819533E-7;1.7957691415643452E-7;5.7007946115074196E-8
1.41241447995105E-7;1.920844999732412E-7;2.5371487646616714E-7;-1.344766155400225E-7;1.41415771508625E-7;-2.437721683419088E-7;3.237941884852984E-7;6.07916479242426E-8;6.121176712642568E-8;-2.8014064697721533E-7;-2.1012892632910733E-7;1.5931708076002765E-7;6.290497015251886E-8;-2.298467799565686E-7;-5.2534781171481813E-8;-7.983676874700202E-8;-2.4456787701157486E-7;1.197173321637315E-7;1.5100913763914676E-7;-6.095724246996846E-8;-1.120897008433431E-9;-2.0466502166302524E-7;1.4161818270174548E-7;1.2296399215878775E-7;3.5454093033046746E-8
1.6309814564425582E-7;1.7971345131602083E-7;2.392154608175131E-7;-1.566231564521767E-7;1.3990883672396382E-7;-2.2724082867149442E-7;3.2472797554846536E-7;2.0302439332272532E-8;2.0506445090982682E-8;-2.8459206768000564E-7;-2.272568343996635E-7;1.7521040401984863E-7;2.1172092022287312E-8;-2.411051105923851E-7;-6.466392495988973E-8;-2.7176762075283113E-8;-2.652615448478967E-7;4.232739608715622E-8;5.3079946919770484E-8;-5.294233554364231E-8;1.7022764615762282E-10;-2.2498684876418985E-7;5.010025476392418E-8;4.3636128390158135E-8;2.3483086632140742E-8
1.8495484333938028E-7;1.6734240267897943E-7;2.2471604523010215E-7;-1.7876969732019385E-7;1.384019019068371E-7;-2.1070948893715787E-7;3.2472923088939517E-7;-2.0289515188946104E-8;-2.050496573353529E-8;-2.84590696815389E-7;-2.2725558821313723E-7;1.752060298554581E-7;-2.1164245439399134E-8;-2.4110263733029694E-7;-6.465838546310837E-8;2.7169264519543614E-8;-2.652525220326686E-7;-4.239102596172937E-8;-5.321538383141721E-8;-5.279176257611169E-8;-3.283334928941289E-10;-2.250027968161231E-7;-5.0066969833687315E-8;-4.3705423257667044E-8;2.36312290509634E-8
2.0681154107815217E-7;1.549713540667063E-7;2.1021662970573288E-7;-2.0091623814585927E-7;1.368949670537069E-7;-1.9417814913666931E-7;3.237978428220713E-7;-6.077864701018758E-8;-6.121025689119851E-8;-2.80136416661858E-7;-2.1012703967036723E-7;1.593067407577516E-7;-6.289664238632072E-8;-2.298415649235341E-7;-5.25226717287629E-8;7.982822015198746E-8;-2.445490557934234E-7;-1.1975452476803428E-7;-1.5113225963133957E-7;-6.052350857608778E-8;9.876250494468932E-10;-2.0471893673397872E-7;-1.4155446930035844E-7;-1.22961469138005E-7;3.5860745679766606E-8
2.2866823885303294E-7;1.42600305486481E-7;1.9571721424455349E-7;-2.2306277893562998E-7;1.3538803216030763E-7;-1.7764680926888717E-7;3.219495685623043E-7;-1.0096613904900677E-7;-1.0101485650723405E-7;-2.7135860158725495E-7;-1.7660405329241096E-7;1.282979188804191E-7;-1.0285124442270268E-7;-2.0791972202405083E-7;-2.9086111543327642E-8;1.275786018903609E-7;-2.046816444135587E-7;-1.7622452399068033E-7;-2.2520522033089981E-7;-7.516994178941258E-8;7.308864133611726E-9;-1.6606754188959257E-7;-2.0846115014209138E-7;-1.7945724330701E-7;5.758103338287939E-8
2.505249366540659E-7;1.302292569461273E-7;1.8121779884553876E-7;-2.4520931969825603E-7;1.3388109722280303E-7;-1.6111546933377823E-7;3.192153596978957E-7;-1.4067399092553778E-7;-1.3938206332289676E-7;-2.5851052147935245E-7;-1.2810479556904101E-7;8.37039584225619E-8;-1.3997085837907987E-7;-1.7651657454102674E-7;4.03299900571718E-9;1.6766897618995122E-7;-1.4869070377879147E-7;-2.0132211676484537E-7;-2.6344655685860203E-7;-9.485569190307092E-8;2.0808495531493364E-8;-1.1289087211116967E-7;-2.3883211538591236E-7;-2.0258021906218601E-7;8.411825858991183E-8
2.723816344711529E-7;1.178582084525256E-7;1.6671838350681106E-7;-2.6735586044271304E-7;1.3237416223830173E-7;-1.4458412933226144E-7;3.1564236113864794E-7;-1.797533057627861E-7;-1.7585278783208523E-7;-2.419482221709998E-7;-6.660674383123463E-8;2.7623392341289335E-8;-1.7334782300609175E-7;-1.372192421156074E-7;4.4652034654206565E-8;1.9798200718193217E-7;-8.059056733671447E-8;-1.8902419322162937E-7;-2.588640210808273E-7;-1.1710086322610301E-7;4.213237293163436E-8;-5.012892870332128E-8;-2.2624007950465213E-7;-1.87188347647467E-7;1.0973749083768408E-7
2.942383322967799E-7;1.0548716000750758E-7;1.522189682232855E-7;-2.8950240117626075E-7;1.308672272076789E-7;-1.2805278926929463E-7;3.112944874974712E-7;-2.1810377598714512E-7;-2.1010439236225395E-7;-2.2211661620043032E-7;5.4952299460779325E-9;-3.743177838990174E-8;-2.0233608961553132E-7;-9.191847059753938E-8;9.020910015403076E-8;2.1729374975716784E-7;-5.091138532870801E-9;-1.3853361293559168E-7;-2.1039797535116344E-7;-1.3912592933318208E-7;7.030007148537804E-8;1.6543838433122235E-8;-1.7081864176385684E-7;-1.346965159811367E-7;1.2877106951180316E-7
3.1609503012655795E-7;9.311611160815987E-8;1.3771955298764736E-7;-3.116489419039845E-7;1.2936029213521922E-7;-1.1152144915293333E-7;3.06254192199574E-7;-2.5568470280011953E-7;-2.419827791348134E-7;-1.9952181434022904E-7;8.559276645631762E-8;-1.08789887115503E-7;-2.2660369405691708E-7;-4.2572372262776505E-8;1.3808733250640712E-7;2.2532780343589582E-7;7.309596603385898E-8;-5.405430063875594E-8;-1.2262915681409648E-7;-1.582594542779211E-7;1.0289208051123652E-7;8.168010034686666E-8;-7.867347554093296E-8;-5.216891099822302E-8;1.367175213749642E-7
3.3795172795958044E-7;8.074506324713448E-8;1.2322013779138856E-7;-3.337954826286942E-7;1.278533570284789E-7;-9.499010899340512E-8;3.0062429789626766E-7;-2.92532401063688E-7;-2.7155810881900293E-7;-1.74700814254854E-7;1.7112191843489396E-7;-1.8393038177729298E-7;-2.4622805154157643E-7;9.058304878397408E-9;1.8599508280845343E-7;2.2278116830071895E-7;1.4999741518515805E-7;5.6431752443959884E-8;-4.405022736760615E-9;-1.7236734312190831E-7;1.366507047416398E-7;1.4094425664474303E-7;3.9916088004196625E-8;4.9721002042357834E-8;1.310234616782159E-7
3.59808425796572E-7;6.837401491361177E-8;1.0872072262484299E-7;-3.559420233518732E-7;1.2634642189777856E-7;-7.845876880257842E-8;2.945313472542508E-7;-3.2878235195604446E-7;-2.99203572062387E-7;-1.4819971893658503E-7;2.598169409089688E-7;-2.60799819347888E-7;-2.6185147984096697E-7;6.168838601027501E-8;2.3238205138883137E-7;2.114152580740183E-7;2.2324486240858878E-7;1.8315173661536697E-7;1.3332090043696104E-7;-1.8031264168307048E-7;1.685124706476251E-7;1.9220385648841743E-7;1.732435647609055E-7;1.5973153252184232E-7;1.1148143971364037E-7
3.816651236377768E-7;5.600296659366121E-8;9.422130747686161E-8;-3.7808856407324283E-7;1.2483948675556613E-7;-6.192742859328971E-8;2.881318353641742E-7;-3.6468642275917007E-7;-3.25662710516017E-7;-1.2055846972803543E-7;3.4998594099166484E-7;-3.3816770722823897E-7;-2.74817178335542E-7;1.1483194768401582E-7;2.769270787264124E-7;1.9403359918316993E-7;2.9310921314273756E-7;3.1722029210727146E-7;2.8050696668477867E-7;-1.824233721854272E-7;1.9678469491138363E-7;2.367484816441181E-7;3.1204873486064255E-7;2.704157763211484E-7;8.005250140039872E-8
-4.054981635971054E-8;2.9420995236335646E-7;3.550841862741628E-7;5.192115725683408E-8;1.5819547903146297E-7;-3.635485863782479E-7;2.3555567152254153E-7;3.506193954941319E-7;2.8168454617674247E-7;-4.6309448136089156E-8;3.549753586598804E-7;-3.1918701829780823E-7;1.9266943709648143E-7;1.4787485937918966E-7;2.072844465237149E-7;-6.24759701984117E-8;2.3673385139944512E-7;-3.012505925107625E-7;-3.100138548847298E-7;-4.307697711011034E-8;-7.434429627304726E-8;1.3592058880803876E-7;-2.8989980055339297E-7;-2.106079571800357E-7;-8.699650719786625E-8
-1.8693118976600605E-8;2.8183890364964884E-7;3.405847702637528E-7;2.977461609657543E-8;1.5668854434200588E-7;-3.470172470297637E-7;2.421967121605108E-7;3.1561588843328565E-7;2.5802862913386513E-7;-7.420943295020305E-8;2.655601310985942E-7;-2.4424529292453233E-7;1.8488463209081876E-7;9.869016931728701E-8;1.680473240379814E-7;-8.7628817922629E-8;1.8171077131160822E-7;-1.7063333659839687E-7;-1.6591993891118381E-7;-4.7257051507943865E-8;-5.431431850496234E-8;1.126990781427958E-7;-1.641951052142589E-7;-1.2303747837808163E-7;-5.03108618385163E-8
3.16357841635113E-9;2.6946785495257975E-7;3.260853542731224E-7;7.628074944314411E-9;1.5518160963718885E-7;-3.304859076646342E-7;2.484847025145541E-7;2.804275372103597E-7;2.336321699949168E-7;-1.0067257766942669E-7;1.778487867402574E-7;-1.7009688406335748E-7;1.7510549309664042E-7;5.091902490650639E-8;1.272021403370089E-7;-1.0745885894143111E-7;1.2529764408927428E-7;-4.762390227834688E-8;-3.139465294997854E-8;-4.484486016304817E-8;-3.1050534513116335E-8;8.565385864571725E-8;-4.442691383097199E-8;-3.7192255948442006E-8;-2.6896979886979073E-8
2.5020275826740824E-8;2.570968062737476E-7;3.115859383138082E-7;-1.451846619305501E-8;1.5367467491518502E-7;-3.1395456827354455E-7;2.542718465248486E-7;2.4480866562790294E-7;2.0781542421631884E-7;-1.2525568940761875E-7;9.349109589531363E-8;-9.790921936711781E-8;1.6225176216691136E-7;4.768386619730247E-9;8.511389473586967E-8;-1.1996941982626179E-7;6.696988275595079E-8;5.910886434831735E-8;8.440045973750574E-8;-3.619073586211057E-8;-7.253689789185077E-9;5.358405072613333E-8;6.151534987621215E-8;4.148414028975894E-8;-1.7036167440468136E-8
4.6876973261211294E-8;2.447257576140023E-7;2.970865223945128E-7;-3.666500730932262E-8;1.5216774017367238E-7;-2.9742322884783613E-7;2.594385289559525E-7;2.086130932101619E-7;1.8020105995477344E-7;-1.4749811883225097E-7;1.4669671553194924E-8;-2.9588925265743545E-8;1.457601507736808E-7;-3.8851541870283345E-8;4.3147206410838014E-8;-1.2376001808553016E-7;8.184591781584312E-9;1.4019325126627682E-7;1.7138719298977585E-7;-2.2552858557892736E-8;1.3717225284411534E-8;1.7389853229703174E-8;1.4365879792196009E-7;1.0469634688252756E-7;-1.9958909764729966E-8
6.873367072515955E-8;2.323547089743012E-7;2.825871065215693E-7;-5.8811548399260295E-8;1.5066080540938334E-7;-2.808918893793605E-7;2.6388555496276304E-7;1.7178886268302633E-7;1.5068435295598484E-7;-1.669258046660808E-7;-5.6149945229635524E-8;3.252616553527664E-8;1.2552667188300597E-7;-7.856668056333089E-8;3.2834209445842993E-9;-1.1820247134945515E-7;-4.829212289046365E-8;1.8805745460990894E-7;2.2141240678701912E-7;-5.8386713440092094E-9;2.871003986743782E-8;-2.0471933588869717E-8;1.932771250429061E-7;1.4456421798693652E-7;-3.3281139659927115E-8
9.059036822318403E-8;2.1998366035510856E-7;2.680876906996993E-7;-8.095808945827395E-8;1.4915387061951465E-7;-2.643605498615357E-7;2.675343342354004E-7;1.3435495999100629E-7;1.193585432907146E-7;-1.830933342762577E-7;-1.1646653872515078E-7;8.596292716180191E-8;1.0178650267291327E-7;-1.1282672545375156E-7;-3.2218833938567704E-8;-1.0347136762621802E-7;-9.911295536014702E-8;1.9880378765109438E-7;2.3031290094434887E-7;1.161095889243068E-8;3.5545333720687344E-8;-5.6754692426420634E-8;2.0528546379618242E-7;1.5595047361469063E-7;-5.297900561144197E-8
1.1244706575889538E-7;2.0761261175671357E-7;2.5358827493241145E-7;-1.03104630482581E-7;1.4764693580169853E-7;-2.478292102892333E-7;2.7032389250868954E-7;9.638671306738672E-8;8.646661968949531E-8;-1.9560274647218681E-7;-1.6398444614948088E-7;1.28390867916745E-7;7.50293130545337E-8;-1.400951217191539E-7;-6.113948432435904E-8;-8.051697143782967E-8;-1.4082754977205457E-7;1.7331477900459087E-7;1.9911685338285203E-7;2.738746129921466E-8;3.3566721822508265E-8;-8.787388969731747E-8;1.7966366009456021E-7;1.378130133302215E-7;-7.40864521654954E-8
1.3430376333461292E-7;1.9524156317997767E-7;2.390888592224371E-7;-1.252511714695622E-7;1.4614000095361474E-7;-2.3129787065851053E-7;2.722084392128749E-7;5.800738767803843E-8;5.238099116417458E-8;-2.041321193644723E-7;-1.9680398027044158E-7;1.5786320383860834E-7;4.597960235992082E-8;-1.590825977505858E-7;-8.159779330520654E-8;-5.109078855915161E-8;-1.70518962560124E-7;1.1748535837972536E-7;1.3440388485807994E-7;3.9350341057055204E-8;2.3734584111134286E-8;-1.1072315770969308E-7;1.2214746125331846E-7;9.423958470176107E-8;-9.160618372263711E-8
1.5616046095206487E-7;1.8287051462546163E-7;2.2458944357180565E-7;-1.4739771241714975E-7;1.4463306607360684E-7;-2.1476653096663497E-7;2.731588571854749E-7;1.936851329682959E-8;1.7545286998168577E-8;-2.0845429304435628E-7;-2.1356308315194932E-7;1.729596589171103E-7;1.5490261943671428E-8;-1.6881645770724243E-7;-9.217945512438614E-8;-1.7508722694654015E-8;-1.859113125782271E-7;4.149464815673344E-8;4.741485031105182E-8;4.583153472912437E-8;8.513283667440991E-9;-1.2276052490202758E-7;4.320982396751477E-8;3.334007607586673E-8;-1.0142218940223634E-7
1.7801715861239623E-7;1.7049946609358191E-7;2.1009002798191645E-7;-1.6954425332392574E-7;1.4312613116060119E-7;-1.982351912120345E-7;2.731598727732884E-7;-1.9358791418656683E-8;-1.754507518798471E-8;-2.084521829684046E-7;-2.1356117327444255E-7;1.729551864739327E-7;-1.5486837488976516E-8;-1.6881153197288765E-7;-9.21741502346155E-8;1.749897161213767E-8;-1.858961906483644E-7;-4.155748598410123E-8;-4.737220384909759E-8;4.5968371854039783E-8;-8.628794867616534E-9;-1.2275801289899943E-7;-4.3241543411617965E-8;-3.363568126312604E-8;-1.013106000529774E-7
1.9987385631355028E-7;1.5812841758684968E-7;1.9559061245370533E-7;-1.9169079419140426E-7;1.4161919621287107E-7;-1.8170385139349295E-7;2.722115458647694E-7;-5.7997226293249343E-8;-5.2379755788737123E-8;-2.0412709245914062E-7;-1.9680077260164902E-7;1.5785379450281943E-7;-4.5974194678294846E-8;-1.5907531842384428E-7;-8.15876382900901E-8;5.107746709726567E-8;-1.7049513014829552E-7;-1.1751253790000574E-7;-1.343346634888127E-7;3.9739257361908666E-8;-2.3826488143693668E-8;-1.1074386433338154E-7;-1.221337437625137E-7;-9.4459305383257E-8;-9.129196490282763E-8
2.217305540494258E-7;1.4575736911030327E-7;1.8109119698736414E-7;-2.1383733502476868E-7;1.4011226122784855E-7;-1.6517251151016246E-7;2.7032890753848496E-7;-9.637602189109899E-8;-8.646404052661873E-8;-1.9559455041132667E-7;-1.6398381688907727E-7;1.283816918062475E-7;-7.502046873230532E-8;-1.4008829758867405E-7;-6.113191477197474E-8;8.049853133478759E-8;-1.408048144073627E-7;-1.7330617296595263E-7;-1.9903042715378533E-7;2.7973862949044353E-8;-3.3628915466440416E-8;-8.791658444819435E-8;-1.7959882852491154E-7;-1.3791884530380438E-7;-7.364522114137361E-8
2.435872518124806E-7;1.3338632066870485E-7;1.6659178158191077E-7;-2.3598387583055212E-7;1.386053262037372E-7;-1.4864117156238467E-7;2.675413235433103E-7;-1.3434433415462695E-7;-1.1935649894935078E-7;-1.83083235287864E-7;-1.1647001762936015E-7;8.595662542049898E-8;-1.0177723580874906E-7;-1.1282607352616115E-7;-3.221736572324054E-8;1.0345560204905632E-7;-9.910717223603839E-8;-1.9877561924929143E-7;-2.3024081068078555E-7;1.229340075381462E-8;-3.557276043840235E-8;-5.6828385259449194E-8;-2.0520374498593067E-7;-1.5597291657964892E-7;-5.2482801345247784E-8
2.6544394959430204E-7;1.2101527226642432E-7;1.5209236623537543E-7;-2.581304166162422E-7;1.3709839113947908E-7;-1.3210983155154167E-7;2.6389439373646917E-7;-1.717791539730209E-7;-1.5068535660190756E-7;-1.6691385984612818E-7;-5.615709502642883E-8;3.2523002247382113E-8;-1.2552083343661674E-7;-7.857318665563554E-8;3.2779427494839836E-9;1.1819772207967082E-7;-4.830661615423862E-8;-1.880277013355716E-7;-2.2138522002177788E-7;-5.180629834299625E-9;-2.870088639923042E-8;-2.056271351212905E-8;-1.9321971533792454E-7;-1.4455555830128544E-7;-3.281490855951494E-8
2.873006473884658E-7;1.0864422390415144E-7;1.3759295094402408E-7;-2.802769573880461E-7;1.3559145603693492E-7;-1.1557849148154597E-7;2.5944909166926984E-7;-2.086045281215917E-7;-1.802051501173025E-7;-1.4748345025413925E-7;1.465899341123018E-8;-2.958928376029861E-8;-1.4575534539645338E-7;-3.886151456766059E-8;4.3134586068440225E-8;1.2375879221955682E-7;8.155845951097978E-9;-1.4017305816264596E-7;-1.7141064847013142E-7;-2.2035015249507322E-8;-1.3688753320265477E-8;1.7306156552706044E-8;-1.4363384310183378E-7;-1.0467118746617758E-7;-1.9624647067895364E-8
3.0915734519221925E-7;9.627317557740407E-8;1.230935357021837E-7;-3.024234981492754E-7;1.3408452090151538E-7;-9.904715135914503E-8;2.5428416371274793E-7;-2.448015666612701E-7;-2.0782330733312678E-7;-1.2523831553931035E-7;9.34788981288929E-8;-9.790893989420471E-8;-1.6224800714186228E-7;4.756786442122469E-9;8.509634448836121E-8;1.1996953613135453E-7;6.692896876950053E-8;-5.9103589987335394E-8;-8.447278541379369E-8;-3.59241105896565E-8;7.291388953824133E-9;5.3519725273359754E-8;-6.152997242079064E-8;-4.147739255187644E-8;-1.6905194061718626E-8
3.3101404300605967E-7;8.390212727706186E-8;1.0859412050263292E-7;-3.2457003890062047E-7;1.3257758574184531E-7;-8.251581119339733E-8;2.4849849553287084E-7;-2.80422947077827E-7;-2.3364675834588037E-7;-1.0065068118912822E-7;1.778388678289755E-7;-1.7009981070870804E-7;-1.7510685643040358E-7;5.0912489490297167E-8;1.2718243556484556E-7;1.0746361524406924E-7;1.2525764451584338E-7;4.761254165923256E-8;3.128111748896703E-8;-4.491016684747767E-8;3.109168110358028E-8;8.563692060483099E-8;4.43705263211747E-8;3.714681918406661E-8;-2.702650417765104E-8
3.5287074083045397E-7;7.153107899201141E-8;9.409470533684105E-8;-3.4671657964261023E-7;1.3107065056832641E-7;-6.598447099472542E-8;2.4221240182012194E-7;-3.1561316855020784E-7;-2.5804903791023877E-7;-7.418583419125342E-8;2.6555444188450437E-7;-2.4425338635071487E-7;-1.8489265200646937E-7;9.868437377793618E-8;1.6803086794559793E-7;8.764638648617184E-8;1.8167259415043736E-7;1.7061934432450537E-7;1.6578650738284665E-7;-4.772958769659571E-8;5.437599684698604E-8;1.1274570514502214E-7;1.6410992628172025E-7;1.2292215833924126E-7;-5.069087538329592E-8
3.7472743866444795E-7;5.916003070987995E-8;7.959529019403845E-8;-3.6886312037608424E-7;1.295637153923846E-7;-4.9453130775245483E-8;2.3557227745509885E-7;-3.5061802014678416E-7;-2.8170852892486385E-7;-4.628024666175201E-8;3.549769534210418E-7;-3.192003658943859E-7;-1.9267785666172806E-7;1.4787277910483897E-7;2.072639334673953E-7;6.249014421372442E-8;2.3669029377756337E-7;3.0124329333900386E-7;3.098880303864606E-7;-4.3962532023912856E-8;7.440701757063598E-8;1.3602304184827262E-7;2.8978831900431785E-7;2.1038581609207418E-7;-8.767103958186203E-8
-4.748750087797589E-8;2.9736701495194294E-7;3.4045816905962466E-7;6.114660149500232E-8;1.6291970909111158E-7;-3.5107428883552587E-7;1.8332764970745368E-7;3.355960424727502E-7;2.3556038530839018E-7;2.522038886035075E-8;3.578754936532442E-7;-2.9773228443881075E-7;1.0929187819195432E-7;1.7283265079505747E-7;1.3763842080004945E-7;6.30146886746282E-8;1.6933338461012584E-7;-2.807335075190688E-7;-3.2790287319701246E-7;7.843848113692219E-8;3.42518447908362E-8;2.874629985363172E-8;-2.5452264486783956E-7;-1.376183919069486E-7;-2.131806891436272E-7
-2.5630803507333987E-8;2.849959662849923E-7;3.2595875303907375E-7;3.9000060319987333E-8;1.6141277435397183E-7;-3.345429494829083E-7;1.9030388614919727E-7;3.017252525321984E-7;2.1536214315725853E-7;-3.0545017738658546E-9;2.691847593240459E-7;-2.2571029845268087E-7;1.0766352598975362E-7;1.286582880698867E-7;1.048836018856311E-7;2.92955932412345E-8;1.3223852086217713E-7;-1.5371678627533734E-7;-1.8787272422083476E-7;6.793731702339838E-8;4.6255835474780136E-8;2.9587322207609763E-8;-1.4537410638131224E-7;-7.836633946736415E-8;-1.7213722704371267E-7
-3.774106127663063E-9;2.72624917642301E-7;3.114593370394702E-7;1.685351915184512E-8;1.5990583959370294E-7;-3.180116101103823E-7;1.9685413014372478E-7;2.6778109812091966E-7;1.9468934320024198E-7;-2.9534066498530118E-8;1.823105230618489E-7;-1.5456008123491202E-7;1.0431383277363531E-7;8.65980772589119E-8;7.03598352900731E-8;8.535027679615182E-10;9.484905952628738E-8;-3.417614939932932E-8;-5.723403775405866E-8;6.512055876824458E-8;6.18437881876025E-8;2.817056654384175E-8;-4.174033823318399E-8;-2.05503773450215E-8;-1.4563472146191532E-7
1.8082591267796953E-8;2.6025386902675594E-7;2.969599210722708E-7;-5.293022003310878E-9;1.583989048072413E-7;-3.014802707079263E-7;2.0284787405295408E-7;2.335293378539303E-7;1.7296138340868897E-7;-5.391111650070092E-8;9.887635411041096E-8;-8.542181669941403E-8;9.853541494428605E-8;4.657834258865275E-8;3.458540445338993E-8;-2.1335352312377342E-8;5.661910789252949E-8;6.921583240598244E-8;5.560183083663084E-8;6.874732814686303E-8;7.706251112845861E-8;2.3834488365843374E-8;4.968174620297097E-8;3.213165022996286E-8;-1.323039110252933E-7
3.993928868511304E-8;2.4788282044002195E-7;2.824605051463656E-7;-2.743956313985591E-8;1.5689196999188463E-7;-2.8494893126687865E-7;2.081763793797398E-7;1.988269952934142E-7;1.4984713116003457E-7;-7.581851734915489E-8;2.1024881733127265E-8;-2.0116605509068486E-8;8.994707324541692E-8;9.191896566362458E-9;-1.1626461722251806E-9;-3.636751174350473E-8;1.8338879087270484E-8;1.472141477044776E-7;1.4121411644681526E-7;7.732460338222013E-8;8.807627704619936E-8;1.662674782586791E-8;1.2045171485374245E-7;7.417117373408754E-8;-1.3090022978536807E-7
6.179598612943191E-8;2.3551177188230257E-7;2.6796108926810695E-7;-4.9586104252811566E-8;1.5538503514572197E-7;-2.684175917801088E-7;2.1274853898153157E-7;1.6361055624973806E-7;1.2522591764389232E-7;-9.485853542823091E-8;-4.884331993332127E-8;3.9158549590108365E-8;7.846342798855503E-8;-2.4560808252590058E-8;-3.515202061707141E-8;-4.3750773682411865E-8;-1.833102957252015E-8;1.924597504288068E-7;1.9197916459562636E-7;8.906618922145177E-8;9.169501378760506E-8;7.330833917878349E-9;1.632336898005463E-7;1.0033479669857775E-7;-1.391962159491377E-7
8.365268360505211E-8;2.2314072335308272E-7;2.534616734420997E-7;-7.173264533787185E-8;1.5387810026747388E-7;-2.5188625224206E-7;2.1649156759858468E-7;1.2788382026182995E-7;9.915119472637472E-8;-1.1064562416741945E-7;-1.082940921605577E-7;9.008227117492079E-8;6.425948839506125E-8;-5.3499387020539526E-8;-6.543089574244024E-8;-4.3591343671016956E-8;-5.1288835334305436E-8;2.012086913787614E-7;2.040058310658519E-7;1.0192130283121687E-7;8.589970213649068E-8;-2.793640065690525E-9;1.738047615889232E-7;1.0725191773544573E-7;-1.5367797086828877E-7
1.0550938111532416E-7;2.1076967485146683E-7;2.389622576715657E-7;-9.387918639149503E-8;1.523711653562887E-7;-2.353549126484868E-7;2.1934816656923757E-7;9.170420536554418E-8;7.180895113922355E-8;-1.2282840067654225E-7;-1.5510101048171702E-7;1.3048020953858363E-7;4.771158313168184E-8;-7.643993291921263E-8;-9.010952481335292E-8;-3.6635594743900466E-8;-7.834882822685796E-8;1.7439011487747296E-7;1.7829040925108525E-7;1.1385326170189175E-7;7.026719451336918E-8;-1.2211060519201342E-8;1.5226853332675296E-7;9.431821608312323E-8;-1.7007436643764943E-7
1.2736607866262598E-7;1.9839862637665405E-7;2.244628419587948E-7;-1.1602572741099018E-7;1.5086423041154423E-7;-2.1882357299626942E-7;2.2127568007295165E-7;5.517317865185843E-8;4.349542708922237E-8;-1.311199169345452E-7;-1.8740737417606648E-7;1.5851750136819027E-7;2.9379493112054167E-8;-9.236985216958568E-8;-1.0756477835524358E-7;-2.4308200218099608E-8;-9.762044008066073E-8;1.1786224932552333E-7;1.2106766521622587E-7;1.2302435774798865E-7;4.605420565170688E-8;-1.9512324543971984E-8;1.0358088246924575E-7;6.431966653469294E-8;-1.8399428150491238E-7
1.492227762486457E-7;1.8602757792775887E-7;2.0996342630534293E-7;-1.3817226839433528E-7;1.4935729543307602E-7;-2.0229223328341942E-7;2.2224716121317886E-7;1.8418650861174015E-8;1.4567839086236376E-8;-1.3531834746309283E-7;-2.0390282950635954E-7;1.7287730631363874E-7;9.920998484658171E-9;-1.0052803536577268E-7;-1.1659817064369251E-7;-8.507279069342868E-9;-1.0762077704596408E-7;4.156613694326654E-8;4.286174948034942E-8;1.2804205785840915E-7;1.6007877307715212E-8;-2.346794329753209E-8;3.662661143943068E-8;2.265019097366512E-8;-1.9190165713343188E-7
1.710794738740359E-7;1.736565295042291E-7;1.9546401071218175E-7;-1.603188093405343E-7;1.4785036042095367E-7;-1.857608935088658E-7;2.2224804770431513E-7;-1.8411659150601793E-8;-1.4567487620308707E-8;-1.3531625992978426E-7;-2.0390056189411548E-7;1.7287320586196714E-7;-9.919322164525505E-9;-1.0052319339931391E-7;-1.1659348325922171E-7;8.490211266714457E-9;-1.07606351064522E-7;-4.1623665325616497E-8;-4.26626998270694E-8;1.2816575652982178E-7;-1.608489468498155E-8;-2.3460221879247388E-8;-3.6703324518673616E-8;-2.308589887936051E-8;-1.9182280257905952E-7
1.9293617153706562E-7;1.6128548110686136E-7;1.809645951797437E-7;-1.8246535025075567E-7;1.4634342537491942E-7;-1.692295536720112E-7;2.212786516554808E-7;-5.5165502066008966E-8;-4.3493774785129695E-8;-1.3111683145143867E-7;-1.8740425204268778E-7;1.585112613222556E-7;-2.9376711191214074E-8;-9.23696462933964E-8;-1.0755927188819502E-7;2.4291257386274193E-8;-9.761630422087484E-8;-1.1787187400924051E-7;-1.2083008018208832E-7;1.2337413396017514E-7;-4.609913882785711E-8;-1.954421036261078E-8;-1.03605501541761E-7;-6.469570365769556E-8;-1.837751188870453E-7
2.147928692334536E-7;1.489144327379027E-7;1.6646517970786452E-7;-2.0461189112851603E-7;1.4483649029435262E-7;-1.5269821377271437E-7;2.1935285991006343E-7;-9.169602325261754E-8;-7.180652116054607E-8;-1.228225678833707E-7;-1.5509653579031788E-7;1.304712389818752E-7;-4.7708229090368975E-8;-7.643933074299609E-8;-9.01021464962947E-8;3.662396884581794E-8;-7.833885354571847E-8;-1.743790124775289E-7;-1.7805027060759326E-7;1.1436631330929708E-7;-7.028187217920138E-8;-1.2241981979057695E-8;-1.5225582122727548E-7;-9.461274724745599E-8;-1.697419552280182E-7
2.3664956695750857E-7;1.3654338439960513E-7;1.5196576429553076E-7;-2.2675843197867685E-7;1.4332955517919964E-7;-1.361668738117126E-7;2.1649807649189392E-7;-1.27875294069513E-7;-9.914851003467956E-8;-1.1063886666252255E-7;-1.0829682159624787E-7;9.00807526359818E-8;-6.425551044233185E-8;-5.350778563591844E-8;-6.543326065395759E-8;4.358368221660482E-8;-5.1296452308493386E-8;-2.011635816488145E-7;-2.0376058113791847E-7;1.0251470332466653E-7;-8.588032177009156E-8;-2.836874731177785E-9;-1.7376478032943858E-7;-1.0748797377867839E-7;-1.533062551540346E-7
2.5850626470297065E-7;1.241723360936998E-7;1.3746634894094274E-7;-2.4890497280681227E-7;1.418226200302379E-7;-1.1963553379067762E-7;2.127570929573997E-7;-1.6360242394059638E-7;-1.2522457906056947E-7;-9.485079512200455E-8;-4.8848489546152023E-8;3.915723574437698E-8;-7.84596095279702E-8;-2.4570393465432892E-8;-3.5152761321693767E-8;4.3748219463276514E-8;-1.833239656867388E-8;-1.9241318324007814E-7;-1.9175956132423605E-7;8.961333737332126E-8;-9.165707806420167E-8;7.316977369922785E-9;-1.6317898658640433E-7;-1.0049886695269399E-7;-1.3882209332416474E-7
2.803629624648405E-7;1.1180128781927899E-7;1.2296693364117029E-7;-2.710515136177291E-7;1.4031568485047332E-7;-1.0310419371301404E-7;2.08186458772984E-7;-1.9881998641912813E-7;-1.4984845415926772E-7;-7.580752794747336E-8;2.10163179852232E-8;-2.0115193108790646E-8;-8.994249931428518E-8;9.182887464230182E-9;-1.1691787012926805E-9;3.6363398004328815E-8;1.833589890544621E-8;-1.4717838322920715E-7;-1.4102896037627189E-7;7.7730316470715E-8;-8.803952264047748E-8;1.664238971993201E-8;-1.2040314624385123E-7;-7.430327732603038E-8;-1.3061482714651363E-7
3.022196602415422E-7;9.94302395706486E-8;1.0846751839182278E-7;-2.931980544133268E-7;1.3880874964615032E-7;-8.657285358437757E-8;2.0285981219510553E-7;-2.3352410720218683E-7;-1.7296793888532E-7;-5.389905267125202E-8;9.886525786284096E-8;-8.541860240719478E-8;-9.853592044161434E-8;4.656656617429404E-8;3.457605274534496E-8;2.1341798401722645E-8;5.6611350489268156E-8;-6.919916677878228E-8;-5.546326964938744E-8;6.889718480421998E-8;-7.702385330459268E-8;2.3886910870145107E-8;-4.967118395657534E-8;-3.23040227867931E-8;-1.321389223619453E-7
3.2407635803385797E-7;8.705919133838069E-8;9.396810318743259E-8;-3.1534459519338044E-7;1.3730181442614803E-7;-7.004151341205344E-8;1.968676741346001E-7;-2.677771630185568E-7;-1.9469943992799886E-7;-2.9519068599486612E-8;1.8230201533448E-7;-1.545591729849283E-7;-1.0431528572012432E-7;8.658841020612879E-8;7.034786320541733E-8;-8.462236148260167E-10;9.484043457660646E-8;3.4173961526662544E-8;5.734440785410577E-8;6.494523596188874E-8;-6.181750400570149E-8;2.8272497478743587E-8;4.172996160015865E-8;2.0337036583255473E-8;-1.456461690974136E-7
3.4593305584250057E-7;7.468814311141852E-8;7.946868802132151E-8;-3.3749113595760153E-7;1.3579487920080514E-7;-5.3510173204562883E-8;1.9031816528192379E-7;-3.017213120892639E-7;-2.1537192477392296E-7;-3.034439091838756E-9;2.691830836270123E-7;-2.257121074719749E-7;-1.0765898724441978E-7;1.2864789359010547E-7;1.0486307621534387E-7;-2.929993500880043E-8;1.3221251563895182E-7;1.5371533270520028E-7;1.8798625129633144E-7;6.73924373919618E-8;-4.624716471101167E-8;2.972197801880967E-8;1.4534062004816846E-7;7.805767422515085E-8;-1.7235010485650165E-7
3.6778975366559006E-7;6.231709487875297E-8;6.496927288305963E-8;-3.5963767670766045E-7;1.3428794398058008E-7;-3.6978832973370885E-8;1.833428226117438E-7;-3.355917670745789E-7;-2.355697381352748E-7;2.5243510118792377E-8;3.5788033204923137E-7;-2.9773611993297336E-7;-1.0928417419706054E-7;1.7281680167292935E-7;1.3761164531670605E-7;-6.301950055140683E-8;1.6929052738984046E-7;2.807358687834048E-7;3.2802872331269516E-7;7.747968474136979E-8;-3.4244653844512454E-8;2.893149339685193E-8;2.5445884832331546E-7;1.371799474707473E-7;-2.1356677779324205E-7
-5.442518539849996E-8;3.005240774406105E-7;3.258321518184726E-7;7.037204573803751E-8;1.6764393924837143E-7;-3.3859999133100025E-7;1.3174230263561977E-7;3.1940100489622127E-7;1.8722682988701166E-7;9.217062600812854E-8;3.5837563643587554E-7;-2.738598776263912E-7;2.660008742677531E-8;1.8678586987853685E-7;7.073832032311892E-8;1.7495424902737528E-7;9.205133856288271E-8;-2.5736055304462754E-7;-3.3205899723666946E-7;1.7126078470998868E-7;1.1705975410575771E-7;-7.737056128047801E-8;-2.0661059726627446E-7;-5.583574673584843E-8;-2.7789087801526567E-7
-3.256848804254813E-8;2.8815302883888975E-7;3.113327357892553E-7;4.8225504544763885E-8;1.6613700444571034E-7;-3.220686519694124E-7;1.3913636367143473E-7;2.868907647003896E-7;1.7105369665912284E-7;6.352149092799934E-8;2.7041930620112705E-7;-2.0525871065739265E-7;3.1701365682652765E-8;1.487900027709897E-7;4.533958034333487E-8;1.3307264807722768E-7;7.509733263970288E-8;-1.3403556594260201E-7;-1.9762106165555234E-7;1.5514858809561488E-7;1.2288141431925973E-7;-5.217844340579381E-8;-1.1733065673293532E-7;-2.848362319524983E-8;-2.358620643502745E-7
-1.0711790678224458E-8;2.757819802662303E-7;2.9683331978175213E-7;2.6078963357552164E-8;1.6463006961504505E-7;-3.0553731258579905E-7;1.4601295083240805E-7;2.5438408047326416E-7;1.545485960042967E-7;3.704669359120888E-8;1.8430947873897227E-7;-1.374730352411724E-7;3.5112881095318924E-8;1.1341770910913947E-7;1.7845426515467762E-8;9.670339903041536E-8;5.838765358599176E-8;-1.785811021487533E-8;-7.215315015660967E-8;1.4754029253741785E-7;1.3271226548961825E-7;-2.8419711606987535E-8;-3.261806796025339E-8;-1.6372444706753747E-9;-2.0836042591869625E-7
1.1144906700615354E-8;2.634109317276199E-7;2.8233390380779307E-7;3.932422181847837E-9;1.6312313475142017E-7;-2.890059731692325E-7;1.5226193822603887E-7;2.2166244842069932E-7;1.37250012657349E-7;1.2911559336118696E-8;1.0166018162273888E-7;-7.163664955253306E-8;3.6532403515699015E-8;8.035646260669193E-8;-1.1054290522167275E-8;6.58528015534647E-8;4.147706940378153E-8;8.23651080348142E-8;3.651127950143407E-8;1.4648898069971697E-7;1.4159083653457888E-7;-6.129659062132113E-9;4.1958318995690776E-8;2.2737565315758343E-8;-1.9311875810313255E-7
3.300160409954685E-8;2.510398832254034E-7;2.6783448787639466E-7;-1.8214118977219312E-8;1.616161998517269E-7;-2.7247463371090785E-7;1.5778773730314296E-7;1.8858498532835843E-7;1.1888189427381579E-7;-8.621752434726954E-9;2.4593496350063973E-8;-9.494682083254102E-9;3.579854126887018E-8;4.9874247966004816E-8;-4.0165107165838874E-8;4.086874824412891E-8;2.456005564187399E-8;1.5741023457258943E-7;1.1956836584223432E-7;1.5031344357186452E-7;1.451796288119266E-7;1.4147820456467578E-8;9.956778095755393E-8;4.198206678793626E-8;-1.886486573974276E-7
5.4858301523265106E-8;2.386688347597255E-7;2.533350719937851E-7;-4.036066011513274E-8;1.601092649145921E-7;-2.559432942043756E-7;1.6251120012256458E-7;1.5508737006619066E-7;9.934176016313303E-8;-2.7238152242645155E-8;-4.453505816926501E-8;4.686683761547969E-8;3.2900099389690476E-8;2.2629444170400175E-8;-6.796224614142843E-8;2.2066322211222777E-8;8.312166953237853E-9;2.0000728172142192E-7;1.6982308744773124E-7;1.5734831648678017E-7;1.4023428472281928E-7;3.1740675204163017E-8;1.3423644115177673E-7;5.352445963286927E-8;-1.9297136036069384E-7
7.671499897574449E-8;2.2629778632901078E-7;2.388356561642464E-7;-6.250720122786183E-8;1.5860232994015343E-7;-2.3941195464501447E-7;1.6636674063764633E-7;1.2116139652059957E-7;7.865591430366797E-8;-4.2613603365846715E-8;-1.0332801236011884E-7;9.52550290398449E-8;2.7979058658472783E-8;-5.647389280596726E-10;-9.279232893329335E-8;9.368603818444547E-9;-6.3768216772622716E-9;2.064790248142894E-7;1.8359829149228056E-7;1.6584821599216215E-7;1.2482654952431264E-7;4.6106535415470876E-8;1.4258586626465237E-7;5.576345139067129E-8;-2.0312978851838138E-7
9.857169646009204E-8;2.139267379312862E-7;2.2433624039063463E-7;-8.465374231208658E-8;1.570953949288932E-7;-2.2288061502943201E-7;1.6930280536899087E-7;8.685164237935852E-8;5.696917249420567E-8;-5.444533791904747E-8;-1.495920772797939E-7;1.336145479903027E-7;2.1328026204477154E-8;-1.885989956745208E-8;-1.1305898796111976E-7;2.184181736556819E-9;-1.8502423020112574E-8;1.7780578292441671E-7;1.618617059003775E-7;1.741064534247059E-7;9.871556331717228E-8;5.696627796484174E-8;1.2477914642042468E-7;4.8410009741801506E-8;-2.1547549182067683E-7
1.2042839397862208E-7;2.0155568956445377E-7;2.0983682467482998E-7;-1.068002833651956E-7;1.5558845988163742E-7;-2.0634927535534465E-7;1.7128187435796984E-7;5.224017134104236E-8;3.450790123671903E-8;-6.248544384286212E-8;-1.8152027825421852E-7;1.6022830735327648E-7;1.335207306423539E-8;-3.152075006025804E-8;-1.2740288791822647E-7;-5.952228457728908E-10;-2.7168555968486E-8;1.1972817342765793E-7;1.103909663561997E-7;1.8061047210018718E-7;6.338721847131016E-8;6.419566312708322E-8;8.478812470521759E-8;3.2738747488067685E-8;-2.2629085057470085E-7
1.422850915328409E-7;1.891846412265651E-7;1.9533740901802923E-7;-1.2894682438533844E-7;1.5408152479941904E-7;-1.8981793562137266E-7;1.7227800952317647E-7;1.7437023049105094E-8;1.1558583393473293E-8;-6.655057316875902E-8;-1.9781817892787855E-7;1.7385520494104274E-7;4.543411596763842E-9;-3.799034717918224E-8;-1.3483065308791184E-7;-5.259385275656532E-10;-3.16691260085791E-8;4.216224548572303E-8;3.919506221690354E-8;1.8422553514861437E-7;2.1857396083841868E-8;6.781765931036448E-8;2.996148114348622E-8;1.141640964951746E-8;-2.3252111530155147E-7
1.641417891230908E-7;1.7681359291612467E-7;1.808379934208366E-7;-1.5109336537176958E-7;1.5257458968334396E-7;-1.7328659582689664E-7;1.7227896893274315E-7;-1.743163990587877E-8;-1.1556610281122081E-8;-6.655083468997136E-8;-1.978166660526861E-7;1.7385514395917167E-7;-4.546649593841571E-9;-3.799724225404556E-8;-1.3483361502887295E-7;5.200225967686171E-10;-3.168794344450684E-8;-4.219773007442427E-8;-3.8877868709861656E-8;1.8434120151781497E-7;-2.185719712440454E-8;6.778509331063487E-8;-3.004788205997744E-8;-1.1875621563051903E-8;-2.3248433705483271E-7
1.859984867481216E-7;1.644425446324556E-7;1.6633857788335416E-7;-1.7323990632522906E-7;1.5106765453440037E-7;-1.56755255971825E-7;1.712847376731815E-7;-5.2234906706453404E-8;-3.450599325193599E-8;-6.248442592558423E-8;-1.8151565655746888E-7;1.6022405597911882E-7;-1.3353153721973335E-8;-3.152793185327682E-8;-1.2740161627614124E-7;5.811441147506918E-10;-2.7184743449206883E-8;-1.1974111144833085E-7;-1.1005554749869611E-7;1.8092995638214735E-7;-6.338903547497026E-8;6.415176092009757E-8;-8.485542897979049E-8;-3.317854585330095E-8;-2.261767284453063E-7
2.0785518440491064E-7;1.520714963756209E-7;1.5183916240506324E-7;-1.953864472480154E-7;1.4956071935348338E-7;-1.4022391605656826E-7;1.6930758832902292E-7;-8.684562490902035E-8;-5.69658022842094E-8;-5.444288981597278E-8;-1.4958906967670335E-7;1.3360943981983643E-7;-2.1326931838064057E-8;-1.8864103596235676E-8;-1.1305355893335687E-7;-2.1997412495332543E-9;-1.850002152809024E-8;-1.7776539697443677E-7;-1.6148288525142495E-7;1.745714619633705E-7;-9.868889600785047E-8;5.694818361298889E-8;-1.2477818503847149E-7;-4.877162625981524E-8;-2.1530542721938418E-7
2.2971188208942927E-7;1.3970044814560184E-7;1.3733974698482815E-7;-2.1753298814344723E-7;1.4805378414206147E-7;-1.2369257608227622E-7;1.663725634136162E-7;-1.2115547749106792E-7;-7.865354993949722E-8;-4.260829519650678E-8;-1.0332863337366014E-7;9.525640071759155E-8;-2.7979449695617096E-8;-5.757909372105478E-10;-9.279833186773918E-8;-9.375168844591231E-9;-6.389159390509572E-9;-2.0642709917639404E-7;-1.832348747214804E-7;1.6638504800656623E-7;-1.247826071785113E-7;4.609152493696263E-8;-1.4259044981979107E-7;-5.6126633693555185E-8;-2.0293090232074977E-7
2.5156857979729745E-7;1.27329399941969E-7;1.2284033162102438E-7;-2.3967952901549453E-7;1.4654684890243975E-7;-1.0716123605088477E-7;1.625188887184878E-7;-1.5508158158527118E-7;-9.933925284747158E-8;-2.7231260381708864E-8;-4.453915253074431E-8;4.6869079271845844E-8;-3.28960490169418E-8;2.2621899249991904E-8;-6.796593406939238E-8;-2.2078801756616265E-8;8.317090748163003E-9;-1.9995754895016384E-7;-1.6946969312456484E-7;1.5783848983934066E-7;-1.4019810182044717E-7;3.176943291421776E-8;-1.3420217737480102E-7;-5.3803494105370827E-8;-1.9276675155777084E-7
2.7342527752519923E-7;1.1495835176187442E-7;1.0834091631108327E-7;-2.618260698672538E-7;1.4503991363884295E-7;-9.062989596569992E-8;1.5779719966921477E-7;-1.8858053064420945E-7;-1.1888281496980478E-7;-8.613379781282375E-9;2.4581321105899818E-8;-9.486280870617163E-9;-3.5795526848365296E-8;4.986851603875366E-8;-4.017238704402993E-8;-4.0879007852450865E-8;2.457909641377796E-8;-1.573795773053542E-7;-1.1924575055426924E-7;1.506567553772314E-7;-1.4515918494372794E-7;1.4234971663150244E-8;-9.952632172182589E-8;-4.222327221471148E-8;-1.8847634802917324E-7
2.9528197527194956E-7;1.0258730359926658E-7;9.384150105156397E-8;-2.8397261069996326E-7;1.4353297835774362E-7;-7.409855583141706E-8;1.522731023213008E-7;-2.216574223484738E-7;-1.3725103789548055E-7;1.2919709601822346E-8;1.0165448300453522E-7;-7.163187607286662E-8;-3.653075301171903E-8;8.034443725493303E-8;-1.1060925590504468E-8;-6.584942384537882E-8;4.149268652101298E-8;-8.23319514936947E-8;-3.620409882457299E-8;1.465756840663284E-7;-1.4156086109775444E-7;-5.987954300608668E-9;-4.191550715019612E-8;-2.299047578203354E-8;-1.9298883422315932E-7
3.1713867303815544E-7;9.02162554449541E-8;7.934208583833483E-8;-3.061191515132017E-7;1.420260430679761E-7;-5.756721565391671E-8;1.4602591249631137E-7;-2.543800812409272E-7;-1.5455219226474637E-7;3.705618582889006E-8;1.843042420448558E-7;-1.3746859777582227E-7;-3.510980952943915E-8;1.134062941218919E-7;1.7836469019345097E-8;-9.6705019577491E-8;5.8401141403301466E-8;1.7867407648444926E-8;7.244303811676816E-8;1.4731110231076486E-7;-1.327190820440156E-7;-2.8242138610461774E-8;3.2652825820455126E-8;1.338426986014532E-9;-2.0831254023134708E-7
3.389953708248952E-7;7.784520728807036E-8;6.484267066668527E-8;-3.282656923059877E-7;1.4051910777977184E-7;-4.1035875439791134E-8;1.3914998036478986E-7;-2.86886385181111E-7;-1.710560894094006E-7;6.353500399070419E-8;2.704193509946055E-7;-2.0525475648416867E-7;-3.1691870834526726E-8;1.4877565732079558E-7;4.5322174016598864E-8;-1.3308251817597475E-7;7.509592051685658E-8;1.3403703300551274E-7;1.9791492766080959E-7;1.5455511979021242E-7;-1.2291368108958611E-7;-5.196315687496005E-8;1.1734803456570593E-7;2.8091624478824294E-8;-2.3588629823825506E-7
3.60852068630252E-7;6.547415911842676E-8;5.034325552769218E-8;-3.504122330798194E-7;1.3901217250294311E-7;-2.450453519891935E-8;1.317568614823299E-7;-3.1939610941407765E-7;-1.8722834131892988E-7;9.218648067762625E-8;3.583828138837159E-7;-2.7385834757799557E-7;-2.658673798716502E-8;1.8676693075135526E-7;7.071636819201917E-8;-1.7496706051719947E-7;9.203822666576475E-8;2.57367087441617E-7;3.323830366742914E-7;1.702682712125203E-7;-1.1710983300521281E-7;-7.710704912715056E-8;2.066182642514265E-7;5.5324359534599476E-8;-2.779872935610329E-7
-6.136286992268556E-8;3.0368113981471703E-7;3.112061345447463E-7;7.959748998555814E-8;1.723681695174267E-7;-3.2612569387156304E-7;8.118859175658924E-8;3.019011826375444E-7;1.3703077574010593E-7;1.5255540089454835E-7;3.563827808026903E-7;-2.4801943864770285E-7;-5.2662590190123356E-8;1.874435582766653E-7;9.792731637910884E-9;2.6531551863527947E-7;8.081463748884318E-9;-2.336603847716797E-7;-3.213577754034363E-7;2.259533298685142E-7;1.6385090341640052E-7;-1.7283334769182804E-7;-1.4866478220841004E-7;2.799377111289364E-8;-2.718410220071242E-7
-3.950617258313436E-8;2.9131009129811006E-7;2.967067185094036E-7;5.745094877085303E-8;1.7086123463023E-7;-3.095943544954775E-7;8.907062173754288E-8;2.709679645816766E-7;1.2533587826606762E-7;1.2363581745837903E-7;2.691834174880896E-7;-1.83308059824087E-7;-4.069857694035743E-8;1.568082383858152E-7;-7.724261610471694E-9;2.1680118718887914E-7;1.2329950229781324E-8;-1.1389165352597719E-7;-1.9429942099192466E-7;2.0590959954731544E-7;1.66653159667936E-7;-1.2569804702526967E-7;-8.201733658325065E-8;2.1999046992505988E-8;-2.3336824183580018E-7
-1.764947523583608E-8;2.789390428128677E-7;2.822073024959527E-7;3.5304407561576945E-8;1.6935429971266604E-7;-2.9306301509637857E-7;9.632777147161379E-8;2.400930951645903E-7;1.133667361224522E-7;9.727237281905312E-8;1.8380965117751538E-7;-1.192835099532845E-7;-3.0548124848930066E-8;1.2913248367050302E-7;-2.7680754224502452E-8;1.7412312675424812E-7;1.7003402055748217E-8;-8.952620026417922E-10;-7.56324282607472E-8;1.9456445043614945E-7;1.7363172573075095E-7;-7.964416455134494E-8;-1.8729352076287352E-8;1.6656347227167363E-8;-2.0765484015141793E-7
4.207222124999892E-9;2.6656799436697873E-7;2.677078865172457E-7;1.3157866362670722E-8;1.6784736475705402E-7;-2.765316756618346E-7;1.0287201999723864E-7;2.090702834091764E-7;1.0078227275795179E-7;7.348157909329388E-8;1.0186328249947961E-7;-5.7054818340245073E-8;-2.2101736035472592E-8;1.0387265661565944E-7;-4.9263154475874107E-8;1.3639891716249831E-7;2.1799804853709516E-8;9.640408800158614E-8;2.73827404624786E-8;1.8955534735510924E-7;1.7918008051585362E-7;-3.401494714786333E-8;3.6927869822725536E-8;1.185773657078033E-8;-1.9239147930250978E-7
2.6063919504461475E-8;2.541969459638458E-7;2.53208470582397E-7;-8.988674821266263E-9;1.663404297594963E-7;-2.6000033618286986E-7;1.0862608767271062E-7;1.777671832152958E-7;8.738082831683465E-8;5.24155469945182E-8;2.547144393005818E-8;1.6752170023629665E-9;-1.529112439953293E-8;8.102002853932044E-8;-7.133606561964606E-8;1.0353470709587077E-7;2.6410487375328332E-8;1.6867447924904286E-7;1.0636164843307298E-7;1.8916708439529678E-7;1.7871840771066958E-7;1.0096570202325719E-8;7.964840819946787E-8;7.723482492164261E-9;-1.8634917828788395E-7
4.7920616906734066E-8;2.4182589760259865E-7;2.3870905469707837E-7;-3.113521598613403E-8;1.6483349471994857E-7;-2.434689966540209E-7;1.1352259360103368E-7;1.4611516317794023E-7;7.307873780106425E-8;3.43021405507015E-8;-4.3042923332862854E-8;5.494481643631492E-8;-1.0030026744733027E-8;6.086127904660852E-8;-9.262299617493612E-8;7.560627596247246E-8;3.0546723971067505E-8;2.0872005135937306E-7;1.5462088049087527E-7;1.9192281785293948E-7;1.689094074985254E-7;5.090152007258139E-8;1.0505234096293716E-7;4.4948917927031786E-9;-1.8790875014265262E-7
6.977731433535488E-8;2.2945484928110702E-7;2.2420963886507324E-7;-5.3281757128309536E-8;1.633265596393289E-7;-2.269376570714433E-7;1.1750794465389267E-7;1.1410501144047824E-7;5.790686010137597E-8;1.9397604237926296E-8;-1.0130604065738638E-7;1.0066535208411188E-7;-6.163798811265609E-9;4.387763136162988E-8;-1.1173292277637148E-7;5.2536701793486935E-8;3.40341993236196E-8;2.1287555284348308E-7;1.6863581729991213E-7;1.9638812923305446E-7;1.479184440625419E-7;8.63882124596226E-8;1.10529156450784E-7;2.1962042791268277E-9;-1.9474394156787687E-7
9.163401179323002E-8;2.1708380099631634E-7;2.0971022308889016E-7;-7.542829824465278E-8;1.618196245194651E-7;-2.104063174325873E-7;1.2053644646398042E-7;8.176772028033165E-8;4.196717685114318E-8;7.957869096408976E-9;-1.4714147040724078E-7;1.3689648700076315E-7;-3.483747106617991E-9;3.0575697382904296E-8;-1.2737813474421652E-7;3.387950202334482E-8;3.672506919074508E-8;1.8214069698619138E-7;1.4931276462833034E-7;2.0120818941465117E-7;1.156324393189738E-7;1.1472205698745913E-7;9.624298047572886E-8;7.757121761732544E-10;-2.038297430038091E-7
1.1349070928247037E-7;2.047127527452721E-7;1.9521080737005745E-7;-9.75748393327384E-8;1.6031268936217808E-7;-1.9387497773579661E-7;1.2257367656215016E-7;4.91718695834884E-8;2.543180801442009E-8;2.0209509485320762E-10;-1.7877185756790914E-7;1.6203198735765406E-7;-1.713839404949255E-9;2.1417005625406185E-8;-1.3848031174991408E-7;1.8790063923528623E-8;3.854343383685615E-8;1.2222045171736545E-7;1.020587607946477E-7;2.0521664661828476E-7;7.372288530481108E-8;1.3444800625915982E-7;6.52201897516591E-8;8.357909318128785E-11;-2.1206268385204736E-7
1.353474068044537E-7;1.9234170452520503E-7;1.8071139170950553E-7;-1.1972138039088277E-7;1.588057541695105E-7;-1.7734363798025785E-7;1.2359789676209655E-7;1.641076044278066E-8;8.520802098919648E-9;-3.715540807534009E-9;-1.9491682818985657E-7;1.7490315701991105E-7;-5.113085484790078E-10;1.6744273892542947E-8;-1.4424059420621873E-7;6.0051032920869004E-9;3.945493445799261E-8;4.296926114597668E-8;3.628463338009017E-8;2.0751309203751914E-7;2.5352792037057336E-8;1.4456126505167407E-7;2.3009411545415106E-8;-1.535766622007611E-10;-2.1688070834377454E-7
1.572041043595194E-7;1.7997065633370987E-7;1.6621197610755124E-7;-1.4186792141833238E-7;1.572988189434655E-7;-1.6081229816576524E-7;1.2359918814315936E-7;-1.6407050602735588E-8;-8.517719631592505E-9;-3.7175261220043287E-9;-1.9491475667648073E-7;1.7490275655794894E-7;5.023375925958246E-10;1.6736136320211576E-8;-1.442425343165762E-7;-5.9977677213927466E-9;3.943637347768786E-8;-4.299720835368426E-8;-3.592421646040958E-8;2.076220228672682E-7;-2.52900446358276E-8;1.4453645569249547E-7;-2.310476535844166E-8;-2.3354659650317713E-10;-2.1689812506527103E-7
1.7906080194679263E-7;1.6759960816888212E-7;1.5171256056397753E-7;-1.640144624154335E-7;1.557918836859877E-7;-1.4428095829261944E-7;1.2257584221593038E-7;-4.916859374420544E-8;-2.5429301519142303E-8;2.035618193733589E-10;-1.7876708986235454E-7;1.620315708938674E-7;1.7072138014687277E-9;2.1406893704776507E-8;-1.3848584198990426E-7;-1.8791341436211412E-8;3.851974202852764E-8;-1.22241392936548E-7;-1.0169506677070523E-7;2.0551858014521153E-7;-7.367305263970892E-8;1.3441744646564054E-7;-6.531770596477534E-8;-4.76957948548847E-10;-2.1205647275981774E-7
2.0091749956423632E-7;1.5522856002914425E-7;1.3721314507803584E-7;-1.8616100338359627E-7;1.5428494839917114E-7;-1.2774961836167408E-7;1.2054080465397465E-7;-8.176421100273593E-8;-4.1964767326384956E-8;7.958439256212845E-9;-1.4713893388571734E-7;1.3689761370893977E-7;3.47766978777812E-9;3.056384957222414E-8;-1.273836042880911E-7;-3.3885360906771446E-8;3.670654617301945E-8;-1.8209745895111068E-7;-1.4889552306984136E-7;2.0165535710574223E-7;-1.1556933726844756E-7;1.1470502895277985E-7;-9.629667260482098E-8;-1.1631495644984966E-9;-2.0385345305590306E-7
2.2277419720911015E-7;1.428575119127592E-7;1.22713729648514E-7;-2.0830754432495689E-7;1.527780130856515E-7;-1.1121827837439257E-7;1.1751432947077591E-7;-1.1410168373368099E-7;-5.790592526319058E-8;1.9397361105859886E-8;-1.013022719554042E-7;1.0066492291682971E-7;6.155089971679911E-9;4.3863935001198E-8;-1.1173434533966976E-7;-5.253293524097588E-8;3.402438086854026E-8;-2.128232561526091E-7;-1.682225822777827E-7;1.9688385031720258E-7;-1.4785175196726296E-7;8.6399051222789E-8;-1.105638857703043E-7;-2.565851823516162E-9;-1.947627710438996E-7
2.446308948785233E-7;1.3048646381745435E-7;1.0821431427378321E-7;-2.3045408524207926E-7;1.5127107774893154E-7;-9.468693833297615E-8;1.1353078330279119E-7;-1.4611262743985323E-7;-7.30791723505191E-8;3.430295052542317E-8;-4.304343493197402E-8;5.494558020234378E-8;1.0024837205215539E-8;6.085316680880375E-8;-9.261989531396124E-8;-7.561165806436419E-8;3.05600466996809E-8;-2.0866580096796282E-7;-1.5420452614766886E-7;1.9236934728313197E-7;-1.6886794954304852E-7;5.095611990594741E-8;-1.0504811162750308E-7;-4.813254667284256E-9;-1.8790977537067623E-7
2.6648759257027885E-7;1.1811541573917163E-7;9.371489895154382E-8;-2.5260062613691374E-7;1.4976414239396175E-7;-7.815559824060756E-8;1.0863534863336662E-7;-1.7776342761219096E-7;-8.737815620918547E-8;5.241762470159124E-8;2.5460415018932163E-8;1.6887858098398045E-9;1.5292937915709088E-8;8.100645985324627E-8;-7.134522533721923E-8;-1.0354159674730128E-7;2.6427180316119148E-8;-1.686426312526188E-7;-1.0597301025285165E-7;1.8947385689189904E-7;-1.787006467588854E-7;1.0212500524037701E-8;-7.964047242452104E-8;-8.0236180589313E-9;-1.8632394558470667E-7
2.8834429028356476E-7;1.0574436767151927E-7;7.921548367897783E-8;-2.7474716701018847E-7;1.482572070274423E-7;-6.16242581013648E-8;1.0288291208522227E-7;-2.0906643407787654E-7;-1.0077996750167535E-7;7.348518174810329E-8;1.018637787030406E-7;-5.7051698209559806E-8;2.2105740643989832E-8;1.0386369476424976E-7;-4.9264012264294146E-8;-1.3640930910626613E-7;2.182988069049209E-8;-9.63553015413645E-8;-2.6965606753871292E-8;1.896195576758343E-7;-1.7918201874923027E-7;-3.38541867034733E-8;-3.685661760904382E-8;-1.212021771702824E-8;-1.9234265342157796E-7
3.102009880187794E-7;9.337331960576166E-8;6.471606845282388E-8;-2.968937078614725E-7;1.4675027165790125E-7;-4.5092917920130245E-8;9.633983914843412E-8;-2.40089197319387E-7;-1.1336441836934073E-7;9.727748544364971E-8;1.8380581868582227E-7;-1.1927354321502058E-7;3.0555434255725656E-8;1.2912062613542254E-7;-2.7689829674262883E-8;-1.7413179560902234E-7;1.7035727428006327E-8;9.006738988351448E-10;7.601729828321245E-8;1.943232209774586E-7;-1.7367328235832761E-7;-7.942234853266535E-8;1.878909176695995E-8;-1.694856407769639E-8;-2.0755816818888402E-7
3.3205768577718205E-7;8.100227153132676E-8;5.02166532699917E-8;-3.190402486893085E-7;1.452433362953669E-7;-2.856157770187627E-8;8.90836826678712E-8;-2.709639957435914E-7;-1.2533349888693316E-7;1.2364311069291013E-7;2.6918517571577213E-7;-1.833000280814889E-7;4.0709905746877665E-8;1.5679487915371552E-7;-7.736055884859248E-9;-2.1681547517259842E-7;1.2357689432503912E-8;1.1389242813501442E-7;1.9470351531610492E-7;2.0531474433628408E-7;-1.6673040208924272E-7;-1.2544080384290625E-7;8.208355909983002E-8;-2.2365694019749478E-8;-2.3323405833121268E-7
3.5391438355784953E-7;6.863122343808996E-8;3.571723812430736E-8;-3.411867894941217E-7;1.4373640094966587E-7;-1.203023745398705E-8;8.120241686139167E-8;-3.0189653806129566E-7;-1.3702664978677955E-7;1.5256527016317702E-7;3.563915930008529E-7;-2.480134091635569E-7;5.268020702434992E-8;1.8742732164762826E-7;9.776564961874808E-9;-2.65338243203924E-7;8.101052110368093E-9;2.3366432470118494E-7;3.218050732797843E-7;2.2498109371721934E-7;-1.6396219247025533E-7;-1.7253715768889443E-7;1.4874091815929838E-7;-2.8459167723788304E-8;-2.7166790481735034E-7
-6.830055445157443E-8;3.068382020659373E-7;2.96580117234256E-7;8.882293423697907E-8;1.7709239990612856E-7;-3.136513964613921E-7;3.211648112444983E-8;2.830202335365814E-7;8.558942857060383E-8;2.0437295848281032E-7;3.5198287811673354E-7;-2.2088071193861324E-7;-1.2534487340478453E-7;1.7333689230402285E-7;-4.213951861215505E-8;3.269659827224574E-7;-7.796751447517156E-8;-2.1244954599660239E-7;-2.962364871282901E-7;2.3763508210794636E-7;1.689260291593158E-7;-2.4787260217999987E-7;-8.44060734510145E-8;1.0655643113047773E-7;-2.0010480765875385E-7
-4.644385712987051E-8;2.9446715365405757E-7;2.820807011954192E-7;6.667639299791597E-8;1.7558546491572804E-7;-2.9712005706557147E-7;4.05384758868011E-8;2.538724521845497E-7;7.870467776720042E-8;1.7541024556365172E-7;2.6557253867755993E-7;-1.6048599910266388E-7;-1.0684759571129161E-7;1.5121992348154224E-7;-5.1621447453059285E-8;2.7436907997994325E-7;-5.274376453833702E-8;-9.582092398488593E-8;-1.7840209374934096E-7;2.1605139045912173E-7;1.7268532559079852E-7;-1.8376255301484957E-7;-4.237510936471201E-8;6.813188288051698E-8;-1.69741153363735E-7
-2.4587159800840583E-8;2.820961052752316E-7;2.675812851789774E-7;4.4529851763862945E-8;1.74078529893326E-7;-2.8058871764576575E-7;4.821674119949025E-8;2.2481765321945505E-7;7.153437260805929E-8;1.493495653605368E-7;1.8092215473208733E-7;-1.005999244022161E-7;-9.036986656924977E-8;1.3217507520570416E-7;-6.380330905372349E-8;2.2779432716177242E-7;-2.7180055125875724E-8;1.4408918621756454E-8;-6.816713780263866E-8;2.02466512486523E-7;1.802359989398977E-7;-1.2061151384135582E-7;-2.3124599454487006E-9;3.15080944295353E-8;-1.4852341038401908E-7
-2.730462458962385E-9;2.6972505694056077E-7;2.530818691988004E-7;2.238331053928401E-8;1.7257159482833017E-7;-2.64057378187988E-7;5.508876475227638E-8;1.9566478478570618E-7;6.387065274258199E-8;1.260641307438577E-7;9.964966479657471E-8;-4.232909286724539E-8;-7.540486613385448E-8;1.155016702948493E-7;-7.777829794660354E-8;1.8571725294212868E-7;-1.3707183301081768E-9;1.0911276326024032E-7;2.7557517431704588E-8;1.9452694950780494E-7;1.8591294271928178E-7;-5.72338664863907E-8;3.278134578959258E-8;-1.5596740430501266E-9;-1.3518149950933765E-7
1.9126234900164237E-8;2.5735400865272824E-7;2.385824532631881E-7;2.3676932821516666E-10;1.7106465971775625E-7;-2.4752603868418554E-7;6.10951315982659E-8;1.6628903682257798E-7;5.558802984406326E-8;1.0559943744135491E-7;2.3857022116262135E-8;1.2716392441758377E-8;-6.165867506409487E-8;1.0091448101372069E-7;-9.255101597214548E-8;1.4765930544957315E-7;2.3919751685676905E-8;1.7900031599946066E-7;1.0098291031259259E-7;1.9068717647439326E-7;1.8514434776819853E-7;4.9993865597637725E-9;5.9434396455213845E-8;-2.813439652102256E-8;-1.2904619349090002E-7
4.098293228019648E-8;2.44982960410187E-7;2.2408303737713995E-7;-2.190977186569732E-8;1.69557724562403E-7;-2.3099469912973075E-7;6.618483672852839E-8;1.3662547312405564E-7;4.664136846789922E-8;8.809814003294456E-8;-4.412116440871174E-8;6.264881380998268E-8;-4.894353126824623E-8;8.838834094741702E-8;-1.0705960300069132E-7;1.1356605944431055E-7;4.756760285285544E-8;2.1680402964952703E-7;1.4572350441491474E-7;1.89763931179258E-7;1.7466964859939454E-7;6.33736221007638E-8;7.469806978280459E-8;-4.541373487990295E-8;-1.2914907630000057E-7
6.283962968429894E-8;2.326119122098064E-7;2.0958362154394463E-7;-4.4056313039133284E-8;1.6805078936443508E-7;-2.1446335952165153E-7;7.031218747218485E-8;1.0665779592171526E-7;3.705560886195471E-8;7.375610265558949E-8;-1.0193144919971044E-7;1.0551642148026667E-7;-3.709078905658052E-8;7.8035746948138E-8;-1.2024281566319322E-7;8.330898587421857E-8;6.835901855272675E-8;2.188946109379249E-7;1.585250227348364E-7;1.9066468943103665E-7;1.5267377559144654E-7;1.1485445943612576E-7;7.695055379315246E-8;-5.16603475456978E-8;-1.3367952569446298E-7
8.469632711512699E-8;2.202408640481682E-7;1.9508420576582907E-7;-6.62028541892235E-8;1.6654385412626896E-7;-1.9793201985796104E-7;7.344033751811709E-8;7.641119798801419E-8;2.6909302033359883E-8;6.278183701432166E-8;-1.474133163557833E-7;1.3948745008224947E-7;-2.5953209486324206E-8;7.005079636214928E-8;-1.3111007677264948E-7;5.6578632007614616E-8;8.51357703686391E-8;1.862735575762177E-7;1.4018393593398348E-7;1.924069838588912E-7;1.1917155827691735E-7;1.56435576122197E-7;6.625073256068264E-8;-4.682263422315305E-8;-1.4028553485709823E-7
1.0655302457463543E-7;2.0786981592175588E-7;1.805847900440923E-7;-8.834939531371337E-8;1.650369188504653E-7;-1.8140068013750222E-7;7.554252824920358E-8;4.594236519063582E-8;1.6329153712003745E-8;5.535100072507723E-8;-1.7879741428469998E-7;1.6305039810850601E-7;-1.535243996267532E-8;6.460554598246182E-8;-1.388512451142714E-7;3.270709836355882E-8;9.690298846533532E-8;1.2463173085784665E-7;9.575985406768683E-8;1.941623065295556E-7;7.590414723110298E-8;1.8562594913144276E-7;4.461433148478582E-8;-3.2444420659661554E-8;-1.4654193806544952E-7
1.2840972206409863E-7;1.9549876782718445E-7;1.6608537437941856E-7;-1.1049593641101706E-7;1.635299835397375E-7;-1.6486934035985915E-7;7.659877823918555E-8;1.53313341950672E-8;5.4755917351020655E-9;5.1599741000489875E-8;-1.9481572167249308E-7;1.75115677627687E-7;-5.0860563347246225E-9;6.183955185638492E-8;-1.4287822944001615E-7;1.0698811830029531E-8;1.0295667673648006E-7;4.37823002433755E-8;3.405130529048327E-8;1.9526879163069256E-7;2.6113614452675987E-8;2.006640250594527E-7;1.5691984493349103E-8;-1.1653165283931337E-8;-1.502898254486622E-7
1.5026641958395385E-7;1.8312771976129432E-7;1.5158595877191073E-7;-1.3264247748028562E-7;1.6202304819679933E-7;-1.483380005251695E-7;7.659956642936002E-8;-1.532920177963497E-8;-5.471712079500012E-9;5.1599895244404384E-8;-1.9481362662531912E-7;1.7511463805563344E-7;5.0705426388365485E-9;6.183893729330403E-8;-1.428775147150834E-7;-1.0675495936741802E-8;1.02959214273813E-7;-4.380330538738445E-8;-3.3717786747193567E-8;1.9536895688895727E-7;-2.5997349105968656E-8;2.0067192821954884E-7;-1.579551901329415E-8;1.1404593500677929E-8;-1.5032935506031077E-7
1.7212311713368068E-7;1.7075667172119315E-7;1.3708654322111183E-7;-1.5478901852151814E-7;1.6051611282438E-7;-1.3180666063408346E-7;7.554509438187585E-8;-4.594085521903373E-8;-1.6325779734187104E-8;5.5349536559802275E-8;-1.7879294848392782E-7;1.6305152573765007E-7;1.5341505157769366E-8;6.459354348754574E-8;-1.388576957607753E-7;-3.270034489093835E-8;9.687954739172931E-8;-1.2464096741265587E-7;-9.541525888767792E-8;1.944556256331283E-7;-7.581189622355939E-8;1.8561112588074135E-7;-4.472448969522404E-8;3.21766924161807E-8;-1.4667907345090906E-7
1.9397981471200367E-7;1.5838562370414697E-7;1.2258712772615033E-7;-1.7693555953543717E-7;1.590091774254031E-7;-1.1527532068774009E-7;7.3445214176875E-8;-7.640964078705863E-8;-2.690636969163918E-8;6.277866492837209E-8;-1.4740944045095354E-7;1.394887999431256E-7;2.5942714248186167E-8;7.003866757635803E-8;-1.3111530010322414E-7;-5.657579544201012E-8;8.511885410895419E-8;-1.862372957520339E-7;-1.3979833892295055E-7;1.9284287875149116E-7;-1.1907929131811238E-7;1.564362929705745E-7;-6.632749022375725E-8;4.65479132996254E-8;-1.4051692868890727E-7
2.158365123171582E-7;1.4601457570717923E-7;1.0808771228576751E-7;-1.990821005233419E-7;1.575022420033978E-7;-9.874398068786743E-8;7.031782638172523E-8;-1.0665666774680997E-7;-3.7053179105005664E-8;7.375571118736729E-8;-1.0192613510154972E-7;1.0551673880469614E-7;3.708387211108065E-8;7.802684321094728E-8;-1.202431447225598E-7;-8.331248032499079E-8;6.835896888982943E-8;-2.1885261700112017E-7;-1.5813280932336843E-7;1.9113350476520496E-7;-1.5260075686980108E-7;1.148852193505067E-7;-7.700080745135523E-8;5.14075498969113E-8;-1.3387324047789887E-7
2.3769320994732305E-7;1.3364352772674178E-7;9.358829689832311E-8;-2.2122864148673102E-7;1.559953065626266E-7;-8.22126406368125E-8;6.61923783497615E-8;-1.36624121924365E-7;-4.6638566261069695E-8;8.80961884242738E-8;-4.412570179824031E-8;6.265729838565008E-8;4.8939904416251005E-8;8.837906384158911E-8;-1.070599833886136E-7;-1.135729455510148E-7;4.7587755692915104E-8;-2.1675741683088287E-7;-1.453229649943999E-7;1.901871777971761E-7;-1.746221706130062E-7;6.345550843450733E-8;-7.471281510466837E-8;4.518880872750396E-8;-1.2931803236815094E-7
2.5954990760113494E-7;1.2127247975792097E-7;7.908888156178038E-8;-2.433751824266963E-7;1.5448837110853035E-7;-6.568130053757925E-8;6.110448810755939E-8;-1.6628730059361195E-7;-5.558382497270197E-8;1.0559716020742097E-7;2.384974041427061E-8;1.2727784825689847E-8;6.166243988455439E-8;1.0090537655560628E-7;-9.255288919910247E-8;-1.4767950543630404E-7;2.3944874649310695E-8;-1.78968264012054E-7;-1.0057914163226952E-7;1.9098054960216084E-7;-1.851485005441859E-7;5.102947563286135E-9;-5.9411851635106454E-8;2.7929226147756445E-8;-1.2916665782467838E-7
2.814066052781317E-7;1.0890143179403613E-7;6.458946627382225E-8;-2.6552172334349305E-7;1.529814356479562E-7;-4.914996039374419E-8;5.5099487670837854E-8;-1.95662276185465E-7;-6.38658483669743E-8;1.260620601199725E-7;9.964440062757331E-8;-4.2316697335494617E-8;7.540954166184066E-8;1.1549188302238737E-7;-7.778120163221886E-8;-1.857312134804594E-7;-1.3305336011763115E-9;-1.0909480824503349E-7;-2.7155532306259352E-8;1.9459881789512918E-7;-1.8595032081819657E-7;-5.706707039793332E-8;-3.272681499104035E-8;1.3697317720885717E-9;-1.3520491685773482E-7
3.032633029787873E-7;9.653038382665768E-8;5.009005103209403E-8;-2.8766826423647994E-7;1.514745001891924E-7;-3.261862020921504E-8;4.82287039458324E-8;-2.2481478883392447E-7;-7.152943317350471E-8;1.4934821462972456E-7;1.809204531403543E-7;-1.005880525666572E-7;9.037680710708059E-8;1.3216516289510283E-7;-6.380664175493371E-8;-2.2780781890936605E-7;-2.7130446148724217E-8;-1.4404046891877379E-8;6.857794358456884E-8;2.0224941423920432E-7;-1.803142753673699E-7;-1.2039790656157873E-7;2.3952782544708888E-9;-3.171103429582801E-8;-1.4842094147739373E-7
3.251200007045617E-7;8.41593358455572E-8;3.559063583492864E-8;-3.0981480510380977E-7;1.4996756474200813E-7;-1.6087279987533432E-8;4.0550810225649997E-8;-2.538692117015092E-7;-7.869807044072863E-8;1.754123408174982E-7;2.65574845213594E-7;-1.60473848097591E-7;1.0686205300055481E-7;1.5120952936230532E-7;-5.162833846581881E-8;-2.7439008375440343E-7;-5.269496181400628E-8;9.581197809957276E-8;1.7883158179375662E-7;2.154969218104252E-7;-1.7280288977253924E-7;-1.8351677757722712E-7;4.247832707502303E-8;-6.837835096023595E-8;-1.6946693802639964E-7
3.4697669845428446E-7;7.178828784147391E-8;2.1091220677005543E-8;-3.319613459460826E-7;1.4846062931557697E-7;4.4406026491042953E-10;3.2129767455667865E-8;-2.830163945555881E-7;-8.558159199139274E-8;2.043763740311699E-7;3.5199221335698225E-7;-2.2087102722590867E-7;1.25364287726683E-7;1.7332557143544974E-7;-4.214755188827644E-8;-3.2699488695533287E-7;-7.791752799110391E-8;2.124445013056062E-7;2.967183887967947E-7;2.3672894605441733E-7;-1.6908941345889357E-7;-2.4759518797344433E-7;8.453828888656246E-8;-1.0687230413273026E-7;-1.9969616502200958E-7
-7.523823898533445E-8;3.099952641970726E-7;2.819540998873983E-7;9.804837849176168E-8;1.8181663041183012E-7;-3.0117709909926836E-7;-1.4987883435271803E-8;2.627345687023109E-7;3.3724100798444553E-8;2.4579921085630424E-7;3.45415467884632E-7;-1.9322417477611292E-7;-1.8826735898391472E-7;1.4408657212502653E-7;-8.265660538119263E-8;3.549257398186912E-7;-1.6063006998344635E-7;-1.963083690364167E-7;-2.5873423122788176E-7;2.0736884531962736E-7;1.327962004339735E-7;-2.942859299128387E-7;-1.816333794211976E-8;1.7324612328334955E-7;-8.185054399894838E-8
-5.338154168278488E-8;2.976242159073317E-7;2.6745468384690295E-7;7.590183722567266E-8;1.8030969530160454E-7;-2.846457596796327E-7;-5.9919130049810736E-9;2.3556561012904366E-7;3.1842486417983725E-8;2.1712167116782206E-7;2.598238211598214E-7;-1.3751209907598876E-7;-1.6400066700629615E-7;1.3150317679631774E-7;-8.429516329616802E-8;3.0147643727325316E-7;-1.1599882061494641E-7;-8.214034692875366E-8;-1.5176741939413332E-7;1.868505387655982E-7;1.4147091237325844E-7;-2.2013471653275086E-7;-1.7818761944136652E-9;1.0558080912817126E-7;-6.287263645489415E-8
-3.152484437294442E-8;2.852531676544954E-7;2.529552678308106E-7;5.375529596435317E-8;1.788027601558077E-7;-2.68114420233533E-7;2.1365615429375286E-9;2.0851239563516988E-7;2.9625345332026522E-8;1.9162441308765964E-7;1.758984026042056E-7;-8.212201912036243E-8;-1.4196741655751332E-7;1.2188724493001382E-7;-8.872027643258405E-8;2.5397783333665746E-7;-7.125681256461637E-8;2.591529094817308E-8;-5.147435956391363E-8;1.7274735649212228E-7;1.5298280650605748E-7;-1.469385509360337E-7;1.4042789172913603E-8;4.068131137981554E-8;-4.8279819102422964E-8
-9.668147050766418E-9;2.7288211945033486E-7;2.384558518527809E-7;3.160875471176683E-8;1.7729582496322983E-7;-2.515830807468931E-7;9.358396373819827E-9;1.8139802926035963E-7;2.699109041744092E-8;1.6905972269023376E-7;9.526774291099764E-8;-2.813268888509691E-8;-1.2132765602497234E-7;1.1443512226076826E-7;-9.502565667655725E-8;2.1055463822454754E-7;-2.6308470985883045E-8;1.1862390144337037E-7;3.556495648891716E-8;1.6309190357103524E-7;1.621595210961929E-7;-7.316830085893879E-8;2.773063908325837E-8;-1.7853833725741335E-8;-3.8361050114344986E-8
1.218855028728482E-8;2.6051107129472026E-7;2.2395643591915715E-7;9.462213471365311E-9;1.757888897237338E-7;-2.3505174121388275E-7;1.5636068353731372E-8;1.5410708856943624E-7;2.389778978661396E-8;1.493695150182545E-7;2.0040402469288316E-8;2.2917890310565853E-8;-1.0158032295991705E-7;1.0863500204201452E-7;-1.0238084499327857E-7;1.705222212697129E-7;1.770240110066077E-8;1.8666414581092097E-7;1.0201911375232313E-7;1.5676163591062237E-7;1.6477583566613009E-7;-3.852471104079533E-10;3.764008164582449E-8;-6.447366857992197E-8;-3.349701065290422E-8
3.404524764438288E-8;2.4814002318497926E-7;2.0945702003420577E-7;-1.2684327753574481E-8;1.7428195443935828E-7;-2.1852040163077588E-7;2.092975308244607E-8;1.2657456418036456E-7;2.0334968640788213E-8;1.3262613055411906E-7;-4.7448096620261766E-8;6.925598572872563E-8;-8.24307657046412E-8;1.0415012906079989E-7;-1.0999232630934216E-7;1.3366062622902062E-7;5.8974483213353035E-8;2.2275984454212923E-7;1.4194096825577124E-7;1.5287032391922128E-7;1.576354169706238E-7;6.837512484108008E-8;4.2407550138455364E-8;-9.410329275694253E-8;-3.315494340739052E-8
5.5901945023341104E-8;2.357689751180041E-7;1.9495760420094428E-7;-3.4830868960095785E-8;1.7277501911243645E-7;-2.0198906199500432E-7;2.5208660198618034E-8;9.878423945904404E-8;1.633764420576313E-8;1.1895801165781655E-7;-1.048573970538233E-7;1.0905472091078996E-7;-6.369805991292231E-8;1.0076023869730005E-7;-1.1713014109290658E-7;9.98869616033254E-8;9.536829852452255E-8;2.2330283587303904E-7;1.5227039585466223E-7;1.5080726038371593E-7;1.3914225801378363E-7;1.2932205520903975E-7;4.137023986634376E-8;-1.0340560420166252E-7;-3.6371927321078827E-8
7.775864242657166E-8;2.2339792709018794E-7;1.8045818842138302E-7;-5.6977410145581935E-8;1.7126808374575883E-7;-1.85457722304986E-7;2.8444661632031814E-8;7.07560554994401E-8;1.1964144042028802E-8;1.0852477589462862E-7;-1.5003226403097836E-7;1.4060371026420404E-7;-4.528394504554462E-8;9.832099611838317E-8;-1.2313420212459213E-7;6.898189561575628E-8;1.2477416229918637E-7;1.8928000036362776E-7;1.337330220080405E-7;1.4996857445190793E-7;1.0935035459530133E-7;1.7871643762558878E-7;3.4584133832998055E-8;-9.211837922004497E-8;-4.140694740457287E-8
9.961533985595736E-8;2.110268790976106E-7;1.6595877269672748E-7;-7.912395130787508E-8;1.6976114834248458E-7;-1.68926382559936E-7;3.061446648021391E-8;4.253584689675006E-8;7.300596368849745E-9;1.0147743054361988E-7;-1.8120298656513404E-7;1.6248307943121215E-7;-2.7085527486403386E-8;9.675186391518904E-8;-1.2744859916975397E-7;4.037546104416703E-8;1.454844093904031E-7;1.2638909057712817E-7;9.103310527291521E-8;1.4977005973044474E-7;6.993336540967881E-8;2.135442025402361E-7;2.2884101123504644E-8;-6.326817611729457E-8;-4.619093554944831E-8
1.2147203731267797E-7;1.9865583113655132E-7;1.5145935702745263E-7;-1.0127049244546605E-7;1.682542129056616E-7;-1.5239504275970811E-7;3.1703585231039904E-8;1.4192734241675596E-8;2.456378758010936E-9;9.792272572215901E-8;-1.9711431766496786E-7;1.73690276924761E-7;-9.015970546663483E-9;9.59726953014774E-8;-1.2971371073933575E-7;1.3279933063392294E-8;1.5615897146742668E-7;4.437616163467321E-8;3.231719594928121E-8;1.4984356194914925E-7;2.410710073027241E-8;2.3153608340219827E-7;7.972049478256586E-9;-2.2514487944625935E-8;-4.912189479648731E-8
1.4332873479727827E-7;1.8628478320340145E-7;1.3695994141350404E-7;-1.2341703355742075E-7;1.667472774384151E-7;-1.3586370290469885E-7;3.1704092208433335E-8;-1.4192636550647227E-8;-2.4509271396397765E-9;9.792198069878225E-8;-1.9711400413918817E-7;1.7369422861575592E-7;9.003240485432228E-9;9.59642766888916E-8;-1.2972072676605912E-7;-1.3268058990776007E-8;1.5614392603755852E-7;-4.436722138451316E-8;-3.205023556096728E-8;1.4994302302315464E-7;-2.397086532658285E-8;2.3153442400075771E-7;-8.089443053013669E-9;2.2427678388982888E-8;-4.919946437669281E-8
1.6518543230959717E-7;1.739137352945171E-7;1.2246052585431923E-7;-1.4556357464340047E-7;1.6524034194407154E-7;-1.19332362995788E-7;3.061630971343089E-8;-4.2535768957913944E-8;-7.296182529901043E-9;1.0147570087237665E-7;-1.8120009937797802E-7;1.6249037034790278E-7;2.706972638837676E-8;9.673464849086656E-8;-1.2746329703205236E-7;-4.0355146027805464E-8;1.4545586782801266E-7;-1.2638329643727024E-7;-9.077578860226494E-8;1.5005405671444404E-7;-6.980022424869301E-8;2.1355113127762633E-7;-2.3014989448028043E-8;6.31553472469759E-8;-4.641951607379428E-8
1.870421298489142E-7;1.6154268740631232E-7;1.0796111034894552E-7;-1.6771011570363162E-7;1.6373340642618936E-7;-1.0280102303433779E-7;2.844765578274865E-8;-7.075620719507084E-8;-1.1959000095625323E-8;1.0852532021622792E-7;-1.5002627400570475E-7;1.4060538589383128E-7;4.527447760433107E-8;9.831459151314809E-8;-1.231367365653389E-7;-6.897428229679357E-8;1.247720187284873E-7;-1.8926359029480515E-7;-1.3345301773087612E-7;1.5036333614695522E-7;-1.0923383446686933E-7;1.787402240528975E-7;-3.467000860029615E-8;9.204277390844555E-8;-4.170347633417672E-8
2.0889882741422445E-7;1.4917163953502166E-7;9.346169489609138E-8;-1.8985665673877758E-7;1.6222647088883288E-7;-8.626968302226585E-8;2.5214116322300626E-8;-9.878511687328892E-8;-1.6333559312418942E-8;1.1895508014365662E-7;-1.0484944679441793E-7;1.0905625641433348E-7;6.369405784282941E-8;1.0074911462043247E-7;-1.171348478164272E-7;-9.989893785829643E-8;9.535316160861553E-8;-2.2327609818771638E-7;-1.5197460781446192E-7;1.5127784593941736E-7;-1.3907530007548392E-7;1.2933439780026696E-7;-4.1459872163111025E-8;1.0328724801988527E-7;-3.677329272883616E-8
2.30755525004489E-7;1.3680059167619943E-7;7.896227949421067E-8;-2.1200319774958996E-7;1.6071953533684E-7;-6.973834296194219E-8;2.0935956213963278E-8;-1.265744691991884E-7;-2.033015381582029E-8;1.3262342573644966E-7;-4.7450265288306404E-8;6.926772778267385E-8;8.242582882549573E-8;1.0413996409569698E-7;-1.0999528949446243E-7;-1.3366184784127754E-7;5.8995497563936354E-8;-2.2272156468022654E-7;-1.41629408770392E-7;1.5328198696144424E-7;-1.5757996918406807E-7;6.846131099818443E-8;-4.245369894843972E-8;9.40102454460764E-8;-3.3468535903558984E-8
2.526122226189668E-7;1.2442954382438804E-7;6.446286414152156E-8;-2.3414973873647979E-7;1.59212599775883E-7;-5.320700285613468E-8;1.5643439602371422E-8;-1.54105750975218E-7;-2.38907973168586E-8;1.4936677798347762E-7;2.0036618551937978E-8;2.293273307483628E-8;1.0157874781140078E-7;1.0862614344091237E-7;-1.023811060844159E-7;-1.7051919617071715E-7;1.7749676256214866E-8;-1.866340134570044E-7;-1.0169696457043295E-7;1.5703666277139145E-7;-1.647479528631253E-7;-2.38052076102431E-10;-3.762524245046328E-8;6.443954643545078E-8;-3.36775720751272E-8
2.7446892025752284E-7;1.120584959727337E-7;4.9963448836232516E-8;-2.562962796992194E-7;1.5770566421281112E-7;-3.6675662707869175E-8;9.368246106162946E-9;-1.8139695544636732E-7;-2.6984964530774835E-8;1.6905486843213667E-7;9.526640153542643E-8;-2.811939638782425E-8;1.213309670168978E-7;1.1442882977123803E-7;-9.502678888533357E-8;-2.1056976572963053E-7;-2.6260550702314815E-8;-1.18609086981625E-7;-3.5224390280245016E-8;1.6319404288658175E-7;-1.6221286450435082E-7;-7.302734535589839E-8;-2.768409209589386E-8;1.7795099757406628E-8;-3.8455242943826896E-8
2.96325617920815E-7;9.968744811300262E-8;3.546403357680644E-8;-2.784428206368852E-7;1.5619872865573463E-7;-2.0144322520201445E-8;2.147586460936904E-9;-2.085110453559093E-7;-2.961855855131303E-8;1.9161999983747128E-7;1.7589923774461742E-7;-8.210875504162715E-8;1.4197592008915117E-7;1.2188278223539767E-7;-8.872023443750708E-8;-2.5400041142203277E-7;-7.119852875638349E-8;-2.5914605525236724E-8;5.183449816565931E-8;1.7258542947057802E-7;-1.5309080180776164E-7;-1.4677829761822445E-7;-1.3953180284143964E-8;-4.074085593890148E-8;-4.817142806495367E-8
3.18182315610386E-7;8.731640023542712E-8;2.0964618362507318E-8;-3.005893615475033E-7;1.546917931140737E-7;-3.6129822956874053E-9;-5.979766662899108E-9;-2.3556381634940694E-7;-3.183487421760246E-8;2.1711760327213817E-7;2.5982748381031925E-7;-1.374986978052333E-7;1.6401362070392408E-7;1.3150007709662792E-7;-8.429463242971172E-8;-3.015040727513389E-7;-1.1592904839201809E-7;8.212422126320897E-8;1.521517237960871E-7;1.8638604945799437E-7;-1.4163366028446262E-7;-2.1994943985764676E-7;1.9111392022829914E-9;-1.0564982238015486E-7;-6.254188942588928E-8
3.400390133247281E-7;7.494535233156362E-8;6.465203188562543E-9;-3.2273590243191915E-7;1.5318485759636153E-7;1.2918357960010888E-8;-1.4975315456913392E-8;-2.627320519201503E-7;-3.371369947634704E-8;2.457972790971599E-7;3.454246799502379E-7;-1.9321178222986137E-7;1.8828918047540406E-7;1.440822341936879E-7;-8.265659743567501E-8;-3.5496227957997395E-7;-1.6056127036692163E-7;1.9628992604408525E-7;2.591652409819979E-7;2.0657043028742427E-7;-1.3299750245861734E-7;-2.940882752406053E-7;1.833083277201309E-8;-1.7335381196378798E-7;-8.125041877256844E-8
-8.217592352290343E-8;3.131523262231392E-7;2.6732808250999327E-7;1.0727382274957118E-7;1.86540861020136E-7;-2.8870280177739205E-7;-5.961443577362487E-8;2.410614125770178E-7;-1.7605264075677155E-8;2.753059877343358E-7;3.370480093737643E-7;-1.658494346606073E-7;-2.385152734926577E-7;1.0049955542691734E-7;-1.1033759643427111E-7;3.4714078177880947E-7;-2.3416116570142175E-7;-1.8719769935269544E-7;-2.1229310949903283E-7;1.4229539215848546E-7;6.249048732285837E-8;-3.0675259172040215E-7;4.5752723210811936E-8;2.2314175351501073E-7;5.3530638213975956E-8
-6.03192262405184E-8;3.007812780735735E-7;2.528286664701683E-7;8.51272814540322E-8;1.8503392577292596E-7;-2.721714623295345E-7;-5.002734420172298E-8;2.1605496387897925E-7;-1.4420816647329058E-8;2.47332816010542E-7;2.522959624064335E-7;-1.1513165001257413E-7;-2.096275751682365E-7;9.827232424778396E-8;-1.046144006093752E-7;2.964445179263815E-7;-1.7295796192467156E-7;-7.459471600073294E-8;-1.1748809473663472E-7;1.252796636658477E-7;7.936289340579964E-8;-2.3078539982978797E-7;3.641895830884473E-8;1.3144546356638074E-7;5.986673925941531E-8
-3.846252895084589E-8;2.884102299637282E-7;2.3832925045653397E-7;6.298074016308382E-8;1.8352699048756343E-7;-2.5564012285308997E-7;-4.143600349483288E-8;1.9117583725050876E-7;-1.1657103553503502E-8;2.2273161968010777E-7;1.690947619823499E-7;-6.455387128702368E-8;-1.8316690245262114E-7;9.867024956156173E-8;-1.0155770033931385E-7;2.5128677663999695E-7;-1.1199001441869108E-7;3.205808121299238E-8;-2.8312612018823377E-8;1.1228570134079471E-7;9.753287593941166E-8;-1.5580182553914577E-7;2.7898186581055062E-8;4.32074043353312E-8;6.703983066464669E-8
-1.660583164928438E-8;2.760391819059905E-7;2.2382983448256247E-7;4.083419888024477E-8;1.8202005515236455E-7;-2.39108783334032E-7;-3.3853512326066177E-8;1.662612741364087E-7;-9.265289079131123E-9;2.0114851248403433E-7;8.908931739223707E-8;-1.5154851241110934E-8;-1.5800506817480214E-7;1.0086711149665662E-7;-1.0034157991774774E-7;2.0974089237863623E-7;-5.092111143764291E-8;1.234977576614303E-7;4.893584348371384E-8;1.0213125650548042E-7;1.1288321449618916E-7;-8.007570271893531E-8;2.0100340472279076E-8;-3.634574067825762E-8;7.27757026787198E-8
5.250865666850524E-9;2.636681338967997E-7;2.0933041855239224E-7;1.868765760843092E-8;1.8051311977056118E-7;-2.225774437689965E-7;-2.729913966052353E-8;1.4120430791161582E-7;-7.2073291313216574E-9;1.8244466678667645E-7;1.4397031429081043E-8;3.161949731053018E-8;-1.334690994094566E-7;1.0416571601641456E-7;-1.0035267351243253E-7;1.7105350701504582E-7;8.837055597544671E-9;1.9039757955441844E-7;1.0739914036888113E-7;9.421403234899872E-8;1.2172444182746574E-7;-5.104858941318259E-9;1.3271248575846538E-8;-9.944284052324987E-8;7.576817160227282E-8
2.7107563000245266E-8;2.512970859330128E-7;1.948310026695614E-7;-3.4588836495266722E-9;1.7900618434469735E-7;-2.0604610415497492E-7;-2.179202477506655E-8;1.1594752747839304E-7;-5.44707382867931E-9;1.6661810031582964E-7;-5.263815844645567E-8;7.410350606939138E-8;-1.0919535371997924E-7;1.0796307915188921E-7;-1.0111367102760216E-7;1.3506153533777954E-7;6.48290196103061E-8;2.2550548069238818E-7;1.4151451996218743E-7;8.825833785840561E-8;1.2131208463698432E-7;6.579727180555305E-8;7.722739434190578E-9;-1.3881391357477574E-7;7.55484955572085E-8
4.896426035341514E-8;2.389260380110478E-7;1.803315868367709E-7;-2.560542489092541E-8;1.774992488777536E-7;-1.8951476448989268E-7;-1.735615100581717E-8;9.047143510782674E-8;-3.944884102032396E-9;1.5374990778290238E-7;-1.0967874852426445E-7;1.10612090207215E-7;-8.49814293921001E-8;1.1170914038406373E-7;-1.022282255691389E-7;1.0164023723496415E-7;1.1422807406744964E-7;2.2522747266785864E-7;1.484897136523127E-7;8.393910908219803E-8;1.1008521864948633E-7;1.2880792582373546E-7;3.727707142752841E-9;-1.4997751468578848E-7;7.282105109161117E-8
7.082095772856798E-8;2.2655499012716844E-7;1.658321710558737E-7;-4.7751966113346996E-8;1.7599231337279858E-7;-1.729834247724661E-7;-1.4010331357908429E-8;6.479026075904727E-8;-2.6555270167803577E-9;1.4395548469593643E-7;-1.545761719722708E-7;1.3956490841515451E-7;-6.07457290471717E-8;1.149525162132747E-7;-1.0336527757250504E-7;7.059021529597221E-8;1.5421704457841163E-7;1.905225436464499E-7;1.2896542090899905E-7;8.101960303338236E-8;8.808052346595535E-8;1.8005384467650284E-7;1.2672895455179613E-9;-1.3254271566914327E-7;6.878310610462764E-8
9.267765512743642E-8;2.1418394227752982E-7;1.5133275532794197E-7;-6.989850731481473E-8;1.7448537783304783E-7;-1.5645208500216146E-7;-1.1770065385483053E-8;3.8944939601692805E-8;-1.5257644084401796E-9;1.3734808381257417E-7;-1.8556020082507165E-7;1.5965252483445816E-7;-3.6473191822062525E-8;1.1732201392499135E-7;-1.042741566306276E-7;4.150072470442272E-8;1.8234604141030255E-7;1.2707773097162604E-7;8.726682402765595E-8;7.927691929738056E-8;5.6969192833027185E-8;2.162056522079792E-7;1.440240269603606E-10;-9.057156455021117E-8;6.489372854314123E-8
1.145343525512172E-7;2.0181289445812915E-7;1.368333396533842E-7;-9.204504849381079E-8;1.729784422618961E-7;-1.3992074517904297E-7;-1.064772585263251E-8;1.2993583046844305E-8;-4.951054979457323E-10;1.3402119846700953E-7;-2.013771434496978E-7;1.6994006236935556E-7;-1.2167998468006015E-8;1.1856966417757512E-7;-1.0477022756461052E-7;1.3693444219519176E-8;1.9687553324386862E-7;4.4600916236193764E-8;3.086025013321556E-8;7.84820272581259E-8;1.9764828913787E-8;2.3490264703281402E-7;-9.467874708016575E-11;-3.2108774993944705E-8;6.256124224293064E-8
1.3639105000052984E-7;1.8944184666499017E-7;1.2233392403201115E-7;-1.1419158964932328E-7;1.7147150666276572E-7;-1.2338940530369472E-7;-1.0647066908790312E-8;-1.2994717461345556E-8;5.01824863657158E-10;1.3402045725276146E-7;-2.0137658710367575E-7;1.6994203408133395E-7;1.2151083745992768E-8;1.1856704041586044E-7;-1.0477299546461383E-7;-1.3666600851704801E-8;1.9687374176720044E-7;-4.457911386885614E-8;-3.0730432001711586E-8;7.857936433677595E-8;-1.9598406147110828E-8;2.3491189743052454E-7;-2.2006235570187966E-11;3.220471328242975E-8;6.244532733446338E-8
1.5824774747548397E-7;1.7707079889406468E-7;1.0783450846318238E-7;-1.3633813078079831E-7;1.6996457103931795E-7;-1.0685806537719093E-7;-1.176936551288405E-8;-3.8946159518616156E-8;1.5320359004513506E-9;1.3734833425040347E-7;-1.855568974860007E-7;1.596568542456376E-7;3.6455861508412684E-8;1.1731358264602482E-7;-1.0427579056937242E-7;-4.147036321597532E-8;1.8234532003502042E-7;-1.2707588480942637E-7;-8.715121297217505E-8;7.951581847466327E-8;-5.6815727771373734E-8;2.16229034521459E-7;-2.560894826790078E-10;9.06807063657549E-8;6.464352152040229E-8
1.801044449758207E-7;1.6469975114121427E-7;9.333509294593556E-8;-1.5848467188808448E-7;1.68457635395535E-7;-9.032672540103452E-8;-1.4008346794843841E-8;-6.479175788216398E-8;2.6617780024656737E-9;1.4395442556012325E-7;-1.5456905744587725E-7;1.3956976762197502E-7;6.073285325418382E-8;1.149397225039905E-7;-1.0336861616507149E-7;-7.056994140456279E-8;1.5421171694782974E-7;-1.9051756818020388E-7;-1.288415873377897E-7;8.138692398122516E-8;-8.795246983933041E-8;1.8008683511664276E-7;-1.3762617363055757E-9;1.326442306480174E-7;6.838112730111199E-8
2.019611425010891E-7;1.5232870340209988E-7;7.88356774790465E-8;-1.806312129713378E-7;1.6695069973585221E-7;-7.379538537717545E-8;-1.735248875961337E-8;-9.047245703102275E-8;3.950895715965162E-9;1.5374784971819496E-7;-1.096712983906218E-7;1.1061795496915474E-7;8.496832008758143E-8;1.1170060764004927E-7;-1.0222987854201297E-7;-1.0161980441579935E-7;1.142433252161077E-7;-2.2520209656056737E-7;-1.4833750514916543E-7;8.437114701191128E-8;-1.0997753666614091E-7;1.288780234810733E-7;-3.8082958340005345E-9;1.5007163070748766E-7;7.234618683961067E-8
2.238178400507528E-7;1.399576556717451E-7;6.433626206102936E-8;-2.027777540307712E-7;1.6544376406537067E-7;-5.726404530795178E-8;-2.178639482045332E-8;-1.1594843045224341E-7;5.452889296062241E-9;1.6661332580272764E-7;-5.2638510109292544E-8;7.411762873392986E-8;1.0918644986941366E-7;1.0795558644834731E-7;-1.0111861081920802E-7;-1.3505509473359526E-7;6.485943927635435E-8;-2.2547666140199621E-7;-1.4134130520869628E-7;8.86826174547326E-8;-1.2126054995832622E-7;6.589049852210204E-8;-7.78497646588402E-9;1.3889600541549104E-7;7.507418379507894E-8
2.456745376246756E-7;1.2758660794431812E-7;4.983684669043792E-8;-2.2492429506615597E-7;1.6393682838987003E-7;-4.0732705195839166E-8;-2.7290991500721958E-8;-1.412050959139606E-7;7.2135519373288664E-9;1.8243745070178776E-7;1.4395342162839651E-8;3.1634374712689946E-8;1.3346710366809455E-7;1.0416370019590011E-7;-1.0035723739568193E-7;-1.710665895951563E-7;8.877540616626442E-9;-1.90381902709473E-7;-1.0720066696399319E-7;9.45592036017362E-8;-1.2174495648809917E-7;-5.015360627730064E-9;-1.3281231781480633E-8;9.95408478088056E-8;7.536269760137368E-8
2.6753123522304494E-7;1.1521556021293201E-7;3.5337431365929326E-8;-2.470708360769004E-7;1.6242989271613135E-7;-2.4201365043400764E-8;-3.384487684309478E-8;-1.6626120365937603E-7;9.272756942235738E-9;2.0114131928712964E-7;8.908855954426622E-8;-1.513809554147551E-8;1.5800549660418714E-7;1.0086474703127987E-7;-1.0034085162282854E-7;-2.0974811686378454E-7;-5.0858653115858726E-8;-1.234951370949395E-7;-4.8726045371858886E-8;1.0227259603673865E-7;-1.1293871387189479E-7;-7.995618403111693E-8;-2.006284478982941E-8;3.6475387924643216E-8;7.262633619151078E-8
2.8938793284666363E-7;1.0284451246959019E-7;2.0838016086676557E-8;-2.692173770618231E-7;1.6092295705201322E-7;-7.670024852934505E-9;-4.1426456469269484E-8;-1.9117551013936674E-7;1.1666035042941318E-8;2.2272478239703778E-7;1.6909622904388706E-7;-6.453762446933561E-8;1.8317530428564277E-7;9.866973818721457E-8;-1.0155358488982077E-7;-2.513048644950705E-7;-1.1192133420749899E-7;-3.206930508726541E-8;2.8546928518682856E-8;1.1218432412577164E-7;-9.764069011323897E-8;-1.5569431299444374E-7;-2.7810992275743503E-8;-4.307144662257494E-8;6.717022195317324E-8
3.1124463049709964E-7;9.047346470500993E-8;6.3386008526704565E-9;-2.913639180188844E-7;1.5941602140653868E-7;8.861315373815494E-9;-5.001672765933136E-8;-2.1605457656544908E-7;1.4431133094768289E-8;2.4732659295966223E-7;2.523006805871425E-7;-1.1511679116856617E-7;2.096450633536798E-7;9.827463934391762E-8;-1.0460847684243696E-7;-2.964781047136243E-7;-1.7288852275060023E-7;7.457042719747918E-8;1.1775554718795206E-7;1.24908476151111E-7;-7.952818743479145E-8;-2.3070331352205443E-7;-3.628521728845947E-8;-1.3132306405691377E-7;6.029310574568398E-8
3.331013281725303E-7;7.810241691154477E-8;-8.160814340505746E-9;-3.1351045894922914E-7;1.579090857876202E-7;2.5392655631730897E-8;-5.960284193514876E-8;-2.410607258513558E-7;1.7617376199372172E-8;2.7530036894373144E-7;3.3705701012289753E-7;-1.6583594086288104E-7;2.385413988735046E-7;1.0050400307501744E-7;-1.1033039450242332E-7;-3.471883301121568E-7;-2.3408987924122634E-7;1.871649762985085E-7;2.1260386453352453E-7;1.416367949047585E-7;-6.271027456643332E-8;-3.06690550294055E-7;-4.557317776053544E-8;-2.2303566318270179E-7;5.426777291414051E-8
-8.911360806282334E-8;3.163093881642853E-7;2.527020651097738E-7;1.1649926701012479E-7;1.9126509171179196E-7;-2.7622850448571946E-7;-1.0124668722815174E-7;2.1805176222887189E-7;-6.735447995325296E-8;2.917814660869252E-7;3.2735216310596153E-7;-1.3949624245243389E-7;-2.736893700834261E-7;4.459412792069321E-8;-1.2493103768103325E-7;3.048956819056408E-7;-2.9306221677177947E-7;-1.861766946564195E-7;-1.613487197220092E-7;5.467651588729359E-8;-2.9359372439675107E-8;-2.8364667427770323E-7;1.0360923303161782E-7;2.5350153581963953E-7;1.7311617185592678E-7
-6.725691080144038E-8;3.039383401716311E-7;2.3820264907263078E-7;9.435272568297556E-8;1.897581563116797E-7;-2.596971650058348E-7;-9.107260805020643E-8;1.9537630787621542E-7;-5.9181581797764954E-8;2.650030385049998E-7;2.434451657703176E-7;-9.402045956990297E-8;-2.4163748920544147E-7;5.324274812659385E-8;-1.1254096638433417E-7;2.604524741862145E-7;-2.1921726380097172E-7;-7.415189746649807E-8;-7.947537469831954E-8;4.288105527301931E-8;-2.515474875879915E-9;-2.1429359388407225E-7;6.943287422316384E-8;1.4444743444320166E-7;1.6824106793632397E-7
-4.5400213532953827E-8;2.9156729221910776E-7;2.237032330624069E-7;7.220618436020874E-8;1.8825122087311872E-7;-2.431658254965303E-7;-8.20195010539282E-8;1.7283046110051226E-7;-5.153289834532964E-8;2.416753734726899E-7;1.6095867229413987E-7;-4.8522336149483737E-8;-2.1213572804213103E-7;6.39672319387699E-8;-1.0249043670305861E-7;2.207839727983115E-7;-1.459721927019081E-7;3.196033392831107E-8;-2.1348331619037394E-9;3.23020192768438E-8;2.3788012702278254E-8;-1.4589554473768492E-7;3.731755209413079E-8;3.92160765886474E-8;1.6861258779084688E-7
-2.3543516253160956E-8;2.7919624431997934E-7;2.0920381709252683E-7;5.005964304493352E-8;1.8674428538374274E-7;-2.2663448594373756E-7;-7.407641580213623E-8;1.5026789939863164E-7;-4.423440343530232E-8;2.2137066900560306E-7;8.155836282738893E-8;-3.9893433282419235E-9;-1.8385709099869077E-7;7.599121156830523E-8;-9.410831965753936E-8;1.8423509464481067E-7;-7.279574507026726E-8;1.2294666158655532E-7;6.464135922082283E-8;2.273120816316224E-8;4.681280345456586E-8;-7.681845520495201E-8;8.714293507211492E-9;-5.558794690839083E-8;1.7028206638025754E-7
-1.6868189599616696E-9;2.668251964691369E-7;1.9470440116584709E-7;2.791310173961011E-8;1.8523734984823288E-7;-2.101031463453615E-7;-6.72433144434861E-8;1.2759195515316658E-7;-3.716856566141005E-8;2.0388382578246866E-7;7.373148459910064E-9;3.823777223065626E-8;-1.560083131415066E-7;8.847972579037509E-8;-8.704759857053536E-8;1.5018572121327306E-7;-1.2948954591336505E-9;1.8952461071190016E-7;1.1448381612596252E-7;1.4228439470424034E-8;6.366360950699544E-8;-8.409072103437934E-9;-1.4192652775834693E-8;-1.3041649038290016E-7;1.7104859426986877E-7
2.0169878348890607E-8;2.5445414866229174E-7;1.802049852850921E-7;5.766560446743761E-9;1.8373041427033537E-7;-1.9357180669933477E-7;-6.15255419204766E-8;1.0474831475889326E-7;-3.025660576681309E-8;1.891593187371387E-7;-5.9238598796097E-8;7.662635016784057E-8;-1.2815156809582176E-7;1.0058245283637623E-7;-8.115970186319482E-8;1.1849229514735872E-7;6.568770257531663E-8;2.244552584274189E-7;1.4228341566075873E-7;6.9718222097355724E-9;7.196558782877427E-8;5.639323450315202E-8;-2.943365163974506E-8;-1.7646014407647085E-7;1.7000309058847805E-7
4.2026575675612064E-8;2.420831008956245E-7;1.6570556945256085E-7;-1.6379980831234332E-8;1.8222347865339673E-7;-1.7704046700408927E-7;-5.6932805701893096E-8;8.171887775058334E-8;-2.344559056615586E-8;1.772294744145551E-7;-1.159381039573574E-7;1.0963343123422903E-7;-1.0007876443751581E-7;1.1146481061315001E-7;-7.641072791420202E-8;8.909942984574423E-8;1.247815789333261E-7;2.2417767124536012E-7;1.4547776922553556E-7;1.1124699604639265E-9;7.039491559810632E-8;1.1404168491643674E-7;-3.5803426236945215E-8;-1.8826268429994243E-7;1.6726579052234668E-7
6.388327302217851E-8;2.2971205316520578E-7;1.5120615366985002E-7;-3.85265220921127E-8;1.8071654300080984E-7;-1.6050912725871667E-7;-5.347609232476372E-8;5.851449374545519E-8;-1.6702033283939526E-8;1.6817155465312636E-7;-1.6057959745351512E-7;1.3582217801320145E-7;-7.17329422662779E-8;1.2036965090417478E-7;-7.281106557969185E-8;6.183693541519409E-8;1.726158999775614E-7;1.8964519751254993E-7;1.246566890269028E-7;-3.2692102530307432E-9;5.896723958279222E-8;1.6097366921103782E-7;-3.333934593838363E-8;-1.6532106093324164E-7;1.6365513703111699E-7
8.573997039020441E-8;2.1734100546710882E-7;1.3670673793794145E-7;-6.06730633340309E-8;1.792096073159998E-7;-1.439777874629014E-7;-5.116559806420116E-8;3.516916259203734E-8;-1.0002973186742576E-8;1.6207249070344797E-7;-1.913943878969575E-7;1.5399629314930205E-7;-4.314977229590003E-8;1.2667580652412646E-7;-7.038349825970031E-8;3.63307261602579E-8;2.0628244326990206E-7;1.2650626281745443E-7;8.37339182218483E-8;-6.161035832614875E-9;3.9169450830401716E-8;1.9411097570901954E-7;-2.3387606924101346E-8;-1.1259711465906406E-7;1.6031117372183608E-7
1.0759666778083721E-7;2.0496995779725215E-7;1.2220732225713777E-7;-8.281960455553203E-8;1.7770267160247022E-7;-1.2744644761687935E-7;-5.000819937760742E-8;1.1732570522244072E-8;-3.3287595914236937E-9;1.5900238124060187E-7;-2.0712720206619178E-7;1.6330560355993744E-7;-1.4406380751848156E-8;1.2994224152802556E-7;-6.916010806904821E-8;1.1984282739666456E-8;2.2367455415017817E-7;4.4375906558590035E-8;2.9446703707482592E-8;-7.556183178114527E-9;1.376312286665663E-8;2.1126538106162761E-7;-8.41673852813058E-9;-3.9787425327315055E-8;1.5825420996287182E-7
1.294533651947662E-7;1.9259891015138412E-7;1.0770790662713239E-7;-1.0496614575554784E-7;1.761957358638936E-7;-1.1091510772142907E-7;-5.00073608609676E-8;-1.1735283890315434E-8;3.3371223077502283E-9;1.590011537946746E-7;-2.0712591843156653E-7;1.6330756379383187E-7;1.4391783513571403E-8;1.2994047508778728E-7;-6.916466286840143E-8;-1.1958853108457823E-8;2.2367351337199133E-7;-4.435709681808876E-8;-2.9489177905686892E-8;-7.45297817958014E-9;-1.3606993482770318E-8;2.112814382843023E-7;8.306264276381975E-9;4.005496623103381E-8;1.5810157071498583E-7
1.5131006263231323E-7;1.802278625251718E-7;9.320849104723611E-8;-1.2711268693336427E-7;1.7468880010418132E-7;-9.438376777776988E-8;-5.1164692851279186E-8;-3.517204005538223E-8;1.001149139747745E-8;1.6206983989652494E-7;-1.9139205999599235E-7;1.540026535037703E-7;4.313826386588974E-8;1.266646528030159E-7;-7.038675838200923E-8;-3.631136307772634E-8;2.0627839372472982E-7;-1.2649016216923072E-7;-8.37754347538795E-8;-5.919675916052418E-9;-3.902665073107374E-8;1.941376555549149E-7;2.3275773311737648E-8;1.1286638899597616E-7;1.5994943128511277E-7
1.731667600936019E-7;1.678568149142272E-7;7.870907551651482E-8;-1.4925922808852363E-7;1.7318186432747078E-7;-7.785242778746676E-8;-5.347402584741477E-8;-5.851735367946203E-8;1.6710348926197984E-8;1.6816874166502363E-7;-1.6057196332454294E-7;1.3582591270399549E-7;7.172288823793021E-8;1.2036096700476688E-7;-7.281210003140074E-8;-6.181905073971713E-8;1.7261336857292136E-7;-1.8964617180263494E-7;-1.2469824582334518E-7;-2.9019580646820753E-9;-5.884827587355337E-8;1.610022146629754E-7;3.3248464200641905E-8;1.6560554052698497E-7;1.63120391931977E-7
1.9502345757857623E-7;1.5548576731378727E-7;6.420966003385036E-8;-1.7140576922075505E-7;1.7167492853841582E-7;-6.132108775241011E-8;-5.6929189001776556E-8;-8.172109224525963E-8;2.345183563106252E-8;1.7722432135206697E-7;-1.1593128373384485E-7;1.0964380693317724E-7;1.0006287176621863E-7;1.1145518283174771E-7;-7.641849210145484E-8;-8.907753521100138E-8;1.2479713272981516E-7;-2.2415696730705394E-7;-1.4549578148946227E-7;1.5574247306423959E-9;-7.030738359183739E-8;1.1411848627345937E-7;3.570243222024757E-8;1.8849912747796392E-7;1.6663966359462397E-7
2.1688015508714362E-7;1.4311471971862872E-7;4.971024459792045E-8;-1.9355231032985093E-7;1.7016799274220859E-7;-4.478974767481135E-8;-6.152035504290746E-8;-1.0475026574904872E-7;3.026272886881454E-8;1.891523143288316E-7;-5.9236922539956986E-8;7.664220579319839E-8;1.2813905177633858E-7;1.0057732437571733E-7;-8.116690287030849E-8;-1.1848042386284947E-7;6.572303093088533E-8;-2.2443585353318128E-7;-1.42279824037132E-7;7.413159457305717E-9;-7.192596007728144E-8;5.64821956834562E-8;2.93569930947151E-8;1.7669675720111524E-7;1.693973610822128E-7
2.38736852619449E-7;1.307436721228203E-7;3.521082920750454E-8;-2.1569885141527314E-7;1.6866105694461738E-7;-2.8258407556924078E-8;-6.723675569044687E-8;-1.2759360436999716E-7;3.717598519118207E-8;2.0387591024703468E-7;7.374934094745612E-9;3.825309550030423E-8;1.5600324624423188E-7;8.84797080297495E-8;-8.704882171444172E-8;-1.5018619961858896E-7;-1.2478879494885132E-9;-1.895146749138311E-7;-1.1445187130883437E-7;1.4580954455548919E-8;-6.367054327283631E-8;-8.339071378672732E-9;1.4174824431597075E-8;1.3068042223314386E-7;1.7058685839057108E-7
2.605935501759887E-7;1.1837262451952273E-7;2.07114138617588E-8;-2.378453924760488E-7;1.671541211522434E-7;-1.172706740079166E-8;-7.406911596745846E-8;-1.502694110771685E-7;4.424345180040724E-8;2.2136206102861897E-7;8.155844791991967E-8;-3.972104929405122E-9;1.8386068902248062E-7;7.599221431238967E-8;-9.410402523130946E-8;-1.8424512921135305E-7;-7.274196867700995E-8;-1.2295594178941134E-7;-6.459346997643357E-8;2.2916276805663948E-8;-4.686598842617884E-8;-7.677609509925967E-8;-8.688524428236091E-9;5.586775479461234E-8;1.7007863678863606E-7
2.824502477577394E-7;1.0600157690095349E-7;6.2119985603614025E-9;-2.5999193351072176E-7;1.6564718537265266E-7;4.8042727918462066E-9;-8.201121068751356E-8;-1.7283177039159774E-7;5.154350709805883E-8;2.416668042248165E-7;1.6096058926126832E-7;-4.850582267329539E-8;2.1214822136689418E-7;6.3971864946243E-8;-1.0248226280208402E-7;-2.2080690201848463E-7;-1.459138579619936E-7;-3.198358371210903E-8;2.209897004114447E-9;3.227869059661485E-8;-2.3889952963374175E-8;-1.4589100719518677E-7;-3.7240594073007654E-8;-3.892762292975567E-8;1.6872916380390974E-7
3.043069453663697E-7;9.363052925829599E-8;-8.287416696048574E-9;-2.8213847451715425E-7;1.6414024961446858E-7;2.1335613019966425E-8;-9.106326239078798E-8;-1.9537746741542717E-7;5.9193488624669596E-8;2.649943803682502E-7;2.434501130608104E-7;-9.400516660529065E-8;2.4165841513930137E-7;5.3251230412320795E-8;-1.1252986043742729E-7;-2.604896431555885E-7;-2.1915562799132554E-7;7.411707708696862E-8;7.958123595791849E-8;4.262316178590299E-8;2.360824105254256E-9;-2.1433344991845832E-7;-6.931036451452236E-8;-1.44160294223709E-7;1.687026494123467E-7
3.2616364300002915E-7;8.125948158459535E-8;-2.278683191127214E-8;-3.042850154965841E-7;1.6263331388506655E-7;3.786695327918779E-8;-1.0123633501593247E-7;-2.1805277909930418E-7;6.736794593084684E-8;2.917727954960976E-7;3.273605518160279E-7;-1.3948215273472787E-7;2.7371914260620645E-7;4.4606276003953795E-8;-1.2491732143501448E-7;-3.049477786858304E-7;-2.929981866753211E-7;1.8613107947116256E-7;1.6148846650014698E-7;5.417055764332938E-8;2.9151812456962918E-8;-2.837346009100788E-7;-1.0344204562202255E-7;-2.5321257731904026E-7;1.7393569638588302E-7
-9.605129260420462E-8;3.1946645003877545E-7;2.3807604769267303E-7;1.2572471127290124E-7;1.959893224694631E-7;-2.637542072163995E-7;-1.3938084133979952E-7;1.9378938398271193E-7;-1.1444778802478775E-7;2.946280295715121E-7;3.1686838017473935E-7;-1.147850257031835E-7;-2.9212500377379767E-7;-2.0510874334923386E-8;-1.273651179544496E-7;2.327921921891993E-7;-3.3265413719203685E-7;-1.9323265367115593E-7;-1.1072749596773766E-7;-4.013138202362319E-8;-1.2662041780512825E-7;-2.2741287075583596E-7;1.5267738956406E-7;2.6385876578719325E-7;2.4837718585855155E-7
-7.419459536469964E-8;3.0709540221701173E-7;2.2357663165904315E-7;1.0357816991210582E-7;1.944823869030344E-7;-2.4722286770209114E-7;-1.2863975942728312E-7;1.735973173632447E-7;-1.0149939196596265E-7;2.695768254816122E-7;2.337914204023813E-7;-7.47398922296953E-8;-2.5859167368774954E-7;-8.195009374247729E-10;-1.0916298256877128E-7;1.9767794410333787E-7;-2.5097991436719936E-7;-8.079562156824778E-8;-4.199953521120697E-8;-4.583102280279189E-8;-8.97974713363844E-8;-1.724662996430535E-7;9.536324461542332E-8;1.451220435394666E-7;2.3585866350048076E-7
-5.233789811841137E-8;2.9472435443428793E-7;2.090772156524047E-7;8.14316285554643E-8;1.9297545129933545E-7;-2.306915281583768E-7;-1.1914003378823476E-7;1.5353165483688382E-7;-8.91865662687242E-8;2.479323410193147E-7;1.5199566060424524E-7;-3.454414196173053E-8;-2.2763918841239095E-7;2.0227323196804995E-8;-9.277450395375902E-8;1.662491983316493E-7;-1.7023533894596788E-7;2.563618155274422E-8;2.3274878394416884E-8;-5.319184161144363E-8;-5.5418719330888174E-8;-1.1836726362901427E-7;4.116726042904926E-8;3.0235910808326815E-8;2.3134833575780534E-7
-3.0481200861449485E-8;2.823533067046219E-7;1.9457779968611159E-7;5.9285087205723705E-8;1.914685156453187E-7;-2.1416018857109886E-7;-1.1084759412814929E-7;1.3346171278114855E-7;-7.721719208311577E-8;2.2922177512712603E-7;7.317222535257258E-8;4.8863592929881374E-9;-1.978257754387373E-7;4.196343138708939E-8;-7.775991576056184E-8;1.3739692552691925E-7;-8.972814289919381E-8;1.1697702841471196E-7;7.937992345289159E-8;-6.136848807772666E-8;-2.4684521942232332E-8;-6.377445478957851E-8;-6.847138356960358E-9;-7.318973207091915E-8;2.29877351136559E-7
-8.62450359214335E-9;2.69982259022215E-7;1.8007838376222887E-7;3.713854586497994E-8;1.8996157994633475E-7;-1.9762884893892946E-7;-1.0374344411400379E-7;1.1330119460510973E-7;-6.539830607092515E-8;2.1319771343549158E-7;-5.306795771870386E-10;4.232811439106956E-8;-1.6828889211178906E-7;6.347019704942853E-8;-6.407943208041067E-8;1.1078522581832261E-7;-1.1152514015627453E-8;1.840224998724283E-7;1.2045955757001568E-7;-6.962280898989233E-8;3.866825013099978E-10;-9.724916010051536E-9;-4.461116184372028E-8;-1.5445869796699757E-7;2.2874393015045847E-7
1.3232193691388831E-8;2.5761121138199485E-7;1.655789678827513E-7;1.4992004535448192E-8;1.8845464420694657E-7;-1.8109750926061633E-7;-9.781934232422822E-8;9.300127328528797E-8;-5.3611272761663425E-8;1.9976348064653194E-7;-6.674808197205856E-8;7.63993303645751E-8;-1.3855726670121146E-7;8.368315363301408E-8;-5.192960300261803E-8;8.639220183875194E-8;6.241240516755339E-8;2.1958893217480702E-7;1.419003661067171E-7;-7.733517061600358E-8;1.7879376798813914E-8;4.147431983734246E-8;-6.852378169872425E-8;-2.0376687172917587E-7;2.2674621301061045E-7
3.508889099104746E-8;2.4524016377971463E-7;1.5107955204955316E-7;-7.15453678069144E-9;1.8694770843101808E-7;-1.6456616953510046E-7;-9.307457260016951E-8;7.254490630399831E-8;-4.1791904681206565E-8;1.889155211118991E-7;-1.2313198178447388E-7;1.0570900317306431E-7;-1.0842246447077924E-7;1.0150072910396151E-7;-4.162574324636358E-8;6.421744721731504E-8;1.2728446867106992E-7;2.201376260011591E-7;1.413963000856262E-7;-8.402722539011348E-8;2.6648462215646098E-8;8.700578484662042E-8;-7.649558793736005E-8;-2.1509842521501187E-7;2.2376422657891016E-7
5.694558830854386E-8;2.328691162112451E-7;1.3658013626397706E-7;-2.9301078081452376E-8;1.8544077262236343E-7;-1.480348297618982E-7;-8.951170148411706E-8;5.194029590702883E-8;-2.991349532975825E-8;1.8069860623020846E-7;-1.6754128741343224E-7;1.2897472314703158E-7;-7.784179871926098E-8;1.1589665068781394E-7;-3.351195467730894E-8;4.4114201894183726E-8;1.7979875318840595E-7;1.8662131063686642E-7;1.194795223299141E-7;-8.933457222130044E-8;2.6711773322179035E-8;1.2406771132822308E-7;-6.85976296492016E-8;-1.8790439041814432E-7;2.2033359985054834E-7
7.880228564537324E-8;2.204980686726464E-7;1.220807205269571E-7;-5.1447619365069803E-8;1.8393383678446395E-7;-1.3150348994078315E-7;-8.713290133173553E-8;3.121523862450017E-8;-1.7973447063932785E-8;1.7517335970606484E-7;-1.982038242791993E-7;1.4512956112426767E-7;-4.6872985112912355E-8;1.2601527643456372E-7;-2.7912976348820525E-8;2.5717747417210103E-8;2.1678181755509604E-7;1.2461632543104702E-7;7.961780538791052E-8;-9.295078316998468E-8;1.9386211079800992E-8;1.5028427517271363E-7;-4.720865992425767E-8;-1.2759690940959362E-7;2.1726198948676203E-7
1.0065898300262699E-7;2.0812702115974453E-7;1.075813048386386E-7;-7.359416063013703E-8;1.8242690092087837E-7;-1.1497215007216891E-7;-8.594183452403803E-8;1.0412663462573109E-8;-5.9930261819424946E-9;1.7239547268891256E-7;-2.1385886637292494E-7;1.5340390454743484E-7;-1.565880969916622E-8;1.3123882919415024E-7;-2.5054792615500863E-8;8.454584675213321E-9;2.358831130360792E-7;4.371629688814011E-8;2.7839169518737882E-8;-9.47337405329767E-8;7.082258370483637E-9;1.63857253404513E-7;-1.680432220713085E-8;-4.4992290588688974E-8;2.1538854171883202E-7
1.2251568038101145E-7;1.9575597366806294E-7;9.308188919856675E-8;-9.574070187560026E-8;1.8091996503558053E-7;-9.844081015710618E-8;-8.594221006162121E-8;-1.041668120272489E-8;6.002957791174922E-9;1.723929730106272E-7;-2.1385848856469683E-7;1.5340745451288697E-7;1.564553702066426E-8;1.3122865934872367E-7;-2.505217800507511E-8;-8.424046510384928E-9;2.358806157724539E-7;-4.372166930679796E-8;-2.8066867754132693E-8;-9.467045480528269E-8;-6.951543889167103E-9;1.63865869296666E-7;1.673037885849623E-8;4.539760564260708E-8;2.152445058019801E-7
1.443723777809969E-7;1.8338492619326065E-7;7.858247360596686E-8;-1.1788724310066457E-7;1.7941302913248092E-7;-8.190947019695301E-8;-8.713167942309524E-8;-3.12188062444192E-8;1.7981602405297044E-8;1.7516924013902616E-7;-1.981996476634369E-7;1.4513418966883154E-7;4.6853164429046846E-8;1.2600852279901022E-7;-2.7914944837978993E-8;-2.5679708175369703E-8;2.1678872246936475E-7;-1.2461546577584023E-7;-7.983627637382658E-8;-9.270583479217801E-8;-1.9266897010436564E-8;1.50328776033724E-7;4.713087097655059E-8;1.279771482343873E-7;2.1682545358321928E-7
1.6622907520291916E-7;1.7101387873060155E-7;6.408305805989664E-8;-1.4003378430466733E-7;1.7790609321598654E-7;-6.537813019334939E-8;-8.950945557934892E-8;-5.194347853055698E-8;2.9919765278725595E-8;1.8069216602881766E-7;-1.6753583194512505E-7;1.289854368976512E-7;7.781744547373949E-8;1.1588672080616606E-7;-3.3520029118316696E-8;-4.407340728380568E-8;1.7981805607373604E-7;-1.8661444071024757E-7;-1.196917268970253E-7;-8.896217797689224E-8;-2.6616392862419305E-8;1.2415631838748653E-7;6.849868468004452E-8;1.882605351254154E-7;2.197030100702824E-7
1.8808577264714043E-7;1.5864283127525148E-7;4.958364255938641E-8;-1.6218032548697782E-7;1.7639915729069184E-7;-4.8846790148057786E-8;-9.30719511364136E-8;-7.25478398317157E-8;4.179909440422035E-8;1.889086910716659E-7;-1.231277001780909E-7;1.0572126699779145E-7;1.0840284531226877E-7;1.0149269266641483E-7;-4.162626232863987E-8;-6.418135760774955E-8;1.273131191547424E-7;-2.2012427572658514E-7;-1.4158501820091692E-7;-8.361311823648677E-8;-2.656514227673067E-8;8.708579057662777E-8;7.642119481323964E-8;2.1545799975356862E-7;2.2307543771963776E-7
2.0994247011390155E-7;1.4627178382192666E-7;3.508422710344894E-8;-1.843268666470289E-7;1.7489222136172718E-7;-3.23154500629832E-8;-9.781563561781832E-8;-9.300424902397643E-8;5.361958458060811E-8;1.997553938299009E-7;-6.67458572330798E-8;7.641430302282342E-8;1.3854643697033354E-7;8.367764754490964E-8;-5.192845931418319E-8;-8.637148041942849E-8;6.244398029303448E-8;-2.195794894647123E-7;-1.420683421138392E-7;-7.691964018887397E-8;-1.7830207256250993E-8;4.1532852393448847E-8;6.846769178253255E-8;2.0412778470728143E-7;2.260875961569811E-7
2.3179916760355366E-7;1.3390073636473096E-7;2.0584811691134308E-8;-2.0647340778401657E-7;1.7338528543471064E-7;-1.5784109940081862E-8;-1.037384699752068E-7;-1.1330406936530905E-7;6.540750497266776E-8;2.131884583384886E-7;-5.281800351630207E-10;4.2343182164160116E-8;1.6828595622326677E-7;6.346942786887133E-8;-6.407469249549669E-8;-1.1077944929770604E-7;-1.1116167382527115E-8;-1.8402119391158357E-7;-1.2060094470990712E-7;-6.926997103191752E-8;-3.7999300400388294E-10;-9.705249561449891E-9;4.4589842741539335E-8;1.5482518754245597E-7;2.2823140039311985E-7
2.5365586511674495E-7;1.2152968889696785E-7;6.085396321825078E-9;-2.2861994889675374E-7;1.7187834951600122E-7;7.472302188743739E-10;-1.1084147637557095E-7;-1.3346451357665118E-7;7.72274473942922E-8;2.2921180746641132E-7;7.31743515040848E-8;4.901929863585815E-9;1.9783147044855903E-7;4.196802559192931E-8;-7.775149267246972E-8;-1.3740595551980115E-7;-8.968660092959319E-8;-1.1699139676680205E-7;-7.949768991257846E-8;-6.114038577840325E-8;2.4645648141583656E-8;-6.380566767046905E-8;6.8656051622146725E-9;7.356453500006077E-8;2.2962354241416062E-7
2.75512562654659E-7;1.0915864141113355E-7;-8.414019004297567E-9;-2.507664899835461E-7;1.703714136128449E-7;1.727857041269109E-8;-1.1913287236426758E-7;-1.5353438816351935E-7;8.919799537389409E-8;2.47921876631087E-7;1.51998577451097E-7;-3.452868852683131E-8;2.276537944459225E-7;2.0236993976763834E-8;-9.276252678868258E-8;-1.662727910528639E-7;-1.701904314850506E-7;-2.5666121396539757E-8;-2.3369065202815713E-8;-5.3134615934481296E-8;5.533466437747665E-8;-1.1845952847531153E-7;-4.110913666775329E-8;-2.9856203847188684E-8;2.314288325267107E-7
2.973692602190717E-7;9.678759389885131E-8;-2.2913434286005162E-8;-2.729130310421086E-7;1.6886447773344501E-7;3.380991064099702E-8;-1.286316238226098E-7;-1.7359997175884035E-7;1.0151208090349648E-7;2.6956590806889435E-7;2.3379645147289347E-7;-7.472526722130911E-8;2.5861501669651074E-7;-8.050641382726797E-10;-1.0914737249310303E-7;-1.97715454423661E-7;-2.5093282366436977E-7;8.075284618166406E-8;4.1929087141354846E-8;-4.59725706520004E-8;8.966994359807932E-8;-1.7262633953101532E-7;-9.526667198185018E-8;-1.447383966196525E-7;2.3631131552428124E-7
3.192259578082807E-7;8.441654635368372E-8;-3.741284952637373E-8;-2.950595720735763E-7;1.6735754188475147E-7;5.034125090020631E-8;-1.3937177745623868E-7;-1.937919947563994E-7;1.1446192601057193E-7;2.9461667131403357E-7;3.1687603929830726E-7;-1.1477135668383935E-7;2.921573248782858E-7;-2.0491786284238625E-8;-1.273458577339631E-7;-2.3284393074491037E-7;-3.326055275569145E-7;1.9317772752873157E-7;1.1067824569187414E-7;-4.0482364786295234E-8;1.264494093697304E-7;-2.2764652311781296E-7;-1.5254295551070124E-7;-2.6346242942516017E-7;2.492146034548222E-7
-1.029889771466613E-7;3.226235118608538E-7;2.2345003026201769E-7;1.34950155537208E-7;2.0071355327943794E-7;-2.512799099644306E-7;-1.7353209274138664E-7;1.683788932923187E-7;-1.578195230634193E-7;2.8380452545712424E-7;3.0618378001741834E-7;-9.216189962220718E-8;-2.9301007925609715E-7;-9.07791000489347E-8;-1.1967791272164213E-7;1.384315033777589E-7;-3.494877292541766E-7;-2.0727871332063472E-7;-6.505440663759694E-8;-1.258503480971951E-7;-2.1201647271336048E-7;-1.444029305236357E-7;1.915275160327656E-7;2.557660707110596E-7;2.6145880879559187E-7
-8.113227992985032E-8;3.102524642221758E-7;2.0895061423199907E-7;1.1280361414089259E-7;1.99206617534846E-7;-2.3474857041417175E-7;-1.6226231655560947E-7;1.5080870945968593E-7;-1.404366881562938E-7;2.6103194581618926E-7;2.2389613635562837E-7;-5.7687916213783956E-8;-2.598003772722414E-7;-6.029214094319778E-8;-9.657816986231039E-8;1.1490060605695028E-7;-2.653668113455174E-7;-9.356998271485146E-8;-9.128765618960025E-9;-1.2565794959777863E-7;-1.67211965603227E-7;-1.1005393683806188E-7;1.1343139460653842E-7;1.353911339927631E-7;2.463573341540528E-7
-5.927558270655651E-8;2.9788141662054043E-7;1.9445119822875594E-7;9.065707274856734E-8;1.976996817550221E-7;-2.1821723083492484E-7;-1.523451830918117E-7;1.333548820708523E-7;-1.2380262717478595E-7;2.4149072904839287E-7;1.4275047738785045E-7;-2.2972085299473908E-8;-2.290916399753029E-7;-2.9286922362875887E-8;-7.462480045220006E-8;9.37274556458606E-8;-1.824149887652457E-7;1.3925671242479592E-8;4.43337657184285E-8;-1.2961524207280038E-7;-1.2648278797483704E-7;-7.634933778535404E-8;3.930769231162149E-8;1.861204493014358E-8;2.3976839661118646E-7
-3.741888547321961E-8;2.855103690704849E-7;1.7995178226539284E-7;6.851053136260061E-8;1.9619274592640779E-7;-2.01685891212598E-7;-1.4372583617654098E-7;1.1590428637807339E-7;-1.0751576199986531E-7;2.2469755398449531E-7;6.446551397812488E-8;1.1154984619004855E-8;-1.9942148052212463E-7;1.730978199575136E-9;-5.3650821000887844E-8;7.455379055865071E-8;-9.983725851953535E-8;1.0631698714165447E-7;9.001645753942997E-8;-1.359656159249638E-7;-8.960964285073887E-8;-4.2430505090473166E-8;-2.620405229839794E-8;-8.646413080011295E-8;2.3669180239684723E-7
-1.5562188228551626E-8;2.731393215659174E-7;1.6545236634341595E-7;4.6363989984753606E-8;1.9468581005472238E-7;-1.8515455154644187E-7;-1.3636855742561294E-7;9.838178627624487E-8;-9.131339734263065E-8;2.1038498836016518E-7;-8.793018529732416E-9;4.3606402770135534E-8;-1.699138483467303E-7;3.179640393807453E-8;-3.394221827243834E-8;5.744254507662894E-8;-1.9313785532045522E-8;1.7452058783418728E-7;1.2265783695816497E-7;-1.4340791860080998E-7;-5.7754221892805314E-8;-8.923972660404506E-9;-7.720230388546076E-8;-1.6869073206860024E-7;2.3444765622483543E-7
6.294509028962999E-9;2.607682741010601E-7;1.5095295046408686E-7;2.421744861694523E-8;1.9317887414520244E-7;-1.686232118359525E-7;-1.302517628114367E-7;8.074469658347265E-8;-7.5038516684525E-8;1.9843142181374273E-7;-7.465077094339372E-8;7.316571476573272E-8;-1.4009297934957215E-7;5.967321517978222E-8;-1.6049664078651774E-8;4.2563504115012725E-8;5.603717610579051E-8;2.114243257256799E-7;1.3817678834162843E-7;-1.5094346594318894E-7;-3.234256822109264E-8;2.2760074911899227E-8;-1.0853172250266222E-7;-2.1791135023719739E-7;2.3182172313488282E-7
2.8151206300922938E-8;2.483972266711834E-7;1.3645353462876295E-7;2.0709072611270746E-9;1.9167193820227225E-7;-1.520918720806767E-7;-1.2536374528776617E-7;6.297736080568504E-8;-5.8613275992934784E-8;1.8880734765637734E-7;-1.3074949718910154E-7;9.86083554912418E-8;-1.0975252368972206E-7;8.403166299129033E-8;-6.394391239093272E-10;2.998949920249227E-8;1.2246880237973684E-7;2.1350856153280025E-7;1.3453092416635295E-7;-1.5780376810417164E-7;-1.43090260678115E-8;5.0896464111070104E-8;-1.172609599215065E-7;-2.2791059148232492E-7;2.2859259447584153E-7
5.000790358877434E-8;2.360261792722429E-7;1.2195411883876195E-7;-2.007563408092746E-8;1.9016500222989018E-7;-1.3556053228027738E-7;-1.216989906626652E-7;4.508613920254977E-8;-4.201821340127255E-8;1.815337393602752E-7;-1.7494557201127067E-7;1.188111741633499E-7;-7.886656620425652E-8;1.036045501990807E-7;1.1620461581685223E-8;1.9587860190743113E-8;1.7623817173515242E-7;1.817244312346094E-7;1.121904176817097E-7;-1.6340349760417958E-7;-3.661408376812133E-9;7.377472732794072E-8;-1.0351068006852912E-7;-1.981389907525745E-7;2.251627386985645E-7
7.186460089401794E-8;2.236551319005292E-7;1.074547030951739E-7;-4.222217540746168E-8;1.8865806623133724E-7;-1.190291924344038E-7;-1.1925635420816976E-7;2.7094524264749385E-8;-2.5276128425606586E-8;1.7664871560041248E-7;-2.054684835881456E-7;1.328440721018718E-7;-4.7527119320441876E-8;1.173010514524957E-7;2.0150699806481357E-8;1.0976216202701418E-8;2.1408687139466453E-7;1.216133880305563E-7;7.420290642937071E-8;-1.6734097656662323E-7;6.659612318394036E-10;8.993297658707913E-8;-7.066231941071956E-8;-1.3422778863485736E-7;2.2221908444596645E-7
9.37212982176399E-8;2.112840845515508E-7;9.295528739780661E-8;-6.436871671715475E-8;1.8715113021048345E-7;-1.0249785254386206E-7;-1.180342847209322E-7;9.037610504867661E-9;-8.434664333995546E-9;1.7419558097969966E-7;-2.2105429688888893E-7;1.400311764265372E-7;-1.5886835166955556E-8;1.243600344361345E-7;2.4526787885243848E-8;3.5394131706609315E-9;2.3363878023000511E-7;4.272312855955767E-8;2.582301078458099E-8;-1.693201824645803E-7;7.471672857045368E-10;9.829301310306956E-8;-2.5059952574864855E-8;-4.731458347884038E-8;2.2045906293341476E-7
1.1557799556029959E-7;1.9891303722073486E-7;7.845587174598866E-8;-8.651525800901911E-8;1.8564419417142952E-7;-8.596651260997787E-8;-1.1803346274641524E-7;-9.042020599776586E-9;8.44265958358149E-9;1.7419416744533787E-7;-2.2105218259887584E-7;1.4003472330357973E-7;1.5862168718146916E-8;1.243589207122595E-7;2.4518688956517384E-8;-3.4932975917386875E-9;2.3364482843698036E-7;-4.2730516875271774E-8;-2.6187509977770344E-8;-1.6922345556803484E-7;-6.625194108661753E-10;9.83326819113582E-8;2.5025804724879188E-8;4.770974702238925E-8;2.203021519158842E-7
1.3743469292249337E-7;1.8654198990356818E-7;6.3956456138845E-8;-1.0866179928225022E-7;1.8413725811828223E-7;-6.943517263427126E-8;-1.1925503590439586E-7;-2.7098960545140506E-8;2.5284176795187414E-8;1.7664405412273781E-7;-2.0546314316791857E-7;1.3284972607558278E-7;4.750404274924192E-8;1.1729526883037398E-7;2.0144121921016336E-8;-1.0931449577316143E-8;2.1409569736159188E-7;-1.2163062431114336E-7;-7.457212285397079E-8;-1.6709994369226228E-7;-5.893540337202082E-10;8.999599700190979E-8;7.062568765182058E-8;1.3463720732658012E-7;2.217694404521325E-7
1.592913903046505E-7;1.7417094259539768E-7;4.945704057542416E-8;-1.308083405361077E-7;1.826303220553211E-7;-5.290383261838328E-8;-1.2169727019773342E-7;-4.509039211189184E-8;4.2025585376119976E-8;1.8152591623093392E-7;-1.7494217889555413E-7;1.1882293254485244E-7;7.884452376951628E-8;1.0359591969195524E-7;1.1615917939902706E-8;-1.9549386317477424E-8;1.7626021156561812E-7;-1.8172001849018665E-7;-1.1254309751971696E-7;-1.6305681716068946E-7;3.7267782557882556E-9;7.385945909247383E-8;1.0344522367909159E-7;1.9852488305171466E-7;2.245052667163296E-7
1.8114808770743533E-7;1.617998952914022E-7;3.495762505499297E-8;-1.5295488176975215E-7;1.811233859871495E-7;-3.6372492563886424E-8;-1.2536138165138622E-7;-6.298165064767827E-8;5.862176951841671E-8;1.8879880741990876E-7;-1.307443195509507E-7;9.862026482322698E-8;1.0973778088395598E-7;8.402386782823708E-8;-6.416305199252602E-10;-2.9960016050708246E-8;1.2248529023647648E-7;-2.135093220067826E-7;-1.348702239437386E-7;-1.5739615627931247E-7;1.4363683683267978E-8;5.096199534851533E-8;1.1720466726219412E-7;2.283018401877061E-7;2.2785091192386039E-7
2.0300478513155493E-7;1.494288479863396E-7;2.04582095767363E-8;-1.7510142298217117E-7;1.7961644991862473E-7;-1.984115247249541E-8;-1.302485369026693E-7;-8.074872182621195E-8;7.504701610747939E-8;1.9842178524750897E-7;-7.464771744007629E-8;7.317947291313701E-8;1.4008211480291387E-7;5.96714291816597E-8;-1.604659089130345E-8;-4.25427265176156E-8;5.606451725192266E-8;-2.1142405326538062E-7;-1.3849014333388965E-7;-1.5053002710009622E-7;3.237387894793603E-8;2.279719181671555E-8;1.0849029383454642E-7;2.1829758511736765E-7;2.311122479670986E-7
2.2486148257742376E-7;1.3705780067444305E-7;5.958794139910033E-9;-1.9724796417238785E-7;1.781095138551275E-7;-3.30981234591188E-9;-1.36364328409652E-7;-9.838573991265238E-8;9.1322687861596E-8;2.103743577576327E-7;-8.790232175727825E-9;4.3620589568940545E-8;1.699107653558436E-7;3.1799947516849916E-8;-3.393534756350354E-8;-5.7435090623689735E-8;-1.9283881170074224E-8;-1.745284398647594E-7;-1.2294739934990477E-7;-1.430415447234926E-7;5.775764377196828E-8;-8.939177979661528E-9;7.718262629788377E-8;1.690782380733846E-7;2.3389031943991186E-7
2.467181800457044E-7;1.2468675334930198E-7;-8.540621255836698E-9;-2.1939450533912443E-7;1.766025778027009E-7;1.3221527814412422E-8;-1.4372065076075454E-7;-1.1590822299709994E-7;1.0752613520678141E-7;2.2468608626293464E-7;6.446837924342537E-8;1.116915006846237E-8;1.9942744313426586E-7;1.7398827919031958E-9;-5.3639887603051105E-8;-7.456041405149961E-8;-9.980702816336407E-8;-1.0633711270060879E-7;-9.028364297295383E-8;-1.3569903847258433E-7;8.958356570132909E-8;-4.251607324342585E-8;2.6210328854052686E-8;8.68524011825462E-8;2.3639416100867028E-7
2.685748775377088E-7;1.123157060037973E-7;-2.3040036609904894E-8;-2.415410464805394E-7;1.7509564176819458E-7;2.9752868007756022E-8;-1.523391011992563E-7;-1.3335881899215634E-7;1.238141540078877E-7;2.414785230052524E-7;1.427540583223536E-7;-2.2958282076331668E-8;2.2910682312468797E-7;-2.927269827895722E-8;-7.46097594547465E-8;-9.374779100136748E-8;-1.823852443032551E-7;-1.3959159306888584E-8;-4.458102523834375E-8;-1.294886214045723E-7;1.264268068994744E-7;-7.651680143007635E-8;-3.927460690584767E-8;-1.822423602988092E-8;2.3980640818578267E-7
2.90431575055465E-7;9.99446586299901E-8;-3.7539451920425015E-8;-2.636875875941418E-7;1.735887057594069E-7;4.628420823442954E-8;-1.6225538275592577E-7;-1.5081266777460573E-7;1.4044943060570872E-7;2.610190222199973E-7;2.2390119360546463E-7;-5.767486232896968E-8;2.5982467263415955E-7;-6.027262376839962E-8;-9.655892105389831E-8;-1.1493407120217617E-7;-2.6533803633068493E-7;9.352382771660888E-8;8.897387512988009E-9;-1.256950453446878E-7;1.6712667717512073E-7;-1.1031096082060148E-7;-1.1337163756390116E-7;-1.3500145200685856E-7;2.467695785762269E-7
3.1228827259749273E-7;8.757361122194583E-8;-5.2038867189672535E-8;-2.8583412868083514E-7;1.7208176978280927E-7;6.281554849168934E-8;-1.7352433632496802E-7;-1.6838292526441814E-7;1.5783361190020933E-7;2.837908565307839E-7;3.061907473418333E-7;-9.214972246143002E-8;2.930435732619863E-7;-9.075420005190073E-8;-1.1965429876979166E-7;-1.3847809938414368E-7;-3.494601797005691E-7;2.0722000897159396E-7;6.483128189247222E-8;-1.2605875474550243E-7;2.1190177125718628E-7;-1.4475655532556096E-7;-1.9144113884324708E-7;-2.5536341916436176E-7;2.622568036935816E-7
-1.0992666169035582E-7;3.257805736416241E-7;2.088240128189125E-7;1.4417559980216602E-7;2.0543778413099272E-7;-2.388056127273421E-7;-2.0325604184920995E-7;1.419492405135401E-7;-1.9645815842064491E-7;2.5985842420064225E-7;2.958905888100156E-7;-7.187963066040853E-8;-2.764731506619258E-7;-1.6159617111195324E-7;-1.0471196964479373E-7;3.157116271502536E-8;-3.417433966934642E-7;-2.2631800827746703E-7;-2.8091467003297764E-8;-1.8818855487348787E-7;-2.702757711553708E-7;-4.41335438117622E-8;2.2000685697871632E-7;2.321356584069693E-7;2.0968267431414432E-7
-8.806996449682034E-8;3.1340952619694736E-7;1.9432459679236055E-7;1.2202905836873966E-7;2.0393084819748238E-7;-2.222742731399805E-7;-1.9150996406556996E-7;1.271192414791876E-7;-1.7509910582863138E-7;2.39901045084388E-7;2.1432867541378893E-7;-4.306898635794802E-8;-2.4539131693942027E-7;-1.2098686149590917E-7;-7.764477200800903E-8;2.08270051658791E-8;-2.6072488349658715E-7;-1.1071536356530973E-7;1.5823719692576674E-8;-1.832167268654167E-7;-2.2115406368064988E-7;-3.4241241511335774E-8;1.2396109184171474E-7;1.179512614562166E-7;1.9728268594932277E-7
-6.621326729704972E-8;3.010384787870504E-7;1.798251807922519E-7;9.988251693917387E-8;2.0242391223098576E-7;-2.0574293352416835E-7;-1.8121677736790075E-7;1.1239245737280618E-7;-1.5459671833474197E-7;2.2287298521218804E-7;1.3377564341079567E-7;-1.3970281589044088E-8;-2.1662032438291784E-7;-8.074908310007942E-8;-5.097057347805743E-8;1.0980552036472504E-8;-1.8100868491169448E-7;-1.6160921216971975E-9;5.8121058617151706E-8;-1.841572153763115E-7;-1.7722832819673304E-7;-2.4725267818182953E-8;3.253031537723849E-8;6.9194146346736225E-9;1.9162110758419133E-7
-4.435657008783854E-8;2.886674314263459E-7;1.6532576483114975E-7;7.773597551547036E-8;2.0091697621803503E-7;-1.8921159386624902E-7;-1.7230254961318225E-7;9.767315273996727E-8;-1.3445191071739668E-7;2.0831197551127103E-7;5.597729175230803E-8;1.469146328815567E-8;-1.887688035986153E-7;-4.119634139738389E-8;-2.4827364077214704E-8;2.5567042730847222E-9;-1.0176345840406103E-7;9.233883603340746E-8;9.401783397973596E-8;-1.8859163409003743E-7;-1.371421346102769E-7;-1.5329564741644227E-8;-4.8126587608596655E-8;-9.292201806631509E-8;1.886581463084725E-7
-2.249987286829196E-8;2.7629638410845946E-7;1.5082634890999187E-7;5.558943409905267E-8;1.9941004016467657E-7;-1.7268025416602865E-7;-1.6471656737653955E-7;8.289776411522098E-8;-1.1433980604196859E-7;1.959527291917775E-7;-1.6883240667002077E-8;4.198164831237269E-8;-1.6100240104001143E-7;-3.306073010573336E-9;1.727345712960143E-10;-3.912660107983799E-9;-2.455576712924785E-8;1.6220914381430355E-7;1.1892617728111215E-7;-1.9483983968498333E-7;-1.0132868472542277E-7;-6.208028249921223E-9;-1.1042049211803532E-7;-1.7074079830183046E-7;1.8624810275476254E-7
-6.431756373292487E-10;2.6392533682714396E-7;1.3632693302945483E-7;3.3442892691515444E-8;1.9790310407674185E-7;-1.561489144236708E-7;-1.5842541269020499E-7;6.803001251063196E-8;-9.406925388806816E-8;1.8566415587903504E-7;-8.242051751046E-8;6.686130375238738E-8;-1.3286989787547064E-7;3.1550538587763746E-8;2.3142472981875674E-8;-8.033320478551191E-9;4.765486247599768E-8;2.0095631299908538E-7;1.2933706577053577E-7;-2.0166776061037992E-7;-7.077190107160162E-8;2.28427647420301E-9;-1.4779111470689634E-7;-2.1672633726228448E-7;1.834517492555003E-7
2.121352160624497E-8;2.515542895774335E-7;1.218275171905539E-7;1.1296351294512858E-8;1.9639616795907932E-7;-1.3961757463916314E-7;-1.5340815574902335E-7;5.305629877890862E-8;-7.355039877734185E-8;1.7740091063508922E-7;-1.382675696112266E-7;8.828751612491091E-8;-1.0418016033672718E-7;6.18455768343053E-8;4.308747869363037E-8;-9.649847719400545E-9;1.1129458096614902E-7;2.050872825694209E-7;1.2350843992891123E-7;-2.081440936453225E-7;-4.620557897596461E-8;9.722660964345609E-9;-1.5652712498077E-7;-2.2489606756562225E-7;1.801485304725573E-7
4.3070218863855555E-8;2.3918324235532244E-7;1.0732810139459378E-7;-1.0850190090199758E-8;1.9488923181553755E-7;-1.2308623481216237E-7;-1.4965233657550383E-7;3.798121385425352E-8;-5.276708120065978E-8;1.7116638910541888E-7;-1.8227606939991877E-7;1.053074898263824E-7;-7.491288684865151E-8;8.610117471890497E-8;5.9043826651606095E-8;-8.892403697039505E-9;1.62799328154981E-7;1.7555121364124083E-7;1.0184285677373912E-7;-2.13567859042753E-7;-2.7646445285031872E-8;1.570667667460567E-8;-1.3679765190928477E-7;-1.9473801612344021E-7;1.7674456876697984E-7
6.492691613704307E-8;2.268121951572625E-7;9.28286856427201E-8;-3.299673146085612E-8;1.9338229564934042E-7;-1.0655489494236477E-7;-1.4715101002345718E-7;2.2823774609157926E-8;-3.175932271570537E-8;1.669854515579523E-7;-2.1267366961253561E-7;1.1713355731107881E-7;-4.5167221864631993E-8;1.0304568773563353E-7;7.017958368165108E-8;-6.180567046786194E-9;1.990631660980098E-7;1.178599098375077E-7;6.692459863137121E-8;-2.1742889535033812E-7;-1.4245781216856052E-8;1.992492290263759E-8;-9.291152484887454E-8;-1.3168423010077671E-7;1.7389715041685395E-7
8.678361342674243E-8;2.1444114797857487E-7;7.832926993443458E-8;-5.514327281619919E-8;1.9187535946456834E-7;-9.002355503096154E-8;-1.4590102165275294E-7;7.612417994705862E-9;-1.0601572245038053E-8;1.6488554557666279E-7;-2.2820038017691717E-7;1.2319255243954668E-7;-1.5101842041072496E-8;1.1176274306467588E-7;7.59109093810971E-8;-2.193545866772248E-9;2.1780075236991774E-7;4.146536398947984E-8;2.318604277574827E-8;-2.1940544579755526E-7;-4.329300236074612E-9;2.2091104141663924E-8;-3.286216544561467E-8;-4.64053407783376E-8;1.7219247933479798E-7
1.0864031073345045E-7;2.0207010081466406E-7;6.382985426891301E-8;-7.728981415537405E-8;1.9036842326531812E-7;-7.349221507940886E-8;-1.4590058271679488E-7;-7.61748488576952E-9;1.0608918536688011E-8;1.6488459348027566E-7;-2.2819915786661003E-7;1.231938984177159E-7;1.507458128693464E-8;1.1176406192142934E-7;7.590975195673083E-8;2.2395041631860593E-9;2.178062516889913E-7;-4.1461204663374375E-8;-2.3629424130318992E-8;-2.1933047839268678E-7;4.365767149208944E-9;2.2111850831407428E-8;3.286664801704455E-8;4.669679792434274E-8;1.720496942778135E-7
1.304970080576089E-7;1.8969905366104705E-7;4.933043864514479E-8;-9.943635547767033E-8;1.888614870557616E-7;-5.696087508940042E-8;-1.4715014987029666E-7;-2.282876274089818E-8;3.1766389337656294E-8;1.6698053372424957E-7;-2.126718958325727E-7;1.17139617435031E-7;4.5140467493500896E-8;1.0304364829085595E-7;7.017902134090476E-8;6.224632175470119E-9;1.9907862109296534E-7;-1.1785170710627064E-7;-6.736386415181488E-8;-2.1722041827159668E-7;1.427917074141091E-8;1.998250273143578E-8;9.290434012736485E-8;1.3197497610390374E-7;1.7346998766884176E-7
1.5235370539974418E-7;1.773280065131472E-7;3.4831023062139455E-8;-1.215828967822937E-7;1.8735455084007754E-7;-4.042953506261328E-8;-1.496506342295087E-7;-3.79863797531276E-8;5.2774230873440245E-8;1.7115911120827212E-7;-1.8227328224027288E-7;1.053203353767016E-7;7.489180868459065E-8;8.609696895989365E-8;5.903531338473277E-8;8.924986125553772E-9;1.6282243874681005E-7;-1.7555052920799314E-7;-1.0228641736865302E-7;-2.1324512046894623E-7;2.766848432449704E-8;1.580397095670739E-8;1.3676716103921233E-7;1.9505270538146447E-7;1.761299267290802E-7
1.7421040276058058E-7;1.649569593663222E-7;2.0331607519256565E-8;-1.4372943806830654E-7;1.8584761462258577E-7;-2.389819500046334E-8;-1.5340602816233965E-7;-5.306128345339856E-8;7.355741189887529E-8;1.7739142203538496E-7;-1.382635618713548E-7;8.829956567482799E-8;1.0416161043479238E-7;6.184334623967379E-8;4.308656043015879E-8;9.678241409266608E-9;1.1131774188792271E-7;-2.0509138103265765E-7;-1.23938835296597E-7;-2.0776168344761222E-7;4.621884892477376E-8;9.793497511708692E-9;1.5649835482796747E-7;2.2521573295502311E-7;1.794227394230062E-7
1.9606710014102823E-7;1.5258591221562808E-7;5.832192015963249E-9;-1.6587597933462754E-7;1.843406784079871E-7;-7.366854904368622E-9;-1.5842259315509138E-7;-6.803495650159674E-8;9.407723485034657E-8;1.8565359918189374E-7;-8.241699821694878E-8;6.687345654207536E-8;1.3285864636373387E-7;3.155298349031223E-8;2.3146127393980787E-8;8.05264983593923E-9;4.76761529315775E-8;-2.0096322935166074E-7;-1.2974842676141522E-7;-2.012698316195646E-7;7.07808783788102E-8;2.312349004836386E-9;1.4776703393139625E-7;2.170464683385408E-7;1.8274806836029867E-7
2.179237975415945E-7;1.4021486505552868E-7;-8.66722344843558E-9;-1.880225205801241E-7;1.828337422012692E-7;9.164485224103879E-9;-1.6471301451967067E-7;-8.290267690594592E-8;1.1434874316354602E-7;1.9594106800493884E-7;-1.6880012297352193E-8;4.1993931680917895E-8;1.609993072723075E-7;-3.298786605113491E-9;1.8081939887116773E-10;3.92120455916204E-9;-2.4536341184225436E-8;-1.6222232892602304E-7;-1.1931784501905922E-7;-1.9447568200766013E-7;1.0132942082207692E-7;-6.2428124316561365E-9;1.1040346099591216E-7;1.7105916502821362E-7;1.8568663841049744E-7
2.3978049496304347E-7;1.27843817879958E-7;-2.3166638874085153E-8;-2.1016906180337286E-7;1.8132680600804772E-7;2.569582538377652E-8;-1.7229825297184652E-7;-9.767806735842657E-8;1.3446187969775394E-7;2.0829930855682512E-7;5.598062949451431E-8;1.4703522308664357E-8;1.8877462289560978E-7;-4.118390972571876E-8;-2.4814810198168364E-8;-2.5598734512061245E-9;-1.0174717377418312E-7;-9.236135726171738E-8;-9.439107951544645E-8;-1.8830528196721835E-7;1.3713243223906075E-7;-1.544653110177015E-8;4.811945583544745E-8;9.323555748157568E-8;1.8834101615284126E-7
2.6163719240682297E-7;1.154727706822078E-7;-3.76660542599795E-8;-2.3231560300234328E-7;1.7981986983471662E-7;4.2227165574376543E-8;-1.812117514249514E-7;-1.1239741294957553E-7;1.5460776552177327E-7;2.2285937762633485E-7;1.3377955587992728E-7;-1.395876392018257E-8;2.1663531786080689E-7;-8.073129588373998E-8;-5.095351772584784E-8;-1.0995419215730705E-8;-1.809963500813162E-7;1.582772741202232E-9;-5.847944504649569E-8;-1.839821075944994E-7;1.7720713558655678E-7;-2.4938196184654924E-8;-3.252599309643309E-8;-6.612627998734211E-9;1.9161980270092385E-7
2.834938898751738E-7;1.0310172345479831E-7;-5.2165469603647E-8;-2.5446214417435153E-7;1.7831293368863875E-7;5.875850579684879E-8;-1.9150422712023794E-7;-1.271243007926851E-7;1.751112706505802E-7;2.398865131334285E-7;2.1433362262525923E-7;-4.305829772839468E-8;2.454154973340957E-7;-1.2096350280238787E-7;-7.762310152456671E-8;-2.085322273116712E-8;-2.60716981442231E-7;1.1067080513451972E-7;-1.6173804838519472E-8;-1.8317223189602683E-7;2.211210250103453E-7;-3.45593721650141E-8;-1.2394449331152512E-7;-1.1764940844740138E-7;1.9763361337463027E-7
3.053505873671089E-7;9.073067619209614E-8;-6.666488490625787E-8;-2.766086853198087E-7;1.7680599757596908E-7;7.528984604950953E-8;-2.0324960720607954E-7;-1.4195449252896717E-7;1.9647153169190528E-7;2.5984293041167375E-7;2.958968747155116E-7;-7.186991509367601E-8;2.765065938381757E-7;-1.6156695299237185E-7;-1.046854535873776E-7;-3.160863448854589E-8;-3.4174028428105227E-7;2.2626168649893678E-7;2.7738418911095502E-8;-1.8827946319320533E-7;2.7023063190438673E-7;-4.456510089608641E-8;-2.1997752984726903E-7;-2.3182973406603087E-7;2.1039568406900925E-7
-1.1686434623619625E-7;3.2893763538919356E-7;1.9419799536264917E-7;1.5340104406672898E-7;2.101620150167314E-7;-2.2633131550516142E-7;-2.2815486333027898E-7;1.1464489992427224E-7;-2.2944558256948052E-7;2.239187100239903E-7;2.8655913269072034E-7;-5.397319301896136E-8;-2.4360977388680413E-7;-2.2810832498502645E-7;-8.584760042377467E-8;-7.674059821123011E-8;-3.094825072817002E-7;-2.4768364986371416E-7;-2.250608994340178E-9;-2.1691903563426092E-7;-2.904843000267278E-7;6.171384799322024E-8;2.391458596446072E-7;1.9663841135051192E-7;1.0597208023357303E-7
-9.500764906633595E-8;3.1656658814965695E-7;1.7969857933979696E-7;1.3125450259470087E-7;2.0865507888324226E-7;-2.0979997587910956E-7;-2.159995749865987E-7;1.0265674871255533E-7;-2.0467952714785842E-7;2.0727818215482657E-7;2.0563148460257234E-7;-3.0884546459353666E-8;-2.163769430813037E-7;-1.784941140308993E-7;-5.570258489943283E-8;-7.471055587508693E-8;-2.3699048794861165E-7;-1.2986217316419304E-7;3.076724428846677E-8;-2.090266999354621E-7;-2.419639911121832E-7;4.604754166397395E-8;1.2829633766404602E-7;9.586112416490951E-8;1.0062325221705615E-7
-7.315095189045801E-8;3.0419554094205756E-7;1.6519916334281285E-7;1.0910796112638386E-7;2.0714814271938334E-7;-1.9326863622527973E-7;-2.0538273810846684E-7;9.075516057232973E-8;-1.8086500540568946E-7;1.9314233731810555E-7;1.2559314361220502E-7;-7.504901447326024E-9;-1.911481758624097E-7;-1.3011336651929012E-7;-2.518707313622356E-8;-7.323818002391469E-8;-1.657780658380043E-7;-1.887583092577667E-8;6.28222514922845E-8;-2.0778303855092183E-7;-1.9900892629562202E-7;3.0318989595142794E-8;2.2499632764783697E-8;-2.3534580634608425E-9;9.83790637531724E-8
-5.129425470578778E-8;2.9182449378043596E-7;1.5069974738356828E-7;8.696141966340977E-8;2.0564120651210502E-7;-1.767372965307099E-7;-1.9621433474318865E-7;7.886239268428177E-8;-1.5741982110821248E-7;1.8110232085291035E-7;4.821546270597673E-8;1.5563950114641936E-8;-1.6669265226285664E-7;-8.308066505279828E-8;5.257731740166601E-9;-7.088693339643432E-8;-9.505695948934495E-8;7.690227330865317E-8;8.982405488806455E-8;-2.1050976633899404E-7;-1.596004497254305E-7;1.4131130658268202E-8;-7.069735881895557E-8;-9.063694996687955E-8;9.6998326683152E-8
-2.9437557511858135E-8;2.79453446657966E-7;1.3620033146237914E-7;6.481487820691271E-8;2.0413427026804473E-7;-1.602059567959282E-7;-1.8843096058724333E-7;6.692696042937643E-8;-1.3396592153134094E-7;1.7091682535320212E-7;-2.4301946012746288E-8;3.7554305596823975E-8;-1.4227005407395582E-7;-3.836302653038707E-8;3.471375817653885E-8;-6.663873246909963E-8;-2.6193175572681544E-8;1.4868384874281456E-7;1.0794963332439991E-7;-2.1539743431865773E-7;-1.2364825104494238E-7;-2.188923528174548E-9;-1.4221331045547637E-7;-1.5921450798606287E-7;9.528038269636944E-8
-7.580860307961447E-9;2.670823995681722E-7;1.2170091557949883E-7;4.266833675824415E-8;2.0262733399349712E-7;-1.4367461702168556E-7;-1.8198913039952445E-7;5.491935594912143E-8;-1.1028252523651878E-7;1.6246029473752418E-7;-8.956306389175156E-8;5.761747858835035E-8;-1.1748020468218569E-7;2.5654594548531673E-9;6.198764872747012E-8;-5.986610390552378E-8;3.8193686833126086E-8;1.8950973906004094E-7;1.1431197399958377E-7;-2.2114799544693905E-7;-9.176565148146545E-8;-1.789956787988145E-8;-1.8425887853309127E-7;-1.9927090494874774E-7;9.278537851181697E-8
1.4275836906910281E-8;2.5471135250601745E-7;1.0720149973569509E-7;2.0521795318913375E-8;2.011203976934274E-7;-1.2714327720826048E-7;-1.7686001988953878E-7;4.282835963863586E-8;-8.626887684950107E-8;1.5568209926156355E-7;-1.4519419426824632E-7;7.490458799104592E-8;-9.215619658226647E-8;3.801557220796617E-8;8.579114026233632E-8;-5.0329226070657165E-8;9.492823767910746E-8;1.959163882838886E-7;1.0749012610362398E-7;-2.2679505132917547E-7;-6.449829519854647E-8;-3.206367893227415E-8;-1.924412447928241E-7;-2.0544375032094202E-7;8.964144589218912E-8
3.613253413414747E-8;2.423403054675525E-7;9.270208393209854E-8;-1.6247461093801547E-9;1.9961346137159175E-7;-1.1061193735548745E-7;-1.7302525654238982E-7;3.0657605443196674E-8;-6.191511284009402E-8;1.5057566335051677E-7;-1.8904315795543413E-7;8.864113807885868E-8;-6.629140214677518E-8;6.633095008633716E-8;1.0489638523234739E-7;-3.8161886399585455E-8;1.4082968293719781E-7;1.688458655072559E-7;8.781741061865394E-8;-2.3161527467582614E-7;-4.189430728780869E-8;-4.3716474225161704E-8;-1.669773136039914E-7;-1.7729080679484352E-7;8.635483509696528E-8
5.798923137511235E-8;2.299692584491206E-7;7.82026681696573E-8;-2.3771287525039716E-8;1.9810652503134621E-7;-9.408059746327641E-8;-1.7047377004117883E-7;1.842172517917322E-8;-3.727454613984924E-8;1.4715517394236342E-7;-2.1933648128708757E-7;9.818369278803247E-8;-3.997703275527754E-8;8.60867582507072E-8;1.1826771175371478E-7;-2.3835548948758634E-8;1.7313549606510806E-7;1.1376336093792688E-7;5.73809204805142E-8;-2.3509105157111392E-7;-2.331518359686865E-8;-5.201894041402841E-8;-1.1297767074092927E-7;-1.196606008617191E-7;8.358863627234248E-8
7.984592863063003E-8;2.1759821144642968E-7;6.370325244816786E-8;-4.591782892693342E-8;1.965995886765348E-7;-7.754925753255764E-8;-1.6919922778399904E-7;6.143500539161975E-9;-1.2444217000620409E-8;1.4543811240327465E-7;-2.348104097128974E-7;1.030769726334647E-7;-1.3367888248643383E-8;9.623833366725126E-8;1.25148018879229E-7;-8.095224587685411E-9;1.8983067603954965E-7;4.009592225069356E-8;1.9805530210404355E-8;-2.3688033232730653E-7;-7.45485146656049E-9;-5.631531962752567E-8;-3.988215011268492E-8;-4.217656169962064E-8;8.196266244198038E-8
1.0170262590113086E-7;2.0522716445500723E-7;4.920383676667408E-8;-6.806437031430964E-8;1.950926523111783E-7;-6.101791756492419E-8;-1.691988937314537E-7;-6.149187247690295E-9;1.245013925740349E-8;1.4543664097038003E-7;-2.3481018269724755E-7;1.03080508336973E-7;1.333925136626536E-8;9.62386509114043E-8;1.2514544095427492E-7;8.133859045129945E-9;1.898407551683855E-7;-4.008440141342205E-8;-2.0268087436449695E-8;-2.368170155462425E-7;7.431154367750373E-9;-5.628265833685381E-8;3.991962850480865E-8;4.230301067239569E-8;8.184074550139701E-8
1.235593231868812E-7;1.9285611747037382E-7;3.470442112387959E-8;-9.021091168661294E-8;1.935857159393713E-7;-4.448657756228263E-8;-1.7047243335206374E-7;-1.8427430842025416E-8;3.7279070838234745E-8;1.4715311760635478E-7;-2.1933342827438008E-7;9.819542174273118E-8;3.994862942711143E-8;8.608849947217E-8;1.1825260018303944E-7;2.3867171940376795E-8;1.731659203609905E-7;-1.1377827169841221E-7;-5.785545324926072E-8;-2.3491114849074118E-7;2.327776463939464E-8;-5.1910807349954947E-8;1.130146477375617E-7;1.1982388762471323E-7;8.328262288403268E-8
1.454160204883193E-7;1.8048507048809575E-7;2.020500551868533E-8;-1.1235745304316561E-7;1.9207877956520476E-7;-2.7955237526396567E-8;-1.7302377653526932E-7;-3.0663381672771437E-8;6.192046392056327E-8;1.505696200214787E-7;-1.8904088043464963E-7;8.865230718727452E-8;6.626835336883801E-8;6.63330102431762E-8;1.0489029909285303E-7;3.818788737044532E-8;1.4085396868539883E-7;-1.6885153989994707E-7;-8.828505277151906E-8;-2.3134001465494647E-7;4.186547797182901E-8;-4.362041277765481E-8;1.6699147761473593E-7;1.774594062569927E-7;8.582634268063332E-8
1.672727178064947E-7;1.6811402350389058E-7;5.705589950695526E-9;-1.3450399438277949E-7;1.9057184319252925E-7;-1.142389745840732E-8;-1.768579974530751E-7;-4.2834208550065616E-8;8.62753769738068E-8;1.5567418195612763E-7;-1.4519050423964348E-7;7.491525668244527E-8;9.214007996085549E-8;3.8019840860348915E-8;8.578771469200282E-8;5.034951925909078E-8;9.494563694564096E-8;-1.9592582221278716E-7;-1.0795073983554913E-7;-2.2645509664163924E-7;6.447888100424142E-8;-3.198457034838357E-8;1.9244534236754697E-7;2.0562683649886504E-7;8.901267119072755E-8
1.8912941514212365E-7;1.557429765132015E-7;-8.793825580730766E-9;-1.566505357045804E-7;1.8906490682572979E-7;5.107442640304497E-9;-1.819866982227372E-7;-5.492516744094148E-8;1.1028996103254648E-7;1.6245000985831657E-7;-8.955837311737683E-8;5.762752887772315E-8;1.1747050679810937E-7;2.571013504902002E-9;6.198911769293628E-8;5.988162826050901E-8;3.820416686054214E-8;-1.8951964721981522E-7;-1.1475980227035239E-7;-2.2078678685919284E-7;9.175635602598297E-8;-1.7862549368868023E-8;1.8424966794506275E-7;1.994539568911758E-7;9.215745193176796E-8
2.1098611249576906E-7;1.4337192951097115E-7;-2.3293241076302216E-8;-1.7879707700750238E-7;1.8755797046939455E-7;2.1638782768278043E-8;-1.8842810260895512E-7;-6.693271548163424E-8;1.3397422727545433E-7;1.709045583013556E-7;-2.4298181355849362E-8;3.7564154239624305E-8;1.4226750456216977E-7;-3.8353582692491236E-8;3.472177626561931E-8;6.664787178341204E-8;-2.618694699481465E-8;-1.4869762785322563E-7;-1.0838244456182523E-7;-2.150582333501667E-7;1.236484065195787E-7;-2.220709230928724E-9;1.421968069907949E-7;1.5939290388010852E-7;9.476378248905989E-8
2.3284280986834624E-7;1.3100088249160055E-7;-3.7792656535957585E-8;-2.0094361828999427E-7;1.8605103412861755E-7;3.817012292463429E-8;-1.962109340974851E-7;-7.886812485029227E-8;1.574289887818553E-7;1.8108878911351614E-7;4.8219029228355016E-8;1.5573255466586506E-8;1.6669819653400975E-7;-8.30660766583319E-8;5.27106449850322E-9;7.088778384496065E-8;-9.505620755381955E-8;-7.692293205507468E-8;-9.024245492262317E-8;-2.1022846541583575E-7;1.5960906098128086E-7;1.4010970226114619E-8;7.067673998575573E-8;9.080460266218714E-8;9.669197269215491E-8
2.546995072613053E-7;1.1862983544888794E-7;-5.229207195846541E-8;-2.2309015954994696E-7;1.8454409780923005E-7;5.4701463109412893E-8;-2.0537876849170586E-7;-9.07609454994118E-8;1.8087510065621583E-7;1.9312775414212836E-7;1.2559708399516908E-7;-7.496237850993562E-9;1.911625520008714E-7;-1.300934264537711E-7;-2.5169158991715826E-8;7.323001694999574E-8;-1.6578414089168593E-7;1.8846917543970825E-8;-6.323140885041649E-8;-2.0758699337587377E-7;1.9902524805155603E-7;3.0096211537283545E-8;-2.2524771624872525E-8;2.5077822526596004E-9;9.834977916229847E-8
2.7655620467698746E-7;1.0625878837581794E-7;-6.679148734081654E-8;-2.452367007844187E-7;1.8303716151805716E-7;7.1232803324107E-8;-2.1599503936275227E-7;-1.0266269135698778E-7;2.0469058546055322E-7;2.0726255506267765E-7;2.0563611438447124E-7;-3.087683322759566E-8;2.164002945371341E-7;-1.7846848730513605E-7;-5.5679916008702396E-8;7.469364148570399E-8;-2.3700422084456305E-7;1.2982411585598262E-7;-3.1174654558965494E-8;-2.089310849692061E-7;2.4198714084340845E-7;4.571163047801597E-8;-1.283242902839639E-7;-9.572119473324407E-8;1.0090262087718132E-7
2.9841290211496125E-7;9.388774126706361E-8;-8.129090268309635E-8;-2.673832419932964E-7;1.8153022526093227E-7;8.776414356805097E-8;-2.2814976445458006E-7;-1.1465115900391714E-7;2.2945766348524322E-7;2.2390201735067683E-7;2.8656464433906136E-7;-5.3966698987268303E-8;2.436422739041399E-7;-2.2807656571368915E-7;-8.581984781673385E-8;7.671506416284229E-8;-3.095048354222857E-7;2.476355013170878E-7;1.8322967088842198E-9;-2.1692634066482653E-7;2.9051403947900456E-7;6.125584187267995E-8;-2.3917557116333625E-7;-1.965097730178814E-7;1.0656767780530605E-7
-1.238020307857367E-7;3.3209469710877014E-7;1.7957197789087046E-7;1.6262648832993094E-7;2.1488624593275935E-7;-2.138570183004987E-7;-2.4788836775034057E-7;8.662330209625817E-8;-2.55981530376384E-7;1.776525122597038E-7;2.7870688271753035E-7;-3.826573732034214E-8;-1.9641709915074226E-7;-2.8561402782598484E-7;-6.658961248495846E-8;-1.7531589788733772E-7;-2.5465664994922657E-7;-2.6841464655032045E-7;1.1724399253361098E-8;-2.075846159994623E-7;-2.679670021504828E-7;1.6070666856887505E-7;2.5075378544531737E-7;1.5289546574524086E-7;-2.4250771381864598E-8
-1.0194533363943898E-7;3.1972365008615634E-7;1.6507256187260551E-7;1.404799468178648E-7;2.1337930958693094E-7;-1.9732567863294534E-7;-2.3540244885880352E-7;7.755964614739876E-8;-2.2846370569352743E-7;1.6475849300900945E-7;1.9830016011884337E-7;-2.0935323472832326E-8;-1.7453623637197865E-7;-2.2851282479007663E-7;-3.416820257407304E-8;-1.6176762157844107E-7;-1.9552903177089303E-7;-1.4840254659175943E-7;3.505941066356505E-8;-1.9896963152292556E-7;-2.2539003537943778E-7;1.2130092512440214E-7;1.2836638668435042E-7;7.164625022225054E-8;-2.0262564489190592E-8
-8.008863648732275E-8;3.0735260309223075E-7;1.505731458794194E-7;1.1833340530937195E-7;2.1187237321365737E-7;-1.8079433893846492E-7;-2.2452370898249912E-7;6.856258379977196E-8;-2.0197753764540316E-7;1.5384401069041028E-7;1.1868322439431748E-7;-3.3468064497667885E-9;-1.542581971138796E-7;-1.7340768093729107E-7;-6.913575654172363E-10;-1.5008091317530271E-7;-1.3752246378956715E-7;-3.554609210420745E-8;5.7896779245966474E-8;-1.9663635019617213E-7;-1.8794475841890703E-7;8.214773199592012E-8;1.1324329424129246E-8;-7.678734969960586E-9;-1.7676516369772224E-8
-5.8231939327155595E-8;2.949815561398745E-7;1.3607372992207612E-7;9.618686380575978E-8;2.1036543680119177E-7;-1.6426299920540622E-7;-2.151496228148694E-7;5.9573866805195493E-8;-1.7587391887808782E-7;1.4457628735743032E-7;4.164795971815292E-8;1.4032119189852747E-8;-1.3458561119727763E-7;-1.2023340934146446E-7;3.3136045509740064E-8;-1.3799370902328826E-7;-7.996865784557399E-8;6.20357173463907E-8;7.69898644474259E-8;-1.9806714079704736E-7;-1.5347874100106438E-7;4.222986703307913E-8;-9.166343875721498E-8;-7.894345134159066E-8;-1.659907173423832E-8
-3.637524215890088E-8;2.8261050922177203E-7;1.2157431400029525E-7;7.404032230796772E-8;2.0885850035698314E-7;-1.4773165943516884E-7;-2.0720654869408036E-7;5.055444775672277E-8;-1.4973140982425394E-7;1.3675539866823223E-7;-3.059193656164079E-8;3.061382388975911E-8;-1.1491809869376454E-7;-6.993311804786739E-8;6.613198935684679E-8;-1.2403551250350406E-7;-2.3957600200553487E-8;1.3569694991190405E-7;8.937597207846661E-8;-2.0158936881328578E-7;-1.216196115467736E-7;2.30693135652339E-9;-1.7027847620016735E-7;-1.3413455950031967E-7;-1.708925731235443E-8
-1.4518544982121318E-8;2.7023946233142337E-7;1.0707489811404596E-7;5.189378081715384E-8;2.0735156388748993E-7;-1.3120031962888618E-7;-2.0064276852045607E-7;4.148194870454629E-8;-1.23304595138647E-7;1.3027474034189921E-7;-9.563091099898789E-8;4.5752689246308826E-8;-9.493238421416573E-8;-2.40532861180314E-8;9.68431524213086E-8;-1.0735695397220164E-7;2.8397541866471857E-8;1.7855050880304167E-7;9.284469572135842E-8;-2.0602578925476448E-7;-9.270427869280225E-8;-3.586469673766536E-8;-2.1571842360326332E-7;-1.6606295290653263E-7;-1.896646856610195E-8
7.338152204037621E-9;2.5786841546391146E-7;9.257548226394638E-8;2.9747239334651694E-8;2.0584462739750298E-7;-1.1466897978694179E-7;-1.9542296117347725E-7;3.2347706631157335E-8;-9.648382835978667E-8;1.2508917606139178E-7;-1.5108884369901388E-7;5.880240127360038E-8;-7.449483143745215E-8;1.5594769543813473E-8;1.2373624519292915E-7;-8.76402580722202E-8;7.452228839696142E-8;1.871568588300395E-7;8.630497468852636E-8;-2.105096785566273E-7;-6.711603760133949E-8;-7.008317270209426E-8;-2.2304524767772463E-7;-1.703405186590727E-7;-2.177149764062956E-8
2.9194849400701998E-8;2.454973686153196E-7;7.807606645088119E-8;7.600697861902626E-9;2.0433769089075562E-7;-9.81376399093826E-8;-1.915238362161673E-7;2.3154254853084212E-8;-6.926204948006984E-8;1.2119053138339788E-7;-1.9481061703336905E-7;6.917368120841143E-8;-5.3603107396264656E-8;4.72205414453222E-8;1.4536770484518625E-7;-6.502610677125818E-8;1.118340827846125E-7;1.6244494447970759E-7;7.000640778575094E-8;-2.1440330835206572E-7;-4.4911941971496845E-8;-9.811633098501248E-8;-1.925135539290848E-7;-1.4660031464272553E-7;-2.4819114473306866E-8
5.105154660899032E-8;2.331263217819849E-7;6.357665067559224E-8;-1.4545843599739822E-8;2.0283075437058166E-7;-8.160629999628775E-8;-1.8893129060501221E-7;1.3912455011847389E-8;-4.170522362267272E-8;1.1858055006799269E-7;-2.2501854952942512E-7;7.638045973150452E-8;-3.2334656527551854E-8;6.926144803538557E-8;1.6052561205918136E-7;-4.0047257559958884E-8;1.3809472467954708E-7;1.0986439009997187E-7;4.555147182688828E-8;-2.1723493287649976E-7;-2.5637241905096848E-8;-1.1800586208608092E-7;-1.2988937939428683E-7;-9.884096018855736E-8;-2.742873584934799E-8
7.290824382983923E-8;2.207552749604024E-7;4.9077234938440056E-8;-3.669238504914584E-8;2.0132381784028014E-7;-6.50749600480713E-8;-1.876367129346542E-7;4.63924957378347E-9;-1.3928484302227612E-8;1.1727124636672016E-7;-2.4044974220030395E-7;8.007786797124268E-8;-1.0821180677059737E-8;8.058160424346455E-8;1.6832977604192179E-7;-1.3524653829575974E-8;1.516701270489102E-7;3.878413935182674E-8;1.5683930644736916E-8;-2.1870223712940674E-7;-8.354080723558952E-9;-1.2830098053657487E-7;-4.5794592117519134E-8;-3.489579117554753E-8;-2.8951395313965298E-8
9.476494106374647E-8;2.08384228146299E-7;3.457781923847915E-8;-5.8838926485563805E-8;1.9981688130353517E-7;-4.854362006624264E-8;-1.8763655714707696E-7;-4.645074626853996E-9;1.3927445484224494E-8;1.1726896794703764E-7;-2.404496645351728E-7;8.008153573497194E-8;1.0782849765395484E-8;8.058144641967013E-8;1.68329295890072E-7;1.3539996962483625E-8;1.5168209878963313E-7;-3.878390534934437E-8;-1.6089799548155E-8;-2.1865321252165765E-7;8.238905260670875E-9;-1.2827123537500446E-7;4.5861118981687853E-8;3.479665515674053E-8;-2.9056059418746842E-8
1.1662163831095574E-7;1.960131813354296E-7;2.007840357421438E-8;-8.098546790852886E-8;1.983099447642218E-7;-3.2012280052860546E-8;-1.88930621418151E-7;-1.3918668539486387E-8;4.170818079809304E-8;1.1857704497675508E-7;-2.2501648116515256E-7;7.638863481871434E-8;3.230596368250322E-8;6.926220878298381E-8;1.6052068021658647E-7;4.0069818470561037E-8;1.3811565803551376E-7;-1.0988222575517954E-7;-4.5975359800756075E-8;-2.1709875529813012E-7;2.554684815275363E-8;-1.1792210298607224E-7;1.2997372756010396E-7;9.88079438673536E-8;-2.770034794301616E-8
1.384783355715266E-7;1.8364213452363458E-7;5.578987944202508E-9;-1.0313200931771852E-7;1.9680300822618543E-7;-1.548094000990584E-8;-1.9152270180838997E-7;-2.316063179658817E-8;6.926593722882667E-8;1.2118582659900255E-7;-1.948082760546317E-7;6.918234579943503E-8;5.35811753217423E-8;4.722552052870895E-8;1.453641857540292E-7;6.504262037248907E-8;1.1185113687282246E-7;-1.6245820788103377E-7;-7.043042552084359E-8;-2.1418958203814693E-7;4.4840736149090775E-8;-9.802052416981279E-8;1.9257281329295412E-7;1.465883538703147E-7;-2.5233388516005294E-8
1.6033503284589776E-7;1.7127108770699571E-7;-8.9204276519422E-9;-1.2527855071241898E-7;1.9529607169301236E-7;1.0504000616443059E-9;-1.9542133871807183E-7;-3.235417171974542E-8;9.648868961216082E-8;1.2508322943242032E-7;-1.5108574102226177E-7;5.881042666604032E-8;7.447988967690035E-8;1.560385292976981E-8;1.2373480410883123E-7;8.765160090814561E-8;7.45319604019547E-8;-1.8716950308594023E-7;-8.672343860757929E-8;-2.102408729557362E-7;6.706797678243757E-8;-6.999901079612029E-8;2.2308403233089284E-7;1.7034026648579173E-7;-2.2262456061010954E-8
1.8219173013510228E-7;1.58900040881563E-7;-2.341984321499175E-8;-1.4742509209159896E-7;1.9378913516837708E-7;1.7581740160412434E-8;-2.006407849144692E-7;-4.148837210606975E-8;1.2331006181540473E-7;1.3026616132963916E-7;-9.562657648390068E-8;4.5759851235389956E-8;9.492303525817555E-8;-2.4042195046975587E-8;9.684564903043837E-8;1.073649244835767E-7;2.8400456012422866E-8;-1.7856187517685477E-7;-9.325395450335988E-8;-2.0573072897464733E-7;9.267799292296465E-8;-3.58165110415624E-8;2.1573294085378696E-7;1.6606341342405626E-7;-1.9463096965031768E-8
2.040484274398459E-7;1.4652899404291416E-7;-3.79192587458375E-8;-1.6957163345432616E-7;1.9228219865637783E-7;3.4113080284921444E-8;-2.072042391717359E-7;-5.056084027098997E-8;1.4973770444147503E-7;1.3674433123565114E-7;-3.05873924637877E-8;3.062058236232946E-8;1.1491552279896652E-7;-6.991946876369001E-8;6.61390561487352E-8;1.2404003660885693E-7;-2.396151938239048E-8;-1.357070928960373E-7;-8.977673645622356E-8;-2.013028402764385E-7;1.2161836572134284E-7;2.2946752270826434E-9;1.702657261233089E-7;1.3413087961958966E-7;-1.75019211408696E-8
2.2590512476099077E-7;1.3415794718612238E-7;-5.241867424445761E-8;-1.9171817479921936E-7;1.907752621615167E-7;5.064442043444639E-8;-2.151470524061412E-7;-5.958023293115165E-8;1.758813756119022E-7;1.445626948265682E-7;4.165145954656595E-8;1.4038478853408E-8;1.3459036653878418E-7;-1.2021651113600437E-7;3.3149066710497055E-8;1.3799622099512842E-7;-7.998000335674936E-8;-6.205079105841277E-8;-7.738468652462849E-8;-1.978186692972103E-7;1.5350270783401478E-7;4.213443296421916E-8;9.16308719624844E-8;7.89315314781027E-8;-1.6856332593299654E-8
2.477618220998926E-7;1.2178690030572787E-7;-6.691808970961609E-8;-2.1386471612435094E-7;1.8926832568896412E-7;6.717576060925658E-8;-2.2452080349621954E-7;-6.856900955970863E-8;2.0198625871090835E-7;1.5382894225617307E-7;1.1868705809069005E-7;-3.3413387703858186E-9;1.5427178457340237E-7;-1.7338736403179117E-7;-6.741454488193465E-10;1.5007964374619455E-7;-1.3754614571138454E-7;3.55262333877299E-8;-5.828879113459733E-8;-1.9644954887099285E-7;1.8799700688853445E-7;8.195253351190544E-8;-1.1378554285455347E-8;7.64513168203689E-9;-1.771649281536494E-8
2.6961851945878256E-7;1.094158533954684E-7;-8.141750513830146E-8;-2.3601125742694467E-7;1.8776138924488622E-7;8.37071008110492E-8;-2.3539912543270255E-7;-7.756622259874158E-8;2.2847322668998834E-7;1.647423982298406E-7;1.9830421497890304E-7;-2.0930907635593867E-8;1.7455829289001272E-7;-2.28486717482265E-7;-3.4146112185930584E-8;1.6176110348391497E-7;-1.955628149032231E-7;1.4837519647534785E-7;-3.545430954316771E-8;-1.9885675139908213E-7;2.254669888570741E-7;1.2099216864648927E-7;-1.284353887661537E-7;-7.170390897995621E-8;-2.005667276820614E-8
2.9147521683775637E-7;9.704480645017844E-8;-9.591692052931044E-8;-2.581577987060407E-7;1.8625445283471541E-7;1.002384410402276E-7;-2.478846194317034E-7;-8.66303321182935E-8;2.55991853443305E-7;1.7763542426776534E-7;2.787114224895822E-7;-3.826289680685332E-8;1.964481380012193E-7;-2.855816750530879E-7;-6.65624335171458E-8;1.753039589070557E-7;-2.547028542715691E-7;2.6837923890475746E-7;-1.213414728002878E-8;-2.0754634525592243E-7;2.6806881002394897E-7;1.6027552566725028E-7;-2.5083742363220656E-7;-1.5298219872048494E-7;-2.3792882858721736E-8
-1.307397153415484E-7;3.352517588015636E-7;1.6494596039897376E-7;1.7185193259096844E-7;2.1961047688027277E-7;-2.0138272111962955E-7;-2.6218476636081053E-7;5.805624444725477E-8;-2.7541898200939976E-7;1.2318899938651186E-7;2.727655392528954E-7;-2.440118330022923E-8;-1.376946532161842E-7;-3.2999061719196347E-7;-5.015611393758156E-8;-2.540334195737118E-7;-1.8105189847705536E-7;-2.8566449773479E-7;1.4829262895070835E-8;-1.6215554836870043E-7;-2.0510575159734344E-7;2.411982736185204E-7;2.569557089513738E-7;1.0405091478660625E-7;-1.4944090472700114E-7
-1.088830182175492E-7;3.228807120106719E-7;1.504465443879955E-7;1.497053910370977E-7;2.1810354030493692E-7;-1.848513814041927E-7;-2.4945566994414795E-7;5.197808763959168E-8;-2.45882205622662E-7;1.1439119318145899E-7;1.92746485273303E-7;-1.2841479531258277E-8;-1.223911191373598E-7;-2.672678767954835E-7;-1.6194943923408355E-8;-2.313291655518656E-7;-1.3927268441457445E-7;-1.6380564741954105E-7;2.9632111173940653E-8;-1.5497651471584028E-7;-1.7348010883459483E-7;1.8257889006273164E-7;1.263658494365961E-7;4.714811952444229E-8;-1.362095617043292E-7
-8.702632108828957E-8;3.105096652440131E-7;1.3594712840060398E-7;1.2755884948691543E-7;2.1659660370699673E-7;-1.6832004166404718E-7;-2.3838422312327626E-7;4.594611928916506E-8;-2.174359337345065E-7;1.0696222444449428E-7;1.1344199371325064E-7;-1.0925326360206383E-9;-1.0820521411125799E-7;-2.0713882481687385E-7;1.937348283897725E-8;-2.1152547509725906E-7;-9.832583150747233E-8;-4.937184195630696E-8;4.4215714903306486E-8;-1.5266272794373117E-7;-1.4577886143598427E-7;1.2447637704557154E-7;1.28160211910147E-9;-8.479503355767184E-9;-1.287440983168374E-7
-6.516962395218097E-8;2.981386185118742E-7;1.214477124458233E-7;1.0541230794144199E-7;2.1508966707741049E-7;-1.517887018897042E-7;-2.2885865237409825E-7;3.992055429078667E-8;-1.8938244201717397E-7;1.006672479540313E-7;3.666010624579729E-8;1.0529132386462195E-8;-9.443540410362198E-8;-1.493933212125011E-7;5.563026939031535E-8;-1.916912518429262E-7;-5.7720879796287987E-8;4.972792260567155E-8;5.633331438251171E-8;-1.5327135172156876E-7;-1.2022608707612974E-7;6.536984313941386E-8;-1.0868607346534827E-7;-5.8450908701823246E-8;-1.2508184731908637E-7
-4.331292680943804E-8;2.857675718070092E-7;1.069482965230858E-7;8.326576640134721E-8;2.1358273042355458E-7;-1.3525736208283391E-7;-2.2079767544078367E-7;3.387517320991544E-8;-1.612687524573063E-7;9.53657260465293E-8;-3.537395443698331E-8;2.1626279961383518E-8;-8.066048119812866E-8;-9.494805177986739E-8;9.118669599509158E-8;-1.6999051906527774E-7;-1.821617362056439E-8;1.2496392582053045E-7;6.395916488336201E-8;-1.5552681400207378E-7;-9.64149761678729E-8;6.370692841155778E-9;-1.9229356614827153E-7;-9.707714889980242E-8;-1.241848944680397E-7
-2.1456229659752262E-8;2.733965251235656E-7;9.244888063242424E-8;6.111922486754381E-8;2.1207579375118735E-7;-1.1872602224438703E-7;-2.1414358001224333E-7;2.7794823726437513E-8;-1.3283210884402238E-7;9.098190600965835E-8;-1.0024817121423166E-7;3.176183211094844E-8;-6.665261214446213E-8;-4.539612713404117E-8;1.243941650979532E-7;-1.4540031288359532E-7;1.8701239502948457E-8;1.6950952109003775E-7;6.558461525892747E-8;-1.5853946531453632E-7;-7.45078490400944E-8;-4.995125846774599E-8;-2.4000580957865996E-7;-1.1924578440712786E-7;-1.2529153330555176E-7
4.0046749760493306E-10;2.6102547845714343E-7;7.794946477449234E-8;3.8972683341118984E-8;2.1056885706449867E-7;-1.0219468237457702E-7;-2.0885674702957054E-7;2.167359263973986E-8;-1.0395644090676522E-7;8.747744648525742E-8;-1.5557936226505642E-7;4.050120010917704E-8;-5.2316727950701224E-8;-2.640122888892473E-9;1.5354031555316364E-7;-1.1754561307181023E-7;5.122258057548091E-8;1.799425166383273E-7;6.048064341532282E-8;-1.616475402083941E-7;-5.473583609094848E-8;-1.0037616689033996E-7;-2.4646862575146386E-7;-1.218721509737331E-7;-1.276673139473687E-7
2.225716466350776E-8;2.486544318040893E-7;6.345004895007319E-8;1.6826141823194422E-8;2.0906192036691884E-7;-8.566334247343275E-8;-2.0491066743191836E-7;1.5513082461576292E-8;-7.463631080400606E-8;8.484036339892417E-8;-1.992077552527934E-7;4.7449403835384077E-8;-3.765153627382292E-8;3.142243435026931E-8;1.7702163154519654E-7;-8.657566002379814E-8;7.753320163150193E-8;1.5718407726485426E-7;4.882104105574815E-8;-1.6436369103551362E-7;-3.714040688264819E-8;-1.416397457421217E-7;-2.1195594227336905E-7;-1.0470954438149196E-7;-1.305079283766898E-7
4.4113861838933234E-8;2.3628338516116807E-7;4.8950633159976815E-8;-5.320399685094157E-9;2.07554983661337E-7;-6.913200254086556E-8;-2.0228810397337736E-7;9.32051785542302E-9;-4.494533644154686E-8;8.307621581941328E-8;-2.2935411122482E-7;5.227709217842993E-8;-2.2715776976775556E-8;5.514816861263567E-8;1.9349061117772928E-7;-5.305822508978805E-8;9.604644026673136E-8;1.066628802275233E-7;3.167267344367377E-8;-1.6634894907561643E-7;-2.1447753092409152E-8;-1.709030974798634E-7;-1.4272694022717056E-7;-7.055593364623826E-8;-1.3298849780268559E-7
6.597055902481771E-8;2.2391233852521965E-7;3.445121740472721E-8;-2.746694118267487E-8;2.0604804695040914E-7;-5.260066257698238E-8;-2.009789913086372E-7;3.1070789238715185E-9;-1.5009608422028297E-8;8.219215516775127E-8;-2.447546419272654E-7;5.475134668887018E-8;-7.602583652483781E-9;6.733162491261749E-8;2.0197839291868738E-7;-1.7874532085656977E-8;1.0560732006394216E-7;3.771619529493094E-8;1.0884329323247002E-8;-1.6738198314305338E-7;-7.044201305212505E-9;-1.8607869092095036E-7;-5.02701853739311E-8;-2.4957017656793657E-8;-1.3444262322699646E-7
8.782725622152757E-8;2.1154129189260776E-7;1.9951801683522513E-8;-4.961348266900401E-8;2.0454111023759606E-7;-3.606932258319038E-8;-2.009789431244207E-7;-3.1136884993827328E-9;1.5012634175745155E-8;8.218990085492733E-8;-2.447547610116962E-7;5.475371832381019E-8;7.57451750009622E-9;6.733105560011638E-8;2.0197839826324786E-7;1.7892409524380644E-8;1.056125739794433E-7;-3.770932844566334E-8;-1.118465419809082E-8;-1.6734633113124096E-7;6.909865863668321E-9;-1.8604756865751925E-7;5.0386124604663104E-8;2.470175060587007E-8;-1.345179224132184E-7
1.0968395342913987E-7;1.9917024525953475E-7;5.452385994951188E-9;-7.176002414380398E-8;2.0303417352636444E-7;-1.953798256138218E-8;-2.0228778118338887E-7;-9.327209992414546E-9;4.494781667731197E-8;8.307245158224558E-8;-2.2935305229093923E-7;5.228281360228841E-8;2.2690097661570783E-8;5.514942521848725E-8;1.9348994175973209E-7;5.30716411281723E-8;9.605929936146489E-8;-1.0667571605802119E-7;-3.198289297414898E-8;-1.6625536466682491E-7;2.1319839253324784E-8;-1.708236951102282E-7;1.4284564980451817E-7;7.033656762415996E-8;-1.3318504253120036E-7
1.3154065064772678E-7;1.867991986223137E-7;-9.047029662357174E-9;-9.390656560678177E-8;2.0152723681991133E-7;-3.0066425133389543E-9;-2.0491002481139036E-7;-1.5519891919093363E-8;7.463870744394218E-8;8.483551621275437E-8;-1.992060556639189E-7;4.745569610514811E-8;3.7630999842267154E-8;3.1427441156920946E-8;1.7702203437150794E-7;8.65830406613628E-8;7.754317955065716E-8;-1.571957924482072E-7;-4.913574176730813E-8;-1.6421634809454186E-7;3.703498490947362E-8;-1.4153811278011646E-7;2.1204613738430066E-7;1.0451602604966359E-7;-1.308001309465024E-7
1.5339734787772293E-7;1.744281519776041E-7;-2.3546445289526903E-8;-1.1605310705743315E-7;2.00020300121295E-7;1.352469755942528E-8;-2.0885577395704908E-7;-2.168053167785579E-8;1.0395972068535646E-7;8.747172790912717E-8;-1.5557676678434458E-7;4.0506994468212296E-8;5.23033150812045E-8;-2.631825901144156E-9;1.5354182774724235E-7;1.1755025741778084E-7;5.122427365722766E-8;-1.799534088505939E-7;-6.079663389942525E-8;-1.614615649990166E-7;5.466558414778016E-8;-1.0027410067117164E-7;2.4653045355347274E-7;1.216974143095327E-7;-1.2800919955250696E-7
1.7525404511958098E-7;1.620571053220563E-7;-3.8045860887823464E-8;-1.3819964849529108E-7;1.9851336343365249E-7;3.005603765528557E-8;-2.1414227813233555E-7;-2.7801834656017597E-8;1.3283593514446723E-7;9.097513034436142E-8;-1.0024491600704432E-7;3.1767081654053866E-8;6.66462701643166E-8;-4.538411801659582E-8;1.24397503658588E-7;1.454017029273778E-7;1.8694373504970826E-8;-1.695188885987763E-7;-6.589910762225518E-8;-1.583357081541761E-7;7.447648008596145E-8;-4.987544008805955E-8;2.4003317747467715E-7;1.1907842871219717E-7;-1.2562471810836844E-7
1.9711074237362688E-7;1.4968605865202561E-7;-5.254527645832793E-8;-1.6034618991985843E-7;1.9700642676040453E-7;4.658737777281322E-8;-2.2079606526507251E-7;-3.3882209300705784E-8;1.6127312378223963E-7;9.535754720325171E-8;-3.536982106689927E-8;2.1630668756465095E-8;8.066116591421028E-8;-9.493261837697639E-8;9.119229625433369E-8;1.699893580066928E-7;-1.8233129589105075E-8;-1.2497036731126904E-7;-6.427029147608335E-8;-1.5532658958015297E-7;9.64243663544528E-8;6.394910169158952E-9;1.9228215174965626E-7;9.690342533288516E-8;-1.24451600223431E-7
2.18967439640603E-7;1.3731501196365315E-7;-6.704469200131621E-8;-1.8249273133023585E-7;1.954994901052835E-7;6.311871791132431E-8;-2.288568367077306E-7;-3.9927544018066E-8;1.8938751326089614E-7;1.0065633726647759E-7;3.6664052096140774E-8;1.053255928696924E-8;9.444224652729122E-8;-1.4937443832263392E-7;5.564043650151378E-8;1.9168998064133894E-7;-5.774687290716091E-8;-4.973432667348297E-8;-5.6642156799230876E-8;-1.530909816601475E-7;1.2027262827696565E-7;6.531819735630824E-8;1.0864062578599593E-7;5.826416436491105E-8;-1.2524287985085017E-7
2.408241369216198E-7;1.249439652526892E-7;-8.154410751621439E-8;-2.046392727252416E-7;1.9399255347261233E-7;7.965005807092591E-8;-2.383822397045925E-7;-4.595304921492287E-8;2.174420438629285E-7;1.06948978827668E-7;1.1344482357363561E-7;-1.0900760786539936E-9;1.0821865834036293E-7;-2.0711572317660217E-7;1.9389091887264436E-8;2.1152562694291748E-7;-9.836175434701082E-8;4.935896985885511E-8;-4.452536291471336E-8;-1.5251946944738665E-7;1.458626645922716E-7;1.243313535602004E-7;-1.3510742857091423E-9;8.271877909613727E-9;-1.287637370284479E-7
2.626808342182335E-7;1.1257291851441537E-7;-9.604352300136487E-8;-2.267858141033856E-7;1.924856168674768E-7;9.618139825270825E-8;-2.4945353637530396E-7;-5.198502871255042E-8;2.4588966477474756E-7;1.1437592841370939E-7;1.9274926782966934E-7;-1.2840108058867694E-8;1.2241206458730717E-7;-2.672418351490811E-7;-1.6174866709768473E-8;2.3133177624333158E-7;-1.3932199085830608E-7;1.6378868284107626E-7;-2.994895566472729E-8;-1.5488103582844713E-7;1.736033712611493E-7;1.8233355385119134E-7;-1.264635060770278E-7;-4.7387877292726134E-8;-1.3606870741625152E-7
2.845375315297544E-7;1.0020187174528605E-7;-1.1054293845714974E-7;-2.4893235546518595E-7;1.9097868029421656E-7;1.1271273845631168E-7;-2.621823948824071E-7;-5.806371423745721E-8;2.7542730915060336E-7;1.231725479526136E-7;2.7276879266238393E-7;-2.4401854899066865E-8;1.3772417659943593E-7;-3.2995987109970693E-7;-5.0131435044553295E-8;2.5403605215359576E-7;-1.81118028911143E-7;2.856442241989727E-7;-1.516078898344638E-8;-1.6210951418122884E-7;2.0527019736345788E-7;2.408418491655166E-7;-2.5708163650932004E-7;-1.0433828474905277E-7;-1.4913111064944178E-7
-1.3767739990525578E-7;3.3840882046428325E-7;1.5031994288006563E-7;1.8107737684715938E-7;2.2433470785976703E-7;-1.8890842396795827E-7;-2.708433251300704E-7;2.911933204166472E-8;-2.8727830607297E-7;6.305087168653846E-8;2.690643946915896E-7;-1.1850180597141327E-8;-7.091388754466536E-8;-3.579883858903744E-7;-3.917065786267299E-8;-3.047451987320293E-7;-9.400098067353858E-8;-2.970512525881411E-7;9.689042933342576E-9;-8.872560073680572E-8;-1.1099663466372303E-7;2.936218242313158E-7;2.597493706187295E-7;5.244374006516279E-8;-2.390712158334622E-7
-1.1582070280129536E-7;3.2603777392826435E-7;1.3582052688327615E-7;1.5893083524991394E-7;2.2282777102956521E-7;-1.7237708419286778E-7;-2.57965904053628E-7;2.6069724633662498E-8;-2.5650948051546516E-7;5.858762082960963E-8;1.8928366258131274E-7;-6.071802013917811E-9;-6.304119977882741E-8;-2.917858397166419E-7;-4.319126447796339E-9;-2.761724250360042E-7;-7.238848222456755E-8;-1.7396929405302068E-7;1.6829638955969662E-8;-8.466030336448601E-8;-9.415520874774853E-8;2.2254188341929728E-7;1.2426304447657568E-7;2.319351821874921E-8;-2.191903663369543E-7
-9.396400569361087E-8;3.1366672740493814E-7;1.213211109052328E-7;1.3678429365693905E-7;2.213208341896718E-7;-1.5584574440043385E-7;-2.4677667483844096E-7;2.3043376308085097E-8;-2.268668406852813E-7;5.4825704737575726E-8;1.1017102534454669E-7;-1.918718095383587E-10;-5.574400385397688E-8;-2.2855377045588847E-7;3.249262755736572E-8;-2.5115945526653016E-7;-5.1217863989742595E-8;-5.848827234623851E-8;2.3901145699227028E-8;-8.32536854912132E-8;-7.944310960293833E-8;1.5214708210246187E-7;-5.639854370487138E-9;-5.435154308840316E-9;-2.0817041407914224E-7
-7.210730858099073E-8;3.0129568090412475E-7;1.0682169495410785E-7;1.1463775206881062E-7;2.1981389733129177E-7;-1.3931440458185285E-7;-2.3715830739007097E-7;2.0020594990926432E-8;-1.9762275050299438E-7;5.1643391112509544E-8;3.3545676612730635E-8;5.627761752863396E-9;-4.865944931903811E-8;-1.6798968983862233E-7;7.021098062904801E-8;-2.2634614703143137E-7;-3.02324216113014E-8;4.161459524567409E-8;2.974792133700057E-8;-8.344453403608397E-8;-6.586053073657082E-8;8.058542552647352E-8;-1.1978477601370827E-7;-3.114478660147624E-8;-2.0259633142889032E-7
-5.025061146348648E-8;2.889246344210673E-7;9.232227903025486E-8;9.24912104858358E-8;2.1830696045897183E-7;-1.227830647372973E-7;-2.2902520416590432E-7;1.6988029176501654E-8;-1.6830533376203066E-7;4.89653403809842E-8;-3.836225385848208E-8;1.1186502192225231E-8;-4.156810385851686E-8;-1.109924757021936E-7;1.0732182358311772E-7;-1.9966483049221556E-7;-9.819345081412836E-9;1.1789339443881546E-7;3.334332228442614E-8;-8.453370908642317E-8;-5.314346812184626E-8;9.187478289851444E-9;-2.063657192187722E-7;-5.098781428421249E-8;-2.006789730170392E-7
-2.8393914340761006E-8;2.7655358795145227E-7;7.782286313421466E-8;7.034466890857735E-8;2.1680002357661152E-7;-1.0625172486678322E-7;-2.2231614715155375E-7;1.3938125891467643E-8;-1.3864186987330474E-7;4.675152452968736E-8;-1.0313668677938498E-7;1.62652922707842E-8;-3.4353759632066617E-8;-5.918605406226166E-8;1.420522676086237E-7;-1.69980627311381E-7;9.25490342002814E-9;1.635579085520408E-7;3.3932183619615187E-8;-8.604334357699221E-8;-4.1352987918926085E-8;-5.893564131352551E-8;-2.553735544862558E-7;-6.232964502305698E-8;-2.012462375756935E-7
-6.537217212175629E-9;2.6418254149187037E-7;6.332344726691216E-8;4.819812733780297E-8;2.1529308668720785E-7;-8.972038496996768E-8;-2.1698844612964992E-7;1.0867925875866726E-8;-1.0851196954022489E-7;4.498347859441121E-8;-1.5838996992217798E-7;2.0645391164163207E-8;-2.6968674325420913E-8;-1.452369923295315E-8;1.7257237511124184E-7;-1.368745688224065E-7;2.6055400432620873E-8;1.75196679176046E-7;3.1144336231205305E-8;-8.762537936122086E-8;-3.0604014547878445E-8;-1.1989610480159366E-7;-2.6120056967649227E-7;-6.356546769292228E-8;-2.0331345453425472E-7
1.5319479922992937E-8;2.5181149503936665E-7;4.88240314292815E-8;2.605158577434731E-8;2.1378614979339704E-7;-7.31890450465396E-8;-2.1301334483859029E-7;7.77819698462332E-9;-7.791111146676569E-8;4.365567239481755E-8;-2.019608669837151E-7;2.41276608991035E-8;-1.9412502147364238E-8;2.1039493115202508E-8;1.971785905201808E-7;-1.0050043926513484E-7;3.964371555001647E-8;1.5372887761911966E-7;2.506522240844832E-8;-8.902421519114659E-8;-2.0920621174335405E-8;-1.6976223631870387E-7;-2.2414435016357492E-7;-5.456368305034958E-8;-2.0594516152797245E-7
3.7176177065525776E-8;2.394404485912918E-7;3.4324615622246554E-8;3.905044219079103E-9;2.122792128974949E-7;-5.6657705096183376E-8;-2.1037227212059391E-7;4.672507043744329E-9;-4.691795486324219E-8;4.276736186992251E-8;-2.3206940312782497E-7;2.654853393593045E-8;-1.1714700743751733E-8;4.580033484343332E-8;2.144437523568607E-7;-6.145950141995069E-8;4.9208744119468834E-8;1.0456468316553395E-7;1.623657177455372E-8;-9.005098373547116E-8;-1.2163158286933122E-8;-2.051068016133264E-7;-1.5075165282596642E-7;-3.678950614166342E-8;-2.0828605670303516E-7
5.903287421610178E-8;2.2706940214498788E-7;1.9825199846232383E-8;-1.8241497327263495E-8;2.1077227600184327E-7;-4.0126365119006394E-8;-2.0905422885265054E-7;1.5564492522519598E-9;-1.5669215428549456E-8;4.232197142093901E-8;-2.4745134995381567E-7;2.7791077887274806E-8;-3.9251292693039175E-9;5.851040748591666E-8;2.2334296832303693E-7;-2.0688713795423374E-8;5.415392893434203E-8;3.7010245683416186E-8;5.582078716612398E-9;-9.058957224819228E-8;-4.039696418101933E-9;-2.234205770786573E-7;-5.306155612923867E-8;-1.30993855578232E-8;-2.0965617306204178E-7
8.088957137521544E-8;2.1469835569757134E-7;5.325784100952848E-9;-4.038803886413256E-8;2.0926533910901994E-7;-2.359502511577881E-8;-2.0905417698362724E-7;-1.563263931800422E-9;1.5668500310717658E-8;4.232125993707202E-8;-2.474512835714487E-7;2.7792482013693945E-8;3.897612087611237E-9;5.8511749617863476E-8;2.233433633089965E-7;2.0683045048265445E-8;5.4157183822600244E-8;-3.701371917662013E-8;-5.719019453093761E-9;-9.057588848788885E-8;3.8630136278014905E-9;-2.2339220670859452E-7;5.3199033942811065E-8;1.270169915581619E-8;-2.0968610186841527E-7
1.027462685429122E-7;2.02327309245836E-7;-9.173631614761116E-9;-6.253458039133159E-8;2.0775840222183992E-7;-7.063685088035227E-9;-2.1037216272660006E-7;-4.67947745364411E-9;4.691878355075272E-8;4.276443662530323E-8;-2.3206871272399085E-7;2.6552665705340765E-8;1.1691574058253202E-8;4.580253976379779E-8;2.1444481408704727E-7;6.145886386995367E-8;4.921769620288145E-8;-1.0457251353618128E-7;-1.6384564913227276E-8;-9.000665899597158E-8;1.2006448689419044E-8;-2.050241424569664E-7;1.5088701237333182E-7;3.6429531710195035E-8;-2.083805390580883E-7
1.2460296571900148E-7;1.8995626278659562E-7;-2.3673047302659776E-8;-8.468112190883952E-8;2.062514653430285E-7;9.467654962209842E-9;-2.1301313403532687E-7;-7.785288391415722E-9;7.791149898015059E-8;4.365121485083916E-8;-2.0195998429235582E-7;2.4131832472487068E-8;1.9394207897732082E-8;2.1044642287866472E-8;1.9718190713623536E-7;1.0049549325642684E-7;3.964852852066856E-8;-1.5373470848675986E-7;-2.5221612514961014E-8;-8.894950621388684E-8;2.0792734818342294E-8;-1.6965042077908336E-7;2.242492153921525E-7;5.423398544015722E-8;-2.0609125714764554E-7
1.4645966290412018E-7;1.775852163172666E-7;-3.817246296354017E-8;-1.0682766341605777E-7;2.0474452847481205E-7;2.5998995033806503E-8;-2.169880873014518E-7;-1.0875158379588608E-8;1.0851287716629768E-7;4.497834316526214E-8;-1.5838850676632787E-7;2.0649093854469236E-8;2.6956996884102252E-8;-1.4515720625278417E-8;1.7257701546201293E-7;1.3686928200202562E-7;2.6052667342049673E-8;-1.7520171679037095E-7;-3.1307845919779537E-8;-8.753096516664612E-8;3.0518788777605034E-8;-1.1977358869769136E-7;2.612740769236699E-7;6.32604965846344E-8;-2.0348278370981912E-7
1.6831636009736789E-7;1.6521416983512215E-7;-5.2671878600271244E-8;-1.289742049137487E-7;2.0323759161989358E-7;4.253033512394355E-8;-2.2231563032249961E-7;-1.3945468209563171E-8;1.3864337508240735E-7;4.674546358091949E-8;-1.031347666232392E-7;1.6268122504129668E-8;3.43489751270186E-8;-5.9175002424095175E-8;1.4205839243126156E-7;1.6997604607482276E-7;9.242087758989713E-9;-1.6356116541423263E-7;-3.41007448690932E-8;-8.593879423396979E-8;4.1316780769854675E-8;-5.882727303227495E-8;2.5540964221013935E-7;6.203699891299923E-8;-2.0140965589177277E-7
1.901730572988056E-7;1.528431233376443E-7;-6.717129421427506E-8;-1.511207464018654E-7;2.017306547807813E-7;5.906167523114627E-8;-2.290245297493372E-7;-1.6995451908296867E-8;1.6830746560058002E-7;4.895817048112345E-8;-3.8359973952547486E-8;1.1188188308918656E-8;4.157029403763024E-8;-1.10978102813026E-7;1.0732972203723973E-7;1.9966186789673798E-7;-9.844289505248267E-9;-1.1789473151822316E-7;-3.351538413031771E-8;-8.443048077211999E-8;5.315946148717913E-8;9.256340183486639E-9;2.0636116324543228E-7;5.069314045462711E-8;-2.0080721361135258E-7
2.120297545087533E-7;1.4047207682234006E-7;-8.167070980643046E-8;-1.7326728788019838E-7;2.0022371796007147E-7;7.559301535451989E-8;-2.3715747406583003E-7;-2.0028063563190846E-8;1.976254482202759E-7;5.16349763155386E-8;3.354840624420031E-8;5.628152504933071E-9;4.8668534469062707E-8;-1.6797171178541178E-7;7.02210219497601E-8;2.263452305168813E-7;-3.027054876249566E-8;-4.161392243639646E-8;-2.9922798061050414E-8;-8.335372152965461E-8;6.59288945099485E-8;8.059189693329863E-8;1.1973860065627754E-7;3.0834449917915474E-8;-2.0266510726172798E-7
2.3388645172727194E-7;1.2810103028676893E-7;-9.617012537790436E-8;-1.9541382934907127E-7;1.987167811607162E-7;9.212435549315115E-8;-2.4677571461249816E-7;-2.3050875610885196E-8;2.2687050209934838E-7;5.4816421985434516E-8;1.1017370078841497E-7;-1.9248783002714365E-10;5.5760731499744955E-8;-2.2853222311458917E-7;3.250477749396518E-8;2.5116204951662583E-7;-5.127054623474412E-8;5.848875631431637E-8;-2.4081529122674206E-8;-8.318704278746118E-8;7.956514561978198E-8;1.520767729784759E-7;5.554018480403668E-9;5.099995512376025E-9;-2.0816028321135441E-7
2.5574314895420286E-7;1.1572998372854039E-7;-1.1066954092984524E-7;-2.175603708093066E-7;1.9720984438605437E-7;1.0865569564640501E-7;-2.5796491466053593E-7;-2.6077058195346776E-8;2.565143367510432E-7;5.8575780738351715E-8;1.892858399213027E-7;-6.0734411433062585E-9;6.306387448581161E-8;-2.91761323141376E-7;-4.303273862650238E-9;2.761812951709223E-7;-7.24542864216746E-8;1.73966844974426E-7;-1.7018274892530282E-8;-8.461727572498241E-8;9.43236772479587E-8;2.2238450190108946E-7;-1.2438196857469473E-7;-2.3563136337442892E-8;-2.191036808442596E-7
2.775998461883741E-7;1.0335893714559828E-7;-1.2516895646373974E-7;-2.397069122625526E-7;1.9570290763939057E-7;1.251870358135094E-7;-2.7084229792911227E-7;-2.9126724228450978E-8;2.872841595777343E-7;6.303690087701498E-8;2.69066361743634E-7;-1.1853253752517514E-8;7.094296274718252E-8;-3.579603879096562E-7;-3.915036555766998E-8;3.047604144822494E-7;-9.408196938139705E-8;2.9704650973279035E-7;-9.890119625732215E-9;-8.870846979244846E-8;1.1121313642615852E-7;2.9337096222858495E-7;-2.5990026273071657E-7;-5.286547748210724E-8;-2.3890956889372557E-7
-1.446150844748918E-7;3.4156588211546774E-7;1.3569392533646898E-7;1.9030282109253522E-7;2.2905893884310166E-7;-1.7643412683319482E-7;-2.737425820398184E-7;-2.7468783558788303E-12;-2.912642444723451E-7;2.2958977381598335E-12;2.6780714462622605E-7;1.055433215069615E-11;2.1874745829164906E-11;-3.675507512649937E-7;-3.530984301903348E-8;-3.2224000274758695E-7;7.443084000835591E-11;-3.0101850098434804E-7;8.684037784408349E-11;1.519163944924484E-11;1.7489915994209143E-10;3.1175418620901926E-7;2.604989047135035E-7;-2.950667635381456E-10;-2.715148627275404E-7
-1.2275838738995893E-7;3.29194835850617E-7;1.211945093584402E-7;1.6815627945205973E-7;2.275520017428456E-7;-1.5990278699250878E-7;-2.6081492319366E-7;-3.6369025169121263E-12;-2.6007830401875296E-7;8.849726902251477E-13;1.8810752476345544E-7;8.641768502314702E-12;2.039077937810962E-11;-3.001611721459067E-7;-1.6767353843952E-10;-2.9163093629748414E-7;6.360062165779934E-11;-1.7750823142698435E-7;4.6302085815730384E-11;1.4780880573268855E-11;1.3399535189398172E-10;2.3633645012355728E-7;1.2337964946182733E-7;-2.3361705150561053E-10;-2.4921301778356184E-7
-1.0090169030317995E-7;3.168237895849385E-7;1.0669509339310611E-7;1.460097378164718E-7;2.2604506464802425E-7;-1.4337144714346732E-7;-2.495859967348303E-7;-3.731291495203925E-12;-2.3003155371669617E-7;9.598137644358396E-13;1.0906054812919144E-7;5.242694513017316E-12;1.6569247907873127E-11;-2.3587679722504487E-7;3.7057799988246587E-8;-2.6481706565503234E-7;4.6857163711908216E-11;-6.16659007630504E-8;6.846930875571718E-12;1.2374387355429904E-11;8.818847289740306E-11;1.6167380992955978E-7;-8.12480088227956E-9;-1.7307633314114607E-10;-2.3692080060321586E-7
-7.904499321368834E-8;3.0445274332572837E-7;9.219567744689864E-8;1.2386319618575668E-7;2.245381275514591E-7;-1.2684010727870582E-7;-2.399365670835829E-7;-3.715656135081167E-12;-2.0038690500958842E-7;1.2926281089774732E-12;3.2488020389531824E-8;1.7364815775585092E-12;1.2295284261201191E-11;-1.7436230650600216E-7;7.526466866979028E-8;-2.3828884896679753E-7;2.9425225676373695E-11;3.878558467964547E-8;-2.6330941371384083E-11;9.921416875005966E-12;4.2304673345505175E-11;8.580255679264755E-8;-1.2365262297519097E-7;-1.234697638152537E-10;-2.3067826108996717E-7
-5.718829612120409E-8;2.920816970722477E-7;7.769626152188011E-8;1.0171665455990486E-7;2.2303119045342704E-7;-1.1030876739600135E-7;-2.3177938233584598E-7;-3.688322406965484E-12;-1.7066616836631716E-7;1.7475941429989656E-12;-3.937766285256132E-8;-1.6975804619321663E-12;8.051118892803668E-12;-1.1650830513038219E-7;1.1289302436443374E-7;-2.098959960488114E-7;1.2942076635796357E-11;1.1542723610094011E-7;-5.041323552724148E-11;8.159625811941035E-12;-5.673409419871491E-13;1.0134076771876856E-8;-2.1120531718121757E-7;-8.929483419116268E-11;-2.2840067798156716E-7
-3.5331599025335136E-8;2.797106508224032E-7;6.319684561940225E-8;7.957011293915699E-8;2.2152425335544585E-7;-9.377742749412517E-8;-2.2505194364470094E-7;-3.6614890509504905E-12;-1.405926781347848E-7;2.219183577770271E-12;-1.041185460808046E-7;-4.886785617814447E-12;3.944456709073362E-12;-6.394629077520495E-8;1.4812919375598686E-7;-1.7846387981983145E-7;-1.5668732084720279E-12;1.6148056401278575E-7;-6.24671567446564E-11;7.214650750280787E-12;-3.773753759280466E-11;-6.204230980757166E-8;-2.6062479026057436E-7;-7.545805747033167E-11;-2.2876662609134384E-7
-1.3474901925491008E-8;2.673396045743483E-7;4.86974297409242E-8;5.742357132394866E-8;2.2001731625876193E-7;-7.724608757184843E-8;-2.1971060823260756E-7;-3.6307691709948563E-12;-1.1004469829546097E-7;2.7551083363458983E-12;-1.593460081847068E-7;-7.634633670229485E-12;-6.1290182890518E-14;-1.8646131176105276E-8;1.7910572707013838E-7;-1.435604335401455E-7;-1.3301722076294352E-11;1.7353757331412584E-7;-6.116070861264775E-11;6.4412656042349446E-12;-6.724345417214953E-11;-1.2661494779686024E-7;-2.662230608907516E-7;-8.350012708287853E-11;-2.3071165557053117E-7
8.381795178942875E-9;2.549685583263746E-7;3.4198013887833115E-8;3.527702971484581E-8;2.185103791647632E-7;-6.071474762819021E-8;-2.1572587418933026E-7;-3.589075498549303E-12;-7.901635445130954E-8;3.3518295625309312E-12;-2.0289784126646836E-7;-9.647555138563329E-12;-3.989807504373329E-12;1.7419190935692243E-8;2.0408768388943026E-7;-1.0533414244366473E-7;-2.1398003051164807E-11;1.5251743471365083E-7;-4.693061330045012E-11;4.9667785009911125E-12;-8.774134008699378E-11;-1.794382177867674E-7;-2.2830189458862036E-7;-1.1161694649074843E-10;-2.3326103356421484E-7
3.02384922885866E-8;2.4259751207671116E-7;1.969859806142622E-8;1.3130488112435384E-8;2.1700344207483268E-7;-4.418340766228978E-8;-2.1307865259686993E-7;-3.5180746580958134E-12;-4.758682167090527E-8;4.631243081007854E-12;-2.329934949309209E-7;-9.952240994409651E-12;-8.079095253040586E-12;4.2528619694541914E-8;2.2162157618901976E-7;-6.439165981963373E-8;-2.315627747427299E-11;1.0382801582036745E-7;-2.0890269616941634E-11;-3.0546660779729886E-12;-9.94391897464945E-11;-2.1689214218998009E-7;-1.5350339388519132E-7;-1.5858842262609843E-10;-2.3554106306223587E-7
5.2095189403964586E-8;2.3022646582333737E-7;5.199182262305554E-9;-9.016053482756972E-9;2.1549650499070923E-7;-2.7652067673980705E-8;-2.1175761882114095E-7;-3.506689418431301E-12;-1.5893620341569703E-8;3.4171943923414534E-12;-2.483696072600725E-7;-1.2011533732035628E-11;-1.031144137932729E-11;5.541971373821523E-8;2.30662662246208E-7;-2.167659500107467E-8;-3.150021741156569E-11;3.675675641989737E-8;8.112275763637855E-12;4.426262091677544E-12;-9.712262665382603E-11;-2.363143051492064E-7;-5.401607252464602E-8;-2.0120569775862622E-10;-2.3686131538694085E-7
7.395188652543394E-8;2.1785541956386107E-7;-9.300233509809054E-9;-3.11625950703381E-8;2.139895679143607E-7;-1.1120727663904273E-8;-2.1175765412363404E-7;-3.498275268580104E-12;1.5893040172306968E-8;1.8582919731193735E-12;-2.483693484019382E-7;-9.548784050492712E-12;-1.2071114134917953E-11;5.542049665422179E-8;2.306634782288436E-7;2.1662143555921942E-8;-2.3105279646211027E-11;-3.675980564219438E-8;3.764881579111555E-11;2.990522315108391E-12;-8.782987203146436E-11;-2.3628430875075334E-7;5.416680478795068E-8;-2.414111308021629E-10;-2.3685714647107186E-7
9.58085836531512E-8;2.0548437329593544E-7;-2.379964925574414E-8;-5.3309136650108965E-8;2.1248263084783852E-7;5.410612366839102E-9;-2.130787639571916E-7;-3.5479255460318365E-12;4.758634926742703E-8;1.1689682929883872E-12;-2.3299319098842554E-7;-8.397279352063195E-12;-1.216158145707947E-11;4.2530994505160216E-8;2.2162389550415352E-7;6.437845210531331E-8;-2.073630808011915E-11;-1.0382910706452358E-7;5.982729212445284E-11;8.455080189190881E-13;-7.00614767981729E-11;-2.1680453010537228E-7;1.5364018219664552E-7;-2.6423595739077674E-10;-2.355284975955383E-7
1.1766528078709734E-7;1.931133270173483E-7;-3.8299064976768787E-8;-7.545567822201988E-8;2.1097569379316154E-7;2.1941952416788336E-8;-2.1572607642838945E-7;-3.614027486371168E-12;7.901481265189934E-8;-9.414910935598788E-13;-2.0289747141685057E-7;-7.394498378544846E-12;-1.1533899543115125E-11;1.7423331650619625E-8;2.0409249667227538E-7;1.0531729492596143E-7;-1.90453460305015E-11;-1.525165119927404E-7;7.295050262229023E-11;7.452778101733805E-12;-4.945197509991947E-11;-1.7931203759712012E-7;2.284076261825874E-7;-2.739866763955066E-10;-2.3324859033995193E-7
1.3952197792633794E-7;1.8074228072577462E-7;-5.2798480674666356E-8;-9.760221978663709E-8;2.0946875675227844E-7;3.847329248409114E-8;-2.19710858609574E-7;-3.72114634466533E-12;1.1004375316428776E-7;-1.7296540809892254E-12;-1.593452743095323E-7;-5.8615543499813564E-12;-9.400951581695354E-12;-1.8640620397097833E-8;1.791114775471679E-7;1.4354747130214522E-7;-1.7153079482547973E-11;-1.7353599906821614E-7;7.497512703724814E-11;7.049767862528281E-12;-2.378953414002377E-11;-1.2646393222766309E-7;2.6629920551719E-7;-2.724305099955301E-10;-2.30695117245629E-7
1.6137867506999517E-7;1.6837123441950272E-7;-6.729789635246897E-8;-1.1974876134484747E-7;2.0796181972692553E-7;5.500463256595126E-8;-2.2505221453414607E-7;-3.838427420880494E-12;1.4059239661895215E-7;-2.3734590656010324E-12;-1.0411757417437666E-7;-4.183872083242589E-12;-6.591306208814809E-12;-6.393875487006583E-8;1.4813591887811783E-7;1.784559409554675E-7;-1.622684329436424E-11;-1.6147688742267955E-7;6.509481368918805E-11;5.044583390891002E-12;2.0828610063204075E-12;-6.189102488704172E-8;2.6066421567933085E-7;-2.6291183826512495E-10;-2.287472805266614E-7
1.8323537221771186E-7;1.5600018809722314E-7;-8.179731201246709E-8;-1.4189530289718555E-7;2.0645488271855025E-7;7.153597266034805E-8;-2.317796591148049E-7;-3.954936843302443E-12;1.706665079531093E-7;-3.1280842086661052E-12;-3.937649661582864E-8;-2.39407246001763E-12;-3.483892101811789E-12;-1.164982651518265E-7;1.1290093430687559E-7;2.098939573079962E-7;-1.6119453073596604E-11;-1.1542100090208315E-7;4.317103667550099E-11;2.0277754493989098E-12;2.5397319569525272E-11;1.0260594130654774E-8;2.112041834539919E-7;-2.470788096391154E-10;-2.2838124515128927E-7
2.0509206936899713E-7;1.4362914175788533E-7;-9.62967276566825E-8;-1.640418444443395E-7;2.0494794572843743E-7;8.806731276565052E-8;-2.3993684287752507E-7;-4.0645929991280404E-12;2.0038782721152344E-7;-3.992603180107141E-12;3.248937229498787E-8;-5.100487152478329E-13;-2.877505243108222E-13;-1.7434939525955233E-7;7.52740124201276E-8;2.38293417768155E-7;-1.6570300917620992E-11;-3.87766861938563E-8;1.0415965909461682E-11;-2.2962150570751267E-12;4.478131673924204E-11;8.588239226206611E-8;1.2360985012856797E-7;-2.2686529890056572E-10;-2.3066146205784596E-7
2.2694876652225386E-7;1.3125809540092385E-7;-1.1079614328831424E-7;-1.8618838598817036E-7;2.0344100875776643E-7;1.0459865287947356E-7;-2.495862693435344E-7;-4.1517509225754966E-12;2.3003304008656483E-7;-5.0776864076513745E-12;1.0906210124442555E-7;1.4696842345871625E-12;2.7519957310520003E-12;-2.3586073662623932E-7;3.7068800275666246E-8;2.648287221874739E-7;-1.7123913609244078E-11;6.167740531487354E-8;-3.098239561722051E-11;-7.583567995742275E-12;5.956933222200332E-11;1.6169086167639172E-7;8.041270368272911E-9;-2.0420449041664314E-10;-2.369087249756739E-7
2.488054636747767E-7;1.1888704902647095E-7;-1.2529555891168885E-7;-2.0833492753186611E-7;2.0193407180757302E-7;1.2112999299883652E-7;-2.6081519088743954E-7;-4.1431248916057475E-12;2.600803340264371E-7;-6.4234134621741276E-12;1.8810927241311326E-7;3.5770941197370997E-12;5.222060099154537E-12;-3.001416180867974E-7;-1.548017080459609E-10;2.916497867966067E-7;-1.6890551443853375E-11;1.7752203773427036E-7;-7.752312824409568E-11;-1.3230239481275657E-11;6.981082126179136E-11;2.3628119472612136E-7;-1.2350206356564247E-7;-1.8316311895478146E-10;-2.4920632948056607E-7
2.706621608249053E-7;1.0651600263363499E-7;-1.397949745287965E-7;-2.3048146907753763E-7;2.0042713488001697E-7;1.3766133312272287E-7;-2.7374284889480393E-7;-3.643644988404276E-12;2.9126677261968393E-7;-9.029596268254898E-12;2.678090110482261E-7;6.490984455979947E-12;5.6159923759436E-12;-3.67527251597296E-7;-3.5294630526679456E-8;3.2226614290078796E-7;-1.2266574598463105E-11;3.0103411994578545E-7;-1.2746790780254468E-10;-1.6348757054389685E-11;7.329879186368727E-11;3.116228448473667E-7;-2.6065867663214103E-7;-1.6368500677142792E-10;-2.715145285319436E-7
-1.5155276904807372E-7;3.447229437802328E-7;1.210679077740075E-7;1.9952826532123144E-7;2.3378316979635092E-7;-1.639598296995514E-7;-2.7084199185696793E-7;-2.91255573695035E-8;-2.8728118702335157E-7;-6.304399173637472E-8;2.690619298122273E-7;1.1874361312016776E-8;7.095434407601826E-8;-3.5797905733070845E-7;-3.9161299687155077E-8;-3.047265624982856E-7;9.41446764205655E-8;-2.970182522341249E-7;-9.507991627018285E-9;8.87372977138446E-8;1.1131597786807041E-7;2.9346489422802847E-7;2.5970896660297173E-7;-5.29952410643852E-8;-2.388993260261829E-7
-1.2969607198273357E-7;3.32351897796314E-7;1.0656849181655149E-7;1.7738172363939634E-7;2.322762324211977E-7;-1.4742848979347115E-7;-2.579645671028946E-7;-2.6076434028663966E-8;-2.5651158211944915E-7;-5.858178816909855E-8;1.8928196396459184E-7;6.08965726788336E-9;6.307537829037112E-8;-2.9177631972991854E-7;-4.31302723034306E-9;-2.7615474040675807E-7;7.250144000877853E-8;-1.739498229222772E-7;-1.6732537668443928E-8;8.466901358714635E-8;9.438809089162068E-8;2.2241016596379706E-7;1.2423854624080525E-7;-2.3614540093646066E-8;-2.190986332291128E-7
-1.0783937491680945E-7;3.199808517984848E-7;9.206907586603078E-8;1.5523518196259852E-7;2.307692950646092E-7;-1.3089714988675275E-7;-2.467753655179669E-7;-2.3050396776518902E-8;-2.2686832708519472E-7;-5.4820713174892825E-8;1.1017033698229725E-7;2.03142774521394E-10;5.577152214191728E-8;-2.28544911356697E-7;3.249562903443399E-8;-2.5114428978770036E-7;5.130002273609432E-8;-5.848347158976485E-8;-2.388199809346794E-8;8.32604086488055E-8;7.959138498512661E-8;1.5204091671561363E-7;-5.647777295163009E-9;5.126327787538891E-9;-2.0816198336577082E-7
-8.598267785021463E-8;3.076098057893807E-7;7.756965992589457E-8;1.330886402903105E-7;2.2926235772357046E-7;-1.143658099752184E-7;-2.3715712584971893E-7;-2.002764775685491E-8;-1.9762393109505484E-7;-5.1637519706676105E-8;3.3545558929527405E-8;-5.623063291448517E-9;4.867858450148155E-8;-1.6798249982908224E-7;7.021213707737919E-8;-2.263361874631233E-7;3.028272426157429E-8;4.16081431291838E-8;-2.9794464274600013E-8;8.344465383742127E-8;6.59215941915698E-8;8.050418534417365E-8;-1.1978201668647657E-7;3.0927110501350614E-8;-2.0267243874815633E-7
-6.412598078256984E-8;2.9523875977108494E-7;6.30702439992848E-8;1.1094209862225924E-7;2.2775542039546857E-7;-9.783447005515745E-8;-2.290241811893442E-7;-1.699511455423097E-8;-1.6830672952330764E-7;-4.89593774919307E-8;-3.836227348357916E-8;-1.1188517263734777E-8;4.158023184669336E-8;-1.1098733028817141E-7;1.0732058250959308E-7;-1.9966098747373942E-7;9.841486595312215E-9;1.1787969898652003E-7;-3.343895062577443E-8;8.45336672798759E-8;5.312841935074506E-8;9.132820185136016E-9;-2.0635526917658003E-7;5.083291747201022E-8;-2.008163319218143E-7
-4.2269283713399207E-8;2.8286771374501625E-7;4.8570828089028645E-8;8.879555695847469E-8;2.2624848307852166E-7;-8.13031301234971E-8;-2.2231527070305406E-7;-1.3945252184745563E-8;-1.3864348765857878E-7;-4.674575112165097E-8;-1.03136460065379E-7;-1.62740039484136E-8;3.4359524008520594E-8;-5.918282383452375E-8;1.420483235659882E-7;-1.69981945892404E-7;-9.258541379196348E-9;1.635400758177962E-7;-3.405504218275323E-8;8.604743403019677E-8;4.127330961106928E-8;-5.896524673816501E-8;-2.5535805646211324E-7;6.220595334507381E-8;-2.0141382147765886E-7
-2.0412586642158146E-8;2.7049666771166244E-7;3.407141219752925E-8;6.664901529913684E-8;2.2474154577174112E-7;-6.4771790177776E-8;-2.1698770366159993E-7;-1.0875084652261311E-8;-1.0851383932166858E-7;-4.497828593366012E-8;-1.5838955723341884E-7;-2.06607322901765E-8;2.6968313819465685E-8;-1.452216559281969E-8;1.7256543357728958E-7;-1.3688040803442441E-7;-2.6083280127535057E-8;1.7517884046795247E-7;-3.1269310146573076E-8;8.763803198375569E-8;3.0473550058652744E-8;-1.199012508573251E-7;-2.6118418548094536E-7;6.343826417820138E-8;-2.034745828318711E-7
1.444110431687491E-9;2.58125621670906E-7;1.9571996326808446E-8;4.450247364459168E-8;2.2323460847494004E-7;-4.8240450216160206E-8;-2.1301273538287106E-7;-7.785327666871337E-9;-7.79132748225581E-8;-4.365139546225773E-8;-2.0196023223421206E-7;-2.414866976024903E-8;1.9405444364480418E-8;2.1039272533430647E-8;1.97168697435091E-7;-1.0051104169704747E-7;-3.9692273298117574E-8;1.5371542618259818E-7;-2.5164882758830046E-8;8.904735561066894E-8;2.075442447815897E-8;-1.6974387664201586E-7;-2.241333336413835E-7;5.439150502247368E-8;-2.060667975476303E-7
2.3300807508731058E-8;2.457545756220304E-7;5.072580478447073E-9;2.2355931995292684E-8;2.2172767118835721E-7;-3.170911023735412E-8;-2.1037180203051253E-7;-4.679564983209112E-9;-4.691983576760578E-8;-4.2764777493030493E-8;-2.3206825447775147E-7;-2.657440433729222E-8;1.1700946917384337E-8;4.5798291740747254E-8;2.1443156740680797E-7;-6.147270202967825E-8;-4.927512469660425E-8;1.0456307794326012E-7;-1.6288882273553013E-8;9.008847225621883E-8;1.1979120887447941E-8;-2.0506976886590344E-7;-1.5075359021242255E-7;3.6541412984582186E-8;-2.0834440639983075E-7
4.515750458927738E-8;2.3338352956364707E-7;-9.426835346617508E-9;2.0939035154255065E-10;2.2022073391301245E-7;-1.517777024075672E-8;-2.090539256018934E-7;-1.5633043732038955E-9;-1.5667806476673108E-8;-4.23192942807607E-8;-2.4745091931285936E-7;-2.781501977798343E-8;3.902956093732536E-9;5.850925714470801E-8;2.233327426049399E-7;-2.0690924800308104E-8;-5.4214960629771954E-8;3.7007187134025506E-8;-5.566441674375885E-9;9.061665591178986E-8;3.848478868493001E-9;-2.233860845273271E-7;-5.304572877135039E-8;1.2736343460854995E-8;-2.096488762373377E-7
6.70142016732474E-8;2.210124834939944E-7;-2.3926251148175834E-8;-2.1937151286600627E-8;2.1871379665047504E-7;1.3535697735238024E-9;-2.0905407541769227E-7;1.5564349294704942E-9;1.567004047258564E-8;-4.2319424001853334E-8;-2.474505791056108E-7;-2.781287752710365E-8;-3.923490494085626E-9;5.8508585680561904E-8;2.2333366910385325E-7;2.068044268965075E-8;-5.420630944086803E-8;-3.700489152702481E-8;5.794235567679229E-9;9.059265204442287E-8;-4.036779957962333E-9;-2.233519994424136E-7;5.320272725047772E-8;-1.3142871252540862E-8;-2.0961322712919972E-7
8.887089876055805E-8;2.086414374113959E-7;-3.84256669267965E-8;-4.408369291912833E-8;2.1720685940233886E-7;1.7884909804699443E-8;-2.1037221332768876E-7;4.672490895536351E-9;4.691791683256902E-8;-4.27648551640263E-8;-2.3206811648914242E-7;-2.656980592436882E-8;-1.171618049111996E-8;4.579927745536937E-8;2.1443614075476428E-7;6.144760374386113E-8;-4.925799546371072E-8;-1.0455935084047461E-7;1.6502419137568423E-8;9.002196189426224E-8;-1.2140569713323616E-8;-2.0498361274418488E-7;1.5087843370068722E-7;-3.6906429331188546E-8;-2.0823965954861027E-7
1.1072759585115094E-7;1.9627039131443958E-7;-5.292508268349362E-8;-6.623023454607004E-8;2.1569992216993423E-7;3.441624985166279E-8;-2.1301340765311767E-7;7.77811833379687E-9;7.790996059166232E-8;-4.3652996421337725E-8;-2.0196058506190286E-7;-2.4145854376960995E-8;-1.94163632300157E-8;2.1041356561281625E-8;1.9717565592707379E-7;1.0048402867366514E-7;-3.968234002920282E-8;-1.5370734451867538E-7;2.5363975409146034E-8;8.896268837426148E-8;-2.0883511892669627E-8;-1.6961054378414846E-7;2.2422801437398568E-7;-5.472167151684708E-8;-2.0590619048953887E-7
1.3258429294449882E-7;1.8389934520198782E-7;-6.742449842081066E-8;-8.837677616796706E-8;2.1419298495420306E-7;5.0947589912099754E-8;-2.1698856443829105E-7;1.0867796975836226E-8;1.0851102999347999E-7;-4.498198968499882E-8;-1.5838968781487426E-7;-2.0660595845635153E-8;-2.697531062586489E-8;-1.4519592905500493E-8;1.7257202150333505E-7;1.3686006628518434E-7;-2.6084162888196564E-8;-1.7517110573589107E-7;3.145647413336314E-8;8.754646131584034E-8;-3.056170031579278E-8;-1.1972919567479816E-7;2.612541500294038E-7;-6.374881600625115E-8;-2.0327453914766335E-7
1.5444099003911632E-7;1.7152829907299248E-7;-8.192391414169843E-8;-1.1052331778616499E-7;2.1268604775623571E-7;6.747892998342662E-8;-2.2231629658007734E-7;1.3937916990535354E-8;1.3864129730060725E-7;-4.675121010591255E-8;-1.0313646020919527E-7;-1.627668208964564E-8;-3.4362589323996335E-8;-5.9179118796224134E-8;1.4205463742455948E-7;1.6996972561854548E-7;-9.271866505779581E-9;-1.6353084881461397E-7;3.423221826315752E-8;8.595530443983212E-8;-4.131368158221792E-8;-5.877829788946823E-8;2.5539550112299353E-7;-6.251078846566213E-8;-2.0120902599682786E-7
1.7629768713376515E-7;1.591572529270545E-7;-9.642332984901092E-8;-1.3266985940188744E-7;2.1117911057653535E-7;8.401027006327074E-8;-2.2902536993637067E-7;1.698772833803417E-8;1.6830519392893503E-7;-4.8966253664973056E-8;-3.836212633582408E-8;-1.1193477228389273E-8;-4.1578906029802194E-8;-1.1098221095217303E-7;1.0732710566324353E-7;1.9965868378649867E-7;9.81582862734031E-9;-1.1786740486180891E-7;3.360580659272096E-8;8.444563117309532E-8;-5.311686147696798E-8;9.310323618900482E-9;2.0635626782511217E-7;-5.113921858973425E-8;-2.0064541822597027E-7
1.9815438422683223E-7;1.467862067644481E-7;-1.1092274554620632E-7;-1.5481640101682168E-7;2.0967217341511377E-7;1.005416101489433E-7;-2.3715848138481727E-7;2.0020203401382575E-8;1.9762308224668215E-7;-5.164561341420629E-8;3.354569319891916E-8;-5.629943782505013E-9;-4.867229769282362E-8;-1.6797571182785785E-7;7.021932384410505E-8;2.2634545092615646E-7;3.0243614090507805E-8;-4.159213180542796E-8;2.995082918424259E-8;8.336466767612408E-8;-6.585599934090294E-8;8.065208972355526E-8;1.197458834335519E-7;-3.124271680716542E-8;-2.0256821588257943E-7
2.2001108131555487E-7;1.344151605861861E-7;-1.2542216123789886E-7;-1.76962942633748E-7;2.081652362715312E-7;1.170729502369852E-7;-2.4677685191470363E-7;2.304289269889523E-8;2.268676648548004E-7;-5.4829311132322075E-8;1.1017093623436522E-7;1.9466674170553772E-10;-5.575908970884567E-8;-2.28535749405035E-7;3.2504131492926724E-8;2.5116451950989326E-7;5.1244509046503094E-8;5.8505186920296764E-8;2.402860094493184E-8;8.318820808447721E-8;-7.946809833010009E-8;1.5214165826249224E-7;5.574496540557055E-9;-5.4626458773811336E-9;-2.0814878505513788E-7
2.4186777839549056E-7;1.2204411439420066E-7;-1.3992157693015062E-7;-1.9910948425696375E-7;2.0665829914480094E-7;1.3360429032294873E-7;-2.5796607992724087E-7;2.6069137099011254E-8;2.565107850460437E-7;-5.859267590225009E-8;1.8928346647909214E-7;6.079588479304808E-9;-6.305875815721127E-8;-2.917634034170234E-7;-4.304341247144664E-9;2.7618320636144014E-7;7.243087694469648E-8;1.7397928488078803E-7;1.687358865795873E-8;8.461264764410551E-8;-9.421457811284782E-8;2.224550397221359E-7;-1.2435184258737432E-7;2.3245334824440777E-8;-2.191752870716833E-7
2.6372447546329056E-7;1.0967306818912332E-7;-1.5442099262622517E-7;-2.2125602588926828E-7;2.0515136203505308E-7;1.5013563040450587E-7;-2.7084350285307627E-7;2.9118821697911503E-8;2.8728009372742325E-7;-6.305779179382932E-8;2.6906404983278953E-7;1.1863209448800356E-8;-7.093481051724615E-8;-3.5796118648470526E-7;-3.915236944039062E-8;3.0476169194983943E-7;9.406086766278871E-8;2.9705377466584086E-7;9.649040137000499E-9;8.869673928386513E-8;-1.1109447897175768E-7;2.934501474295019E-7;-2.598601499429537E-7;5.257873747845387E-8;-2.3906238003381157E-7
-1.5849045362292366E-7;3.4788000550006695E-7;1.0644189020665238E-7;2.0875370952987556E-7;2.3850740067672874E-7;-1.5148553254596468E-7;-2.62181986851333E-7;-5.806296636670775E-8;-2.7542317309936796E-7;-1.231794307089679E-7;2.7276234309040165E-7;2.4428758685892574E-8;1.3772886664451665E-7;-3.299709976222604E-7;-5.013620409162285E-8;-2.5399383795919907E-7;1.8117764297542724E-7;-2.856054683541756E-7;-1.4640475110478056E-8;1.6214617667222364E-7;2.0536089562746072E-7;2.408991392938103E-7;2.56878650272818E-7;-1.0447293621966639E-7;-1.4911410671344075E-7
-1.366337565784425E-7;3.3550895979837985E-7;9.194247426826521E-8;1.8660716780944226E-7;2.3700046303114728E-7;-1.349541925796372E-7;-2.494531450622951E-7;-5.198428651369052E-8;-2.4588631205660123E-7;-1.1438120742982207E-7;1.9274377707607757E-7;1.2860769658229093E-8;1.2241724060839176E-7;-2.672521205528213E-7;-1.618046376514366E-8;-2.3130029966738844E-7;1.3936481809241945E-7;-1.6377160659835042E-7;-2.9530889189213696E-8;1.5496406645603117E-7;1.7365679513061984E-7;1.8233898316310656E-7;1.2631789649178058E-7;-4.74471885328371E-8;-1.3605853267594593E-7
-1.1477705953401244E-7;3.231379140693623E-7;7.74430583308459E-8;1.6446062609345465E-7;2.354935254154952E-7;-1.1842285261945446E-7;-2.3838182215353463E-7;-4.5952489676117746E-8;-2.1743928738932993E-7;-1.0695337881697878E-7;1.13440190672395E-7;1.1047053640256515E-9;1.0822540860889501E-7;-2.071245160462429E-7;1.938223925945128E-8;-2.1150299043185718E-7;9.838967577800154E-8;-4.936187125769303E-8;-4.419465809532933E-8;1.526502740447957E-7;1.4588335543401788E-7;1.2428512272344448E-7;1.2607252674357052E-9;8.283862982723068E-9;-1.2875459909818313E-7
-9.292036249049013E-8;3.1076686831126093E-7;6.294364239488042E-8;1.4231408438109518E-7;2.339865878312744E-7;-1.0189151266471931E-7;-2.2885639826816008E-7;-3.992709749666419E-8;-1.8938535497638122E-7;-1.0065953716802437E-7;3.6660183601933417E-8;-1.052396041861295E-8;9.44501114761512E-8;-1.4938201269144186E-7;5.563221710728288E-8;-1.916760006682937E-7;5.7759174008058874E-8;4.9713491690097096E-8;-5.6381320017084333E-8;1.532606334655636E-7;1.2026292586039914E-7;6.522922014761988E-8;-1.0867687346367706E-7;5.8338668242249633E-8;-1.2523478636488135E-7
-7.106366544754443E-8;2.9839582252919734E-7;4.844422646463904E-8;1.2016754267202162E-7;2.3247965027330233E-7;-8.536017271046608E-8;-2.207956061016087E-7;-3.388185492176961E-8;-1.612716048318812E-7;-9.53595678566423E-8;-3.5372963883756755E-8;-2.1628058555758406E-8;8.067009583338676E-8;-9.493923819188656E-8;9.118233394321839E-8;-1.6998329422270752E-7;1.8230424827154597E-8;1.2493527367930813E-7;-6.405831355211206E-8;1.5552135199018454E-7;9.639091760313533E-8;6.278360714375767E-9;-1.922671071361093E-7;9.70240016837202E-8;-1.2444194726868758E-7
-4.920696840470371E-8;2.8602477672796185E-7;3.3944810544334834E-8;9.802100096614903E-8;2.3097271273681909E-7;-6.882883275202331E-8;-2.1414179608723782E-7;-2.78015779179892E-8;-1.3283512646172805E-7;-9.097614199593654E-8;-1.0024729512750151E-7;-3.177030383338258E-8;6.665630049514608E-8;-4.539009138733114E-8;1.2438528762711185E-7;-1.454024340581204E-7;-1.8710635159867358E-8;1.6947479335006166E-7;-6.571183569668432E-8;1.5853768085034886E-7;7.442865954561458E-8;-4.999919994588686E-8;-2.399727477925039E-7;1.1922296855799468E-7;-1.2560953463102345E-7
-2.735027136150354E-8;2.73653730910465E-7;1.9445394637389847E-8;7.587445926352714E-8;2.29465775218747E-7;-5.229749278577392E-8;-2.0885526450350558E-7;-2.1680390265294572E-8;-1.0395972210009196E-7;-8.747205374029587E-8;-1.5557821674499953E-7;-4.051577898681433E-8;5.2314509789151005E-8;-2.6375299505388603E-9;1.5352673575417112E-7;-1.1755643418990552E-7;-5.125212531059991E-8;1.7990707451871914E-7;-6.060907413312506E-8;1.616512762956979E-7;5.461432899794807E-8;-1.0038168977777371E-7;-2.4643427123834215E-7;1.2184209650469576E-7;-1.2798326768990474E-7
-5.493574317523086E-9;2.6128268507821716E-7;4.945978746527812E-9;5.372791756435931E-8;2.2795883771749067E-7;-3.5766152809062213E-8;-2.0490948347920058E-7;-1.5519885144262786E-8;-7.463958286485652E-8;-8.483565271411547E-8;-1.9920635067581004E-7;-4.746968856499905E-8;3.764334267594552E-8;3.1421674880328585E-8;1.7700348584635574E-7;-8.659322652036764E-8;-7.758056705890829E-8;1.57155240186691E-7;-4.8925186710424317E-8;1.6437597260614844E-7;3.6991183430574064E-8;-1.4160642460827157E-7;-2.1192730566132427E-7;1.0463968480505826E-7;-1.3075703023012282E-7
1.6363122727400977E-8;2.4891163923121865E-7;-9.553437126353508E-9;3.1581375868738915E-8;2.26451900232784E-7;-1.923481282020162E-8;-2.022872287119727E-7;-9.327277179860904E-9;-4.494832404264206E-8;-8.307211941625074E-8;-2.293524533668759E-7;-5.230226836308613E-8;2.2701505841323358E-8;5.514400101419083E-8;1.9346873535428192E-7;-5.308104455146873E-8;-9.61088689243561E-8;1.0664741180314148E-7;-3.1731600911992745E-8;1.6636945984270813E-7;2.1285751689058844E-8;-1.7083661489974115E-7;-1.4271160902301394E-7;7.042261460291538E-8;-1.3312180656547957E-7
3.821981977330624E-8;2.3654059336869878E-7;-2.405285297977934E-8;9.434834176744322E-9;2.2494496276501356E-7;-2.7034728180146806E-9;-2.009784960872636E-7;-3.1137715701773383E-9;-1.501358793889597E-8;-8.218830531270984E-8;-2.4475310568247457E-7;-5.477578988785021E-8;7.583539595474916E-9;6.732484864651394E-8;2.0195706192585134E-7;-1.7906317976488917E-8;-1.0566585525560912E-7;3.770379503419107E-8;-1.0879217321599149E-8;1.6739841691491263E-7;6.891308422949844E-9;-1.8599949452086265E-7;-5.02667559405696E-8;2.473268647625422E-8;-1.3444923805528825E-7
6.007651682032634E-8;2.2416954748990408E-7;-3.855226881305762E-8;-1.2711707511434641E-8;2.2343802531477968E-7;1.3827867197933902E-8;-2.0097862298046472E-7;3.1069260881052223E-9;1.5006907762981957E-8;-8.21904487973568E-8;-2.4475306592364455E-7;-5.477332533468249E-8;-7.594546573489544E-9;6.732755393377144E-8;2.0195940280944403E-7;1.785317427860199E-8;-1.0565660877102831E-7;-3.770744297371291E-8;1.1248867353621102E-8;1.6736843223756828E-7;-7.035213853650351E-9;-1.8597864553000263E-7;5.036591481952809E-8;-2.4989906883918774E-8;-1.3436783360138922E-7
8.19332138681348E-8;2.1179850159376048E-7;-5.3051684626714446E-8;-3.4858249195991496E-8;2.2193108788330425E-7;3.0359207226994186E-8;-2.0228782163021057E-7;9.320382718493263E-9;4.4943312972383706E-8;-8.307499358336417E-8;-2.2935220926738937E-7;-5.2297471985471744E-8;-2.2711604512992026E-8;5.51460885142381E-8;1.934747705296399E-7;5.303912432396942E-8;-9.608756466088375E-8;-1.0664708651860015E-7;3.2089824208476826E-8;1.6627418834990615E-7;-2.142252728121065E-8;-1.707614696694767E-7;1.4281386410496187E-7;-7.065311267303348E-8;-1.3291234374914812E-7
1.0378991091626116E-7;1.994274556792876E-7;-6.755110042190736E-8;-5.7004790877291485E-8;2.2042415047162064E-7;4.689054726799993E-8;-2.0491058032585774E-7;1.551294199384834E-8;7.46348744707008E-8;-8.483821989089932E-8;-1.9920721733746786E-7;-4.746862493833899E-8;-3.7651389171845335E-8;3.142160460647739E-8;1.7701079851055414E-7;8.655819786524981E-8;-7.756811641012501E-8;-1.5714532021048466E-7;4.927197857180728E-8;1.642341368773838E-7;-3.71045795250587E-8;-1.414706839235168E-7;2.1200557787793086E-7;-1.0484871793510086E-7;-1.3044692916964872E-7
1.256466079641568E-7;1.87056409746E-7;-8.205051620012296E-8;-7.915133255583332E-8;2.1891721308014383E-7;6.342188731961744E-8;-2.08856737434999E-7;2.1673398954089828E-8;1.039552334587278E-7;-8.747575677181991E-8;-1.5557940371932047E-7;-4.051781335226656E-8;-5.231985386789395E-8;-2.638177505911451E-9;1.5353374148286287E-7;1.1752961689582302E-7;-5.124816362093612E-8;-1.798950267036046E-7;6.094244727047531E-8;1.6148145428268366E-7;-5.4693423623451465E-8;-1.0020160902534223E-7;2.4649070447770233E-7;-1.2203218070112772E-7;-1.2761284245633043E-7
1.4750330501019797E-7;1.7468536379382657E-7;-9.654993196478653E-8;-1.0129787423315597E-7;2.174102757090477E-7;7.995322737902009E-8;-2.1414360847313839E-7;2.7794542302768282E-8;1.328311218967787E-7;-9.098113789946443E-8;-1.0024867369247312E-7;-3.1775148090660755E-8;-6.665856841149105E-8;-4.539061527255952E-8;1.2439192152919987E-7;1.4538701261465033E-7;-1.8716688234939564E-8;-1.6946094750420396E-7;6.603145210919968E-8;1.5835696648106726E-7;-7.4466753686724E-8;-4.97953073096931E-8;2.400052471366817E-7;-1.1940255832857648E-7;-1.2524284666108505E-7
1.6936000205254133E-7;1.6231431782346687E-7;-1.1104934771975615E-7;-1.2344441591108844E-7;2.1590333835780861E-7;9.64845674431701E-8;-2.207977293886091E-7;3.387479151592068E-8;1.612680649610774E-7;-9.536606105237941E-8;-3.5374907041483846E-8;-2.1635742784848427E-8;-8.066920967359948E-8;-9.493849961468655E-8;9.118897451799672E-8;1.6998091464228557E-7;1.8212007800319927E-8;-1.2492030462264788E-7;6.436567665552068E-8;1.5534748593110296E-7;-9.638470103936497E-8;6.483821604247739E-9;1.922750738124166E-7;-9.720611604070735E-8;-1.2414320850232872E-7
1.9121669908881244E-7;1.4994327183641196E-7;-1.2554876346960597E-7;-1.455909575920413E-7;2.143964010252493E-7;1.1301590750862487E-7;-2.2885872237993043E-7;3.992007854621305E-8;1.8938214772528377E-7;-1.0066883265528656E-7;3.665873451564687E-8;-1.053435281124562E-8;-9.444715499341751E-8;-1.4937936937770694E-7;5.563708598610756E-8;1.9168583464509444E-7;5.7729216800785434E-8;-4.969432896113716E-8;5.6678246771977754E-8;1.5311228233258438E-7;-1.20215903809076E-7;6.541925716736559E-8;1.0865455824242315E-7;-5.853075945162494E-8;-1.2504801472276307E-7
2.1307339611554008E-7;1.3757222583497697E-7;-1.4004817921987556E-7;-1.6773749927943548E-7;2.1288946370965898E-7;1.2954724757133874E-7;-2.3838430090410267E-7;4.594556279312553E-8;2.1743608446204192E-7;-1.0696519567220214E-7;1.1344025123354756E-7;1.0917839753030322E-9;-1.0822030403596564E-7;-2.071201483058551E-7;1.9384771183491015E-8;2.1152435292096875E-7;9.834757865412009E-8;4.939159383676729E-8;4.44847470179403E-8;1.525365863289045E-7;-1.4579619882910718E-7;1.2444690156391313E-7;-1.3215138315810395E-9;-8.49469182690901E-9;-1.2871827343522738E-7
2.3493009312769373E-7;1.2520117982241404E-7;-1.5454759497740585E-7;-1.8988404097807323E-7;2.1138252640867758E-7;1.460785876263961E-7;-2.4945574995305293E-7;5.197748901973872E-8;2.4588280870046607E-7;-1.1439571414319561E-7;1.9274440835580995E-7;1.2845325736967089E-8;-1.224099257871618E-7;-2.672441506535842E-7;-1.617922235043624E-8;2.313322029078793E-7;1.393085541410714E-7;1.638092868216408E-7;2.981979346695499E-8;1.5489034542511664E-7;-1.7353000908418433E-7;1.8246185944004458E-7;-1.264105529871237E-7;4.7206324701959626E-8;-1.3619119752740507E-7
2.5678679012238537E-7;1.128301338002836E-7;-1.6904701074521157E-7;-2.1203058269064644E-7;2.098755891216202E-7;1.6260992767201106E-7;-2.6218484761532903E-7;5.8055718079356045E-8;2.754200341349531E-7;-1.2319533556547883E-7;2.727631252741521E-7;2.4409761606412934E-8;-1.3771778704470053E-7;-3.299615021629969E-7;-5.0135898131640024E-8;2.5404040263976625E-7;1.8110303934883595E-7;2.8565134655637823E-7;1.4939688353688454E-8;1.6211026848238604E-7;-2.0519141811939055E-7;2.409902368221959E-7;-2.570035756497713E-7;1.0418594967268631E-7;-1.4942889292937152E-7
-1.6542813820034334E-7;3.5103706731736593E-7;9.181587264850925E-8;2.1797915371831003E-7;2.4323163144950294E-7;-1.390112353562197E-7;-2.478841760858933E-7;-8.662982514369352E-8;-2.559872622356939E-7;-1.7764313652934958E-7;2.7870304370471627E-7;3.829408315803567E-8;1.9644715391898838E-7;-2.855855665157115E-7;-6.656132924242696E-8;-1.7525685931917857E-7;2.5475850082980906E-7;-2.683285640807819E-7;-1.15383409321755E-8;2.075743136926223E-7;2.6815091708210044E-7;1.603086613193766E-7;2.5064613293312483E-7;-1.5311706229819535E-7;-2.3766423461875117E-8
-1.435714411776461E-7;3.3866602188992587E-7;7.731645672434943E-8;1.9583261196169894E-7;2.41724693544678E-7;-1.2247989533794718E-7;-2.3539868345866833E-7;-7.756563138950832E-8;-2.284693681854087E-7;-1.6474841498739568E-7;1.9829710041282915E-7;2.095556418905981E-8;1.7455869074367024E-7;-2.2849074013266798E-7;-3.414716770223336E-8;-1.6172513484992057E-7;1.9560257602547794E-7;-1.483547417297381E-7;-3.496083434132815E-8;1.9895557480968193E-7;2.2551328768191809E-7;1.2098322409493393E-7;1.2830134483968346E-7;-7.177234277114201E-8;-2.0036196411370714E-8
-1.21714744155408E-7;3.2629497642104646E-7;6.28170407945001E-8;1.7368607020835682E-7;2.40217755680489E-7;-1.0594855533261599E-7;-2.245203419304251E-7;-6.856844767416736E-8;-2.019830001971935E-7;-1.5383353508405826E-7;1.1868110313701764E-7;3.3597565154378125E-9;1.542739557206245E-7;-1.733912585942382E-7;-6.775508817867616E-10;-1.5005374766750194E-7;1.3757103120333726E-7;-3.553456919233966E-8;-5.787973996044743E-8;1.9661807925480576E-7;1.8800981952469398E-7;8.190273681935498E-8;1.1299672318631689E-8;7.63868124955743E-9;-1.7699433641623064E-8
-9.985804713520068E-8;3.1392393090718945E-7;4.8317624857885433E-8;1.5153952845740004E-7;2.387108178608007E-7;-8.941721534155253E-8;-2.1514656876526958E-7;-5.957972510786244E-8;-1.7587869713755256E-7;-1.4456596360668997E-7;4.164650684480319E-8;-1.4026222405122155E-8;1.3459441388657293E-7;-1.2022032946033337E-7;3.314306890129354E-8;-1.379797112111818E-7;7.99906692535809E-8;6.20171601724709E-8;-7.704130734301314E-8;1.9804583799016626E-7;1.5348606112833201E-7;4.205136747409909E-8;-9.165695773609994E-8;7.897803154859228E-8;-1.6840616200038727E-8
-7.800135011672648E-8;3.0155288535759945E-7;3.381820892041613E-8;1.2939298670859785E-7;2.3720388007720197E-7;-7.288587535812655E-8;-2.0720373324743827E-7;-5.056039607501224E-8;-1.497356084189501E-7;-1.367463593393102E-7;-3.059145860299226E-8;-3.061442485154425E-8;1.1492144260954453E-7;-6.992336666743222E-8;6.613011700540669E-8;-1.2403188388514327E-7;2.395902794379312E-8;1.3565369970060954E-7;-8.94771696995242E-8;2.015685032826603E-7;1.2157871332325673E-7;2.1916447648114422E-9;-1.70243365945716E-7;1.3421518142296816E-7;-1.748499680602203E-8
-5.614465309971797E-8;2.8918183977919995E-7;1.9318792987034185E-8;1.0724644496180107E-7;2.3569694232333712E-7;-5.635453537694751E-8;-2.0064025319019875E-7;-4.148800783165756E-8;-1.2330857269199338E-7;-1.3026710620426517E-7;-9.56297633418498E-8;-4.575966416370197E-8;9.49308241396914E-8;-2.4046418438356782E-8;9.683324228266851E-8;-1.0736365638973226E-7;-2.8414329604857183E-8;1.7849611059314693E-7;-9.297375665467691E-8;2.0600808428505434E-7;9.262414953710414E-8;-3.592151363641382E-8;-2.15669209950945E-7;1.6616575572920534E-7;-1.9441479669742E-8
-3.428795608392699E-8;2.768107941765112E-7;4.819377061841791E-9;8.50999032169252E-8;2.34190004594896E-7;-3.982319539371581E-8;-1.9542077139309518E-7;-3.23539118592459E-8;-9.64878732813028E-8;-1.2508331488965695E-7;-1.5108786273236897E-7;-5.8815945075176954E-8;7.448955983547978E-8;1.559897218432008E-8;1.2371826261595333E-7;-8.765550900969141E-8;-7.455491848754595E-8;1.8710013336221485E-7;-8.643774967721086E-8;2.104998131631315E-7;6.70102428185443E-8;-7.008518827727157E-8;-2.2298905182363442E-7;1.704400234214008E-7;-2.2231794724495514E-8
-1.2431259069195483E-8;2.64439748552142E-7;-9.680038851868285E-9;6.295336147397519E-8;2.3268306688942247E-7;-2.3291855405179763E-8;-1.9152208821832667E-7;-2.3160523965536954E-8;-6.926610110477099E-8;-1.2118529133276995E-7;-1.9480905040421225E-7;-6.919323269288123E-8;5.359314632296612E-8;4.721949598896981E-8;1.4534268328506904E-7;-6.505031880995162E-8;-1.1188051295824947E-7;1.623943417401841E-7;-7.011743490465071E-8;2.1440079405296426E-7;4.479063759445716E-8;-9.80663868883512E-8;-1.9245945000609467E-7;1.466696056931517E-7;-2.5188030689364355E-8
9.425437944373938E-9;2.5206870290681744E-7;-2.4179454751781125E-8;4.0806819732874923E-8;2.3117612920609103E-7;-6.760515409238681E-9;-1.8892989389282778E-7;-1.3918732784679194E-8;-4.170908891979147E-8;-1.1857641689100374E-7;-2.2501611515481857E-7;-7.640601337470736E-8;3.231979421268548E-8;6.925548132716139E-8;1.604924040545636E-7;-4.0078605540529934E-8;-1.3815518675019609E-7;1.098316535612981E-7;-4.561985417067546E-8;2.172407120624658E-7;2.551129781568395E-8;-1.1790380867819305E-7;-1.298512676261772E-7;9.886306972469511E-8;-2.7624006723916396E-8
3.128213495668708E-8;2.396976572403461E-7;-3.86788706359517E-8;1.866027799363116E-8;2.2966919154484367E-7;9.770824595735486E-9;-1.8763590400403836E-7;-4.645281401988212E-9;-1.3930000211061062E-8;-1.1726764035452727E-7;-2.4044676844538563E-7;-8.010196014441864E-8;1.0797281719686695E-8;8.057230160649167E-8;1.6829863971327568E-7;-1.3557001166751703E-8;-1.5172373517420364E-7;3.878121762331707E-8;-1.5685914060139258E-8;2.1870972307407992E-7;8.223487109992674E-9;-1.2819233960691054E-7;-4.578705576966713E-8;3.4833251474915765E-8;-2.896857789048911E-8
5.3138831967737716E-8;2.2732661155255024E-7;-5.317828650306498E-8;-3.4862637436474856E-9;2.28162253906061E-7;2.630216461080724E-8;-1.8763598616501727E-7;4.639109123007698E-9;1.392641388827938E-8;-1.1727091333306846E-7;-2.404467863364705E-7;-8.00998219329009E-8;-1.0810249678886566E-8;8.057569537830379E-8;1.6829864747691622E-7;1.350783415402332E-8;-1.5171258102935453E-7;-3.8776920711693703E-8;1.6155956335322412E-8;2.1866841611650558E-7;-8.34973504113765E-9;-1.281675633014383E-7;4.585926263891918E-8;-3.493409107254849E-8;-2.884093868654467E-8
7.499552897709365E-8;2.149555658427781E-7;-6.767770235345274E-8;-2.5632805479225185E-8;2.2665531629071716E-7;4.283350463554327E-8;-1.8893099099950208E-7;1.3912221923255996E-8;4.1702714451078464E-8;-1.185771839895025E-7;-2.2501650367067754E-7;-7.640102107271704E-8;-3.2325168732990344E-8;6.92539971499799E-8;1.605032224433197E-7;4.002987846953866E-8;-1.3812896814902745E-7;-1.0983181183867062E-7;4.607216399817166E-8;2.1710630704242054E-7;-2.5611153285782702E-8;-1.178481260251829E-7;1.299230723780239E-7;-9.89164733288209E-8;-2.736111538158019E-8
9.685222598384251E-8;2.0258452011037217E-7;-8.217711818843332E-8;-4.777934721379539E-8;2.2514837869952128E-7;5.9364844668705366E-8;-1.9152365100077728E-7;2.3154009854818387E-8;6.925984117641749E-8;-1.2118780777120587E-7;-1.9480989741673032E-7;-6.919344331662074E-8;-5.359777162628339E-8;4.721604362687034E-8;1.453501699744093E-7;6.500819063237895E-8;-1.1186292448127258E-7;-1.623886478092533E-7;7.055906060292275E-8;2.1420671205707064E-7;-4.4874465441221674E-8;-9.794064972606898E-8;1.9251593005501433E-7;-1.467059222660224E-7;-2.4753803094426298E-8
1.187089229873338E-7;1.9021347435535873E-7;-9.667653400893017E-8;-6.992588894785318E-8;2.2364144113230956E-7;7.589618470948885E-8;-1.95422834776535E-7;3.234741487065622E-8;9.648200546344547E-8;-1.2508706290835223E-7;-1.5108906968667198E-7;-5.8819964913786795E-8;-7.449343505187479E-8;1.5593800218411816E-8;1.2372383716260647E-7;8.762350961966229E-8;-7.454309934193105E-8;-1.870896450668429E-7;8.686691675098449E-8;2.1026439606952604E-7;-6.707162225394332E-8;-6.991018679726301E-8;2.2302793047344289E-7;-1.704617314268353E-7;-2.1712806741823463E-8
1.4056561998615942E-7;1.778424285787146E-7;-1.1117594981797125E-7;-9.207243068285355E-8;2.2213450358851523E-7;9.242752475561013E-8;-2.0064268725663545E-7;4.148155035153196E-8;1.233029439218971E-7;-1.3027339795383507E-7;-9.563202856342271E-8;-4.576743349340907E-8;-9.493421085248574E-8;-2.405004816733198E-8;9.683658354824265E-8;1.07342463419987E-7;-2.841099096292617E-8;-1.7848302253066963E-7;9.338949873986884E-8;2.057606584868754E-7;-9.265937515147729E-8;-3.5717514904369626E-8;2.1569108050414058E-7;-1.6618003427748915E-7;-1.891637377375486E-8
1.624223169778991E-7;1.6547138278213492E-7;-1.2567536562058154E-7;-1.1421897242123264E-7;2.206275660666644E-7;1.089588648032073E-7;-2.0720650404032497E-7;5.0553942743162414E-8;1.497300351277689E-7;-1.367550269568104E-7;-3.059389850605425E-8;-3.062526792937117E-8;-1.1492345886947048E-7;-6.992531300000677E-8;6.613139130392945E-8;1.2402384206063007E-7;2.3952417475379185E-8;-1.3563838870703036E-7;8.987856117389114E-8;2.0133350575766597E-7;-1.2158358538392503E-7;2.405564415545378E-9;1.7024967604413084E-7;-1.3422800937734003E-7;-1.7048584150113375E-8
1.842790139597215E-7;1.531003369681991E-7;-1.401747814221801E-7;-1.3636551416591692E-7;2.191206285645533E-7;1.2549020484833232E-7;-2.151495985178349E-7;5.9573277901269095E-8;1.7587294890993134E-7;-1.4457711579429435E-7;4.164526405294255E-8;-1.4039871238974523E-8;-1.345950549492292E-7;-1.2022070236197866E-7;3.314117806666236E-8;1.3798488998539895E-7;7.99731641703668E-8;-6.199382482032125E-8;7.742956501240319E-8;1.978458584404964E-7;-1.5346065290709834E-7;4.2260408779080245E-8;9.164069635701039E-8;-7.899561710477905E-8;-1.6567631443759394E-8
2.0613571092790754E-7;1.4072929114042206E-7;-1.5467419722897058E-7;-1.5851205592071176E-7;2.1761369107931923E-7;1.4202154488664213E-7;-2.2452369304666961E-7;6.856193765423034E-8;2.0197702561262954E-7;-1.5384623989711828E-7;1.1867991529204296E-7;3.343016287356035E-9;-1.5427213413053053E-7;-1.733897649570349E-7;-6.807546182262244E-10;1.5007480269883317E-7;1.3753774234339887E-7;3.556570270455574E-8;5.8260232673721326E-8;1.9646855339453575E-7;-1.879517610714054E-7;8.209615979403623E-8;-1.1335031563345154E-8;-7.676070554486226E-9;-1.765370769103351E-8
2.2799240787755145E-7;1.2835824530318094E-7;-1.6917361304800986E-7;-1.8065859769053948E-7;2.161067536075373E-7;1.5855288491333427E-7;-2.3540243525821068E-7;7.755898230350415E-8;2.2846364677461794E-7;-1.6476230156648156E-7;1.98296333274153E-7;2.0935649701626904E-8;-1.7455497934208897E-7;-2.2848941966472317E-7;-3.4152303856295915E-8;1.6176399761256643E-7;1.9555580834934585E-7;1.4839670606862793E-7;3.534285909952807E-8;1.98865900711663E-7;-2.2542682934546394E-7;1.2115936962735725E-7;-1.2836106071889783E-7;7.17118390804057E-8;-2.024743495517178E-8
2.498491048065236E-7;1.1598719945875413E-7;-1.8367302888156685E-7;-2.0280513947756964E-7;2.145998161477541E-7;1.750842249274456E-7;-2.478883542183269E-7;8.662267610875217E-8;2.559818987501398E-7;-1.7765806111753114E-7;2.787025754792269E-7;3.827022387592111E-8;-1.9644098596049953E-7;-2.855848249517551E-7;-6.656846074642909E-8;1.753144304077073E-7;2.5469557076369665E-7;2.6838245155121825E-7;1.1934948661967449E-8;2.0754636563763677E-7;-2.6803598792177425E-7;1.6047165472647477E-7;-2.50730580119478E-7;1.5302736830706762E-7;-2.4242001428654873E-8
-1.7236582278463959E-7;3.5419412925930624E-7;7.718985510631458E-8;2.2720459788879895E-7;2.4795586210074496E-7;-1.2653693812614957E-7;-2.2814931658815715E-7;-1.1465077575776527E-7;-2.2945280914327928E-7;-2.239101454046083E-7;2.8655467160185596E-7;5.4001076164773E-8;2.436347401939358E-7;-2.2807306649963568E-7;-8.581246198156855E-8;-7.666600746731733E-8;3.095521254154732E-7;-2.475715945125925E-7;2.430093281819458E-9;2.169128524829364E-7;2.905827364181219E-7;6.127518212975748E-8;2.390152329608361E-7;-1.966363483973521E-7;1.0659769565113697E-7
-1.5050912578344705E-7;3.4182308408908504E-7;6.269043918832748E-8;2.050580560967203E-7;2.4644892395131874E-7;-1.1000559806578112E-7;-2.1599458416491877E-7;-1.0266220098350919E-7;-2.0468642195597616E-7;-2.072689167505212E-7;2.056276522745377E-7;3.090469813639344E-8;2.1639513044342696E-7;-1.784661632178827E-7;-5.567581995324884E-8;-7.465596420609049E-8;2.3703769189273072E-7;-1.2979872562243146E-7;-3.0674511202138267E-8;2.0901599354050813E-7;2.4202270863071224E-7;4.5697883218955266E-8;1.2821605797710927E-7;-9.57940446101053E-8;1.009268578853965E-7
-1.2865242878312412E-7;3.294520388671401E-7;4.8191023259535344E-8;1.829115143072217E-7;2.4494198585069623E-7;-9.347425802371804E-8;-2.0537829185650235E-7;-9.076040401751661E-8;-1.8087151520525805E-7;-1.9313248856530154E-7;1.2559000543851898E-7;7.51785325335783E-9;1.9115984610428458E-7;-1.3009210757339772E-7;-2.5168439082807805E-8;-7.320299501713278E-8;1.6580442745903932E-7;-1.885838858744505E-8;-6.281061926492254E-8;2.0776756713772343E-7;1.990293189091667E-7;3.0050905637759675E-8;2.2466509821775812E-8;2.484204332081242E-9;9.83698972460594E-8
-1.0679573178568092E-7;3.1708099358857125E-7;3.36916073174438E-8;1.6076497251902492E-7;2.4343504780387725E-7;-7.694291800275369E-8;-1.9621043308468857E-7;-7.886756782688631E-8;-1.574259146262757E-7;-1.810920100641563E-7;4.821314515871033E-8;-1.555775770642504E-8;1.6669796006046726E-7;-8.306573450163943E-8;5.268274806117042E-9;-7.087068953782938E-8;9.506412690212965E-8;7.687901581351131E-8;-8.988191135423262E-8;2.104899025195755E-7;1.5958536551385226E-7;1.3940470261811583E-8;-7.068830890396359E-8;9.082185420485996E-8;9.670954297283996E-8
-8.493903479097242E-8;3.047099482650828E-7;1.9192191368719168E-8;1.386184307318553E-7;2.4192810980053075E-7;-6.041157799550358E-8;-1.8842758305487997E-7;-6.693217024834978E-8;-1.3397163101431532E-7;-1.7090637523262502E-7;-2.4303080252711474E-8;-3.755469463993518E-8;1.422697051706689E-7;-3.835433566517112E-8;3.471524526969724E-8;-6.663957970622301E-8;2.618396358864183E-8;1.486284086410447E-7;-1.0806020469862345E-7;2.1537423018177213E-7;1.2360310768485434E-7;-2.3054528401972677E-9;-1.4216715047012358E-7;1.594376057453445E-7;9.478064386101678E-8
-6.308233779894204E-8;2.92338902905141E-7;4.692775418789449E-9;1.1647188894542859E-7;2.404211718330745E-7;-4.38802379961082E-8;-1.819861663935843E-7;-5.4924665375380054E-8;-1.1028783413701681E-7;-1.6245055660421301E-7;-8.95624187210881E-8;-5.7624003820864465E-8;1.174751154858646E-7;2.568891849762345E-9;6.19783934700449E-8;-5.988043664597115E-8;-3.82156669618593E-8;1.8943446703852287E-7;-1.1445159387035639E-7;2.2112200430851336E-7;9.169767560108554E-8;-1.794686526881275E-8;-1.8418639615047105E-7;1.9950904616726018E-7;9.217590297069456E-8
-4.122564080957964E-8;2.7996785751430204E-7;-9.806640527814202E-9;9.432534715951418E-8;2.38914233896408E-7;-2.7348897999877663E-8;-1.7685744804760454E-7;-4.283377654643703E-8;-8.627368060712533E-8;-1.556735979995885E-7;-1.4519350062960262E-7;-7.491733670423398E-8;9.214686364976325E-8;3.8015983293481536E-8;8.577220012945164E-8;-5.0353426937538243E-8;-9.496263307369074E-8;1.9583552599147936E-7;-1.0763201187489351E-7;2.2676922484159386E-7;6.441582695813006E-8;-3.205158424759356E-8;-1.9235817367884847E-7;2.0567474132072678E-7;8.903504367597054E-8
-1.9368943823019538E-8;2.6759681209587583E-7;-2.4306056467281687E-8;7.217880537396767E-8;2.374072959876804E-7;-1.081755800309976E-8;-1.730232067505208E-7;-3.066304643278255E-8;-6.19192356879801E-8;-1.5056796429706118E-7;-1.8904243936160338E-7;-8.865923429595281E-8;6.6277137863855E-8;6.632711278167105E-8;1.0486991286256217E-7;-3.819470884001695E-8;-1.408730611729383E-7;1.6876644470996582E-7;-8.7933216123491E-8;2.3159326812974408E-7;4.1807506286189954E-8;-4.365458141416452E-8;-1.6689210700841533E-7;1.774857132309124E-7;8.58531087655234E-8
2.487753160328647E-9;2.5522576665097996E-7;-3.880547239679047E-8;5.003226358854864E-8;2.3590035810604314E-7;5.713781996771289E-9;-1.7047222871755708E-7;-1.842722584877411E-8;-3.7278616777934794E-8;-1.4714816608988534E-7;-2.1933387320866616E-7;-9.820629751816168E-8;3.9959236983725566E-8;8.607597778499253E-8;1.1823223184559091E-7;-2.3876673981338284E-8;-1.731823297705483E-7;1.1371089684412131E-7;-5.745570032996885E-8;2.3507221669635052E-7;2.3233309815907232E-8;-5.190783237555142E-8;-1.1291911004692529E-7;1.198251261268566E-7;8.328244492657179E-8
2.4344450140314956E-8;2.4285472117993416E-7;-5.330488831372686E-8;2.7885721803292877E-8;2.3439342025121463E-7;2.2245122001969915E-8;-1.6919832627431818E-7;-6.1492519630749845E-9;-1.2451063728611849E-8;-1.4543278791817278E-7;-2.3480647285063536E-7;-1.0309784336927391E-7;1.3352807662373935E-8;9.622347411980042E-8;1.2511137626418958E-7;-8.146416877676476E-9;-1.8986255922954767E-7;4.0080436908125105E-8;-1.9825841435258118E-8;2.368663141562923E-7;7.403321649218964E-9;-5.619506437023045E-8;-3.987992658675015E-8;4.231958413772313E-8;8.189346522927059E-8
4.6201147116691324E-8;2.304836756825235E-7;-6.780430421650813E-8;5.7391800181841195E-9;2.328864824236671E-7;3.8776462013743504E-8;-1.6919870905191198E-7;6.143245439582843E-9;1.2441052926760266E-8;-1.454339475076929E-7;-2.3480668474399257E-7;-1.0309557952272613E-7;-1.3351397798597076E-8;9.622502538579358E-8;1.2511598784330328E-7;8.078793862574125E-9;-1.8985316882030284E-7;-4.008182059794223E-8;2.03115893246264E-8;2.3681262190591915E-7;-7.446946720302282E-9;-5.6187877272648647E-8;3.989278155258174E-8;-4.219411125129845E-8;8.20178122085173E-8
6.805784408855996E-8;2.181126301579201E-7;-8.23037201050697E-8;-1.6407361767311158E-8;2.3137954462483078E-7;5.5307802032008704E-8;-1.7047325732111572E-7;1.8421303438289083E-8;3.727032591122275E-8;-1.471517833917264E-7;-2.1933360362368398E-7;-9.820378618308661E-8;-3.996021009183807E-8;8.607672210675974E-8;1.18237869725912E-7;2.381856461846434E-8;-1.7316117875022024E-7;-1.1371850000265133E-7;5.793637876770281E-8;2.3491925683484318E-7;-2.328290454562569E-8;-5.185566656495374E-8;1.129529261208717E-7;-1.1969900679108546E-7;8.365736764766764E-8
8.991454105524813E-8;2.0574158460595902E-7;-9.680313598036571E-8;-3.85539035536758E-8;2.2987260685476332E-7;7.183914205586432E-8;-1.730249279217994E-7;3.0657217152379084E-8;6.191176341954698E-8;-1.505724135137594E-7;-1.8904212900255343E-7;-8.866097262172177E-8;-6.627979698457012E-8;6.632292084339107E-8;1.0487221178971726E-7;3.814497859463708E-8;-1.4085008967925806E-7;-1.6877176499748396E-7;8.840567766414213E-8;2.3135875666720792E-7;-4.1853166928793396E-8;-4.354300898909439E-8;1.6692289882358E-7;-1.7734916090106516E-7;8.641656900127899E-8
1.1177123801619003E-7;1.9337053902750103E-7;-1.1130255184334065E-7;-6.070044534144796E-8;2.2836566911294616E-7;8.837048208472781E-8;-1.7685978671410156E-7;4.282791746491771E-8;8.626604212914513E-8;-1.5567930025737496E-7;-1.4519440571983817E-7;-7.492253137449117E-8;-9.2148878407637E-8;3.801111856969086E-8;8.57736774201448E-8;5.031356988259259E-8;-9.494310191073766E-8;-1.9583146920349224E-7;1.080872059732957E-7;2.2648241990667925E-7;-6.444977782295724E-8;-3.190105078561162E-8;1.9237903210044896E-7;-2.055133633899669E-7;8.969256653197581E-8
1.336279349697418E-7;1.809994934241567E-7;-1.258019676970333E-7;-8.28469871322614E-8;2.2685873139800348E-7;1.049018221163856E-7;-1.819889831198218E-7;5.4918777555855666E-8;1.1027993122178676E-7;-1.6245807763644573E-7;-8.956471745039861E-8;-5.763303574329037E-8;-1.174764030278336E-7;2.5655641258689256E-9;6.197794552389133E-8;5.985287841514754E-8;-3.820525437185487E-8;-1.8942562381559953E-7;1.1489038544396091E-7;2.2081723568235732E-7;-9.171582741000179E-8;-1.7767894123891843E-8;1.842021286195044E-7;-1.9933709298096484E-7;9.282479737669492E-8
1.554846319131109E-7;1.6862844779848126E-7;-1.4030138354702782E-7;-1.0499352892896453E-7;2.253517937076941E-7;1.2143316214666492E-7;-1.884308542217732E-7;6.692628662633525E-8;1.3396375879437856E-7;-1.7091551794228566E-7;-2.430484903907302E-8;-3.756713292509864E-8;-1.422708595328576E-7;-3.8358032082858055E-8;3.4711045396616544E-8;6.662732676322634E-8;2.6186440095952668E-8;-1.4861295633513182E-7;1.0848504627051243E-7;2.15085477113606E-7;-1.2360603285252864E-7;-2.1078294769007274E-9;1.421730459590008E-7;-1.5926449912992408E-7;9.530986778656852E-8
1.7734132884327522E-7;1.5625740215412354E-7;-1.5480079939927457E-7;-1.2714007073474928E-7;2.2384485603873006E-7;1.379645021713457E-7;-1.9621423796988983E-7;7.886166179634287E-8;1.5741819099442228E-7;-1.8110223664762928E-7;4.821153898625066E-8;-1.5573639055417278E-8;-1.6669882862883103E-7;-8.307041435292621E-8;5.261399559687813E-9;7.087673876183883E-8;9.505686116664778E-8;-7.685502611490685E-8;9.029597437434337E-8;2.1024940012229548E-7;-1.5957405434445808E-7;1.4143860929509277E-8;7.068316718366727E-8;-9.065705592158045E-8;9.701908014555103E-8
1.9919802575654724E-7;1.4388635649578216E-7;-1.693002152604161E-7;-1.4928661255361759E-7;2.223379183871718E-7;1.544958421860151E-7;-2.0538264033626075E-7;9.075439780220953E-8;1.8086390111607174E-7;-1.9314370009239596E-7;1.2558839929958083E-7;7.498651360926727E-9;-1.9116003649851584E-7;-1.3009757602939144E-7;-2.5177385483687207E-8;7.322889257985053E-8;1.657856816433088E-7;1.8892128258027745E-8;6.321746378053638E-8;2.0759920909321348E-7;-1.9900481337531446E-7;3.0250733423134774E-8;-2.2480737207069387E-8;-2.3322805406576467E-9;9.839198521471789E-8
2.210547226483761E-7;1.3151531082892217E-7;-1.837996311374545E-7;-1.7143315439036056E-7;2.2083098074851556E-7;1.7102718218616888E-7;-2.1599947473077632E-7;1.0265597649738814E-7;2.0467889191795116E-7;-2.0728114805725304E-7;2.05626092324464E-7;3.0881913338885203E-8;-2.163945839675839E-7;-1.7847255935954537E-7;-5.5687082915926737E-8;7.470199756357049E-8;2.3700635025944828E-7;1.2984354941075535E-7;3.108236707671002E-8;2.0893366144701293E-7;-2.419863383741161E-7;4.589134052916251E-8;-1.2824014215600476E-7;9.593097879811904E-8;1.0062923596270701E-7
2.429114195173754E-7;1.191442651566987E-7;-1.9829904703192415E-7;-1.9357969624657984E-7;2.1932404312031765E-7;1.8755852217162378E-7;-2.2815476105615958E-7;1.1464414191933713E-7;2.2944535372533598E-7;-2.239233812818364E-7;2.8655318047097856E-7;5.397420158871217E-8;-2.436332886273076E-7;-2.28080758675763E-7;-8.582635242103482E-8;7.673245639706046E-8;3.095069372518576E-7;2.4762894237054073E-7;-2.0076144728290252E-9;2.1691940526110015E-7;-2.905349039030649E-7;6.14662766704579E-8;-2.3905030820138004E-7;1.9676071439188106E-7;1.0597210365898296E-7
-1.7930350737940513E-7;3.5735119134442693E-7;6.256383758370812E-8;2.364300420423656E-7;2.5268009262089095E-7;-1.1406264085377071E-7;-2.032491981707557E-7;-1.4195421776204968E-7;-1.9646669324620885E-7;-2.5985127035996194E-7;2.9588556665426555E-7;7.190623448838801E-8;2.7649245261862475E-7;-1.6155639879989073E-7;-1.0467174986649356E-7;3.165654639181386E-8;3.417764398841389E-7;-2.2618214837243233E-7;2.8262667328392678E-8;1.881898939842064E-7;2.702841142832428E-7;-4.455010637824508E-8;2.198623788385743E-7;-2.3193701807770474E-7;2.1042281714556733E-7
-1.5744681039869202E-7;3.449801464093543E-7;4.8064421662728085E-8;2.142835002150919E-7;2.5117315424426794E-7;-9.753130076179141E-8;-1.915037988817504E-7;-1.27123895587322E-7;-1.7510706964114753E-7;-2.398930332220099E-7;2.143240828377416E-7;4.3088277874079464E-8;2.454047253321839E-7;-1.2095510912581103E-7;-7.761371876340108E-8;2.088999049501922E-8;2.607420008245418E-7;-1.1063811898247749E-7;-1.573816750429433E-8;1.8321205294468983E-7;2.2114500544611092E-7;-3.4569567589742046E-8;1.238728920910182E-7;-1.1771824435325362E-7;1.9765572542884626E-7
-1.3559011341926627E-7;3.326091014178279E-7;3.356500572798166E-8;1.9213695839020473E-7;2.4966621592057554E-7;-8.099996069129059E-8;-1.8121129089294437E-7;-1.1239690064770532E-7;-1.546040869908984E-7;-2.2286414162243688E-7;1.3377163987379244E-7;1.3982680716731383E-8;2.1662776125540394E-7;-8.072488610343838E-8;-5.094840317385847E-8;1.1021446799505207E-8;1.8101055069663331E-7;-1.5949215397088479E-9;-5.811590046802787E-8;1.8414656820513598E-7;1.7720281894712363E-7;-2.497185584587378E-8;3.249571135020912E-8;-6.647284502050395E-9;1.916376372586228E-7
-1.1373341644350795E-7;3.2023805636331E-7;1.9065589775436804E-8;1.6999041656597765E-7;2.4815927765603506E-7;-6.446862064664976E-8;-1.7229775738713984E-7;-9.767747388164264E-8;-1.3445862086678604E-7;-2.0830238886671636E-7;5.597410825545723E-8;-1.4685501923229673E-8;1.8877008282182564E-7;-4.11794014356348E-8;-2.4813916141062577E-8;2.5756531595439847E-9;1.0175121157712323E-7;9.230973154491936E-8;-9.408158994230937E-8;1.885756802029241E-7;1.3710314349095464E-7;-1.549840077530516E-8;-4.8112612716524636E-8;9.322785999400175E-8;1.883550673147979E-7
-9.187671947141974E-8;3.0786701125771536E-7;4.5661738114527045E-9;1.4784387474178688E-7;2.466523394397852E-7;-4.7937280620706416E-8;-1.6471249858331494E-7;-8.290202993710168E-8;-1.1434582329978787E-7;-1.9594254626748942E-7;-1.6885465568539087E-8;-4.19817260505833E-8;1.6099755797992525E-7;-3.296258521535407E-9;1.775142240561822E-10;-3.914737587213913E-9;2.453164679284175E-8;1.6213990128453317E-7;-1.1904120004983365E-7;1.9481981851120066E-7;1.0128079390744775E-7;-6.304490786331368E-9;-1.1036606232805165E-7;1.7106746391239919E-7;1.8569745972972282E-7
-7.002002250312432E-8;2.9549596611025716E-7;-9.933242158396428E-9;1.2569733291711394E-7;2.451454012634896E-7;-3.14059406074325E-8;-1.5842208993976807E-7;-6.803429303533204E-8;-9.407461363258314E-8;-1.856535686718572E-7;-8.24217545639097E-8;-6.686705717159573E-8;1.3285951836606221E-7;3.155316993335861E-8;2.3138452563555607E-8;-8.05392568490964E-9;-4.7686951211926694E-8;2.0086110238881328E-7;-1.294809470833742E-7;2.0164491076224613E-7;7.072056505412642E-8;2.2516803535758058E-9;-1.4770708662521083E-7;2.1705678141405745E-7;1.8275658217594515E-7
-4.816332553892005E-8;2.831249209269213E-7;-2.4432658129451865E-8;1.0355079109152811E-7;2.436384631218435E-7;-1.4874600602066341E-8;-1.534055421748115E-7;-5.30606700179613E-8;-7.355510019174918E-8;-1.773899946321479E-7;-1.3826760246632246E-7;-8.829901062661055E-8;1.0416520707605258E-7;6.184036139836492E-8;4.307327712301019E-8;-9.684654006594396E-9;-1.1133029430918881E-7;2.049824684795415E-7;-1.2365750419404403E-7;2.0811773833218802E-7;4.615511227587276E-8;9.747397689429855E-9;-1.5642298011729985E-7;2.2521432711279135E-7;1.7943062799708834E-7
-2.6306628579187506E-8;2.707538757113276E-7;-3.8932074097507546E-8;8.140424926474987E-8;2.421315250118739E-7;1.6567393994128569E-9;-1.4965020905992497E-7;-3.798582130982538E-8;-5.2772260583078483E-8;-1.7115643491352142E-7;-1.8227502016269237E-7;-1.0532366036598686E-7;7.489743859926817E-8;8.609008678995486E-8;5.9017287860709294E-8;-8.935796115758503E-9;-1.628305410070453E-7;1.7545108447265724E-7;-1.019697984141801E-7;2.1353485863284126E-7;2.761017654767499E-8;1.577957277891329E-8;-1.3669364443442634E-7;1.9503274070402558E-7;1.7613529342614756E-7
-4.44993162431602E-9;2.5838283046509913E-7;-5.343149005900049E-8;5.925770743661582E-8;2.4062458693243606E-7;1.8188079400192974E-8;-1.4714955350691765E-7;-2.2828485074956404E-8;-3.1765408460658344E-8;-1.6697683827101382E-7;-2.1267089559897305E-7;-1.1714923874445783E-7;4.5150891181151085E-8;1.0303092871523458E-7;7.014934224637351E-8;-6.2341943666591955E-9;-1.9908216863455416E-7;1.1778452220893865E-7;-6.700431554170388E-8;2.173973562286615E-7;1.42324562987387E-8;2.0011974037551924E-8;-9.284722177544099E-8;1.3195525218677588E-7;1.7348522326267583E-7
1.740676532535511E-8;2.4601178518852966E-7;-6.79309060107054E-8;3.711116560712772E-8;2.3911764888373926E-7;3.4719419402991746E-8;-1.4590021226179727E-7;-7.617532587682353E-9;-1.0609767740821341E-8;-1.6487872406019393E-7;-2.2819544542526693E-7;-1.2320893189113845E-7;1.5090346424298162E-8;1.1174253404418169E-7;7.587438160496419E-8;-2.249431689834121E-9;-2.178069642350297E-7;4.144896317069698E-8;-2.322125699420804E-8;2.193793240839653E-7;4.339300365186926E-9;2.2194754303444913E-8;-3.286212619589357E-8;4.670025655858275E-8;1.7206139673276273E-7
3.926346226881382E-8;2.3364073988030295E-7;-8.243032195133869E-8;1.49646237757792E-8;2.3761071086752117E-7;5.1250759408660395E-8;-1.4590069915780014E-7;7.61227296718678E-9;1.0599770035288068E-8;-1.6488028321177748E-7;-2.2819542407686513E-7;-1.2320598679084758E-7;-1.508480572449414E-8;1.1174461499207374E-7;7.588013656157926E-8;2.184058943456285E-9;-2.1779630343497353E-7;-4.145140341268618E-8;2.366187263145194E-8;2.193212898811461E-7;-4.3304435214101975E-9;2.218970206465974E-8;3.28326895522185E-8;-4.642368562684182E-8;1.7220616902686739E-7
6.11201592052203E-8;2.2126969453954723E-7;-9.692973788021744E-8;-7.1819180578360645E-9;2.3610377288525385E-7;6.778209941764767E-8;-1.4715094032302458E-7;2.282334978241507E-8;3.175672850095631E-8;-1.6698032675942083E-7;-2.1267054239985103E-7;-1.1714592756354586E-7;-4.514866075360647E-8;1.0303096208121734E-7;7.015769861757575E-8;6.174274986813999E-9;-1.990568973270651E-7;-1.177973588828682E-7;6.744089047777046E-8;2.1722675399040878E-7;-1.4231492054785418E-8;2.0031568876358417E-8;9.284505229620313E-8;-1.3168540655555612E-7;1.7390194417479716E-7
8.29768561339315E-8;2.0889864916597374E-7;-1.1142915379638812E-7;-2.932845989398196E-8;2.3459683493754906E-7;8.431343943071046E-8;-1.4965213175930558E-7;3.79806858317281E-8;5.2763304445284524E-8;-1.7116137948703662E-7;-1.8227471486679862E-7;-1.0532559590502039E-7;-7.489533292716386E-8;8.608686745467454E-8;5.901817472874653E-8;8.882512255875456E-9;-1.628043154322532E-7;-1.7545975496671245E-7;1.023954596086425E-7;2.132641230815093E-7;-2.7607593650178335E-8;1.585662787700905E-8;1.366905936461708E-7;-1.947421645631788E-7;1.767692660595078E-7
1.048335530542557E-7;1.9652760376102974E-7;-1.2592856970130306E-7;-5.147500173340878E-8;2.3308989702325063E-7;1.0084477944694765E-7;-1.53408021329636E-7;5.3055571436844624E-8;7.35461371463979E-8;-1.7739646359754312E-7;-1.3826798587722573E-7;-8.830500162803705E-8;-1.0416433732192208E-7;6.183622893249357E-8;4.306938362853351E-8;9.640812321954073E-9;-1.1130478656609163E-7;-2.049844040779078E-7;1.2406895378774806E-7;2.0778327762693385E-7;-4.6152958093204914E-8;9.863171483452747E-9;1.5641998539399258E-7;-2.2490437572687484E-7;1.8017131024666665E-7
1.2669024996427468E-7;1.8415655832725355E-7;-1.404279855992136E-7;-7.362154357816245E-8;2.3158295914023978E-7;1.1737611946333438E-7;-1.5842532629487208E-7;6.802918680129863E-8;9.406568482221161E-8;-1.8566054958840898E-7;-8.24228156273362E-8;-6.68769721055042E-8;-1.328592726321572E-7;3.154634462524397E-8;2.3132262424492887E-8;8.025523728149455E-9;-4.7665300223815354E-8;-2.0085662949004653E-7;1.2987945202163438E-7;2.0129333017280211E-7;-7.071948773175416E-8;2.3944120042959286E-9;1.4770538946163986E-7;-2.1673747967256463E-7;1.8346792086769474E-7
1.485469468614473E-7;1.717855128682113E-7;-1.549274014956561E-7;-9.576808543092271E-8;2.3007602128499779E-7;1.3390745947584358E-7;-1.6471645418921756E-7;8.289689391839169E-8;1.143369820054235E-7;-1.959502417985967E-7;-1.688701712072958E-8;-4.1995196592884056E-8;-1.6099812222551806E-7;-3.3049348208861007E-9;1.690685728907936E-10;3.904482598258327E-9;2.454723718712193E-8;-1.621279662006897E-7;1.1942628437381975E-7;1.944955525157453E-7;-1.012828383060532E-7;-6.1453397868248415E-9;1.1036826912788428E-7;-1.7074664323075572E-7;1.8625838460556878E-7
1.704036437426292E-7;1.594144673886558E-7;-1.6942681739707822E-7;-1.1791462729512412E-7;2.2856908345316262E-7;1.50438799480058E-7;-1.723024027580463E-7;9.76722653654312E-8;1.3444978470827587E-7;-2.0831084748635707E-7;5.597227340783934E-8;-1.4702438416322736E-8;-1.8877131578585133E-7;-4.118962355128661E-8;-2.482478957927898E-8;-2.565929542188269E-9;1.0175854513578119E-7;-9.228888038435748E-8;9.445453647961918E-8;1.883181792312324E-7;-1.371094928832443E-7;-1.533093877587817E-8;4.811934365779369E-8;-9.29120096296703E-8;1.8866238768962733E-7
1.9226034060437007E-7;1.4704342189445329E-7;-1.8392623331023895E-7;-1.4006116917471077E-7;2.2706214563962552E-7;1.6697013947170788E-7;-1.812166081740211E-7;1.1239156224792668E-7;1.545951830178225E-7;-2.228733974228285E-7;1.3376962745519824E-7;1.3962205532926319E-8;-2.166296254932974E-7;-8.073660122376055E-8;-5.096192815002825E-8;-1.0990906372944397E-8;1.8100813660987594E-7;1.6261514898290214E-9;5.848038181192966E-8;1.8398584843252424E-7;-1.7721462220366698E-7;-2.4801739370952873E-8;-3.248476028126169E-8;6.954486452660797E-9;1.9161976649872105E-7
2.1411703744253775E-7;1.3467237639222034E-7;-1.9842564924201092E-7;-1.622077110742765E-7;2.255552078387402E-7;1.8350147944665274E-7;-1.915097844261503E-7;1.2711833806108383E-7;1.7509803478478597E-7;-2.3990310400480925E-7;2.143219501441152E-7;4.306405214156915E-8;-2.454071820760558E-7;-1.2096848926791777E-7;-7.763013180375113E-8;-2.08383531827749E-8;2.6072890357383446E-7;1.1068103131974376E-7;1.6101182896621106E-8;1.8316570429300262E-7;-2.211631353358507E-7;-3.439866753013272E-8;-1.238583891705516E-7;1.1801804892116877E-7;1.9727610154281918E-7
2.3597373425635471E-7;1.2230133088616522E-7;-2.1292506519348687E-7;-1.8435425299502615E-7;2.2404827004695071E-7;2.0003281940529543E-7;-2.0325585914835215E-7;1.4194833191870727E-7;1.964574518594227E-7;-2.5986218479424033E-7;2.958833209389224E-7;7.187790393305742E-8;-2.7649544023328176E-7;-1.6157176036564603E-7;-1.0469134538760328E-7;-3.158365149042492E-8;3.4175208433222807E-7;2.2623793158033624E-7;-2.788931207020874E-8;1.8826238661066877E-7;-2.7030906755735614E-7;-4.437523607118444E-8;-2.19844805566131E-7;2.3223843281757007E-7;2.0967104733498447E-7
-1.8624119198616302E-7;3.605082535742257E-7;4.793782007872552E-8;2.4565548617755714E-7;2.5740432300875E-7;-1.015883435411796E-7;-1.735240108099185E-7;-1.6838277914914725E-7;-1.57829078652685E-7;-2.8379929780627915E-7;3.0617836529917776E-7;9.218653671000066E-8;2.9302331047547623E-7;-9.073730840126848E-8;-1.1963469053859817E-7;1.385221569977554E-7;3.4948355009283983E-7;-2.071221725714449E-7;6.521720328667042E-8;1.2586132135937026E-7;2.119403332732593E-7;-1.4473922125444353E-7;1.9137905683656312E-7;-2.5543909143433033E-7;2.6227567137406887E-7
-1.64384495024836E-7;3.4813720885569373E-7;3.343840414769373E-8;2.2350894431624926E-7;2.5589738442055074E-7;-8.505700342613068E-8;-1.62255025638605E-7;-1.5081236174855774E-7;-1.4044549340827597E-7;-2.610256036202104E-7;2.2389084931882475E-7;5.77056501814711E-8;2.5980879938019707E-7;-6.025881305861092E-8;-9.654457461912588E-8;1.1496774890696343E-7;2.653534151755634E-7;-9.3481276048064E-8;9.207158073080664E-9;1.2566109995042752E-7;1.671400155631657E-7;-1.1031188554246366E-7;1.1334269302977335E-7;-1.350557470092184E-7;2.4678496220198156E-7
-1.4252779806506907E-7;3.3576616407878487E-7;1.893898820097448E-8;2.0136240245718413E-7;2.543904458868976E-7;-6.852566333453426E-8;-1.5233869414215892E-7;-1.3335835995885496E-7;-1.2381068792936293E-7;-2.414832575537548E-7;1.4274560458253788E-7;2.2983354076620167E-8;2.2909499216984757E-7;-2.9261727962332783E-8;-7.460047972261163E-8;9.377116997951257E-8;1.823926149836169E-7;1.3948860885310061E-8;-4.433466978299223E-8;1.2961084086227553E-7;1.264159231716798E-7;-7.653402906111886E-8;3.9276565038478515E-8;-1.826082226674801E-8;2.3981810722569955E-7
-1.206711011095913E-7;3.233951192361072E-7;4.4395722332695215E-9;1.7921586059831742E-7;2.528835074146694E-7;-5.199432327210174E-8;-1.4372018263982494E-7;-1.15907624292606E-7;-1.0752300826894419E-7;-2.246889988706035E-7;6.446156519434711E-8;-1.1149587755611326E-8;1.9941922464555289E-7;1.7481958676575592E-9;-5.363544409674685E-8;7.45735961206468E-8;9.980663475507606E-8;1.0628026271142234E-7;-9.008503802017674E-8;1.359546553260733E-7;8.955153086994763E-8;-4.254519232066224E-8;-2.6182508824547395E-8;8.682813524518409E-8;2.3640141692899278E-7
-9.881440415856629E-8;3.110240743393367E-7;-1.0059843749705368E-8;1.570693187386769E-7;2.5137656899286127E-7;-3.5462983232248555E-8;-1.363638076848083E-7;-9.838502176523351E-8;-9.131977505678905E-8;-2.1037549650327E-7;-8.795839342786683E-9;-4.360644854761402E-8;1.6990568756653925E-7;3.1805692020544633E-8;-3.3935463028451345E-8;5.74386577050764E-8;1.9276627761161344E-8;1.7443516625078666E-7;-1.2277681894196286E-7;1.433924692569142E-7;5.770957125432402E-8;-8.973998559150519E-9;-7.713660880782949E-8;1.6905850606773912E-7;2.33892127903823E-7
-7.695770721228049E-8;2.986530293977609E-7;-2.455925974255673E-8;1.3492277687746462E-7;2.498696306128625E-7;-1.893164320910322E-8;-1.302480098557143E-7;-8.074790877609631E-8;-7.504415395866918E-8;-1.9842118498572205E-7;-7.465281907177115E-8;-7.31709161264914E-8;1.4007954661397476E-7;5.967439488493101E-8;-1.6051024250102542E-8;4.2537943286746486E-8;-5.6076906320432435E-8;2.1130687118493277E-7;-1.3832453268187853E-7;1.5092638242077422E-7;3.2316115736062535E-8;2.276385083920162E-8;-1.0843428475845435E-7;2.1827133441458219E-7;2.3110759784517644E-7
-5.510101027127973E-8;2.862819844174689E-7;-3.905867574053486E-8;1.1277623501408163E-7;2.483626922694566E-7;-2.4003031978752822E-9;-1.2536100413794045E-7;-6.298070475878535E-8;-5.861864370185009E-8;-1.8879639680607483E-7;-1.3074980296275858E-7;-9.861765736301789E-8;1.0973605740602915E-7;8.402318037432988E-8;-6.494600691058625E-10;2.99469871970777E-8;-1.2250143841280492E-7;2.13379723033074E-7;-1.3468470066103472E-7;1.5778472263527712E-7;1.4304418587992198E-8;5.093856508706264E-8;-1.1714551619971377E-7;2.2825417149300077E-7;2.2784040443247103E-7
-3.324431333615482E-8;2.739109394018331E-7;-5.355809173925655E-8;9.062969314809596E-8;2.468557539599473E-7;1.4131036805523066E-8;-1.216973476016587E-7;-4.50897688026898E-8;-4.202420417320744E-8;-1.815219752485362E-7;-1.7494339626774753E-7;-1.188234138775951E-7;7.885024590025463E-8;1.0358400481269513E-7;1.160245587120601E-8;1.9532998480339298E-8;-1.7625365070182073E-7;1.8161114785984985E-7;-1.12330600931659E-7;1.6338579713930093E-7;3.682015750672848E-9;7.383835308787691E-8;-1.0340124539762777E-7;1.984751470870515E-7;2.2449337951703709E-7
-1.1387616407549399E-8;2.615398943520545E-7;-6.8057507734606E-8;6.848315127922995E-8;2.453488156837639E-7;3.06623768046522E-8;-1.1925522679295547E-7;-2.709824112186809E-8;-2.5282029101943043E-8;-1.76638453394597E-7;-2.05463529397539E-7;-1.328554110200691E-7;4.7508764971737925E-8;1.1727849934823516E-7;2.0126084387373814E-8;1.0912393505895715E-8;-2.1408766230052236E-7;1.2154585398812073E-7;-7.430443283987971E-8;1.673158870538201E-7;-6.282514827564752E-10;9.000212524969165E-8;-7.060353841799293E-8;1.3456778530803714E-7;2.2174916019140068E-7
1.0469080513397719E-8;2.491688492671213E-7;-8.255692372382606E-8;4.633660940697808E-8;2.438418774426589E-7;4.71937168016209E-8;-1.1803409851224114E-7;-9.04159982633949E-9;-8.441552391743909E-9;-1.7418601990737347E-7;-2.2104947051944456E-7;-1.4004577776710358E-7;1.5871447321207993E-8;1.2432897337058209E-7;2.4494697874564014E-8;3.4762893174781514E-9;-2.3362346147512686E-7;4.2709178656381844E-8;-2.5872654912394855E-8;1.6930214199686333E-7;-6.905247756958717E-10;9.837244621024569E-8;-2.505767295501845E-8;4.767347532776582E-8;2.202714973590005E-7
3.2325777425411034E-8;2.367978041452539E-7;-9.705633970457215E-8;2.419006753081326E-8;2.4233493923940253E-7;6.37250567981622E-8;-1.1803453757450356E-7;9.037388696066875E-9;8.432073170581946E-9;-1.7418768163009559E-7;-2.2104925449709926E-7;-1.400433769810771E-7;-1.586429586137377E-8;1.2433143271972062E-7;2.4498577091126694E-8;-3.5420796429578757E-9;-2.3361377411010427E-7;-4.2715112610259894E-8;2.620465592631322E-8;1.6923518194646513E-7;7.535611276334374E-10;9.836305884321956E-8;2.4985920444841386E-8;-4.7324320648828584E-8;2.2042681800554888E-7
5.418247432761391E-8;2.2442675898521089E-7;-1.1155575567535663E-7;2.043525650394246E-9;2.408280010758926E-7;8.025639679538201E-8;-1.1925631530652994E-7;2.7094045813738543E-8;2.5272869324402844E-8;-1.766427068459797E-7;-2.0546175912682425E-7;-1.3285248921418994E-7;-4.7502630466945375E-8;1.172814107480983E-7;2.012828755277839E-8;-1.0972732345791077E-8;-2.1406379236387897E-7;-1.2156670139729458E-7;7.463380672074173E-8;1.671150314652481E-7;6.866023397840745E-10;9.000835525246506E-8;7.056350990493664E-8;-1.3422572928493063E-7;2.221957641717559E-7
7.60391712202506E-8;2.120557137873812E-7;-1.2605517163409777E-7;-2.010301623383027E-8;2.393210629521624E-7;9.6787736795168E-8;-1.2169939604183392E-7;4.5085495148302167E-8;4.2014651713695516E-8;-1.8152631948904837E-7;-1.7494266083129673E-7;-1.1882516830105281E-7;-7.88436445658676E-8;1.0358096152381167E-7;1.1601352619173693E-8;-1.9583964617676155E-8;-1.7622438903620006E-7;-1.8162464837251573E-7;1.1264831281285E-7;1.630812825746221E-7;-3.6322450625910705E-9;7.38764116392592E-8;1.0336624746528619E-7;-1.981051714490021E-7;2.2514011638820366E-7
9.789586810233319E-8;1.996846685526664E-7;-1.4055458758096152E-7;-4.2249558122621415E-8;2.3781412486773087E-7;1.1331907679760502E-7;-1.2536395158120914E-7;6.297647534512471E-8;5.860918035624574E-8;-1.8880109903361849E-7;-1.3074997010617817E-7;-9.86238036397747E-8;-1.0973147667118978E-7;8.401563069239681E-8;-6.543530825908096E-10;-2.9986674188280824E-8;-1.224689254686539E-7;-2.1338857700490772E-7;1.3499301754320115E-7;1.57417285630542E-7;-1.4267648524769213E-8;5.1002263152690523E-8;1.1711816912407517E-7;-2.27867590712575E-7;2.285807802381434E-7
1.1975256497136807E-7;1.8731362328407432E-7;-1.5505400352180717E-7;-6.439610001863418E-8;2.3630718681987235E-7;1.2985041679837923E-7;-1.3025181785899254E-7;8.074368205740048E-8;7.503476917864807E-8;-1.9842641310920742E-7;-7.465383681343212E-8;-7.318088996248159E-8;-1.4007711112229205E-7;5.96639667846944E-8;-1.6058962869465245E-8;-4.256258404457621E-8;-5.6045153752978855E-8;-2.1130972231814296E-7;1.3862126688592565E-7;1.5054694837482929E-7;-3.229656930652351E-8;2.2846363854147986E-8;1.0841981192644929E-7;-2.1787472580889576E-7;2.3181363738324503E-7
1.4160926182475426E-7;1.7494257798647898E-7;-1.695534194633167E-7;-8.654264192484452E-8;2.348002488038751E-7;1.4638175679280744E-7;-1.3636845164020658E-7;9.83807445858023E-8;9.131036747980656E-8;-2.1038129695705006E-7;-8.79741757057835E-9;-4.3619952526215136E-8;-1.6990522659668194E-7;3.179300518338303E-8;-3.3946244366603956E-8;-5.744509048018591E-8;1.9304411565442112E-8;-1.7443051725458327E-7;1.230609130102025E-7;1.4305375462961016E-7;-5.771051073764638E-8;-8.877938147418716E-9;7.713820375292658E-8;-1.6865909219890112E-7;2.3443723297587004E-7
1.6346595865965382E-7;1.6257153266596595E-7;-1.8405283541216147E-7;-1.0868918384457411E-7;2.332933108139424E-7;1.6291309677651222E-7;-1.437256367493287E-7;1.159032559383997E-7;1.0751346284912874E-7;-2.2469536617741501E-7;6.445960981441974E-8;-1.1166583021765702E-8;-1.9942068410196716E-7;1.7334222469614743E-9;-5.3649210262099423E-8;-7.456003746403414E-8;9.98282037212337E-8;-1.062663600928309E-7;9.035672768238763E-8;1.3570359700959723E-7;-8.957497566518527E-8;-4.2440115797874896E-8;2.6200976795984786E-8;-8.643149285908694E-8;2.366783705844768E-7
1.853226554730362E-7;1.5020048732970347E-7;-1.9855225137502199E-7;-1.3083572578153205E-7;2.3178637284358172E-7;1.7944443674552144E-7;-1.5234494148346957E-7;1.3335385607265586E-7;1.2380089888012312E-7;-2.414901840541097E-7;1.4274335492168464E-7;2.2962790690452492E-8;-2.2909838243236385E-7;-2.9278609771545594E-8;-7.461739542472665E-8;-9.373683535865327E-8;1.8240650123416018E-7;-1.3924165295086561E-8;4.459595382895539E-8;1.2948330413984817E-7;-1.264629531213939E-7;-7.64233406095142E-8;-3.9241394573133674E-8;1.8652049199260358E-8;2.397524407116013E-7
2.0717935226125684E-7;1.3782944198557627E-7;-2.1305166735855985E-7;-1.5298226774001187E-7;2.3027943488578948E-7;1.9597577669608857E-7;-1.622620611160331E-7;1.5080766346076263E-7;1.4043535557447258E-7;-2.610330951078615E-7;2.2388834336364466E-7;5.768135405842031E-8;-2.598141108038111E-7;-6.027797138088104E-8;-9.656481594842939E-8;-1.1491240013874605E-7;2.6535882491068415E-7;9.351791390689116E-8;-8.951728161416553E-9;1.256785719324249E-7;-1.6721109283633875E-7;-1.1019682255095575E-7;-1.1329128865604623E-7;1.3544437218064765E-7;2.463384268412442E-7
2.2903604902418213E-7;1.254583966389517E-7;-2.275510833634181E-7;-1.751288097207732E-7;2.2877249693575566E-7;2.1250711662919435E-7;-1.7353183915433734E-7;1.683778195285745E-7;1.5781847167381363E-7;-2.838073887644663E-7;3.061756038191027E-7;9.21582359535912E-8;-2.930305129293913E-7;-9.07590581320458E-8;-1.1965853122988595E-7;-1.3844563242027536E-7;3.494803469843288E-7;2.0717163541939216E-7;-6.495949027423372E-8;1.2603054558240248E-7;-2.1203603231775717E-7;-1.4461790586086069E-7;-1.9131139625648459E-7;2.55837294299832E-7;2.6143624635062276E-7
-1.9317887660564255E-7;3.6366531594646294E-7;3.331180258866013E-8;2.548809302925721E-7;2.621285532647376E-7;-8.91140461907345E-8;-1.3937158196306145E-7;-1.9379201178220174E-7;-1.1445798894798597E-7;-2.946251550504914E-7;3.1686283724042746E-7;1.1480707785353167E-7;2.9213182688056414E-7;-2.046965980442397E-8;-1.273211770177057E-7;2.328818976807955E-7;3.3261555037484826E-7;-1.9305909845012834E-7;1.1088294047425115E-7;4.0152876160219256E-8;1.2647490083702018E-7;-2.2762380990671361E-7;1.5253450554034893E-7;-2.634952563439868E-7;2.4922176814094656E-7
-1.713221796625721E-7;3.5129427142832E-7;1.8812386642280977E-8;2.3273438839901713E-7;2.6062161447934303E-7;-7.258270605960879E-8;-1.2863138873245998E-7;-1.735997975445276E-7;-1.015087228704379E-7;-2.695725205190174E-7;2.3378556103280595E-7;7.475540359637336E-8;2.5859498787059177E-7;-7.86850158006823E-10;-1.0912880490954905E-7;1.9774443483353086E-7;2.5093839174745886E-7;-8.069799667680312E-8;4.207186363805191E-8;4.58428378446202E-8;8.967480107616423E-8;-1.7261581196254555E-7;9.528075434505855E-8;-1.4476778830430703E-7;2.3631747930391418E-7
-1.494654827212171E-7;3.3892322685148053E-7;4.3129706788020245E-9;2.105878465075684E-7;2.591146757485984E-7;-5.605136595326396E-8;-1.1913257115880121E-7;-1.535340251753696E-7;-8.919509100048308E-8;-2.479265963650908E-7;1.5198985669211005E-7;3.4553586719809896E-8;2.2763878293408442E-7;2.0251608614009296E-8;-9.27497546980548E-8;1.6629260881572012E-7;1.7019125482157512E-7;2.566006773372456E-8;-2.328065836482813E-8;5.319436850505378E-8;5.531991429978675E-8;-1.1845907608093576E-7;4.1143675373537136E-8;-2.9884787771595836E-8;2.3143305447330286E-7
-1.2760878578453375E-7;3.2655218220845994E-7;-1.0186445308120026E-8;1.8844130461585625E-7;2.5760773707918004E-7;-3.952002587842207E-8;-1.1084108088727481E-7;-1.3346396864701856E-7;-7.722485343375624E-8;-2.2921461800897757E-7;7.31675604957136E-8;-4.8820084183682665E-9;1.9782088213032407E-7;4.197934889308163E-8;-7.77441406858006E-8;1.3741629048642528E-7;8.968244990510849E-8;1.1693163755115374E-7;-7.945139011034239E-8;6.136269416340713E-8;2.4614388637690974E-8;-6.381149579641558E-8;-6.8162587271135406E-9;7.353367739532733E-8;2.2962393545381653E-7
-1.0575208885287003E-7;3.141811375108501E-7;-2.4685861313515086E-8;1.6629476272264677E-7;2.5610079845994885E-7;-2.298868582922301E-8;-1.0373795994948045E-7;-1.1330335189305231E-7;-6.54050900300036E-8;-2.1318937663731366E-7;-5.334908375818709E-10;-4.2328079095024036E-8;1.6827910313333238E-7;6.347781654241032E-8;-6.40722975722821E-8;1.1078023521042389E-7;1.1107102589750138E-8;1.839192763875331E-7;-1.2057931037460754E-7;6.961072753850917E-8;-4.2262077017632394E-10;-9.712446687583474E-9;-4.453444828496966E-8;1.5478846109497288E-7;2.2822525261305014E-7
-8.38953919266731E-8;3.0181009276789327E-7;-3.9185277332377835E-8;1.4414822082689954E-7;2.5459385988217065E-7;-6.457345800185984E-9;-9.781501364960348E-8;-9.300340191202969E-8;-5.3617356090050585E-8;-1.9975453605741948E-7;-6.675062361875351E-8;-7.64040532138937E-8;1.3854310802762047E-7;8.368351837258755E-8;-5.193054581933089E-8;8.636398414618068E-8;-6.245659578009362E-8;2.1944973836954364E-7;-1.4204939992277712E-7;7.732107147065676E-8;-1.7877305051299604E-8;4.152780882132564E-8;-6.84166781889099E-8;2.0408049954248407E-7;2.260717499501697E-7
-6.203869500666886E-8;2.894390479853984E-7;-5.3684693360002785E-8;1.2200167892780456E-7;2.530869213407883E-7;1.007399421336337E-8;-9.30711640186001E-8;-7.254704163290513E-8;-4.17971630380584E-8;-1.8890620675965418E-7;-1.2313180688159314E-7;-1.057156345432826E-7;1.0840403477997136E-7;1.0149518300758401E-7;-4.1634547598133043E-8;6.417039034385896E-8;-1.2732082804686002E-7;2.1998295335492566E-7;-1.415464864468005E-7;8.400518542193092E-8;-2.661158717800612E-8;8.708126415618786E-8;-7.637813056712262E-8;2.153884378105788E-7;2.2304227448111806E-7
-4.018199809380369E-8;2.770680031660307E-7;-6.818410939176181E-8;9.985513702472317E-8;2.5157998283399004E-7;2.6605334215591994E-8;-8.950891611908437E-8;-5.194273304928347E-8;-2.9918494386650465E-8;-1.8068894177767573E-7;-1.6753757205213015E-7;-1.289829093382239E-7;7.782311662689561E-8;1.1588389896641228E-7;-3.3532561267631146E-8;4.405853675216979E-8;-1.7981470058863765E-7;1.8648383989202277E-7;-1.196155531807173E-7;8.929467801070375E-8;-2.6649487810863677E-8;1.2414984671661368E-7;-6.848214869923642E-8;1.8818014645739682E-7;2.1967539586389252E-7
-1.8325301189291552E-8;2.6469695830973153E-7;-8.268352542326063E-8;7.770859511708082E-8;2.500730443627602E-7;4.3136674210108044E-8;-8.713152045506671E-8;-3.1218513220553863E-8;-1.7981855624340377E-8;-1.7516490595244736E-7;-1.9819797940534634E-7;-1.451356836493087E-7;4.686730122656371E-8;1.2599516377834212E-7;-2.7934963741483612E-8;2.56677030064858E-8;-2.1676364460341238E-7;1.2453574989784962E-7;-7.972764106018111E-8;9.292519383441712E-8;-1.9288264681108853E-8;1.5032443434861407E-7;-4.714781962331101E-8;1.279258879300825E-7;2.168031400124293E-7
3.5313957051938847E-9;2.523259134140768E-7;-9.718294145123354E-8;5.5562053204135826E-8;2.485661059306176E-7;5.966801419926522E-8;-8.594192421981579E-8;-1.0416439671687116E-8;-6.002988623711786E-9;-1.7238790552279532E-7;-2.138535618145149E-7;-1.5341020703883835E-7;1.5659764017992687E-8;1.3121290282534135E-7;-2.5075514272648394E-8;8.408795043432923E-9;-2.3584851620607168E-7;4.371919322638051E-8;-2.7915833234861358E-8;9.473156568534745E-8;-6.971939025345568E-9;1.6387175814480245E-7;-1.6812018428391894E-8;4.539448790786643E-8;2.1520776674225092E-7
2.5388092588256323E-8;2.399548684762635E-7;-1.1168235747268736E-7;3.341551128541674E-8;2.4705916754147506E-7;7.619935418520731E-8;-8.594214255833638E-8;1.0412515757819448E-8;5.99061435376008E-9;-1.72388212157187E-7;-2.1385294353719863E-7;-1.5341184436438673E-7;-1.5634127715435788E-8;1.3121089413488236E-7;-2.5080127150718056E-8;-8.450872289147337E-9;-2.358417028878962E-7;-4.371822261617446E-8;2.8079151790060407E-8;9.464652777873759E-8;7.091275423841789E-9;1.6388320496305665E-7;1.670235021396826E-8;-4.500554241897723E-8;2.1534949411903423E-7
4.72447894588667E-8;2.275838234940764E-7;-1.2618177348501692E-7;1.1268969360669175E-8;2.4555222919853654E-7;9.273069416989946E-8;-8.713261856305325E-8;3.121493873060254E-8;1.797106141529571E-8;-1.7516704728080729E-7;-1.981962043185024E-7;-1.451346710829366E-7;-4.684919854208239E-8;1.259956872196903E-7;-2.7935054068184345E-8;-2.571349876559962E-8;-2.1674662534284754E-7;-1.2454946121310009E-7;7.989347000248977E-8;9.270220516149625E-8;1.939781753218558E-8;1.5032115766124506E-7;4.7066797850015217E-8;-1.2756493678947158E-7;2.17212161649911E-7
6.910148631707902E-8;2.1521277846741904E-7;-1.406811894858291E-7;-1.087757256972039E-8;2.440452909023779E-7;1.0926203415541703E-7;-8.951124262314627E-8;5.1939399472360666E-8;2.99086572828281E-8;-1.806913856662156E-7;-1.6753593462383508E-7;-1.289846851836719E-7;-7.781071135651527E-8;1.1587774416956071E-7;-3.353454994816752E-8;-4.4100224658372045E-8;-1.797830497774037E-7;-1.865040039257961E-7;1.197818532632644E-7;8.896774124061556E-8;2.6740465468737944E-8;1.241466964901077E-7;6.841886760354067E-8;-1.878193852964567E-7;2.202802035143775E-7
9.095818316227314E-8;2.0284173339797607E-7;-1.551806054757424E-7;-3.3024114506324124E-8;2.425383526515306E-7;1.2579337414158354E-7;-9.30745015032025E-8;7.254382117769531E-8;4.17875919565404E-8;-1.8890891376919117E-7;-1.2313157622420027E-7;-1.0572161492041865E-7;-1.0839572952335181E-7;1.0148464078207945E-7;-4.1640630717980076E-8;-6.420343644585915E-8;-1.272824113648834E-7;-2.1999912807887557E-7;1.4170649231612005E-7;8.361531995026235E-8;2.6678666342580043E-8;8.708622814155908E-8;7.63277987502355E-8;-2.15010447351842E-7;2.237316380490303E-7
1.1281487999224673E-7;1.9047068828943414E-7;-1.6968002146011443E-7;-5.517065645157328E-8;2.410314144428023E-7;1.4232471412474947E-7;-9.781934215321318E-8;9.300016684998236E-8;5.360786901502513E-8;-1.997577294912829E-7;-6.675157439301746E-8;-7.64135499932694E-8;-1.3853814840915662E-7;8.367042607119263E-8;-5.1939514125757206E-8;-8.638276483668263E-8;-6.241731561871939E-8;-2.194609477413778E-7;1.4220001841658123E-7;7.692815039123074E-8;1.7913176870321463E-8;4.154036839602556E-8;6.839017239442016E-8;-2.0369320045051714E-7;2.267235523616004E-7
1.3467157680416998E-7;1.78099643147392E-7;-1.8417943744608775E-7;-7.731719840870145E-8;2.395244762707431E-7;1.588560540999608E-7;-1.037432468620661E-7;1.1330004437509446E-7;6.539551799447789E-8;-2.1319301583260943E-7;-5.350009719585113E-10;-4.234081999723193E-8;-1.6827733476421873E-7;6.34623242484013E-8;-6.40843649265835E-8;-1.1078167720955018E-7;1.1144434442148454E-8;-1.8392367799256233E-7;1.2071886567930142E-7;6.927459456366877E-8;4.227660424990275E-10;-9.692195287160729E-9;4.453505489049492E-8;-1.5439829999526313E-7;2.2871634583087185E-7
1.5652827359541066E-7;1.6572859797938387E-7;-1.9867885344093213E-7;-9.946374038106435E-8;2.3801753812811476E-7;1.753873940626461E-7;-1.108472993842269E-7;1.3346056419197238E-7;7.721502944125402E-8;-2.292186072945623E-7;7.316562128200653E-8;-4.898088279627583E-9;-1.9782235413549642E-7;4.196135789681748E-8;-7.775958081284356E-8;-1.3739890373607763E-7;8.971581230276199E-8;-1.1692696492773871E-7;7.957868054083082E-8;6.11371073743841E-8;-2.4652390956147126E-8;-6.378440724373903E-8;6.844144188803069E-9;-7.31449914202532E-8;2.298498612794111E-7
1.7838497036347027E-7;1.5335755279406579E-7;-2.1317826945131424E-7;-1.2161028237204647E-7;2.365106000067766E-7;1.9191873400908139E-7;-1.1913970452693118E-7;1.5353049850165042E-7;8.918486933639154E-8;-2.479308880966896E-7;1.5198752196953528E-7;3.45340712076453E-8;-2.2764355335716557E-7;2.0231029064873046E-8;-9.276866823828828E-8;-1.6625568838209877E-7;1.7021919532218506E-7;-2.564464610331601E-8;2.3395373647524953E-8;5.312088738035436E-8;-5.5397141057554755E-8;-1.1842625130881469E-7;-4.108856927597251E-8;3.026922815856023E-8;2.3132164502141465E-7
2.0024166710521736E-7;1.4098650760077313E-7;-2.2767768548382438E-7;-1.4375682438564166E-7;2.3500366189814963E-7;2.0845007393581615E-7;-1.286394291673736E-7;1.7359611420080576E-7;1.0149795229517646E-7;-2.695771009680333E-7;2.3378285441349917E-7;7.473232505682626E-8;-2.5860303132257056E-7;-8.101812097126792E-10;-1.0915129424261386E-7;-1.976876804183018E-7;2.5096013043998117E-7;8.072518365347268E-8;-4.196852516801134E-8;4.594691200561366E-8;-8.979145114145904E-8;-1.7257774844520662E-7;-9.51986791712909E-8;1.4515012107148165E-7;2.3583134533783827E-7
2.2209836382099058E-7;1.286154624063451E-7;-2.42177101539052E-7;-1.6590336642238966E-7;2.3349672379587818E-7;2.2498141384413833E-7;-1.393805300439686E-7;1.9378813003210253E-7;1.1444650663538342E-7;-2.946300446844618E-7;3.1685976328975973E-7;1.1478022283274079E-7;-2.9214307931803855E-7;-2.0496051050508912E-8;-1.2734748426213313E-7;-2.3280502993945507E-7;3.326311605271651E-7;1.9309861648520992E-7;-1.1078786509969152E-7;4.0443942382804056E-8;-1.2663164048894398E-7;-2.2758007693458245E-7;-1.524250066247709E-7;2.6388689398401005E-7;2.4834788449124986E-7
-2.0011656123846975E-7;3.668223784588819E-7;1.868578511137851E-8;2.641063743861792E-7;2.668527833899023E-7;-7.66397488045916E-8;-1.0123631229574764E-7;-2.180529938658109E-7;-6.73648692376719E-8;-2.917812802779008E-7;3.273467824544612E-7;1.395151539630777E-7;2.736895075507036E-7;4.4632223512212636E-8;-1.248887233486017E-7;3.049778799706789E-7;2.929952449159789E-7;-1.8598972547571935E-7;1.6149843809031662E-7;-5.464496284750527E-8;2.9167000541365606E-8;-2.8370729616909713E-7;1.0348033945058371E-7;-2.531950246285817E-7;1.7393000894916032E-7
-1.782598643124555E-7;3.544513341252362E-7;4.186369145404715E-9;2.419598324625663E-7;2.653458444220187E-7;-6.010840866351467E-8;-9.106320386193997E-8;-1.9537746023392773E-7;-5.919100260152508E-8;-2.6500103081222236E-7;2.434389229307299E-7;9.403313389704695E-8;2.416354015622875E-7;5.327254775891562E-8;-1.1250813546044706E-7;2.605128475544468E-7;2.1915207441945914E-7;-7.404793787050076E-8;7.954339252077847E-8;-4.2860663117026526E-8;2.359880180458585E-9;-2.1431296432369515E-7;6.9361914974143E-8;-1.4415703314541316E-7;1.686993676564235E-7
-1.5640316738824917E-7;3.4208028973418883E-7;-1.0313046838702242E-8;2.1981329054083877E-7;2.638389055072962E-7;-4.3577068547983587E-8;-8.201108538133963E-8;-1.7283155267067694E-7;-5.1541500562575856E-8;-2.4167158221140337E-7;1.6095183059618416E-7;4.8529127076944593E-8;2.1213140001325265E-7;6.3988904101222E-8;-1.0246697694707615E-7;2.2082294761956557E-7;1.459093134678236E-7;3.1983875299137143E-8;2.1258858803479037E-9;-3.229255183962709E-8;-2.3905834031469483E-8;-1.4587546460567474E-7;3.73036356506664E-8;-3.8939920981780534E-8;1.687271550130834E-7
-1.3454647046896072E-7;3.2970924527853823E-7;-2.481246284821491E-8;1.976667486183657E-7;2.6233196665188426E-7;-2.7045728465592004E-8;-7.406888598612963E-8;-1.5026900110419385E-7;-4.424180023385138E-8;-2.213649354794088E-7;8.155190884506263E-8;3.9910866707419065E-9;1.8384949988902307E-7;7.600535655174604E-8;-9.409464318209995E-8;1.8425354426503247E-7;7.273604196989936E-8;1.228954959719974E-7;-6.471530568097966E-8;-2.2737277966272752E-8;-4.689350123873006E-8;-7.676288939118018E-8;8.757110394732071E-9;5.5839287626247374E-8;1.7007572671700617E-7
-1.1268977355509496E-7;3.173382007699982E-7;-3.9311878878921146E-8;1.7552020669366266E-7;2.6082502784430545E-7;-1.0514388411206028E-8;-6.723637327463731E-8;-1.2759301322320813E-7;-3.7174576818119105E-8;-2.0387687025566088E-7;7.370254465943198E-9;-3.8238153071799403E-8;1.5599694913489962E-7;8.848946522682847E-8;-8.704474402114159E-8;1.5018647818458566E-7;1.240143315662622E-9;1.8940654041515014E-7;-1.1459688570009083E-7;-1.4258915009817327E-8;-6.370440338895309E-8;-8.32474689732069E-9;-1.4109981680726623E-8;1.3063644037790734E-7;1.7057910529005255E-7
-9.083307664720366E-8;3.049671562177701E-7;-5.381129492620736E-8;1.5337366476545296E-7;2.593180890755939E-7;6.016951620243131E-9;-6.151976323887445E-8;-1.0474953726571627E-7;-3.026166320581093E-8;-1.891515119643206E-7;-5.924044228834339E-8;-7.663087172189909E-8;1.2813759449611357E-7;1.0058471254220441E-7;-8.116718962990778E-8;1.1847366126346337E-7;-6.57318754898624E-8;2.2429718762767386E-7;-1.4242759345512045E-7;-7.0131649145526374E-9;-7.195949760892797E-8;5.649763311329951E-8;-2.9309643856579152E-8;1.766408268553829E-7;1.6937925575187168E-7
-6.897637974629268E-8;2.925961116269772E-7;-6.831071098577603E-8;1.3122712283267826E-7;2.5781115034127804E-7;2.2548291632920327E-8;-5.692855029296667E-8;-8.17203562751461E-8;-2.345150884992308E-8;-1.7722212703481004E-7;-1.1593392508892127E-7;-1.0963506510595653E-7;1.0006712918873778E-7;1.114597791456636E-7;-7.642104324752178E-8;8.906547986644422E-8;-1.2480089065107844E-7;2.2400889213888408E-7;-1.4562539483184772E-7;-1.1465470074460768E-9;-7.03314074368139E-8;1.141243340062431E-7;-3.568630989367967E-8;1.884339003916947E-7;1.6661099547002347E-7
-4.711968285354916E-8;2.802250669995312E-7;-8.281012705285591E-8;1.0908058089454647E-7;2.5630421164034083E-7;3.907963163096663E-8;-5.347319474754646E-8;-5.85163769698638E-8;-1.6709249033151676E-8;-1.6816511863978032E-7;-1.6057350229109996E-7;-1.3582141286244044E-7;7.172646778994967E-8;1.203624982528869E-7;-7.282108049942737E-8;6.179679582450782E-8;-1.7261557938488012E-7;1.8950473385668008E-7;-1.2479205808221958E-7;3.243931167756059E-9;-5.886172294447498E-8;1.6101777802760574E-7;-3.325535681778731E-8;1.6551583888724537E-7;1.6307756655585887E-7
-2.5262985970573097E-8;2.6785402233401483E-7;-9.73095431227452E-8;8.693403895034865E-8;2.547972729754195E-7;5.561097161804656E-8;-5.116372317698648E-8;-3.5171318343188395E-8;-1.0010863474171554E-8;-1.6206628058691913E-7;-1.9138887302571762E-7;-1.5399780288021032E-7;4.3147354258585616E-8;1.2666441372996327E-7;-7.040061519359552E-8;3.629167960936602E-8;-2.0626461992705453E-7;1.2639898415420435E-7;-8.383043435337053E-8;6.13324120239594E-9;-3.903529620858252E-8;1.9413529899220694E-7;-2.3328586068104315E-8;1.1280019244392596E-7;1.5989926161700107E-7
-3.406289099472987E-9;2.5548297762598907E-7;-1.1180895919115338E-7;6.478749699924496E-8;2.5329033435225523E-7;7.214231159708876E-8;-5.000719301761344E-8;-1.173490417263888E-8;-3.3369336563950225E-9;-1.5899685444074177E-7;-2.0712071629000518E-7;-1.6330688870164412E-7;1.4405672761992876E-8;1.299282861607761E-7;-6.918242131707995E-8;1.1942979647409501E-8;-2.2363858406560507E-7;4.4345073202477116E-8;-2.951034781000407E-8;7.526812290844606E-9;-1.3616482473494543E-8;2.11264931986176E-7;-8.404810573051384E-9;4.004013215181727E-8;1.5807399173869705E-7
1.8450407757794582E-8;2.4311193287036625E-7;-1.2630837525399493E-7;4.264095504065979E-8;2.5178339577748167E-7;8.867365157087467E-8;-5.0008203473419415E-8;1.1732729346804817E-8;3.327942426117757E-9;-1.589975543539194E-7;-2.0712059720943299E-7;-1.6330578111145042E-7;-1.4386940270549072E-8;1.2992666464511596E-7;-6.917666359294427E-8;-1.1988577744442153E-8;-2.236322959422572E-7;-4.435151045356907E-8;2.9494075639441017E-8;7.466327668402593E-9;1.3765456124392841E-8;2.112410349597667E-7;8.287399102039243E-9;-3.978376948205666E-8;1.58225651078516E-7
4.0307104599872934E-8;2.307408880634131E-7;-1.408077913078372E-7;2.049441307432614E-8;2.5027645725614515E-7;1.0520499154190585E-7;-5.116515479428568E-8;3.5169166107440745E-8;1.0001808561932838E-8;-1.620667562094111E-7;-1.913859938218299E-7;-1.539962326886596E-7;-4.312951841450087E-8;1.2666049920304757E-7;-7.039955934501216E-8;-3.633203786952752E-8;-2.0624205835185465E-7;-1.2642190499266432E-7;8.382201578937395E-8;5.9047506731040906E-9;3.917647487410556E-8;1.940982362273691E-7;2.3231090689258973E-8;-1.125532402567355E-7;1.6025642049777807E-7
6.216380142614879E-8;2.1836984320399584E-7;-1.553072073507833E-7;-1.6521288998222836E-9;2.4876951879003877E-7;1.2173633151173446E-7;-5.347570438014226E-8;5.8514416183849875E-8;1.670044551732184E-8;-1.6816565620962376E-7;-1.6057047583624457E-7;-1.358226822903357E-7;-7.171335191571978E-8;1.2035271663192527E-7;-7.282518985992683E-8;-6.183522429315046E-8;-1.7257572847492295E-7;-1.8952922396503847E-7;1.2478395523349136E-7;2.8980276183102502E-9;5.898381149895597E-8;1.6096520593317502E-7;3.316784437905594E-8;-1.6525143643307944E-7;1.6360095358450538E-7
8.402049823631657E-8;2.0599879829438675E-7;-1.6980662338359572E-7;-2.3798670882163527E-8;2.472625803772061E-7;1.3826767148025858E-7;-5.693214549606997E-8;8.171823748714377E-8;2.344218089100479E-8;-1.7722262937977678E-7;-1.1593345929002437E-7;-1.0964079914919208E-7;-1.0005478631797005E-7;1.1144734649797205E-7;-7.64285592818294E-8;-8.908945448161684E-8;-1.2476013738147172E-7;-2.2402770431656894E-7;1.4561386156889525E-7;-1.5531514987532827E-9;7.041983959047358E-8;1.1407410953956261E-7;3.561490857695896E-8;-1.8814297195718648E-7;1.6720372269683536E-7
1.0587719502853447E-7;1.936277533392194E-7;-1.8430603941147044E-7;-4.5945212874892304E-8;2.4575564201327625E-7;1.5479901144405964E-7;-6.15245153501871E-8;1.0474734411083254E-7;3.025236243821617E-8;-1.89152388900425E-7;-5.9241349279785103E-8;-7.66395120978854E-8;-1.2812917301830148E-7;1.0057027183826774E-7;-8.117658372958787E-8;-1.1848352082845598E-7;-6.569022636991845E-8;-2.2431537550565987E-7;1.424116883469415E-7;-7.410743377741E-9;7.200679578451208E-8;5.644396748278585E-8;2.927244973563673E-8;-1.7634597167213413E-7;1.699347472475845E-7
1.277338918006568E-7;1.8125670834556826E-7;-1.988054554413124E-7;-6.809175488081019E-8;2.442487036913006E-7;1.7133035139871325E-7;-6.724222984971867E-8;1.275907548712873E-7;3.716524954891779E-8;-2.0387810651936398E-7;7.3689440813258386E-9;-3.824939540528422E-8;-1.5599345157225637E-7;8.847262972200495E-8;-8.705710417923264E-8;-1.501817628575986E-7;1.2826090359581708E-9;-1.8941977554563646E-7;1.1457234702872621E-7;-1.458186725906984E-8;6.370517242877945E-8;-8.380023616132686E-9;1.4108762398216674E-8;-1.3034036948164522E-7;1.7098573535428337E-7
1.4959058855048885E-7;1.6888566332246263E-7;-2.133048714805872E-7;-9.023829690305923E-8;2.427417654024855E-7;1.878616913397804E-7;-7.407581364517081E-8;1.502666631602051E-7;4.423216351088603E-8;-2.2136631682021226E-7;8.155010839256813E-8;3.976808517733976E-9;-1.8385080860042906E-7;7.598571460479841E-8;-9.411052226435174E-8;-1.8423270530258494E-7;7.277714258742484E-8;-1.2290052284609434E-7;6.467931194805025E-8;-2.2925446392590594E-8;4.684499200108134E-8;-7.681602037848677E-8;-8.723848680757298E-9;-5.554435454514269E-8;1.7023876446757964E-7
1.7144728527596732E-7;1.5651461828015862E-7;-2.2780428753624947E-7;-1.1238483894485206E-7;2.412348271370388E-7;2.0439303126362442E-7;-8.201906334189916E-8;1.7282912324426973E-7;5.153135425516567E-8;-2.4167302157622515E-7;1.6094952755394367E-7;4.851168920399386E-8;-2.1213750885536794E-7;6.39663260470876E-8;-1.024863993039993E-7;-2.2078510766116604E-7;1.4594736689188716E-7;-3.197876479644582E-8;-2.1762792637653024E-9;-3.229879676289724E-8;2.3806665960678383E-8;-1.4592473684966648E-7;-3.7235654923433485E-8;3.9229448441300126E-8;1.6858188321261882E-7
1.9330398197441366E-7;1.4414357322958024E-7;-2.423037036150192E-7;-1.345313810099579E-7;2.3972788888463936E-7;2.2092437116692634E-7;-9.107221163063171E-8;1.9537492218592074E-7;5.918012927070944E-8;-2.6500247662354387E-7;2.434361466212166E-7;9.401243995383611E-8;-2.4164615736804003E-7;5.324691085902003E-8;-1.125311491316559E-7;-2.6045744677633523E-7;2.1918602980098716E-7;7.406415113171567E-8;-7.961081347202395E-8;-4.2655742008514824E-8;-2.509813846656256E-9;-2.143575620651859E-7;-6.925918844443148E-8;1.4444031870138566E-7;1.6821157181634415E-7
2.1516067864659348E-7;1.3177252817903021E-7;-2.5680311971747143E-7;-1.566779230986725E-7;2.3822095063727686E-7;2.3745571105114797E-7;-1.0124634040169781E-7;2.180503237965041E-7;6.735305359906138E-8;-2.91782724157186E-7;3.273435562899051E-7;1.3949104842375984E-7;-2.737047386984401E-7;4.460326635585653E-8;-1.2491552693433288E-7;-3.0490440156240845E-7;2.93025108246925E-7;1.860173505177381E-7;-1.6158555053981988E-7;-5.421658369409402E-8;-2.9368490409767024E-8;-2.837479757553573E-7;-1.0334201015849642E-7;2.5347881814564643E-7;1.7308648128030725E-7
-2.0705424588493493E-7;3.699794411084174E-7;4.059767645053954E-9;2.7333181845767223E-7;2.7157701338625504E-7;-6.41654513849097E-8;-5.9603018853939595E-8;-2.410611589527154E-7;-1.7615368132436292E-8;-2.7530878605623567E-7;3.3704294391001243E-7;1.6586467103988846E-7;2.385087242320107E-7;1.0053214822296821E-7;-1.1029922967366525E-7;3.4720912291138896E-7;2.3407504435632454E-7;-1.869998642102956E-7;2.1243827721417997E-7;-1.4225540716635438E-7;-6.270231048592748E-8;-3.0666272228357784E-7;4.564465812705414E-8;-2.229660518218161E-7;5.425014130663017E-8
-1.8519754897480148E-7;3.576083969436324E-7;-1.0439648343959043E-8;2.511852765064824E-7;2.700700742508915E-7;-4.7634111239305536E-8;-5.001689026798277E-8;-2.1605475461953016E-7;-1.442974905965614E-8;-2.473332789766276E-7;2.5228945853721327E-7;1.1514112383557731E-7;2.0962018638163422E-7;9.829759440045258E-8;-1.045848681418503E-7;2.9649472889249996E-7;1.7287701787668516E-7;-7.448573917092756E-8;1.1755396742281779E-7;-1.2525388066564297E-7;-7.953235435995036E-8;-2.3067722116432754E-7;3.6363234534687524E-8;-1.312840018316519E-7;6.028173998241777E-8
-1.6334085206651718E-7;3.452373527239628E-7;-2.4939064351809116E-8;2.2903873455686535E-7;2.6856313516596965E-7;-3.1102771119526414E-8;-4.142657301032005E-8;-1.9117546472160445E-7;-1.1665171283666634E-8;-2.2272968872712388E-7;1.6908765462279876E-7;6.455791469162302E-8;1.831578778926302E-7;9.868785283191564E-8;-1.0153698446517125E-7;2.51317116958614E-7;1.1191280138275365E-7;3.20775760119546E-8;2.8305274909890973E-8;-1.1227259788400373E-7;-9.765571664333173E-8;-1.5566871982648398E-7;2.7894183464733997E-8;-4.306266637440825E-8;6.716437871728206E-8
-1.4148415516326415E-7;3.328663084430461E-7;-3.9438480386667655E-8;2.0689219260593463E-7;2.670561961365132E-7;-1.4571431033942761E-8;-3.384491839890901E-8;-1.6626098414012718E-7;-9.272299045140385E-9;-2.011444334024807E-7;8.908244293283458E-8;1.515476278479549E-8;1.5799509715813095E-7;1.0087840292228527E-7;-1.0033049496889517E-7;2.0975561624614595E-7;5.08527773288678E-8;1.234360815956395E-7;-4.9003358952713404E-8;-1.0213765133410468E-7;-1.1296115907585562E-7;-7.993032892068095E-8;2.014530450587682E-8;3.645556799273338E-8;7.26249572081048E-8
-1.1962745826563248E-7;3.2049526411309204E-7;-5.393789644509583E-8;1.8474565065196823E-7;2.655492571502774E-7;1.9599090218702685E-9;-2.7290955081637484E-8;-1.4120474483191735E-7;-7.213464517888219E-9;-1.8243885333929242E-7;1.4391460030087984E-8;-3.162085949827404E-8;1.3346330149516224E-7;1.0417331794141472E-7;-1.0035212786835448E-7;1.7106893191374094E-7;-8.880870578657756E-9;1.9027002554724698E-7;-1.0750178600960491E-7;-9.425440716976018E-8;-1.2176904655105027E-7;-4.98912554657326E-9;1.3353459734098615E-8;9.94967728160782E-8;7.536444149710677E-8
-9.777076137432346E-8;3.0812421974321745E-7;-6.843731252306594E-8;1.6259910869347652E-7;2.640423181981968E-7;1.8491249052362796E-8;-2.1786155059749708E-8;-1.1594790843754465E-7;-5.4529319794195056E-9;-1.6661272780221016E-7;-5.264045186982481E-8;-7.41071399495495E-8;1.0918749509190313E-7;1.0796133310349958E-7;-1.0111841614598334E-7;1.3505032693519894E-7;-6.486131313884903E-8;2.2533086260409945E-7;-1.416497651754484E-7;-8.82810776912663E-8;-1.2128052336228412E-7;6.592137264500221E-8;7.838242125252757E-9;1.38832470235893E-7;7.506864321658038E-8
-7.591406449048038E-8;2.957531753380705E-7;-8.293672861645091E-8;1.4045256672922857E-7;2.625353792760988E-7;3.502258906140568E-8;-1.7351811227791983E-8;-9.047169393113827E-8;-3.950783033416453E-9;-1.5374502451388971E-7;-1.0967362867498493E-7;-1.1061117511169134E-7;8.497208934368357E-8;1.1170454111323575E-7;-1.0223360278529875E-7;1.0160703144309232E-7;-1.1424816445216267E-7;2.250421230205536E-7;-1.4862913807329442E-7;-8.395565999569997E-8;-1.0998888457461868E-7;1.289154429851689E-7;3.825889840249075E-9;1.4999695647844012E-7;7.231759034688018E-8
-5.4057367615557656E-8;2.8338213089829425E-7;-9.743614472076337E-8;1.183060247582868E-7;2.610284403842205E-7;5.155392905265222E-8;-1.4007823034007117E-8;-6.47911851633849E-8;-2.6617424811199494E-9;-1.4395036580037868E-7;-1.5456994989875388E-7;-1.3956686870690148E-7;6.074209209513693E-8;1.1493598509001957E-7;-1.0337935139142907E-7;7.055676560787042E-8;-1.5419864718651214E-7;1.9037047418847786E-7;-1.2910718920694422E-7;-8.10282187371233E-8;-8.795375544837226E-8;1.801052806710163E-7;1.3753985688363584E-9;1.3254440891837061E-7;6.83515264293145E-8
-3.220067075159775E-8;2.7101108642053165E-7;-1.119355608310867E-7;9.615948277972948E-8;2.595215015271755E-7;6.80852690296154E-8;-1.176855491163587E-8;-3.8945872555441844E-8;-1.5328331308931256E-9;-1.3734485431860513E-7;-1.8555233905168805E-7;-1.596484960623379E-7;3.6472992400896197E-8;1.1731563469475123E-7;-1.0428190706766651E-7;4.14654197133165E-8;-1.823300302972843E-7;1.269855893383295E-7;-8.73766703018401E-8;-7.928058675498904E-8;-5.681808134590434E-8;2.162145730440589E-7;1.8431402125701357E-10;9.06392848614256E-8;6.460102544327268E-8
-1.0343973901153932E-8;2.5864004189805226E-7;-1.2643497694197046E-7;7.401294079272732E-8;2.580145627134802E-7;8.461660899591585E-8;-1.0646463296250728E-8;-1.2993963742416949E-8;-5.01596008606996E-10;-1.3401613806786327E-7;-2.0137060744877366E-7;-1.699376008812364E-7;1.2162982235018177E-8;1.1856106207742983E-7;-1.047856509891048E-7;1.364550979983301E-8;-1.9684314003953565E-7;4.453537380829257E-8;-3.09056410454193E-8;-7.850703020952896E-8;-1.9579099072393872E-8;2.3488574143116477E-7;-8.322148369478207E-11;3.216023741686403E-8;6.240460839929209E-8
1.1512722933161305E-8;2.462689973227482E-7;-1.409343930477975E-7;5.186639879663866E-8;2.5650762395329997E-7;1.0114794895523839E-7;-1.0646882190858446E-8;1.2993735377800916E-8;4.945056999223077E-10;-1.340149392280973E-7;-2.0136978344781532E-7;-1.6993941563946725E-7;-1.2148046753446072E-8;1.1855368047075663E-7;-1.0479094378180578E-7;-1.3697688625455555E-8;-1.9682250700964935E-7;-4.4557983096909965E-8;3.071975505506248E-8;-7.859786480724099E-8;1.9768458328603437E-8;2.3486025340016723E-7;-4.400766852891209E-11;-3.2085968222916536E-8;6.249600820472266E-8
3.3369419749340155E-8;2.3389795268819956E-7;-1.554338091441865E-7;2.971985679102234E-8;2.550006852547175E-7;1.1767928891054057E-7;-1.1769666214769058E-8;3.894509126355729E-8;1.5247211703008652E-9;-1.373427511420189E-7;-1.8554947991152062E-7;-1.596489067387321E-7;-3.645140440355447E-8;1.1730688730849487E-7;-1.0428705530656634E-7;-4.1494583006914705E-8;-1.8230000646995064E-7;-1.2700694007232585E-7;8.719557619971144E-8;-7.953434006880703E-8;5.6977734540431224E-8;2.1615918042083282E-7;-3.027072349414243E-10;-9.053841333263234E-8;6.486026380970467E-8
5.522611654628261E-8;2.215269079919529E-7;-1.6993322522924805E-7;7.573314775595276E-9;2.5349374662131064E-7;1.342106288633343E-7;-1.4009816618779009E-8;6.479057050837253E-8;2.654416767879191E-9;-1.4394935280192987E-7;-1.5456461327289986E-7;-1.3956212314644529E-7;-6.072773140048749E-8;1.1493383659809177E-7;-1.0337811908291688E-7;-7.058992807983487E-8;-1.5416769229886184E-7;-1.9040101308354856E-7;1.2892205652456744E-7;-8.139938091112092E-8;8.809611270782084E-8;1.8000637560011423E-7;-1.4467503195949302E-9;-1.3246687723974793E-7;6.87364076957855E-8
7.708281332342239E-8;2.09155863236296E-7;-1.844326413043618E-7;-1.4573227250237862E-8;2.519868080511209E-7;1.507419688130184E-7;-1.7355568519083632E-8;9.047106839206006E-8;3.943098583647588E-9;-1.5374404828527158E-7;-1.0967067072841936E-7;-1.1061215249436494E-7;-8.496075555144686E-8;1.1169396066625971E-7;-1.022381932281361E-7;-1.0162901014251959E-7;-1.1420209524249982E-7;-2.2506896532839583E-7;1.4844986474279969E-7;-8.437392639663123E-8;1.1009138507393409E-7;1.2879345619368252E-7;-3.893650510664364E-9;-1.4987540017922884E-7;7.277807277613625E-8
9.893951007975631E-8;1.9678481842743988E-7;-1.9893205737451124E-7;-3.671976928811002E-8;2.504798695379139E-7;1.6727330875659211E-7;-2.1791149008373375E-8;1.1594687189771018E-7;5.44460474902198E-9;-1.666112615088696E-7;-5.264101955644553E-8;-7.411338000680856E-8;-1.0917681221939017E-7;1.0794817206891703E-7;-1.0112652408842247E-7;-1.3505208650078923E-7;-6.482126824804288E-8;-2.2535434970181107E-7;1.4147160958955335E-7;-8.868150074163146E-8;1.2133265237385342E-7;6.58079407324176E-8;-7.875367043105962E-9;-1.3869902296492523E-7;7.549151785903619E-8
1.2079620681393159E-7;1.8441377357434419E-7;-2.1343147344677748E-7;-5.8866311340398476E-8;2.4897293107281363E-7;1.8380464868992405E-7;-2.7297279836881756E-8;1.412036287721815E-7;7.204887643852996E-9;-1.8243748007421068E-7;1.4390487013085096E-8;-3.1629821352315425E-8;-1.3345820413674254E-7;1.0415672833238881E-7;-1.0036381551027367E-7;-1.710583481246783E-7;-8.837667348285258E-9;-1.9029040071763963E-7;1.0732080719802198E-7;-9.456170403866475E-8;1.2177019978216281E-7;-5.109452223761698E-9;-1.3357490108183982E-8;-9.935653328029705E-8;7.566379004316569E-8
1.42652903524596E-7;1.7204272868784874E-7;-2.2793088952856828E-7;-8.10128534097457E-8;2.4746599264515725E-7;2.0033598860903602E-7;-3.3852521447683205E-8;1.6625981392584176E-7;9.263416265424496E-9;-2.0114309483863031E-7;8.908081571031599E-8;1.5143084116820216E-8;-1.5799649122717137E-7;1.0085871997278042E-7;-1.0034547383635467E-7;-2.0973263870129386E-7;5.0897103856787894E-8;-1.2344961050245936E-7;4.881282819688061E-8;-1.0228439084269295E-7;1.1290706849476433E-7;-8.005377242322163E-8;-2.0111583521946263E-8;-3.631663429038178E-8;7.272324609327355E-8
1.6450960021019145E-7;1.5967168377993191E-7;-2.424303056270637E-7;-1.0315939549911506E-7;2.4595905424325656E-7;2.168673285103825E-7;-4.143537705907737E-8;1.9117423867061214E-7;1.1655681400436298E-8;-2.2272818394884542E-7;1.6908543949223563E-7;6.454345196476856E-8;-1.8316554452361136E-7;9.866502539261858E-8;-1.0155536570895857E-7;-2.512806432293943E-7;1.1195617271126601E-7;-3.2082104342965456E-8;-2.851097422661266E-8;-1.1220761065288513E-7;9.75450832400358E-8;-1.5579014830895463E-7;-2.7822252745589674E-8;4.3193390314094336E-8;6.700617468550041E-8
1.8636629686842056E-7;1.473006388632134E-7;-2.56929721749264E-7;-1.253059376121202E-7;2.44452115854921E-7;2.3339866839065257E-7;-5.0026847401346315E-8;2.1605347330754443E-7;1.4419361905212822E-8;-2.473315032351601E-7;2.5228668757850984E-7;1.151238214634016E-7;-2.0963382242418648E-7;9.827162243981635E-8;-1.0460665015417516E-7;-2.9644392590840485E-7;1.7291786959759674E-7;7.44911969322913E-8;-1.1778135462717615E-7;-1.2494452130982853E-7;7.9365028573513E-8;-2.307940584295498E-7;-3.625248097553562E-8;1.314005122769234E-7;5.98377372225143E-8
2.0822299350038593E-7;1.3492959394765068E-7;-2.7142913789592955E-7;-1.474524797489422E-7;2.4294517747032946E-7;2.4993000825136454E-7;-5.961410515548661E-8;2.4105982030578646E-7;1.7603801747307298E-8;-2.75306698297628E-7;3.370396792217853E-7;1.6584445966588234E-7;-2.385280061254718E-7;1.0050288353384262E-7;-1.1032451545356702E-7;-3.4714316061482437E-7;2.341130381605041E-7;1.8701551603300533E-7;-2.1269570971610782E-7;-1.4168648869001947E-7;6.247723299541887E-8;-3.0677634424540394E-7;-4.549373224149973E-8;2.2306743112628348E-7;5.350804536017097E-8
-2.139919305450876E-7;3.731365038921135E-7;-1.0566249811934412E-8;2.825572625068594E-7;2.763012432560362E-7;-5.1691153933839844E-8;-1.4975688317129848E-8;-2.6273269810851674E-7;3.37144952550592E-8;-2.458054766725353E-7;3.4541061690871715E-7;1.9323487256672087E-7;1.8825440843370221E-7;1.441108222249553E-7;-8.262426058241295E-8;3.5497249811857425E-7;1.6053608098284761E-7;-1.9610123177521605E-7;2.588733572276395E-7;-2.0731858689050227E-7;-1.329937509278187E-7;-2.9406613593907895E-7;-1.8244520016366008E-8;-1.7323749323252091E-7;-8.127754156129697E-8
-1.9213523364966452E-7;3.6076545987987735E-7;-2.5065665826684982E-8;2.6041072053073253E-7;2.7479430396913087E-7;-3.515981378853041E-8;-5.980168813015207E-9;-2.3556416583002245E-7;3.1834998403415144E-8;-2.171242646484822E-7;2.598165726355649E-7;1.37518112659089E-7;1.639877755657116E-7;1.315231465277083E-7;-8.427049085327312E-8;3.015133431153953E-7;1.1591095915203897E-7;-8.202381235987608E-8;1.518318333035634E-7;-1.8682740684891278E-7;-1.4163882259269167E-7;-2.1992372213939132E-7;-1.8217808540934254E-9;-1.0557759976761175E-7;-6.255929794356342E-8
-1.7027853675615023E-7;3.483944158165411E-7;-3.956508186069447E-8;2.3826417855576265E-7;2.7328736472875644E-7;-1.8628473668876016E-8;2.1471960339676525E-9;-2.0851115431015203E-7;2.9618133063366502E-8;-1.916250464733391E-7;1.7589115673294516E-7;8.212476698403603E-8;1.4195871140741455E-7;1.219006787031577E-7;-8.870366272944724E-8;2.5400867586661555E-7;7.118715121265528E-8;2.5931663943806202E-8;5.147759555888337E-8;-1.7273879345473865E-7;-1.5310392304786629E-7;-1.4674857022739549E-7;1.4044594242427616E-8;-4.071072967714397E-8;-4.81794305640329E-8
-1.4842183986770188E-7;3.3602337169722825E-7;-5.406449792285996E-8;2.16117636578823E-7;2.717804255381385E-7;-2.097133583782212E-9;9.367918205546615E-9;-1.8139692340920345E-7;2.6984215053927257E-8;-1.6905823233726268E-7;9.526084212420637E-8;2.813239895456541E-8;1.213218646641383E-7;1.1444200932919078E-7;-9.501683691796269E-8;2.105766913756319E-7;2.6255219540289848E-8;1.1855332513046582E-7;-3.561759180171033E-8;-1.6309678760840038E-7;-1.6223135534939718E-7;-7.299426986277194E-8;2.7772151746133463E-8;1.7786910211818694E-8;-3.845476545968656E-8
-1.265651429849419E-7;3.236523275347611E-7;-6.85639140106391E-8;1.9397109459792213E-7;2.702734863840198E-7;1.4434206470356105E-8;1.5643148026372084E-8;-1.5410565545573113E-7;2.3889912722231023E-8;-1.4936860108941261E-7;2.0033681437542122E-8;-2.292213353965018E-8;1.0157703392826714E-7;1.0863499517219869E-7;-1.0237674661884564E-7;1.7052426493201614E-7;-1.7749396134130525E-8;1.8652079776767502E-7;-1.0211711141394853E-7;-1.5674687545704086E-7;-1.647670197992121E-7;-2.0317267624060285E-10;3.770271760245285E-8;6.439790084193344E-8;-3.366875130983734E-8
-1.0470844610864786E-7;3.112812833383536E-7;-8.306333012094905E-8;1.7182455261139056E-7;2.6876654725698467E-7;3.09655464970529E-8;2.0936056094503947E-8;-1.2657435332642444E-7;2.0329069946235757E-8;-1.326234234442566E-7;-4.74502493033046E-8;-6.925772572279388E-8;8.243164847116662E-8;1.0414677545719633E-7;-1.0999460606705596E-7;1.336683784302004E-7;-5.899091737785574E-8;2.225718196174462E-7;-1.4205607593976984E-7;-1.5288210995325737E-7;-1.575992953988119E-7;6.849169969575562E-8;4.2500616762773625E-8;9.395480711471016E-8;-3.347147618288218E-8
-8.285174923998475E-8;2.9891023911230645E-7;-9.756274625004433E-8;1.4967801061788902E-7;2.672596081529468E-7;4.749688649968588E-8;2.5214015174431766E-8;-9.87847299103584E-8;1.6332089126229633E-8;-1.189540957285569E-7;-1.048526979860816E-7;-1.0905200004173787E-7;6.37047405050731E-8;1.0075344999615818E-7;-1.171373651683817E-7;9.989882750241873E-8;-9.535423677155293E-8;2.2311206736698425E-7;-1.5239293182960032E-7;-1.5083753106983494E-7;-1.39077378527573E-7;1.2937650556302985E-7;4.146890388823167E-8;1.0323088379790856E-7;-3.6755217575165157E-8
-6.099505238077264E-8;2.8653919485545697E-7;-1.1206216239350234E-7;1.275314686162399E-7;2.6575266907378854E-7;6.402822648148731E-8;2.844796712003865E-8;-7.075569281110588E-8;1.1958316008276083E-8;-1.0852167580120914E-7;-1.5002644801687063E-7;-1.406020065007082E-7;4.5286145531367375E-8;9.831285147264745E-8;-1.231430000500232E-7;6.896584800696081E-8;-1.2476186498394238E-7;1.8910837358049516E-7;-1.338461263148009E-7;-1.4998169957828503E-7;-1.0922120040646135E-7;1.7876767258052462E-7;3.4651761424784824E-8;9.196128516586148E-8;-4.1711624424255764E-8
-3.913835553349524E-8;2.741681505621252E-7;-1.265615785460684E-7;1.0538492660546492E-7;2.642457300267495E-7;8.055956644590611E-8;3.061672596494911E-8;-4.253572152403865E-8;7.295466468511927E-9;-1.0147228259238365E-7;-1.8119374927126782E-7;-1.6248153940133486E-7;2.708860849796252E-8;9.673489785909735E-8;-1.2746576505706734E-7;4.0355769697792866E-8;-1.4543903192800084E-7;1.2629624832411282E-7;-9.114685873895683E-8;-1.4979226666670565E-7;-6.979935677844649E-8;2.1353890230646968E-7;2.294920567339227E-8;6.311960370499147E-8;-4.642737157378136E-8
-1.72816587011802E-8;2.617971062230453E-7;-1.4106099470158775E-7;8.323838458466931E-8;2.627387910231923E-7;9.709090639679034E-8;3.1704567737742367E-8;-1.4191782644384992E-8;2.450877429126041E-9;-9.791742627562038E-8;-1.9710736198850807E-7;-1.736885318806037E-7;9.016249346744846E-9;9.595861300496065E-8;-1.297282550839777E-7;1.324969996818677E-8;-1.561152065060385E-7;4.42981991454683E-8;-3.2352031860063944E-8;-1.4985335388712036E-7;-2.3929227615667028E-8;2.3150216808862686E-7;7.988422777485129E-9;2.236814883998443E-8;-4.9215594935614473E-8
4.575038112765708E-9;2.4942606182614134E-7;-1.5556041085239168E-7;6.109184255317494E-8;2.612318520778865E-7;1.1362224633903029E-7;3.170426114785274E-8;1.4193144403239396E-8;-2.4560897875399562E-9;-9.791668565705236E-8;-1.9710652096892255E-7;-1.7368703261643336E-7;-9.000765031611025E-9;9.595856883298975E-8;-1.2972727358189559E-7;-1.3297523186453785E-8;-1.5610765881295923E-7;-4.431790845061211E-8;3.201298197436133E-8;-1.4994605692804691E-7;2.4126672220502455E-8;2.3146816551083287E-7;-8.095739705653915E-9;-2.249539917213516E-8;-4.915518451767543E-8
2.6431734905560088E-8;2.3705501736145602E-7;-1.7005982699271508E-7;3.894530051039296E-8;2.5972491320291493E-7;1.3015358627630985E-7;3.061552957330206E-8;4.253667235711362E-8;-7.300796807544264E-9;-1.0147049175673581E-7;-1.811926028792493E-7;-1.6247827859793147E-7;-2.7071388899405546E-8;9.673579686101479E-8;-1.2746149438486662E-7;-4.0392175512585325E-8;-1.4542720854315597E-7;-1.2630438956928454E-7;9.080092602958321E-8;-1.5004755439362605E-7;6.9968707737886E-8;2.1345700659424848E-7;-2.3036817705785387E-8;-6.323363929454817E-8;-4.624573893836831E-8
4.828843167523319E-8;2.2468397282356966E-7;-1.8455924312000703E-7;1.67987584557865E-8;2.5821797440552587E-7;1.4668492621042058E-7;2.8445114975554974E-8;7.075644029201363E-8;-1.1964012682514417E-8;-1.0852001342004805E-7;-1.5002379176312497E-7;-1.4059912594274482E-7;-4.5268916305381715E-8;9.830947463621035E-8;-1.2314023700473062E-7;-6.898591567166833E-8;-1.2473757289187156E-7;-1.89132148763701E-7;1.335227288193083E-7;-1.5034898056228183E-7;1.0935603018306721E-7;1.78645175620568E-7;-3.47289367881432E-8;-9.205912847801713E-8;-4.1419071440192105E-8
7.014512842143302E-8;2.123129282157069E-7;-1.9905865923643256E-7;-5.3477836111890304E-9;2.5671103568275776E-7;1.6321626614030374E-7;2.5209468941070897E-8;9.878532550811198E-8;-1.6338041474046238E-8;-1.1895251252436911E-7;-1.0485057749969534E-7;-1.0905171119749828E-7;-6.369061515674504E-8;1.0074526203822144E-7;-1.1713821385207926E-7;-9.990738208330343E-8;-9.531862356728616E-8;-2.2313890766512124E-7;1.5208095280719514E-7;-1.5125318996872004E-7;1.3917070096764156E-7;1.2922208245428034E-7;-4.152966415177497E-8;-1.0330085465086428E-7;-3.641359466475461E-8
9.200182514403311E-8;1.9994188354606483E-7;-2.1355807534743978E-7;-2.7494325691686713E-8;2.552040970261655E-7;1.7974760606295393E-7;2.0930547474607984E-8;1.265746205244035E-7;-2.0335816507279534E-8;-1.3261991340451451E-7;-4.7449522362480396E-8;-6.926059203645623E-8;-8.241948795393296E-8;1.0413441706094217E-7;-1.0999965841440005E-7;-1.3366158918005563E-7;-5.895282824672636E-8;-2.2259818577569814E-7;1.4175204258699063E-7;-1.5327970797353939E-7;1.5764687275314564E-7;6.833061965656089E-8;-4.2538912215217645E-8;-9.400246672180601E-8;-3.318668913765496E-8
1.1385852184268716E-7;1.8757083882566704E-7;-2.280574914601156E-7;-4.964086778748774E-8;2.5369715842470175E-7;1.9627894597471236E-7;1.563625946965936E-8;1.541058023027464E-7;-2.389692993956229E-8;-1.4936474298204662E-7;2.003267126439965E-8;-2.2928266306621054E-8;-1.0157159864886251E-7;1.0861968063789912E-7;-1.0238581196148067E-7;-1.705093241467535E-7;-1.7708727186933215E-8;-1.8654573575063374E-7;1.0181427192770647E-7;-1.5703750815165248E-7;1.647658907792323E-7;-3.7225580830559937E-10;-3.770888501514292E-8;-6.443864218396688E-8;-3.347984214843742E-8
1.3571521851680785E-7;1.7519979406726808E-7;-2.4255690758203866E-7;-7.178740990081621E-8;2.5219021986567464E-7;2.1281028587187223E-7;9.359589045356418E-9;1.8139702086985446E-7;-2.699167657000767E-8;-1.6905426610858987E-7;9.525937294610926E-8;2.8124024259624772E-8;-1.2132400724758472E-7;1.1442363450419472E-7;-9.502931396428211E-8;-2.1055346242435075E-7;2.6298586663813212E-8;-1.1857277344662603E-7;3.530826144570512E-8;-1.632048489771498E-7;1.6217624243932736E-7;-7.316817980427163E-8;-2.7743191249832497E-8;-1.782701381556836E-8;-3.841150154226527E-8
1.575719151653985E-7;1.6282874928474211E-7;-2.5705632372068745E-7;-9.393395203435625E-8;2.5068328133527984E-7;2.2934162575094506E-7;2.137543461282552E-9;2.0851122322085182E-7;-2.9626332463456502E-8;-1.9162065240143343E-7;1.7588902439120222E-7;8.211399522491443E-8;-1.419683841522631E-7;1.2187920072265184E-7;-8.871947934107454E-8;-2.5397626870422114E-7;7.123091664734211E-8;-2.594381118408178E-8;-5.1801276136203345E-8;-1.726081110746573E-7;1.5299342417210288E-7;-1.469199629903091E-7;-1.3978683117290883E-8;4.0659069990190594E-8;-4.832346683011324E-8
1.7942861178664914E-7;1.5045770449251853E-7;-2.7155573988334883E-7;-1.1608049419153491E-7;2.491763428194213E-7;2.4587296560873105E-7;-5.99108750157385E-9;2.3556423256967796E-7;-3.1844254082159495E-8;-2.171193466538703E-7;2.5981381770020854E-7;1.3750499866225632E-7;-1.640046930899367E-7;1.3149877504068268E-7;-8.42894164189751E-8;-3.0147082397524576E-7;1.1595295897693802E-7;8.202018492975354E-8;-1.5218009938629516E-7;-1.8642147407044055E-7;1.414720990762756E-7;-2.2008841295523624E-7;1.9267967199897763E-9;1.0550118796705597E-7;-6.291199758583525E-8
2.0128530838182863E-7;1.3808665970234979E-7;-2.860551560712074E-7;-1.3822703637256809E-7;2.476694043062824E-7;2.6240430544657045E-7;-1.4987838461507618E-8;2.627327975836646E-7;-3.372520085410164E-8;-2.4579996609103696E-7;3.4540739347565224E-7;1.9321950438471882E-7;-1.882779858304272E-7;1.4408357378208166E-7;-8.264615296219256E-8;-3.5491846484827024E-7;1.605753029055304E-7;1.9610650838373696E-7;-2.5925946012535855E-7;-2.0661911376586548E-7;1.3276896471822549E-7;-2.9422524069278433E-7;1.8390569714021124E-8;1.7312622692044012E-7;-8.184879655608771E-8
-2.2092961521838446E-7;3.7629356680649115E-7;-2.5192267261004204E-8;2.917827065340968E-7;2.810254730018333E-7;-3.921685645351834E-8;3.212924602829595E-8;-2.8301721220170544E-7;8.558107582904032E-8;-2.0438404632131397E-7;3.519784437149124E-7;2.208873419776541E-7;1.2532813976193618E-7;1.7335270625836776E-7;-4.211532543322954E-8;3.269933151357263E-7;7.788391512351626E-8;-2.1223379104056102E-7;2.9637263410054564E-7;-2.3757911899228225E-7;-1.690870470521078E-7;-2.4758585203378004E-7;-8.445759134546106E-8;-1.067217180185851E-7;-1.9972898775327252E-7
-1.9907291833654243E-7;3.6392252292907E-7;-3.969168330391702E-8;2.696361645357624E-7;2.7951853358081724E-7;-2.268551631322585E-8;4.055018551684482E-8;-2.5386968351382776E-7;7.869683512178551E-8;-1.7541881010477783E-7;2.6556468476081474E-7;1.604873489491643E-7;1.0683585369038928E-7;1.5123115684968805E-7;-5.16049158427491E-8;2.74391109849131E-7;5.267177848939278E-8;-9.569714015320496E-8;1.784609438306297E-7;-2.160111994426327E-7;-1.7280706016525022E-7;-1.8349790554457672E-7;-4.239469954973506E-8;-6.828166516036842E-8;-1.6948811343186901E-7
-1.7721622145667654E-7;3.5155147900623783E-7;-5.4191099366010646E-8;2.474896225380812E-7;2.780115942006926E-7;-6.154176197685334E-9;4.82280365399649E-8;-2.2481497627272757E-7;7.152758103285428E-8;-1.493533500143575E-7;1.8091344071469676E-7;1.0059891650706093E-7;9.036036920061663E-8;1.3218159971839933E-7;-6.379134504271688E-8;2.278116123988901E-7;2.7117338744140003E-8;1.4429095755430899E-8;6.817010208293688E-8;-2.0244901917695445E-7;-1.80324530287667E-7;-1.2037009524653226E-7;-2.3098139741596936E-9;-3.166396645729285E-8;-1.4843018976460098E-7
-1.553595245818357E-7;3.391804350350584E-7;-6.869051545689005E-8;2.253430805376954E-7;2.765046548623856E-7;1.03771638837323E-8;5.50988539652156E-8;-1.956623869145845E-7;6.386387005568309E-8;-1.2606572816234043E-7;9.963968493055058E-8;4.232495997078183E-8;7.540201845578717E-8;1.1550367299356114E-7;-7.777304901294015E-8;1.857371773881066E-7;1.3262959486491878E-9;1.0904375684116019E-7;-2.760452179683831E-8;-1.9452432313578246E-7;-1.859655673170661E-7;-5.703205162083001E-8;3.281092427820296E-8;1.3719779615779625E-9;-1.3520193661956484E-7
-1.335028277126129E-7;3.268093910291176E-7;-8.318993157507651E-8;2.0319653853232186E-7;2.7499771555136433E-7;2.690850393367803E-8;6.110429060670631E-8;-1.6628748976604997E-7;5.558242197207403E-8;-1.0559850252143899E-7;2.384869857131172E-8;-1.2719624865067817E-8;6.16620239594635E-8;1.0091379586493149E-7;-9.254900350041966E-8;1.4768765020176118E-7;-2.394198183633744E-8;1.7885553851997165E-7;-1.0105677263773976E-7;-1.9069975655938974E-7;-1.8516919684555496E-7;5.1381851143809855E-9;5.948163587577946E-8;2.7896236533233835E-8;-1.2917293905662474E-7
-1.1164613084987015E-7;3.144383469973746E-7;-9.768934771867483E-8;1.810499965200537E-7;2.734907762580596E-7;4.343984395444697E-8;6.619196803667677E-8;-1.3662413669186295E-7;4.663758734468385E-8;-8.809660916554364E-8;-4.412232672450939E-8;-6.264993228559419E-8;4.894389390501111E-8;8.83824477519711E-8;-1.0706138205371099E-7;1.1357320757995556E-7;-4.757849072021581E-8;2.166085833155132E-7;-1.4582680639032664E-7;-1.8977387080696278E-7;-1.746293081594438E-7;6.350118646105607E-8;7.477366504801215E-8;4.5122471972480194E-8;-1.2930457309694307E-7
-8.978943399492439E-8;3.0206730294316654E-7;-1.1218876388475319E-7;1.5890345449935923E-7;2.719838369790144E-7;5.997118394842438E-8;7.031775384006881E-8;-1.0665657694141867E-7;3.705127423555946E-8;-7.375485090094241E-8;-1.019278538832693E-7;-1.0551372833799426E-7;3.7097616112788104E-8;7.803214763530862E-8;-1.2024599645122598E-7;8.33217922822953E-8;-6.835761826767829E-8;2.1868812433983092E-7;-1.5862257399837912E-7;-1.9068191390648734E-7;-1.5260476458534717E-7;1.1493288831644389E-7;7.700298520771436E-8;5.137079912420228E-8;-1.3386086573226265E-7
-6.79327371498762E-8;2.8969625886352334E-7;-1.26688180068805E-7;1.3675691246894392E-7;2.7047689771785104E-7;7.650252391853362E-8;7.344494941249245E-8;-7.640960650868578E-8;2.690537417342724E-8;-6.277726314615822E-8;-1.4740481916502814E-7;-1.3948323984080942E-7;2.5958750063016995E-8;7.00395994452672E-8;-1.3111909555250215E-7;5.657924489016381E-8;-8.510675062529935E-8;1.8609577996640217E-7;-1.4028045819093618E-7;-1.9243538849834013E-7;-1.1907244629222663E-7;1.5646175877079372E-7;6.63062870666378E-8;4.650054917882567E-8;-1.4048423946704817E-7
-4.6076040317546744E-8;2.7732521475019544E-7;-1.4118759626498957E-7;1.1461037042779904E-7;2.689699584844456E-7;9.303386386828135E-8;7.554571172023302E-8;-4.594033394428205E-8;1.6325477950653587E-8;-5.5344956318867E-8;-1.787861499686663E-7;-1.6304482828221134E-7;1.5355711293159432E-8;6.459147905889604E-8;-1.388615477473168E-7;3.2691772418697583E-8;-9.686240686453465E-8;1.2452505733411477E-7;-9.585432074469678E-8;-1.9418349506186227E-7;-7.578087434503202E-8;1.8561625085716136E-7;4.465919785082406E-8;3.213197572882051E-8;-1.4668533743646448E-7
-2.4219343501517945E-8;2.649541705907681E-7;-1.5568701246632938E-7;9.246382837504686E-8;2.6746301929383275E-7;1.0956520380179344E-7;7.660034209992353E-8;-1.532858598855486E-8;5.471647899713742E-9;-5.159384212740602E-8;-1.9480548945637283E-7;-1.7510931284681082E-7;5.086645077455298E-9;6.182922485957706E-8;-1.4288597415157362E-7;1.0669008019808557E-8;-1.0291929305534135E-7;4.372309799565378E-8;-3.409841327039153E-8;-1.9527630593023146E-7;-2.595328476147655E-8;2.0062654346249777E-7;1.5704784239382474E-8;1.135218726535397E-8;-1.5034310963551562E-7
-2.3626467054583747E-9;2.5258312637040207E-7;-1.7018642866409625E-7;7.031728631010263E-8;2.659560801635622E-7;1.260965437243781E-7;7.659955314496784E-8;1.5331297702133938E-8;-5.47488411268818E-9;-5.159405592788916E-8;-1.9480583498372068E-7;-1.7510885704467222E-7;-5.066991840645168E-9;6.183045864311618E-8;-1.4288488932419907E-7;-1.0699443880292777E-8;-1.0291753262540346E-7;-4.373235412896748E-8;3.3664438757229664E-8;-1.9536756723020338E-7;2.6123249984608877E-8;2.0059566177866857E-7;-1.5787130068494293E-8;-1.1646216657099153E-8;-1.5029728016770955E-7
1.9494050066640772E-8;2.4021208207391033E-7;-1.8468584485030062E-7;4.8170744232223624E-8;2.644491411119679E-7;1.4262788364098525E-7;7.554349163416564E-8;4.594288785287463E-8;-1.632872710117641E-8;-5.5344621046807595E-8;-1.7878660798397038E-7;-1.6304301348195426E-7;-1.5336698974357504E-8;6.459313132340654E-8;-1.3885724655327965E-7;-3.2716091676232975E-8;-9.685518269269582E-8;-1.2453699451923922E-7;9.542687286739867E-8;-1.944374328365011E-7;7.593316070594763E-8;1.8552398293879491E-7;-4.472892455138223E-8;-3.242219974788959E-8;-1.465570038406471E-7
4.1350746811110686E-8;2.2784103768976234E-7;-1.9918526102002562E-7;2.6024202140462597E-8;2.629422021537734E-7;1.5915922355477534E-7;7.34419036746328E-8;7.641210443345673E-8;-2.6909581875990856E-8;-6.277390332274812E-8;-1.4740205940093072E-7;-1.3947881915937278E-7;-2.5939463214714587E-8;7.003635292327925E-8;-1.3111419730629902E-7;-5.6590284219754404E-8;-8.508437750468195E-8;-1.8612896324434765E-7;1.398837164819171E-7;-1.9281740636405414E-7;1.1920292264244349E-7;1.563144682292746E-7;-6.637695218938911E-8;-4.6764995281726484E-8;-1.403367770212462E-7
6.320744352864532E-8;2.1546999322399573E-7;-2.136846771770227E-7;3.877660034714253E-9;2.614352632827258E-7;1.756905634638077E-7;7.031318452218939E-8;1.066587832124289E-7;-3.705587917232662E-8;-7.375070997655052E-8;-1.01923413939614E-7;-1.0550897172124486E-7;-3.708065900564936E-8;7.802556332418324E-8;-1.2024284462953131E-7;-8.332036481355352E-8;-6.832563039678128E-8;-2.1872047974849878E-7;1.5823922049229523E-7;-1.911160981152794E-7;1.5269231399095544E-7;1.1474984032366759E-7;-7.705985268355142E-8;-5.160096345062605E-8;-1.3369893031064745E-7
8.506414021999459E-8;2.03098948686832E-7;-2.2818409332727582E-7;-1.8268882085702054E-8;2.599283244881728E-7;1.9222190336505588E-7;6.618571989570357E-8;1.3662607186086205E-7;-4.6641801546211844E-8;-8.80923547413159E-8;-4.412195048724685E-8;-6.264939999023619E-8;-4.8934645741411655E-8;8.837422609867324E-8;-1.0706193821215021E-7;-1.1356870763344648E-7;-4.75446346836651E-8;-2.1663605077744425E-7;1.4544750233516555E-7;-1.901733652056107E-7;1.7467377173005337E-7;6.330141208254311E-8;-7.480084742519285E-8;-4.534007155886081E-8;-1.291551617668614E-7
1.069208368857232E-7;1.9072790409141715E-7;-2.4268350947822297E-7;-4.041542422205807E-8;2.584213857567854E-7;2.0875324325503863E-7;6.109640713465206E-8;1.6628899288022704E-7;-5.558685387558445E-8;-1.0559353724900433E-7;2.3846818258321378E-8;-1.2723277262743302E-8;-6.165842728685739E-8;1.0090148007358029E-7;-9.255465316855057E-8;-1.4767151970747511E-7;-2.39078406947645E-8;-1.7888386834941067E-7;1.0068990047825335E-7;-1.9097712162830873E-7;1.8516270788018476E-7;4.945534430869132E-9;-5.948845552090212E-8;-2.810264502108533E-8;-1.2907222139586533E-7
1.2877753352610698E-7;1.7835685945267482E-7;-2.5718292563777986E-7;-6.256196637611255E-8;2.5691444707355033E-7;2.2528458313024663E-7;5.5089734883851246E-8;1.9566381353126564E-7;-6.386941707005993E-8;-1.260591677901232E-7;9.96385740596577E-8;4.2320454869135104E-8;-7.540486333610766E-8;1.1548734675270799E-7;-7.778155141845884E-8;-1.8571415689368676E-7;1.364556120764563E-9;-1.0906551322355988E-7;2.723501106166874E-8;-1.9460411441917382E-7;1.859129364062544E-7;-5.72267621403354E-8;-3.2793836014638036E-8;-1.566139492268757E-9;-1.3519894213668853E-7
1.5063423014074608E-7;1.6598581478632565E-7;-2.7168234181374866E-7;-8.470850855026794E-8;2.554075084227437E-7;2.418159229873437E-7;4.821748833454527E-8;2.248164203074867E-7;-7.1533853962046E-8;-1.4934625754134746E-7;1.8091121706039918E-7;1.0059223558797411E-7;-9.037267144975121E-8;1.321628925305951E-7;-6.380339150575983E-8;-2.2778639990373766E-7;2.7156961994905366E-8;-1.4446439167143273E-8;-6.855192395045767E-8;-2.0226778057679547E-7;1.80226460415213E-7;-1.205607297042006E-7;2.3597230372158814E-9;3.1453159421239614E-8;-1.485328954053015E-7
1.7249092672837192E-7;1.536147701086702E-7;-2.86181758013696E-7;-1.0685505074773298E-7;2.539005697883033E-7;2.583472628232836E-7;4.0538257331648334E-8;2.5387115663621433E-7;-7.870423429327222E-8;-1.7541104005778993E-7;2.6556190442399465E-7;1.6047896432641507E-7;-1.068567832506477E-7;1.512102256391391E-7;-5.161975291081492E-8;-2.743610880264779E-7;5.2709549803817596E-8;9.568705777126802E-8;-1.7886838690067714E-7;-2.1552775944561548E-7;1.7265953854435015E-7;-1.836765186391642E-7;4.248085977746183E-8;6.803453263911275E-8;-1.697074283712701E-7
1.9434762329047451E-7;1.4124372543327937E-7;-3.006811742390909E-7;-1.2900159296867859E-7;2.5239363115628604E-7;2.7487860263924136E-7;3.211598875679539E-8;2.8301884230871226E-7;-8.55902913093406E-8;-2.0437547355574845E-7;3.5197534747674203E-7;2.208775504635679E-7;-1.2535646590863664E-7;1.7332981818919156E-7;-4.2132324827629064E-8;-3.269558479026961E-7;7.791746250568121E-8;2.1223156344236832E-7;-2.968219130262033E-7;-2.3677191949525727E-7;1.688869311857042E-7;-2.477516604307466E-7;8.458217116402908E-8;1.0641964032606866E-7;-2.0007091043172622E-7
-2.2786729990385648E-7;3.794506298474087E-7;-3.9818284703421936E-8;3.0100815054026285E-7;2.857497026269015E-7;-2.6742558946122962E-8;8.120184270786779E-8;-3.0189742117399103E-7;1.3702467170274975E-7;-1.525718793073622E-7;3.563782712596942E-7;2.480219628672864E-7;5.264327148180899E-8;1.87450788864284E-7;9.807563427346656E-9;2.6532366816341776E-7;-8.140533827462565E-9;-2.3343443613353603E-7;3.2149005051413754E-7;-2.2589538622843962E-7;-1.6395843817314443E-7;-1.7254748407676397E-7;-1.4868499881551856E-7;-2.829277595941158E-8;-2.7170077767240624E-7
-2.0601060303458731E-7;3.67079586085772E-7;-5.431770077660595E-8;2.7886160852244003E-7;2.842427630905821E-7;-1.0211218815410509E-8;8.908290398613755E-8;-2.7096452366586486E-7;1.253308964225799E-7;-1.2364899905400737E-7;2.691761634036015E-7;1.8330687885783124E-7;4.068357663249395E-8;1.5681337485989667E-7;-7.714257777244971E-9;2.1680694934467548E-7;-1.2384502521078966E-8;-1.1376604209895838E-7;1.9436196608542906E-7;-2.0586960963335252E-7;-1.667314727028109E-7;-1.2543440533132236E-7;-8.202195606227886E-8;-2.2258769901826268E-8;-2.332559684604278E-7
-1.841539061673615E-7;3.547085422866221E-7;-6.881711686820701E-8;2.567150665047388E-7;2.827358235875887E-7;6.3201212923897385E-9;9.633899090012736E-8;-2.4008935251349414E-7;1.133611426481798E-7;-9.72822227278454E-8;1.8380041452205056E-7;1.1927863173475797E-7;3.05395694366809E-8;1.2913399863046906E-7;-2.76766106149878E-8;1.741291919213372E-7;-1.7049786968999576E-8;-8.700893976372025E-10;7.563476492197714E-8;-1.945420497662078E-7;-1.7367901002700618E-7;-7.940056078285947E-8;-1.8722708947499334E-8;-1.68947161350232E-8;-2.0756966219737217E-7
-1.6229720930501244E-7;3.4233749844981003E-7;-8.331653298839389E-8;2.3456852448349584E-7;2.812288841155745E-7;2.2851461367697527E-8;1.0288215588814323E-7;-2.0906653316688513E-7;1.0077653840170643E-7;-7.348877517984695E-8;1.0185993638523751E-7;5.705443492024596E-8;2.2100228593222416E-8;1.0387362389950565E-7;-4.9258784665937556E-8;1.3641438088437325E-7;-2.1833541865190036E-8;9.631023234731448E-8;-2.73967352671543E-8;-1.8954865712651062E-7;-1.7919668288450682E-7;-3.382059707316345E-8;3.6921920024859106E-8;-1.2104705796268734E-8;-1.9234602031639567E-7
-1.4044051244819537E-7;3.2996645458895057E-7;-9.781594913742167E-8;2.1242198245609456E-7;2.7972194465939946E-7;3.938280141149529E-8;1.0863510728627053E-7;-1.7776361244170137E-7;8.737623367970179E-8;-5.241807359314557E-8;2.546102023055134E-8;-1.6851202967632048E-9;1.5291528438841143E-8;8.10111553648469E-8;-7.134313972901265E-8;1.0354287223752813E-7;-2.6422724305228798E-8;1.6853149697613735E-7;-1.0644473471535745E-7;-1.8917677105194736E-7;-1.7871125106948103E-7;1.0257157569692093E-8;7.970377634044906E-8;-8.053558675346324E-9;-1.8633035130982618E-7
-1.1858381559780814E-7;3.1759541071262926E-7;-1.1231536531492797E-7;1.902754404203403E-7;2.782150052092604E-7;5.5914141424510806E-8;1.1353077748995396E-7;-1.4611276785389313E-7;7.307789833061238E-8;-3.430116629521779E-8;-4.3045235125596065E-8;-5.494708122417453E-8;1.0029069867770298E-8;6.085253954916196E-8;-9.262557772284293E-8;7.561141987223526E-8;-3.0548550861797645E-8;2.0852193385545115E-7;-1.5471195093119175E-7;-1.9193786327591364E-7;-1.6887432199150578E-7;5.1012328156842476E-8;1.051063730791508E-7;-4.869443090456037E-9;-1.8791764087758957E-7
-9.67271187552924E-8;3.0522436682316873E-7;-1.268147815189074E-7;1.6812889837450504E-7;2.7670806576235513E-7;7.244548140802577E-8;1.1751396060372665E-7;-1.1410179150850598E-7;5.790478506025133E-8;-1.9396221445381767E-8;-1.013013933561586E-7;-1.0066610663825286E-7;6.166165198308393E-9;4.3862832803240576E-8;-1.1174316198479671E-7;5.253624991227654E-8;-3.400907252837643E-8;2.126598392297517E-7;-1.68730379293907E-7;-1.9640850603070855E-7;-1.4784564406222388E-7;8.644973008129817E-8;1.1059159648620338E-7;-2.624633332563984E-9;-1.947469672908747E-7
-7.48704219230324E-8;2.9285332291521726E-7;-1.413141977447656E-7;1.459823563171687E-7;2.7520112632448936E-7;8.897682136453004E-8;1.205407546855763E-7;-8.176391833885803E-8;4.196351664484123E-8;-7.956556603484122E-9;-1.4713460432147944E-7;-1.368948992087201E-7;3.4926758915226477E-9;3.0566047320735036E-8;-1.2738827099715781E-7;3.3887272198640315E-8;-3.6700827341851857E-8;1.8194042238512354E-7;-1.493784937224505E-7;-2.012299745078612E-7;-1.1554551013248501E-7;1.1475362242402125E-7;9.626660921516213E-8;-1.1830698109428036E-9;-2.0383150738141542E-7
-5.301372510428759E-8;2.8048227897690283E-7;-1.5581361398550335E-7;1.2383581424734366E-7;2.736941869092999E-7;1.055081612979001E-7;1.2257653315772833E-7;-4.916806130474057E-8;2.5428958123376287E-8;-1.9901747632744375E-10;-1.7875959322336656E-7;-1.6202560746226445E-7;1.7221243883236763E-9;2.140693627768044E-8;-1.384880188873408E-7;1.8787694434247604E-8;-3.8508679800878523E-8;1.2211237702977662E-7;-1.021411361618256E-7;-2.0522869344281677E-7;-7.363258655595886E-8;1.344347575940031E-7;6.525458135612591E-8;-4.95752519171075E-10;-2.1205242570593854E-7
-3.115702830307031E-8;2.681112349924954E-7;-1.703130302331868E-7;1.0168927216424942E-7;2.7218724753542977E-7;1.2203950121255475E-7;1.2359961740308065E-7;-1.640669199703354E-8;8.518406127359931E-9;3.7207085772070507E-9;-1.9490435114197287E-7;-1.7489422337600975E-7;5.179866411548677E-10;1.6737931629289697E-8;-1.4424399963364928E-7;5.992942232972871E-9;-3.942325064357836E-8;4.294030024426825E-8;-3.634626263269368E-8;-2.075183850176042E-7;-2.5250491805554868E-8;1.4451837676150354E-7;2.3033521304798866E-8;-2.4847139495103906E-10;-2.168789465198771E-7
-9.300331523456114E-9;2.557401909439177E-7;-1.8481244647821599E-7;7.954273006744959E-8;2.7068030822410103E-7;1.3857084111409633E-7;1.2359857762335184E-7;1.6410566652512888E-8;-8.519194480128777E-9;3.7200018234053597E-9;-1.9490504733617718E-7;-1.7489396721379095E-7;-4.925761713252064E-10;1.6740484764338625E-8;-1.4424310082670391E-7;-5.997938799292571E-9;-3.94254993814773E-8;-4.293848741848112E-8;3.5891140976988506E-8;-2.0761546868870258E-7;2.536443964259801E-8;1.444921670236122E-7;-2.3078231436607564E-8;-1.5591863939805757E-10;-2.168653126079275E-7
1.255636522980489E-8;2.433691468117065E-7;-1.9931186271095955E-7;5.739618795623386E-8;2.691733689985501E-7;1.5510218100828364E-7;1.225734862956233E-7;4.9172016903027626E-8;-2.54299481099532E-8;-2.000295986083485E-10;-1.787617654214758E-7;-1.6202661603499102E-7;-1.6988566943821274E-9;2.1408599455897734E-8;-1.3848937671808973E-7;-1.879204889929139E-8;-3.8500071839900725E-8;-1.221166656607633E-7;1.0169904737422026E-7;-2.055053664923224E-7;7.373886781165792E-8;1.3434219278305867E-7;-6.530273401469142E-8;1.1042371807236409E-10;-2.120209192032728E-7
3.441306195190622E-8;2.3099810257911567E-7;-2.1381127892432953E-7;3.5249645829569534E-8;2.6766642987976397E-7;1.7163352089954753E-7;1.2053531554416538E-7;8.17682343620946E-8;-4.196496292343556E-8;-7.96016208711761E-9;-1.4713376331081494E-7;-1.3689226368946532E-7;-3.474667312561643E-9;3.0573397519242006E-8;-1.2738707032286227E-7;-3.389227506551099E-8;-3.6696264075300506E-8;-1.8197967708661027E-7;1.4897796682717358E-7;-2.0163053604233478E-7;1.1564881748951231E-7;1.1461879743783879E-7;-9.632063632778916E-8;8.073580783370011E-10;-2.0376591092250762E-7
5.6269758643701665E-8;2.1862705825173114E-7;-2.2831069512185262E-7;1.3103103687633579E-8;2.661594908623247E-7;1.8816486078630949E-7;1.1750724458442066E-7;1.1410562068410729E-7;-5.790593305533722E-8;-1.939759469466204E-8;-1.0129917044497827E-7;-1.0066158702897613E-7;-6.152538894317133E-9;4.38679856637966E-8;-1.1174012124947101E-7;-5.253378411045991E-8;-3.400034317588978E-8;-2.1269674765012764E-7;1.6834232390299098E-7;-1.9686009522236225E-7;1.4791242623630212E-7;8.628395776439967E-8;-1.1062230514032063E-7;2.2599189611557803E-9;-1.9468950401640473E-7
7.812645530663574E-8;2.062560138413699E-7;-2.4281011131010016E-7;-9.04343846988304E-9;2.6465255193386396E-7;2.0469620066543253E-7;1.1352367355779462E-7;1.4611624572455878E-7;-7.307962367863717E-8;-3.4296631760647734E-8;-4.3044811075689026E-8;-5.4943262866279086E-8;-1.002000862801162E-8;6.085007666498469E-8;-9.262168011512575E-8;-7.560331314768235E-8;-3.052865342443716E-8;-2.0854838090503646E-7;1.5433035639205934E-7;-1.923531954312432E-7;1.689070564463531E-7;5.0816923866333244E-8;-1.051200283385633E-7;4.53919834979715E-9;-1.8790395870444415E-7
9.998315194233362E-8;1.9388496936398749E-7;-2.573095274974493E-7;-3.118998064374424E-8;2.6314561307802655E-7;2.2122754053328482E-7;1.0862600664530947E-7;1.7776663289065982E-7;-8.737799959724804E-8;-5.241329200741195E-8;2.5463837791272752E-8;-1.6815107237356794E-9;-1.5289833646962524E-8;8.100453403684958E-8;-7.13432590652894E-8;-1.0352936918424352E-7;-2.6396350759684967E-8;-1.685501341392079E-7;1.0607429746440801E-7;-1.8945976524432774E-7;1.7869991608756046E-7;1.0062508151527574E-8;-7.97097463197131E-8;7.753046406553553E-9;-1.8631680989344263E-7
1.2183984855187427E-7;1.815139248366957E-7;-2.7180894369233294E-7;-5.333652283530366E-8;2.6163867427749907E-7;2.3775888038646624E-7;1.0287205392527266E-7;2.090694943054165E-7;-1.0077957403664262E-7;-7.348061673162668E-8;1.0185931256669034E-7;5.7054475823799335E-8;-2.2105619036871848E-8;1.0386155440245627E-7;-4.926234581736971E-8;-1.363975965180887E-7;-2.1803141140777513E-8;-9.633081684855575E-8;2.703611507602833E-8;-1.8961881758856711E-7;1.7915464112665756E-7;-3.4009464657200144E-8;-3.6918610380739645E-8;1.1818613227464333E-8;-1.9236398028263641E-7
1.4369654513571356E-7;1.6914288027711023E-7;-2.863083599027181E-7;-7.54830650464659E-8;2.601317355145853E-7;2.5429022022198657E-7;9.632748758307062E-8;2.400922116829083E-7;-1.1336469423663607E-7;-9.727286646372329E-8;1.8379789230885322E-7;1.1927632006722163E-7;-3.0555823093110215E-8;1.2911964374586826E-7;-2.7684100826403255E-8;-1.7411586794765585E-7;-1.701791845423696E-8;8.502036327659802E-10;-7.600233618171027E-8;-1.9433414106793115E-7;1.7360625888538513E-7;-7.957710293647933E-8;1.875003835472382E-8;1.6587569847093538E-8;-2.076093781461058E-7
1.655532416932484E-7;1.5677183570342757E-7;-3.0080777613630167E-7;-9.762960728007E-8;2.586247967711588E-7;2.7082156003702114E-7;8.906985281168275E-8;2.7096738697550724E-7;-1.253355320197939E-7;-1.2363900351842784E-7;2.691734182293639E-7;1.8330351269346666E-7;-4.0709770816343975E-8;1.5679760977836024E-7;-7.724567190382082E-9;-2.1679433946534263E-7;-1.2355096478293895E-8;1.137528414816032E-7;-1.9475351667632205E-7;-2.053376993689435E-7;1.6662087528481543E-7;-1.2558918697390423E-7;8.207810903234356E-8;2.1907290455770494E-8;-2.3331205635319017E-7
1.87409938226083E-7;1.4440079113137095E-7;-3.153071923951183E-7;-1.19776149536391E-7;2.571178580307783E-7;2.873528998323582E-7;8.11873889305983E-8;3.019006682172177E-7;-1.3703178240685484E-7;-1.5256092707509118E-7;3.5637544553808796E-7;2.4801826504876186E-7;-5.267702215017008E-8;1.8743467337558485E-7;9.796308440873247E-9;-2.653076449996787E-7;-8.1188527421004E-9;2.3342821998538621E-7;-3.2192303367364097E-7;-2.2501451288483286E-7;1.6380606558684767E-7;-1.7267661565384605E-7;1.487741276804188E-7;2.786929697714499E-8;-2.717751448638968E-7
-2.3480498459980572E-7;3.826076930093436E-7;-5.4444302140318755E-8;3.1023359452663745E-7;2.904739321352751E-7;-1.426826141390634E-8;1.3175628474756815E-7;-3.193967679415462E-7;1.8722428118187007E-7;-9.219148508655736E-8;3.5836987876342315E-7;2.7385793152726557E-7;-2.662324198448142E-8;1.867838453174728E-7;7.074438787505782E-8;1.7493917328484074E-7;-9.207887849098452E-8;-2.571215931529599E-7;3.3218256222413114E-7;-1.7120305692188156E-7;-1.1710220574121823E-7;-7.71437401087397E-8;-2.066004144054237E-7;5.548255754275477E-8;-2.7801183137115264E-7
-2.1294828774230764E-7;3.7023664934258695E-7;-6.894371824578204E-8;2.8808705249218526E-7;2.889669925046085E-7;2.263078702507662E-9;1.3914934544722596E-7;-2.868868984768842E-7;1.7105240615935896E-7;-6.353888151312477E-8;2.704114977319422E-7;2.0525454782327835E-7;-3.171943417244811E-8;1.4878840886129128E-7;4.53431570114067E-8;1.3306012264097555E-7;-7.512595969028084E-8;-1.339034152251534E-7;1.976820583043949E-7;-1.5510868836051395E-7;-1.22906434532752E-7;-5.197075348097653E-8;-1.173221356090714E-7;2.819297094696022E-8;-2.3590131664596823E-7
-1.9109159088677449E-7;3.578656056499876E-7;-8.344313436776355E-8;2.659405104571966E-7;2.8746005289612606E-7;1.8794418799440082E-8;1.460249682704412E-7;-2.5438034918494957E-7;1.5454771941675578E-7;-3.706061072163091E-8;1.843014676091931E-7;1.3746857426061514E-7;-3.512402388483712E-8;1.1341702021898578E-7;1.7847699427051928E-8;9.670008859932248E-8;-5.8414876402395175E-8;-1.7838072710769662E-8;7.2170745916526E-8;-1.475189437892624E-7;-1.3272496374125716E-7;-2.823897108350301E-8;-3.262335625824878E-8;1.3881076725193124E-9;-2.0832941616382746E-7
-1.692348940358784E-7;3.4549456193441676E-7;-9.794255051709814E-8;2.437939684177167E-7;2.859531133040836E-7;3.532575886703558E-8;1.5227272773046884E-7;-2.2165761530142948E-7;1.372475178823088E-7;-1.2920858836485789E-8;1.016545994338449E-7;7.163186597666623E-8;-3.6538449692451036E-8;8.034988323923432E-8;-1.1053907141192739E-8;6.584543914514951E-8;-4.149756883304021E-8;8.227866510268612E-8;-3.653462280259255E-8;-1.4647278649185007E-7;-1.4156679163377562E-7;-5.958970497590575E-9;4.195253964603162E-8;-2.2980353140574327E-8;-1.9300043720049542E-7
-1.473781971905109E-7;3.3312351820749264E-7;-1.1244196669690687E-7;2.216474263706998E-7;2.8444617371451107E-7;5.1857098903294984E-8;1.5779672264590618E-7;-1.8858047394141418E-7;1.1887982302614092E-7;8.613732259028865E-9;2.458026242659202E-8;9.480824793585583E-9;-3.5797455995242434E-8;4.98668282921942E-8;-4.01765448589438E-8;4.086973650187691E-8;-2.4572005951846387E-8;1.5727637798926183E-7;-1.1965005843001715E-7;-1.5032039732983973E-7;-1.4515560305495883E-7;1.4296018586254796E-8;9.959094692667306E-8;-4.226050064113656E-8;-1.8847113190312306E-7
-1.2552150035154757E-7;3.207524744773475E-7;-1.269413829085849E-7;1.9950088431364024E-7;2.8293923411732485E-7;6.838843890713765E-8;1.6251865695141062E-7;-1.5508190070774E-7;9.933789235071057E-8;2.7233101317350782E-8;-4.4535620472211346E-8;-4.6871539166153433E-8;-3.289187931748699E-8;2.2618335061541723E-8;-6.797132446297691E-8;2.2076235788496668E-8;-8.301375661744075E-9;1.9980624599501476E-7;-1.6990082765821645E-7;-1.5735767832502732E-7;-1.40193518487953E-7;3.182568488284738E-8;1.3425593899843823E-7;-5.386146128137898E-8;-1.9275661779384452E-7
-1.0366480352031919E-7;3.083814307457791E-7;-1.4144079915123356E-7;1.7735434224459263E-7;2.8143229450954655E-7;8.491977887859885E-8;1.6637287525426013E-7;-1.211556465265999E-7;7.86526048728554E-8;4.261230167351114E-8;-1.0332344091201787E-7;-9.525705864339596E-8;-2.7969407344387587E-8;-5.803450929145678E-10;-9.280342850544958E-8;9.376840957889121E-9;6.40725535606399E-9;2.0625812440361048E-7;-1.8367349106158736E-7;-1.6586363144073646E-7;-1.2476984542228612E-7;4.614275473915783E-8;1.4261104955803796E-7;-5.616334667728517E-8;-2.0292255723353832E-7
-8.180810669957797E-8;2.9601038700443437E-7;-1.559402154199379E-7;1.5520780016205764E-7;2.799253548999295E-7;1.0145111881986485E-7;1.693080416616886E-7;-8.68455314529033E-8;5.696530806205609E-8;5.44473185077885E-8;-1.495833063914658E-7;-1.3360954855528067E-7;-2.1313264366508958E-8;-1.8867852263370336E-8;-1.130603248017265E-7;2.2023298870659564E-9;1.851762198949746E-8;1.7760179949659855E-7;-1.6190653515840043E-7;-1.7411585954863876E-7;-9.866163520804539E-8;5.69897085032288E-8;1.247647723797885E-7;-4.8787854850618285E-8;-2.1530106985753977E-7
-5.995140989320995E-8;2.8363934323644296E-7;-1.704396317060702E-7;1.330612580650847E-7;2.784184153073225E-7;1.1798245873534453E-7;1.7128515693701236E-7;-5.2234658680630176E-8;3.4506084587007536E-8;6.248783715768023E-8;-1.8150709753761278E-7;-1.60220071406929E-7;-1.3337086937110495E-8;-3.152612599741475E-8;-1.2740512226051E-7;-5.775918642292533E-10;2.7191624207585503E-8;1.1961450087877764E-7;-1.1045143834704755E-7;-1.806205073950735E-7;-6.335235402662081E-8;6.418126339217394E-8;8.481137517438814E-8;-3.316831529537862E-8;-2.261655104745995E-7
-3.8094713105700026E-8;2.712682994219641E-7;-1.8493904800033138E-7;1.109147159530782E-7;2.769114757548371E-7;1.3451379862996478E-7;1.7227979152496232E-7;-1.7431533623768797E-8;1.1557921180711935E-8;6.655522644169671E-8;-1.9780475036009145E-7;-1.7384614841649678E-7;-4.530283221702232E-9;-3.7994887849667495E-8;-1.3483228057788085E-7;-5.17095439869632E-10;3.169714675531468E-8;4.214189525708324E-8;-3.924960829770986E-8;-1.8423047719877967E-7;-2.182201392390464E-8;6.777164634408933E-8;2.999844512420962E-8;-1.185927037813245E-8;-2.3247039282960308E-7
-1.623801634164782E-8;2.5889725553895517E-7;-1.994384642919875E-7;8.876817382579305E-8;2.7540453626823896E-7;1.51045138509749E-7;1.722787333469082E-7;1.7436595378341946E-8;-1.1555697295106805E-8;6.655492551764101E-8;-1.9780549433119018E-7;-1.7384587949850734E-7;4.560310097818204E-9;-3.799259918018155E-8;-1.348317800429628E-7;5.354236339605388E-10;3.169493395868074E-8;-4.212656739453306E-8;3.8846270029721264E-8;-1.843374843041469E-7;2.1866885261590723E-8;6.774794159150188E-8;-2.9997338739304963E-8;1.1429380189273237E-8;-2.325004298937952E-7
5.618680393743523E-9;2.46526211564234E-7;-2.1393788057018632E-7;6.662163168274496E-8;2.738975968750485E-7;1.6757647838099296E-7;1.712820463205904E-7;5.223992080605514E-8;-3.450443602297553E-8;6.248769423491106E-8;-1.8150890875513297E-7;-1.6022002203377363E-7;1.3365402204731804E-8;-3.152340377440383E-8;-1.274061886408296E-7;5.967853147343585E-10;2.7196696229845826E-8;-1.1961447334454695E-7;1.1007257140925036E-7;-1.8092489083887767E-7;6.339751774199547E-8;6.409822500120766E-8;-8.482564206004751E-8;3.27648840890961E-8;-2.2625598136375507E-7
2.7475377096090035E-8;2.3415516748067213E-7;-2.2843729682785026E-7;4.4475089523341574E-8;2.7239065759658163E-7;1.8410781824808975E-7;1.6930302665717017E-7;8.68513370290192E-8;-5.6964916852327116E-8;5.4447476154232726E-8;-1.495817758447735E-7;-1.3360494510924205E-7;2.1337440263753234E-8;-1.8863099043957476E-8;-1.1305818004290136E-7;-2.1849758049826E-9;1.8527012911559846E-8;-1.7763720566358678E-7;1.6157560502230178E-7;-1.7455840789523012E-7;9.871585523522047E-8;5.685313045303092E-8;-1.2480369180447317E-7;4.8420287982999326E-8;-2.1542857216805724E-7
4.9332073765258886E-8;2.2178412328936776E-7;-2.4293671306626097E-7;2.232854734773202E-8;2.7088371843302827E-7;2.006391581109917E-7;1.663659192759427E-7;1.2116130810412276E-7;-7.865163163206445E-8;4.2611875957928474E-8;-1.0332293018004165E-7;-9.525131459909491E-8;2.7984024853756267E-8;-5.695550389045755E-10;-9.280019233247766E-8;-9.370682238654697E-9;6.406559584572416E-9;-2.0629280953722006E-7;1.833521272674475E-7;-1.6637095875311812E-7;1.2481934403303575E-7;4.5991386136898155E-8;-1.4262578023166935E-7;5.579117740165669E-8;-2.0307841011203294E-7
7.118877040290147E-8;2.094130790016593E-7;-2.5743612929175096E-7;1.820051559184237E-10;2.693767793729341E-7;2.1717049796701994E-7;1.6250975427613136E-7;1.5508778852059414E-7;-9.933749720830032E-8;2.7232817681114467E-8;-4.4533824293265786E-8;-4.6864176097282E-8;3.28965041571018E-8;2.262950658759442E-8;-6.796910816203614E-8;-2.2082132431222254E-8;-8.295491778704072E-9;-1.9983790256843019E-7;1.6959283655629785E-7;-1.5782983082010246E-7;1.4023782141667523E-7;3.164671824463584E-8;-1.3426685235906443E-7;5.35249215910871E-8;-1.9290280914100908E-7
9.304546701166829E-8;1.970420346365015E-7;-2.719355455139317E-7;-2.196453705241173E-8;2.6786984039670685E-7;2.3370183781219493E-7;1.577867788536528E-7;1.8858578559996853E-7;-1.1887952197452076E-7;8.61813357046535E-9;2.458331531738362E-8;9.489775167072495E-9;3.5794743752613183E-8;4.9870834777595804E-8;-4.017189219600526E-8;-4.087363670192866E-8;-2.4558217391950577E-8;-1.5729178885870527E-7;1.1934796338701382E-7;-1.506442316411265E-7;1.4516772583637457E-7;1.4114134295802467E-8;-9.959072841102003E-8;4.1949014645221516E-8;-1.8857613830915088E-7
1.1490216359348064E-7;1.846709902129175E-7;-2.864349617417402E-7;-4.411107927815136E-8;2.663629014851398E-7;2.502331776433259E-7;1.5226137007108942E-7;2.216623437661534E-7;-1.3724731538389438E-7;-1.2913094266321566E-8;1.0165193620987018E-7;7.163430090902767E-8;3.652737433114283E-8;8.034598389002914E-8;-1.1055971729020673E-8;-6.584450592163222E-8;-4.1478409717732736E-8;-8.230599152208661E-8;3.626325678002878E-8;-1.465691190392824E-7;1.415529827458305E-7;-6.111402353866206E-9;-4.196755591590527E-8;2.268770238188167E-8;-1.930411363815077E-7
1.3675886014977725E-7;1.7229994575070896E-7;-3.0093437798353647E-7;-6.62576215226555E-8;2.648559626183704E-7;2.6676451745777945E-7;1.4601229668766707E-7;2.543844574471643E-7;-1.5454734744262435E-7;-3.705004016124286E-8;1.8429946721841443E-7;1.3747118304719933E-7;3.510195630736948E-8;1.1340865969610744E-7;1.7844573543111585E-8;-9.670359663653527E-8;-5.839332015597699E-8;1.7821656513368437E-8;-7.24515536285539E-8;-1.4731511368465213E-7;1.3268641174078654E-7;-2.8367249647324193E-8;3.2625841527891264E-8;-1.7022679892794592E-9;-2.0829429004301E-7
1.5861555668100496E-7;1.5992890126992961E-7;-3.154337942468242E-7;-8.840416378804471E-8;2.633490237761552E-7;2.8329585725320574E-7;1.39135089692927E-7;2.868910654588129E-7;-1.7105329081874222E-7;-6.352727623701033E-8;2.7040881946684803E-7;2.0525622703698942E-7;3.168647977803449E-8;1.4877912889130847E-7;4.5337110049550196E-8;-1.3307013407117255E-7;-7.510711865667708E-8;1.3389015929719658E-7;-1.979799019894881E-7;-1.5456476086739338E-7;1.2284912951857552E-7;-5.206741408868229E-8;1.1733971445779392E-7;-2.8551241966634214E-8;-2.3578534192096226E-7
1.8047225318922935E-7;1.475578567884352E-7;-3.299332105338589E-7;-1.1055070607440445E-7;2.6184208493947157E-7;2.9982719703023797E-7;1.3174050675753055E-7;3.1940175996303833E-7;-1.872287918539134E-7;-9.217921797646265E-8;3.58367496624595E-7;2.7386064460347757E-7;2.6583136490752755E-8;1.8677720653515778E-7;7.073885045425312E-8;-1.7495017205720744E-7;-9.207392831781363E-8;2.5711460574650674E-7;-3.325176876932846E-7;-1.7029146753940834E-7;1.1701888389876985E-7;-7.719648549830484E-8;2.0664406491464995E-7;-5.592524285918221E-8;-2.7780951620229345E-7
-2.41742669304304E-7;3.8576475628192097E-7;-6.907031957390911E-8;3.19459038495362E-7;2.951981615358889E-7;-1.7939638608336238E-9;1.8334247552026593E-7;-3.355918094067065E-7;2.355629012223067E-7;-2.524550361669931E-8;3.5786758522908127E-7;2.9772599379093213E-7;-1.0931956120083437E-7;1.7282332485857776E-7;1.3763646717265134E-7;6.297654675778888E-8;-1.6932736355821556E-7;-2.804807844832321E-7;3.280158704302581E-7;-7.838598955893993E-8;-3.422772683545384E-8;2.8863964056938033E-8;-2.5448855800637324E-7;1.373076940201178E-7;-2.135685381701937E-7
-2.198859724575263E-7;3.7339371269167493E-7;-8.356973571154674E-8;2.973124964471473E-7;2.936912218295418E-7;1.4737376238827367E-8;1.903176153799703E-7;-3.017215584370216E-7;2.15366246320301E-7;3.0322647680961363E-9;2.691767923812822E-7;2.2570444354589777E-7;-1.0768496233468887E-7;1.2865394160298505E-7;1.0488141732355687E-7;2.9268859659293647E-8;-1.3224089974760706E-7;-1.5358103817790173E-7;1.8793736303159893E-7;-6.790806572618723E-8;-4.6233954988455554E-8;2.9690343011960324E-8;-1.4536353201634093E-7;7.813866398238213E-8;-1.7235188662639345E-7
-1.9802927561273815E-7;3.610226690894793E-7;-9.806915186402892E-8;2.75165954397574E-7;2.92184282132179E-7;3.126871632262853E-8;1.9686679125828813E-7;-2.677766716697077E-7;1.9469243175326678E-7;2.95169940355399E-8;1.8230186153428E-7;1.5455236958377252E-7;-1.0432865453354461E-7;8.659003944123882E-8;7.035640266550087E-8;8.296669175575741E-10;-9.485016257052727E-8;-3.415186250080636E-8;5.7245036792174275E-8;-6.509922342042279E-8;-6.180849800532838E-8;2.8266073258958476E-8;-4.173661348840958E-8;2.0365250658197974E-8;-1.4565048702656325E-7
-1.76172578772378E-7;3.486516254822115E-7;-1.1256856804254927E-7;2.530194123424291E-7;2.9067734243375885E-7;4.780005638085621E-8;2.0285940209882533E-7;-2.3352412388753204E-7;1.7296326461777042E-7;5.3899291195723475E-8;9.886683733955436E-8;8.5411884110068E-8;-9.854328240198021E-8;4.656554699296385E-8;3.457986767888418E-8;-2.1353805374362097E-8;-5.661372348859245E-8;6.914124448806569E-8;-5.563501449868481E-8;-6.873282630520028E-8;-7.701946769955823E-8;2.3913167323928055E-8;4.968453669682942E-8;-3.2312871941751356E-8;-1.321378512288645E-7
-1.543158819376278E-7;3.3628058187895776E-7;-1.2706798425335801E-7;2.3087287027813993E-7;2.8917040272187384E-7;6.433139640816999E-8;2.0818617093126033E-7;-1.988202818006657E-7;1.4984568608695588E-7;7.58094835921135E-8;2.1017074550271658E-8;2.0105312450280978E-8;-8.99447791445158E-8;9.176893498699306E-9;-1.173700337929732E-9;-3.637602848809038E-8;-1.8327319492025473E-8;1.4706656101116582E-7;-1.4127973097065045E-7;-7.732558244787434E-8;-8.803055478565024E-8;1.669854415497275E-8;1.2044917774760423E-7;-7.43529980356592E-8;-1.306002731834408E-7
-1.3245918510919948E-7;3.2390953828694825E-7;-1.415674004996876E-7;2.0872632820183677E-7;2.876634629862841E-7;8.086273640148878E-8;2.1275667306973803E-7;-1.6360296570816843E-7;1.2522292156303068E-7;9.485209879767998E-8;-4.884350500045631E-8;-3.91640785911043E-8;-7.845364679059375E-8;-2.457409585668795E-8;-3.516072152125911E-8;-4.374754569897456E-8;1.8344293234862013E-8;1.9225478458171608E-7;-1.9204554495020125E-7;-8.907246769926215E-8;-9.16520714460154E-8;7.383987346979491E-9;1.6321587977399518E-7;-1.0054038924798122E-7;-1.3881146492105137E-7
-1.106024882882786E-7;3.1153849470692384E-7;-1.560668167816243E-7;1.8657978611133013E-7;2.8615652322420285E-7;9.739407635957217E-8;2.164979987489975E-7;-1.2787582648438744E-7;9.914791682136345E-8;1.106417124632544E-7;-1.0829117310183163E-7;-9.008679099033324E-8;-6.424444447877729E-8;-5.351288234507932E-8;-6.544358395121845E-8;-4.357782512467516E-8;5.131414600205593E-8;2.0098833192936723E-7;-2.0406715084776975E-7;-1.0194292855749492E-7;-8.586843343324553E-8;-2.7739024511650637E-9;1.737912096367727E-7;-1.0751744503222184E-7;-1.5329971143413688E-7
-8.874579147798784E-8;2.991674511272755E-7;-1.7056623309391456E-7;1.6443324400509666E-7;2.846495834476328E-7;1.1392541628428678E-7;2.1935315734079455E-7;-9.169639053763562E-8;7.180671109165067E-8;1.2282652710953097E-7;-1.5508907811196353E-7;-1.3047415944482862E-7;-4.7693331512673916E-8;-7.644335467622856E-8;-9.011128593948283E-8;-3.661374012573907E-8;7.835666720062161E-8;1.7421214272629296E-7;-1.7834988550291487E-7;-1.1386952474233604E-7;-7.02611169405575E-8;-1.2194113700627256E-8;1.5225803319486186E-7;-9.461169721892261E-8;-1.6974154052015794E-7
-6.688909468305947E-8;2.86796407524875E-7;-1.8506564942599748E-7;1.4228670188231418E-7;2.8314264368224336E-7;1.3045675618070932E-7;2.2127910542197997E-7;-5.5165779631063625E-8;4.349487443495696E-8;1.31120460205249E-7;-1.873939586288284E-7;-1.5850916543506976E-7;-2.9359607379438047E-8;-9.236886352221309E-8;-1.075645587278193E-7;-2.427853675911576E-8;9.762590056933438E-8;1.177490830845775E-7;-1.211123500836172E-7;-1.2304137556270578E-7;-4.607436810505491E-8;-1.951404546918349E-8;1.035907419495164E-7;-6.466507729844276E-8;-1.8377697506043353E-7
-4.50323979084603E-8;2.744253638750086E-7;-1.9956506576682676E-7;1.2014015974264742E-7;2.8163570395635425E-7;1.4698809605444487E-7;2.2224871741962677E-7;-1.8411841625185554E-8;1.4569583242255653E-8;1.3532001739914128E-7;-2.0388819990630234E-7;-1.7286675642810376E-7;-9.902301876898709E-9;-1.005203691781687E-7;-1.1659518504751528E-7;-8.478522793994809E-9;1.0761487337693184E-7;4.156350824813899E-8;-4.291368245370485E-8;-1.2805501826514726E-7;-1.6055356814578147E-8;-2.3467701431194708E-8;3.667927993682069E-8;-2.3039521727666152E-8;-1.918261152721037E-7
-2.317570115928633E-8;2.620543201511341E-7;-2.140644821042056E-7;9.799361758613523E-8;2.801287643007658E-7;1.635194359120844E-7;2.2224762637270735E-7;1.8418172398568827E-8;-1.456398313956928E-8;1.3532003269545098E-7;-2.0388904895680968E-7;-1.728665936537641E-7;9.935770999163024E-9;-1.0051842762590068E-7;-1.1659556373778803E-7;8.51608504303312E-9;1.0761424849010316E-7;-4.153283132182536E-8;4.262863293934122E-8;-1.2817561326011982E-7;1.6026396842926397E-8;-2.3490048005174848E-8;-3.662938571794288E-8;2.2682331175833456E-8;-1.9190271130461174E-7
-1.319004440956423E-9;2.4968327632653895E-7;-2.285638984261315E-7;7.584707541271778E-8;2.786218247470534E-7;1.8005077576042762E-7;2.2127595677562474E-7;5.517249103679157E-8;-4.3490300588581454E-8;1.3112109333904997E-7;-1.8739500028655997E-7;-1.5850723856075447E-7;2.9391610762517026E-8;-9.236418830108687E-8;-1.0756420374773487E-7;2.4316086234560945E-8;9.762665049080138E-8;-1.1774383992840086E-7;1.208634201983236E-7;-1.2337949949164889E-7;4.605692060405095E-8;-1.9583668795824682E-8;-1.0356898693934844E-7;6.434254731280657E-8;-1.8398888438529607E-7
2.0537692243072426E-8;2.373122323860968E-7;-2.4306331472661653E-7;5.370053322231484E-8;2.771148853140534E-7;1.9658211560317015E-7;2.1934814229013726E-7;9.170348361215832E-8;-7.180326218809425E-8;1.2282857883247623E-7;-1.5508835597160548E-7;-1.304683485042391E-7;4.772132010915793E-8;-7.643699059310142E-8;-9.010731990822472E-8;3.6648333625292575E-8;7.835936418474832E-8;-1.7423130254780162E-7;1.7814308636735393E-7;-1.1436037872609089E-7;7.025578924694652E-8;-1.2305372981163117E-8;-1.5226241533804954E-7;9.433069645717183E-8;-1.7003923855235494E-7
4.239438889239661E-8;2.2494118832864714E-7;-2.575627310058734E-7;3.1553991015286205E-8;2.756079460047701E-7;2.1311345544101476E-7;2.1649124677593625E-7;1.278829047411738E-7;-9.914460454480112E-8;1.1064533979104942E-7;-1.0829073984656518E-7;-9.007873484638815E-8;6.426431197062809E-8;-5.350393057663437E-8;-6.543686073798278E-8;4.3602637636590394E-8;5.131258935322269E-8;-2.0101330253119417E-7;2.0388560930549383E-7;-1.0250357037260738E-7;8.587132346058218E-8;-2.9002204146698292E-9;-1.737979104804242E-7;1.0725805985113749E-7;-1.5364063936064165E-7
6.425108550813634E-8;2.1257014416179126E-7;-2.7206214726851704E-7;9.407448791864566E-9;2.741010068125511E-7;2.2964479527261256E-7;2.1274809728101205E-7;1.636103482833188E-7;-1.2522037524257175E-7;9.485670074403713E-8;-4.88409724047575E-8;-3.915182581655178E-8;7.846273703048784E-8;-2.456218780037153E-8;-3.515053353296439E-8;4.3754637341363936E-8;1.834097076541004E-8;-1.922790664053486E-7;1.9188187946008287E-7;-8.959798368512726E-8;9.16709572404409E-8;7.24628513825347E-9;-1.6322281471978384E-7;1.0030606935641133E-7;-1.3912580663090882E-7
8.61077820932422E-8;2.0019909990395742E-7;-2.8656156352382656E-7;-1.2739093447869744E-8;2.725940677187741E-7;2.461761350945988E-7;2.0817558176539034E-7;1.9882729232353012E-7;-1.4984223402436999E-7;7.581430880137811E-8;2.1020583713734905E-8;2.011954049816789E-8;8.993920309708446E-8;9.191423796824715E-9;-1.1635846293664727E-9;3.6361457370302126E-8;-1.833477598599275E-8;-1.4707830598859352E-7;1.4111817504822085E-7;-7.771443838679483E-8;8.80583221790931E-8;1.6577946961438747E-8;-1.2043819103025582E-7;7.410963777129108E-8;-1.3083170364122787E-7
1.0796447865068665E-7;1.878280555769116E-7;-3.0106097978184146E-7;-3.488563570431757E-8;2.710871287016378E-7;2.627074749038652E-7;2.0284676672271494E-7;2.335310708486707E-7;-1.729601467296691E-7;5.390453959569528E-8;9.886840854167362E-8;8.542394569991308E-8;9.85246470521938E-8;4.657896940323747E-8;3.45842741898254E-8;2.13234893915882E-8;-5.661680478844616E-8;-6.915254952458969E-8;5.548831058252184E-8;-6.889491110274053E-8;7.705377630647659E-8;2.381521397602169E-8;-4.9684088360157554E-8;3.2085324727574345E-8;-1.3223939220734307E-7
1.2982117518298292E-7;1.7545701120261684E-7;-3.155603960515617E-7;-5.7032177978240135E-8;2.695801897392817E-7;2.792388146981438E-7;1.9685262909233964E-7;2.6778263061062954E-7;-1.9468820731566193E-7;2.9525871678039337E-8;1.8229997008397824E-7;1.5455986832950963E-7;1.0429731383508372E-7;8.659424513980067E-8;7.035454418368563E-8;-8.660149838523103E-10;-9.484131856495233E-8;3.413595421577516E-8;-5.737383017699962E-8;-6.494985424802077E-8;6.183525419989041E-8;2.820102078529121E-8;4.171325792097203E-8;-2.0583095305863578E-8;-1.4557450808566539E-7
1.516778716920165E-7;1.6308596680314454E-7;-3.3005981234013983E-7;-7.917872027075719E-8;2.680732508091985E-7;2.9577015447583265E-7;1.9030180179311348E-7;3.017271735112741E-7;-2.1536245677582324E-7;3.0431067426816217E-9;2.691738472437957E-7;2.2571044374270498E-7;1.0764150691284997E-7;1.2865479013738442E-7;1.0487592582872698E-7;-2.931427237894748E-8;-1.3223117613028128E-7;1.535659341442456E-7;-1.8807161062880137E-7;-6.740208220136104E-8;4.6255736873783786E-8;2.9669017444355762E-8;1.4533476399119034E-7;-7.83902215465297E-8;-1.7209023669721858E-7
1.7353456818145563E-7;1.507149223980466E-7;-3.4455922864859877E-7;-1.0132526258070354E-7;2.665663118899252E-7;3.123014942384174E-7;1.8332520695416127E-7;3.3559881379809344E-7;-2.3556455872091587E-7;-2.523356596926808E-8;3.5786570947833646E-7;2.977352284589557E-7;1.0927153265665076E-7;1.7282973353232599E-7;1.3763531924010673E-7;-6.302267474055517E-8;-1.693417294531349E-7;2.8047417675848865E-7;-3.2818119086484546E-7;-7.749370068763542E-8;3.423541915242414E-8;2.8913624366535677E-8;2.544810812991859E-7;-1.37654486337312E-7;-2.1311628580338498E-7
-2.4868035401596624E-7;3.889218196438852E-7;-8.36963370102383E-8;3.2868448244923023E-7;2.9992239084839523E-7;1.0680333704168922E-8;2.3557109112555596E-7;-3.506168689022616E-7;2.8169633254487244E-7;4.627698316518645E-8;3.549663567683293E-7;3.1917918775185614E-7;-1.927040307469634E-7;1.4787036541584957E-7;2.072754473119694E-7;-6.252925710820307E-8;-2.3670894713713106E-7;-3.009866877044557E-7;3.1012425006422065E-7;4.310004297813382E-8;7.441367367813304E-8;1.3590233666191667E-7;-2.8986159713267887E-7;2.1044298539974555E-7;-8.767895031982789E-8
-2.268236571781017E-7;3.765507761178239E-7;-9.819575317574357E-8;3.0653794039005447E-7;2.98415451079126E-7;2.721167378919626E-8;2.4221104250128153E-7;-3.156134271544598E-7;2.5804131580876136E-7;7.418133012113032E-8;2.65548828907621E-7;2.4423495966755196E-7;-1.849134014629757E-7;9.868693141761055E-8;1.6803605957528502E-7;-8.76746438377948E-8;-1.8169278377091874E-7;-1.704732916446223E-7;1.6596096406110894E-7;4.72590393673275E-8;5.4369791835621785E-8;1.1268139278596691E-7;-1.641595359038138E-7;1.2293616332653294E-7;-5.071778084194246E-8
-2.0496696034280773E-7;3.6417973259418223E-7;-1.1269516935674446E-7;2.843913983284957E-7;2.969085113054475E-7;4.3743013860134506E-8;2.4849781972947897E-7;-2.8042251745461147E-7;2.3363912174377239E-7;1.0065083483482882E-7;1.7784056455127751E-7;1.700870061224643E-7;-1.7512070556834935E-7;5.090787857567159E-8;1.2719141081212777E-7;-1.0749114388392552E-7;-1.252709094858564E-7;-4.7603158764261745E-8;3.1410562764309124E-8;4.484861136517366E-8;3.111552119539611E-8;8.562434684257324E-8;-4.442767951986009E-8;3.7156389074639405E-8;-2.6996078322662376E-8
-1.8311026351211358E-7;3.51808689084607E-7;-1.2719458556469249E-7;2.622448562601692E-7;2.954015715122377E-7;6.027435390761159E-8;2.5428379476866675E-7;-2.448017693307313E-7;2.078184905045892E-7;1.2524056507080387E-7;9.347859052979854E-8;9.789241455937415E-8;-1.6225654263752628E-7;4.747410383352167E-9;8.50957591341584E-8;-1.1999459867407727E-7;-6.69290363515732E-8;5.904688409403739E-8;-8.444849767198082E-8;3.618467693978949E-8;7.309875013082246E-9;5.354805080539221E-8;6.1530847103827E-8;-4.1525017622003734E-8;-1.686476543469869E-8
-1.6125356668698981E-7;3.3943764559774687E-7;-1.4169400180746603E-7;2.4009831418084626E-7;2.938946316861265E-7;7.680569392445657E-8;2.594486940199076E-7;-2.0860524485089665E-7;1.8020225222258046E-7;1.4748516858498697E-7;1.4662361925788876E-8;2.9575633963129293E-8;-1.4575523123420706E-7;-3.8867572330820096E-8;4.312933283202059E-8;-1.2376680438904112E-7;-8.153471435605981E-9;1.4004468483015944E-7;-1.7144695854639138E-7;2.2528507703246088E-8;-1.3682313736395532E-8;1.7365718266297978E-8;1.4364357215132354E-7;-1.0471458045584654E-7;-1.9601583538790023E-8
-1.393968698679257E-7;3.270666021392149E-7;-1.5619341808980313E-7;2.179517720871874E-7;2.9238769181716416E-7;9.333703390569417E-8;2.6389414846229685E-7;-1.7178009695850166E-7;1.5068420177229353E-7;1.6691632234062018E-7;-5.615070940969926E-8;-3.253387463131263E-8;-1.255147890844553E-7;-7.857898742779645E-8;3.2700334060982604E-9;-1.181975242971242E-7;4.831333922627671E-8;1.8785657185487456E-7;-2.2147616389208695E-7;5.8108255525805484E-9;-2.8692444593600086E-8;-2.0483460060505155E-8;1.9324237237298792E-7;-1.4459195207821003E-7;-3.279393021496534E-8
-1.1754017305654675E-7;3.146955587051009E-7;-1.706928344113625E-7;1.958052299767747E-7;2.90880751906843E-7;1.0986837384952197E-7;2.675412725175102E-7;-1.3434536801244865E-7;1.1935671148673558E-7;1.8308630677831724E-7;-1.1646241050895395E-7;-8.596551056805392E-8;-1.0176563356002734E-7;-1.128309636913455E-7;-3.222777966832603E-8;-1.0344581455620752E-7;9.911732349766238E-8;1.9858939075855976E-7;-2.3036169896501754E-7;-1.1646539698528825E-8;-3.556338664402855E-8;-5.674719394337848E-8;2.052296577466976E-7;-1.5598851843383848E-7;-5.247524299367045E-8
-9.568347625616998E-8;3.023245152811131E-7;-1.8519225076699965E-7;1.7365868784808277E-7;2.893738119696294E-7;1.2639971375714503E-7;2.703291453500613E-7;-9.637698421732155E-8;8.646536493020388E-8;1.9559839574828723E-7;-1.639742331706583E-7;-1.2838687413851897E-7;-7.500490989216488E-8;-1.4009203063761131E-7;-6.114175332900701E-8;-8.048158734790241E-8;1.4081758717290732E-7;1.7313304604417145E-7;-1.9915543283638833E-7;-2.742017688192806E-8;-3.361543559971493E-8;-8.785353427049287E-8;1.7961929260321297E-7;-1.3790471318291121E-7;-7.364758620368513E-8
-7.382677947206869E-8;2.8995347183941904E-7;-1.9969166714510227E-7;1.515121457005651E-7;2.8786687203640884E-7;1.4293105363381358E-7;2.7221196411531724E-7;-5.799811105440314E-8;5.23821180850804E-8;2.0413067077250346E-7;-1.9678869550311106E-7;-1.5785362654999556E-7;-4.5956120400571314E-8;-1.590743352993191E-7;-8.159389636369722E-8;-5.1055014850820515E-8;1.7050082472402002E-7;1.1738751595693918E-7;-1.3444844779169983E-7;-3.937314757940466E-8;-2.3814142620856902E-8;-1.1070005808943653E-7;1.2215059509887167E-7;-9.441409387135598E-8;-9.130405774555879E-8
-5.197008270981288E-8;2.7758242834904893E-7;-2.141910835322458E-7;1.2936560353425477E-7;2.8635993214224033E-7;1.5946239348612994E-7;2.7316043655798035E-7;-1.9359722553815406E-8;1.7548807569732252E-8;2.0845530096718573E-7;-2.135474471390391E-7;-1.7295001221660958E-7;-1.546858560841251E-8;-1.6880614169850743E-7;-9.217615086988708E-8;-1.747377275178527E-8;1.8589441218612588E-7;4.150166054318381E-8;-4.745916402853452E-8;-4.5851354140348024E-8;-8.620430393738332E-9;-1.2274226708861809E-7;4.3261630227738217E-8;-3.357690667505961E-8;-1.0133020470747738E-7
-3.011338597494649E-8;2.652113847783353E-7;-2.2869049991432853E-7;1.0721906134961649E-7;2.848529923235889E-7;1.759937333214999E-7;2.7315951551641114E-7;1.9367390654299185E-8;-1.7539862564217873E-8;2.0845670071317352E-7;-2.1354823966053802E-7;-1.729494192503588E-7;1.5506167813386142E-8;-1.688064447324736E-7;-9.217554226998549E-8;1.75316597688662E-8;1.858984050295738E-7;-4.145779783797162E-8;4.7350779870826054E-8;-4.5980929296423045E-8;8.512226618659831E-9;-1.2276911720064303E-7;-4.3168883602166356E-8;3.3388010507935705E-8;-1.0143999211987938E-7
-8.256689272600216E-9;2.5284034109919603E-7;-2.43189916279125E-7;8.507251914711508E-8;2.8334605261348053E-7;1.9252507314665654E-7;2.722089632677606E-7;5.800611655811165E-8;-5.237408273356149E-8;2.0413313120010507E-7;-1.9678947329227428E-7;-1.5784987687345773E-7;4.599176222327436E-8;-1.5906952400736524E-7;-8.159040026141525E-8;5.111081048567491E-8;1.7049854092853697E-7;-1.1736877358417912E-7;1.343768894959811E-7;-3.97447072428615E-8;2.3724376380281863E-8;-1.1075387789227143E-7;-1.220878238687115E-7;9.425906597089078E-8;-9.162007871416817E-8
1.3600007394415699E-8;2.4046929729709445E-7;-2.576893326210327E-7;6.292597692719453E-8;2.8183911302991085E-7;2.0905641296496506E-7;2.7032423791058124E-7;9.638538269506863E-8;-8.645851270668101E-8;1.9560287351357307E-7;-1.6397307682496172E-7;-1.2837812516744943E-7;7.503612222259433E-8;-1.4008451476432683E-7;-6.113285408586807E-8;8.053139770280561E-8;1.408136633536301E-7;-1.7313831068278072E-7;1.991291873514758E-7;-2.7962691983671506E-8;3.355002456012789E-8;-8.793563197309697E-8;-1.7959148023037396E-7;1.3779871321118058E-7;-7.409256795586381E-8
3.545670402557036E-8;2.2809825336855298E-7;-2.721887489393847E-7;4.077943469055552E-8;2.803321735787272E-7;2.2558775277770658E-7;2.675343572670753E-7;1.34353853222742E-7;-1.193501396961938E-7;1.8309200492518592E-7;-1.1646025334026727E-7;-8.595303874964242E-8;1.0178769298123391E-7;-1.1281943824678024E-7;-3.2215783973897184E-8;1.0348000794568172E-7;9.910829008579264E-8;-1.986016666582951E-7;2.3036604666797743E-7;-1.2275219286882242E-8;3.5525972058585015E-8;-5.683460414287845E-8;-2.0521739898270514E-7;1.559131109271468E-7;-5.2982222519299325E-8
5.731340062207611E-8;2.1572720931950985E-7;-2.866881652379854E-7;1.863289243786791E-8;2.7882523425547317E-7;2.421190925842502E-7;2.6388534600027086E-7;1.7178865943611962E-7;-1.506779863641387E-7;1.669238236473733E-7;-5.614996239195875E-8;-3.252039998640046E-8;1.2552543221520618E-7;-7.856603076903766E-8;3.2825684192009532E-9;1.1821215317792626E-7;4.830315638484496E-8;-1.878706664904135E-7;2.2150864681132001E-7;5.205653448840294E-9;2.868580071723401E-8;-2.0563604055860285E-8;-1.9324657133021782E-7;1.445479891115109E-7;-3.326686847238745E-8
7.917009718670252E-8;2.0335616516517683E-7;-3.0118758152457367E-7;-3.513649830372272E-9;2.7731829504579246E-7;2.586504323826706E-7;2.5943785979488384E-7;2.086141929326149E-7;-1.8019727399692122E-7;1.4749306842165363E-7;1.4665912386020081E-8;2.9594450317840896E-8;1.4575351334771563E-7;-3.884858831290438E-8;4.31464537509458E-8;1.237578973698364E-7;-8.1760212154582E-9;-1.4004792429150438E-7;1.7148984380619891E-7;2.206250498908314E-8;1.3705810585490377E-8;1.731978866972978E-8;-1.4364578277591264E-7;1.0467170167153443E-7;-1.9942738419562406E-8
1.0102679372334E-7;1.909851209277723E-7;-3.1568699780935624E-7;-2.56601921138661E-8;2.7581135592806994E-7;2.7518177217066774E-7;2.542705702702379E-7;2.4481092751763974E-7;-2.078139703147413E-7;1.2524676415844866E-7;9.348339406716286E-8;9.791342254306238E-8;1.6223854498077743E-7;4.773884377496227E-9;8.510991095503262E-8;1.1995375567947932E-7;-6.696153831689871E-8;-5.9041866265430225E-8;8.44937678084765E-8;3.5938320923630345E-8;-7.24546193556803E-9;5.354953605687254E-8;-6.152852745996687E-8;4.146091878710826E-8;-1.7038002623870994E-8
1.2288349023591186E-7;1.7861407663160526E-7;-3.301864141022078E-7;-4.7806734412592555E-8;2.743044168787075E-7;2.9171311194676014E-7;2.4848299087705614E-7;2.8043076977036817E-7;-2.3363350135153736E-7;1.0066124922670216E-7;1.778390634016435E-7;1.701012378150452E-7;1.7508882510415238E-7;5.0923596310782156E-8;1.2719794199764173E-7;1.0744070116925655E-7;-1.2528839978965062E-7;4.7591513295148386E-8;-3.132697953440995E-8;4.49256678217881E-8;-3.103878800968206E-8;8.566916817691753E-8;4.437843509792606E-8;-3.719491044993399E-8;-2.6889890235197534E-8
1.447401867280368E-7;1.662430323006887E-7;-3.446858304098942E-7;-6.995327672644554E-8;2.727974778731068E-7;3.0824445171030003E-7;2.4219454072187984E-7;3.156197740515819E-7;-2.5803197683869026E-7;7.419560508889802E-8;2.655481682301574E-7;2.442490105527431E-7;1.8486308921045702E-7;9.869319556543947E-8;1.6804111394534896E-7;8.760609168902141E-8;-1.8169844148468803E-7;1.704831973012454E-7;-1.6589588148409099E-7;4.7720354978055246E-8;-5.429450890355683E-8;1.1276807920085702E-7;1.6411053112939903E-7;-1.2301689470126687E-7;-5.0301005760602486E-8
1.6659688320517178E-7;1.5387198795644824E-7;-3.591852467319867E-7;-9.209981905285166E-8;2.712905388868431E-7;3.2477579146351226E-7;2.3555301170626055E-7;3.506247247216263E-7;-2.816924588412621E-7;4.629231169109331E-8;3.5496412025478705E-7;3.1919402797636475E-7;1.9264757037539282E-7;1.4788176582979108E-7;2.072815381537438E-7;6.245419466436317E-8;-2.3673490401782356E-7;3.009879452592147E-7;-3.100631997102434E-7;4.395329885064139E-8;-7.432580206007943E-8;1.3606848255593385E-7;2.898015025269512E-7;-2.105924983724543E-7;-8.698264722625803E-8
-2.556180387331602E-7;3.920788830716097E-7;-9.832235445365286E-8;3.3790992639151153E-7;3.0464662009504116E-7;2.315463127339506E-8;2.8813031119506093E-7;-3.6468502167354023E-7;3.2564803481808943E-7;1.2055501413096676E-7;3.499761025672614E-7;3.3813624276879766E-7;-2.7483835182743387E-7;1.148232537887648E-7;2.7692882830746493E-7;-1.9407290626933959E-7;-2.93119765036136E-7;-3.169621908646916E-7;2.810190482404711E-7;1.8163865254134269E-7;1.9677873990426037E-7;2.3658885198965677E-7;-3.121701456211004E-7;2.704043325235528E-7;8.003695448029792E-8
-2.3376134190220676E-7;3.797078395985189E-7;-1.1282177064110393E-7;3.157633843239555E-7;3.0313968027431554E-7;3.968597134743649E-8;2.945299197479324E-7;-3.2878133656427883E-7;2.991912192358586E-7;1.481974377506252E-7;2.5981217183200275E-7;2.6077123928077244E-7;-2.6186596269145827E-7;6.167823445286709E-8;2.3237975901164688E-7;-2.114474855966377E-7;-2.2324950274613233E-7;-1.830145028100529E-7;1.3376050221423633E-7;1.7994619641339492E-7;1.6851218673941715E-7;1.9210571739317413E-7;-1.7333546538474751E-7;1.5968589592419578E-7;1.1148486918178745E-7
-2.1190464507489547E-7;3.6733679614482985E-7;-1.2732118684681253E-7;2.936168422529397E-7;3.0163274043381435E-7;5.6217311407888705E-8;3.006228531129569E-7;-2.9253202808932257E-7;2.7154873859311184E-7;1.74698721825784E-7;1.7112430717953127E-7;1.839076507642606E-7;-2.4623648534333996E-7;9.050861690497665E-9;1.8599204689453566E-7;-2.2280361089151282E-7;-1.500051535476141E-7;-5.6423866894957244E-8;-4.026107168397188E-9;1.723917582677827E-7;1.366589790349665E-7;1.409145272231033E-7;-4.000101831369156E-8;4.967627234408457E-8;1.3103745608016208E-7
-1.9004794825280586E-7;3.5496575272743624E-7;-1.4182060308350196E-7;2.7147030017384415E-7;3.00125800552677E-7;7.274865144490529E-8;3.062531576099797E-7;-2.556856476778199E-7;2.419781938461632E-7;1.995210230338174E-7;8.55965851961593E-8;1.0876914166176462E-7;-2.2660882213851011E-7;-4.257747185641118E-8;1.380816794203806E-7;-2.2534411274960893E-7;-7.310671619137502E-8;5.397746338244051E-8;-1.2234457812286658E-7;1.5861395195310162E-7;1.0289598783381795E-7;8.171303973219396E-8;7.862488582135011E-8;-5.22234039854759E-8;1.3673279269042508E-7
-1.6819125143623762E-7;3.425947093538284E-7;-1.563200193592008E-7;2.4932375808156587E-7;2.9861886061651844E-7;8.927999145048154E-8;3.1129385094036647E-7;-2.181052318505585E-7;2.1010259558307392E-7;2.221177807122071E-7;5.5009315190000645E-9;3.7413231255322726E-8;-2.0233619061545757E-7;-9.192483766802042E-8;9.020103927932588E-8;-2.1730345802011536E-7;5.085681003991802E-9;1.3838926754637262E-7;-2.1019979683545858E-7;1.3972920081977315E-7;7.03070884028614E-8;1.6618142773704805E-8;1.7080695835888369E-7;-1.3475539644220647E-7;1.287976887223446E-7
-1.4633455462565524E-7;3.3022366602540634E-7;-1.708194356782231E-7;2.2717721597220314E-7;2.9711192061828786E-7;1.0581133141897001E-7;3.156419960953254E-7;-1.7975499137954808E-7;1.7585291260735707E-7;2.419504314121551E-7;-6.659782845786689E-8;-2.763785343949351E-8;-1.733418331963148E-7;-1.37224674015618E-7;4.46429150873321E-8;-1.97980595467482E-7;8.05882906616523E-8;1.8883539257092657E-7;-2.5872917507245103E-7;1.1783707638124446E-7;4.213951420282951E-8;-5.0030046973898604E-8;2.2625209242907573E-7;-1.872286468096366E-7;1.0976059557229679E-7
-1.2447785782299388E-7;3.178526227341729E-7;-1.8531885203990755E-7;2.0503067384317806E-7;2.9560498056314174E-7;1.2234267134797302E-7;3.192152621486673E-7;-1.4067579942458963E-7;1.3938387141133183E-7;2.5851348030151316E-7;-1.2809333883467322E-7;-8.371414707126503E-8;-1.3995963975154783E-7;-1.765201981760333E-7;4.0236727183371855E-9;-1.6765681420475808E-7;1.4869009930579806E-7;2.0112231054908983E-7;-2.63354366377836E-7;9.559817920884857E-8;2.0814691835875504E-8;-1.1278559641894585E-7;2.388634972728752E-7;-2.025926312679138E-7;8.412912554472627E-8
-1.0262116103200055E-7;3.0548157946188036E-7;-1.9981826843884292E-7;1.8288413169304525E-7;2.9409804046957813E-7;1.3887401123819937E-7;3.2194986428534145E-7;-1.009678821717493E-7;1.0101788297779271E-7;2.713627781503097E-7;-1.7659197931010824E-7;-1.2830476971723313E-7;-1.0283562208639249E-7;-2.0792274656257298E-7;-2.9094982664452846E-8;-1.2755575784756938E-7;2.0468502898158212E-7;1.7604056746517043E-7;-2.2512424834376342E-7;7.579868708718386E-8;7.31476335830417E-9;-1.6598127935159505E-7;2.0850158032537279E-7;-1.794352067602327E-7;5.7578181706033007E-8
-8.076446425819904E-8;2.931105361775386E-7;-2.1431768486325696E-7;1.607375895215293E-7;2.925911003718078E-7;1.5540535109446517E-7;3.237984026887184E-7;-6.078026161633074E-8;6.121421183127332E-8;2.8014062185120924E-7;-2.1011275863281246E-7;-1.5930757282666437E-7;-6.28776216435377E-8;-2.2983990041214625E-7;-5.2527238830087604E-8;-7.979569577632948E-8;2.445455118892682E-7;1.1962459015872554E-7;-1.5104596623118433E-7;6.093801548927923E-8;9.85787867941908E-10;-2.046529506637306E-7;1.4160627135978083E-7;-1.2290830930922503E-7;3.58439685885658E-8
-5.89077675077005E-8;2.807394928433975E-7;-2.2881710129686006E-7;1.3859104732928643E-7;2.910841603124114E-7;1.719366909247635E-7;3.24730039727033E-7;-2.029131705473513E-8;2.0510805961079675E-8;2.845947531109024E-7;-2.2723988141185588E-7;-1.752010183305898E-7;-2.1145601621827104E-8;-2.410963236479577E-7;-6.465764653380214E-8;-2.7133315482019064E-8;2.652406001625333E-7;4.234162926327711E-8;-5.311096483706915E-8;5.292616289156354E-8;-3.391756527494497E-10;-2.249655771248903E-7;5.013895914535163E-8;-4.3644664889457635E-8;2.3601190291853353E-8
-3.7051070786327414E-8;2.6836844942293726E-7;-2.433165177235502E-7;1.1644450511736383E-7;2.8957722033324193E-7;1.8846803073743225E-7;3.2472911103704734E-7;2.030049076007572E-8;-2.049891788675313E-8;2.845964238368562E-7;-2.272403325350624E-7;-1.7519941537368595E-7;2.118864265125244E-8;-2.4109546321203285E-7;-6.465536384771438E-8;2.7212956591388116E-8;2.6524049822807137E-7;-4.2283329384547384E-8;5.32134996916639E-8;5.278263141136928E-8;1.4815705808331092E-10;-2.249816723140941E-7;-5.0004748016523544E-8;4.3685262994656835E-8;2.345883943239303E-8
-1.51943740987835E-8;2.559974058875547E-7;-2.578159341312418E-7;9.429796288675314E-8;2.880702804677588E-7;2.0499937053889998E-7;3.237954637209256E-7;6.078958506802459E-8;-6.120265699451818E-8;2.801446407108216E-7;-2.1011325707217597E-7;-1.59302072638505E-7;6.291734472391747E-8;-2.2983491157927274E-7;-5.252065560807895E-8;7.986954760313972E-8;2.4454044578570635E-7;-1.19588785274726E-7;1.5118362174609395E-7;6.052566206235473E-8;-1.1509992195923481E-9;-2.046891120419028E-7;-1.4150315350061491E-7;1.229835790556554E-7;3.543428472764874E-8
6.662322552298242E-9;2.436263622206873E-7;-2.723153505136049E-7;7.215142063840443E-8;2.8656334073603403E-7;2.2153071033272302E-7;3.219448956740081E-7;1.009774214600718E-7;-1.0100690748790234E-7;2.713690398842176E-7;-1.7659052992922988E-7;-1.282935864518605E-7;1.0286910343509742E-7;-2.0791379555676234E-7;-2.9082370782483843E-8;1.276183502467481E-7;2.0467527719429678E-7;-1.7603059681433137E-7;2.2531152283024133E-7;7.51886641860998E-8;-7.440194010207246E-9;-1.6603017223569163E-7;-2.0844207584705567E-7;1.7956452618976038E-7;5.6991423909154155E-8
2.8519019166441847E-8;2.312553184167496E-7;-2.868147668692066E-7;5.0004878373473943E-8;2.8505640114630076E-7;2.3806205012053745E-7;3.19208176908628E-7;1.4068527037455839E-7;-1.3937262461466878E-7;2.5852143733616116E-7;-1.2809182638119422E-7;-8.36998178656124E-8;1.399819552274437E-7;-1.7650771126251636E-7;4.038386433213284E-9;1.6769703299134344E-7;1.4867737244324157E-7;-2.0111967246372033E-7;2.6357662711891917E-7;9.48808765588701E-8;-2.0892007107696846E-8;-1.1283138518035557E-7;-2.388315134486464E-7;2.0276134439168895E-7;8.345768772817782E-8
5.037571574509439E-8;2.1888427447999113E-7;-3.013141832010424E-7;2.7858336093219495E-8;2.835494616963006E-7;2.5459338990241304E-7;3.156328566027459E-7;1.797645180683341E-7;-1.7584199395842233E-7;2.4196025385981615E-7;-6.65964747967327E-8;-2.762085169418138E-8;1.7335195146790048E-7;-1.3720962076491598E-7;4.46595625212649E-8;1.979971137948794E-7;8.057201723957625E-8;-1.8883529486402325E-7;2.5898665699736775E-7;1.1713303200240534E-7;-4.2167474084902085E-8;-5.005274769578751E-8;-2.262503023731664E-7;1.8743654547109318E-7;1.0913763063862315E-7
7.223241229149315E-8;2.0651323042429093E-7;-3.15813599516164E-7;5.711793798822176E-9;2.820425223737177E-7;2.7112472967738687E-7;3.112826607955923E-7;2.181150024188893E-7;-2.1009260918728548E-7;2.221289056950509E-7;5.50218113502054E-9;3.743283186541961E-8;2.023329997901284E-7;-9.190584738350218E-8;9.021928222965514E-8;2.1729365652701118E-7;5.061043934505901E-9;-1.3838900083224651E-7;2.1048693488701502E-7;1.3915667993213798E-7;-7.02828243526836E-8;1.6643041679567852E-8;-1.7083033469182241E-7;1.3498187266296887E-7;1.2833989321673782E-7
9.40891088102763E-8;1.941421862701283E-7;-3.303130158239631E-7;-1.6434748508546502E-8;2.805355831598315E-7;2.876560694447558E-7;3.0624008610805114E-7;2.556955689876231E-7;-2.419689162459624E-7;1.9953345831313343E-7;8.559763589012862E-8;1.0879147982228412E-7;2.265904037254772E-7;-4.255352631732044E-8;1.3810222407038716E-7;2.2530460116299582E-7;-7.314501705925645E-8;-5.39730538365438E-8;1.226473604843268E-7;1.5828078193561368E-7;-1.0281950548478259E-7;8.180644784662671E-8;-7.865673572848132E-8;5.242533248252252E-8;1.365353166697091E-7
1.1594580530710144E-7;1.8177114204264073E-7;-3.4481243213472187E-7;-3.858129082771022E-8;2.790286440317041E-7;3.0418740920493845E-7;3.0060787984844244E-7;2.925429262187672E-7;-2.7154314777775533E-7;1.747123053413223E-7;1.7112560347231887E-7;1.8393294490489418E-7;2.462086501259238E-7;9.079873128011747E-9;1.860161097794353E-7;2.2274773805542082E-7;-1.500627674101163E-7;5.6434545733799246E-8;4.3410088027717955E-9;1.723877726974591E-7;-1.3655076724877052E-7;1.4109705267629348E-7;3.99543121938646E-8;-4.950572821012878E-8;1.3118143983046265E-7
1.3780250178774524E-7;1.6940009776689286E-7;-3.5931184845466107E-7;-6.072783315693218E-8;2.775217049641638E-7;3.207187489589644E-7;2.9451238997182154E-7;3.287909426528008E-7;-2.9918227142653026E-7;1.4821031829339272E-7;2.598151414370425E-7;2.607967520522566E-7;2.618147407115616E-7;6.170672576336612E-8;2.3239656341244047E-7;2.1135124484832677E-7;-2.232987391186283E-7;1.8304488517832989E-7;-1.334664057427021E-7;1.8030578915607633E-7;-1.6835900728200798E-7;1.923353485882577E-7;1.732832670862825E-7;-1.5955660209495725E-7;1.1196243987621E-7
1.596591982581847E-7;1.5702905346764337E-7;-3.738112647834341E-7;-8.287437549342113E-8;2.760147659275466E-7;3.3725008870768844E-7;2.8811120196849786E-7;3.646945453905882E-7;-3.2563999941927214E-7;1.2057098730333031E-7;3.499742449393496E-7;3.3815775102606564E-7;2.747734624474536E-7;1.1484698155930198E-7;2.769406467017466E-7;1.9396118689540238E-7;-2.9316494035216293E-7;3.169710267306423E-7;-2.807035988757126E-7;1.8240319973326422E-7;-1.965941674830693E-7;2.3688016257665076E-7;3.120682516641211E-7;-2.702975959410844E-7;8.089068943592015E-8
-2.625557234539008E-7;3.9523594654104065E-7;-1.1294837190408826E-7;3.471353703265192E-7;3.093708492997486E-7;3.562892884307219E-8;3.408053910884262E-7;-3.781134305799042E-7;3.6793158973687407E-7;1.9610513118980295E-7;3.434911804395985E-7;3.550778891522045E-7;-3.5507321482431423E-7;7.69450273512838E-8;3.4512079283214674E-7;-3.2642064592234285E-7;-3.40414560780341E-7;-3.283358066304872E-7;2.4437620881176247E-7;3.2670594065605183E-7;3.2276852792901205E-7;3.28334070706353E-7;-3.237284857733273E-7;3.172464355383594E-7;2.6708847013072826E-7
-2.406990266277232E-7;3.828649031092331E-7;-1.2744778810681908E-7;3.2498882825284763E-7;3.078639094390095E-7;5.216026891026524E-8;3.4706317905822407E-7;-3.415420244907046E-7;3.393801553812464E-7;2.236747827284049E-7;2.525099396110928E-7;2.757367371386086E-7;-3.381716805381861E-7;2.0715549963696562E-8;2.9656651712609883E-7;-3.377860036191528E-7;-2.5914403232855883E-7;-1.9089505158171392E-7;9.414181347891555E-8;3.2057305201262325E-7;2.874848584711807E-7;2.670527227259619E-7;-1.7461900584225762E-7;1.8874091459107885E-7;2.940146574031001E-7
-2.1884232980691897E-7;3.7049385971858464E-7;-1.4194720433306076E-7;3.028422861744604E-7;3.0635696953927243E-7;6.869160896316786E-8;3.530321094944415E-7;-3.0439549637109696E-7;3.0895572763941373E-7;2.5033356859660995E-7;1.62572050902463E-7;1.9625163304488342E-7;-3.1742452715918783E-7;-3.620418687145125E-8;2.452843699496767E-7;-3.415253889962581E-7;-1.710899926986561E-7;-5.970571315812743E-8;-4.7440836323434364E-8;3.083677958757012E-7;2.4692586756768227E-7;1.9404858395367303E-7;-2.8880112532179485E-8;5.7419466336837987E-8;3.0940769443204786E-7
-1.969856329927526E-7;3.581228163903044E-7;-1.5644662059690324E-7;2.8069574408695385E-7;3.048500295754377E-7;8.522294899133526E-8;3.585567983156905E-7;-2.6643240774876747E-7;2.759218732832743E-7;2.754834775098513E-7;7.545693667690146E-8;1.1800714037584802E-7;-2.914111637245852E-7;-9.29955039184498E-8;1.917747138610269E-7;-3.343971376031422E-7;-7.671358009292598E-8;5.564155872328663E-8;-1.6906740188492554E-7;2.894688336274794E-7;2.0242964344007737E-7;1.0878348033213092E-7;1.0219583026668199E-7;-6.632319226186297E-8;3.101923270280344E-7
-1.751289361841127E-7;3.4575177312771664E-7;-1.709460369050439E-7;2.5854920198347906E-7;3.033430895329509E-7;1.0175428898631736E-7;3.6351014679390075E-7;-2.275397704122299E-7;2.399591516408135E-7;2.9851250562024837E-7;-6.41478828146454E-9;4.330561229612014E-8;-2.5953382671538185E-7;-1.4793546704065028E-7;1.3795182111052E-7;-3.1448797459845013E-7;2.0358093795325225E-8;1.4442508060540218E-7;-2.583933715642319E-7;2.6511137739605947E-7;1.5724573071435818E-7;1.5155561414934477E-8;2.0449700738095318E-7;-1.6755135964105038E-7;2.9631984690050473E-7
-1.5327223938130294E-7;3.3338072992810965E-7;-1.8544545326089507E-7;2.364026598597297E-7;3.018361494076423E-7;1.1828562894223474E-7;3.677890130112384E-7;-1.8770945020666153E-7;2.0107364173192002E-7;3.1882035461457095E-7;-8.032385343790905E-8;-2.5069711843710202E-8;-2.2182006913675384E-7;-1.987954910894583E-7;8.653193832833081E-8;-2.8111303752807466E-7;1.1468050592141259E-7;1.978741240390654E-7;-3.0546614052778546E-7;2.376999687822937E-7;1.1495430025252896E-7;-8.027927440254086E-8;2.656906317022115E-7;-2.3228589400639002E-7;2.705523476638987E-7
-1.3141554258640932E-7;3.210096867804028E-7;-1.9994486966359498E-7;2.1425611771308285E-7;3.003292092073598E-7;1.3481696885613932E-7;3.713091089684629E-7;-1.470094733626364E-7;1.595002996560815E-7;3.358404047613061E-7;-1.4349347385191895E-7;-8.417739214562194E-8;-1.787401437152009E-7;-2.431661214783994E-7;4.057500236946732E-8;-2.347019956169818E-7;2.0004264170333564E-7;2.1124843194099618E-7;-3.050419324938041E-7;2.1030939621499995E-7;7.83702714073069E-8;-1.6970085663737617E-7;2.783695548682485E-7;-2.512952911528615E-7;2.380246461236892E-7
-1.0955884580369694E-7;3.0863864366173966E-7;-2.1444428610731425E-7;1.92109575542248E-7;2.988222689554007E-7;1.513483087282767E-7;3.7400537185852103E-7;-1.0557140143254122E-7;1.1566012121391863E-7;3.4907993168624075E-7;-1.93393632224401E-7;-1.3127882129822874E-7;-1.311282516417516E-7;-2.7876768091969276E-7;3.0386033994309734E-9;-1.7678820817637444E-7;2.70381325849718E-7;1.8518797703252906E-7;-2.5812011668295397E-7;1.861496968844525E-7;4.8853999517179926E-8;-2.4522539570064083E-7;2.421425151977302E-7;-2.2264103669284287E-7;2.0521261077485088E-7
-8.770214903938673E-8;2.962676005361475E-7;-2.28943702580101E-7;1.6996303334700445E-7;2.973153286911418E-7;1.6787964856269482E-7;3.758291178565001E-7;-6.357346196454475E-8;7.010832273575189E-8;3.581402050717361E-7;-2.2791845153780585E-7;-1.640691180875015E-7;-8.008886662057422E-8;-3.036718788347598E-7;-2.354027529814755E-8;-1.0987780976907272E-7;3.204836986435072E-7;1.2594940951330698E-7;-1.721977067002435E-7;1.681238302397009E-7;2.6042093019687093E-8;-2.9992622877478796E-7;1.6415300871065014E-7;-1.5247420938825712E-7;1.7870417887695756E-7
-6.584545229967085E-8;2.83896557359863E-7;-2.4344311906184235E-7;1.4781649112915957E-7;2.958083884642035E-7;1.8441098836981147E-7;3.767485690148133E-7;-2.1226718028864777E-8;2.349336662166594E-8;3.6274310381545133E-7;-2.455686168469851E-7;-1.8089195055329874E-7;-2.6918248541606938E-8;-3.1648441121340254E-7;-3.730875568668081E-8;-3.724379794672049E-8;3.465260981041052E-7;4.4612420165560846E-8;-6.034205569610717E-8;1.5844098265301774E-7;8.000973128169746E-9;-3.286345322702256E-7;5.8093921246467975E-8;-5.407710231710284E-8;1.6387131058424422E-7
-4.3988755590541937E-8;2.715255140920593E-7;-2.579425355346892E-7;1.2566994889040877E-7;2.94301448321276E-7;2.009423281587739E-7;3.7674760875093763E-7;2.1238034411622495E-8;-2.3480516708918443E-8;3.6274495607408606E-7;-2.455688188985875E-7;-1.8088957343115985E-7;2.697136686324271E-8;-3.164824862463343E-7;-3.7305408971914085E-8;3.735241281679436E-8;3.465227858227015E-7;-4.453846308797878E-8;6.067218118142093E-8;1.5827744878003806E-7;-8.282131819146816E-9;-3.2864082964999604E-7;-5.792292621538754E-8;5.4381728039243066E-8;1.63691189213141E-7
-2.2132058916768122E-8;2.591544707014978E-7;-2.724419519859991E-7;1.0352340663214976E-7;2.927945082985501E-7;2.1747366793591377E-7;3.7582619534167764E-7;6.358456802388956E-8;-7.009467923958669E-8;3.58145590303994E-7;-2.279184610121718E-7;-1.640616452114892E-7;8.013622405425065E-8;-3.036663244558334E-7;-2.3530367627148366E-8;1.0997523928252849E-7;3.2047519456221145E-7;-1.25894885331369E-7;1.725602043831346E-7;1.676587330754483E-7;-2.6289014063811967E-8;-2.9994421661822014E-7;-1.6401250406452266E-7;1.5281230650653256E-7;1.7819982631825087E-7
-2.7536228088308447E-10;2.4678342716879994E-7;-2.869413684083619E-7;8.137686435586526E-8;2.9128756841890494E-7;2.3400500770503704E-7;3.7400028863946506E-7;1.055817568839005E-7;-1.1564391679233905E-7;3.490879521492749E-7;-1.933927175534541E-7;-1.312665107495558E-7;1.3116252844434504E-7;-2.7875870925605024E-7;3.0526434093467833E-9;1.7686030499354485E-7;2.703715195097251E-7;-1.8516140641260602E-7;2.585332202877555E-7;1.8544933384471083E-7;-4.903675378023393E-8;-2.452497906549401E-7;-2.420512848424158E-7;2.2303510480595631E-7;2.0447164323253117E-7
2.1581334316754072E-8;2.3441238348629372E-7;-3.014407847996243E-7;5.923032206325733E-8;2.8978062869294415E-7;2.5053634746808534E-7;3.713019088546934E-7;1.4701930807746935E-7;-1.594824429050438E-7;3.3585119735215525E-7;-1.4349315547694742E-7;-8.416203446485199E-8;1.7876003429541347E-7;-2.4315512297866976E-7;4.0591504833675156E-8;2.3474433236044612E-7;2.0003299133999738E-7;-2.11231127387354E-7;3.054965493265372E-7;2.094813104709416E-7;-7.848518167934006E-8;-1.6971551093884344E-7;-2.783185057558746E-7;2.5173910230631673E-7;2.3718580508596786E-7
4.343803087801604E-8;2.2204133965713704E-7;-3.159402011622792E-7;3.7083779756288874E-8;2.882736891199964E-7;2.670676872257E-7;3.67779735596645E-7;1.87719184224898E-7;-2.0105563824571026E-7;3.1883373553648113E-7;-8.032420045299032E-8;-2.5051498123561557E-8;2.218260638800081E-7;-1.9878213800762595E-7;8.65510441040767E-8;2.8112633362718694E-7;1.1466700572234695E-7;-1.9786237428853384E-7;3.0596528258986513E-7;2.368734268981468E-7;-1.1499923721948549E-7;-8.025696078595518E-8;-2.6568398896745165E-7;2.3277675448251542E-7;2.697763013240214E-7
6.529472740674291E-8;2.0967029569351898E-7;-3.3043961750249713E-7;1.4937237436988688E-8;2.867667496898491E-7;2.8359902697771206E-7;3.6349891533804643E-7;2.2754951018906635E-7;-2.399415294055115E-7;2.9852862351218885E-7;-6.416178877689506E-9;4.332622897904369E-8;2.595252496662198E-7;-1.4792019218239806E-7;1.3797376108973705E-7;3.144719535529147E-7;2.0337964725556635E-8;-1.4441603758887254E-7;2.589338101821629E-7;2.644198882407675E-7;-1.5722168649754377E-7;1.5238601937974557E-8;-2.0453258660524824E-7;1.6807098463562646E-7;2.957642868555416E-7
8.71514239086794E-8;1.9729925161582766E-7;-3.4493903382959413E-7;-7.209304892528911E-9;2.852598103846742E-7;3.001303667245014E-7;3.585436190349336E-7;2.6644261388613225E-7;-2.7590615819524737E-7;2.755015936145143E-7;7.545606121802924E-8;1.180318483978925E-7;2.9138949687750357E-7;-9.297563839409095E-8;1.9180175188949374E-7;3.3435448314290355E-7;-7.675006806122394E-8;-5.5628504124959775E-8;1.6963645044864446E-7;2.8903097014599525E-7;-2.0234486109140298E-7;1.0895530615923201E-7;-1.022611336761692E-7;6.683645239368386E-8;3.099824937884031E-7
1.0900812039127249E-7;1.8492820744804875E-7;-3.594384501543493E-7;-2.9355847229832023E-8;2.8375287118575477E-7;3.1666170646965883E-7;3.53016773439717E-7;3.0440715847562544E-7;-3.0894451385141753E-7;2.503514044257684E-7;1.6257083124319682E-7;1.9627941158322005E-7;3.173919777291114E-7;-3.6174368029306905E-8;2.453135229850101E-7;3.4145639241873707E-7;-1.7115244296166547E-7;5.971733585984002E-8;4.8031269552711866E-8;3.0825581766204143E-7;-2.4677654263413973E-7;1.9432957450275848E-7;2.8788723592916252E-8;-5.694117522149817E-8;3.0958398003979004E-7
1.308648168621989E-7;1.7255716321621406E-7;-3.739378664839093E-7;-5.1502389571971784E-8;2.8224593206904795E-7;3.3319304621640714E-7;3.470453457986732E-7;3.4155369928335355E-7;-3.3936946010969945E-7;2.2369144983773454E-7;2.5251294240729204E-7;2.757697909115023E-7;3.381217348640209E-7;2.0752720655293805E-8;2.965969283193504E-7;3.376821713334509E-7;-2.5922337182745173E-7;1.9093464317783495E-7;-9.357444650189961E-8;3.208437294286939E-7;-2.8728777084899466E-7;2.674291925803285E-7;1.7453607281418415E-7;-1.883411872759099E-7;2.946056009801551E-7
1.527215133275395E-7;1.601861189486005E-7;-3.88437282817388E-7;-7.3648931916009E-8;2.8073899299720936E-7;3.497243859621841E-7;3.407869689262582E-7;3.7812547632167454E-7;-3.6792365694511174E-7;1.961291477444394E-7;3.434857901122987E-7;3.551068648306336E-7;3.55014298819807E-7;7.697505691167575E-8;3.451545646491066E-7;3.2631248432616547E-7;-3.405004646653001E-7;3.2834558766634656E-7;-2.4376926690215447E-7;3.2741653178379703E-7;-3.2254523788691186E-7;3.2880137596786086E-7;3.2359426521767313E-7;-3.1688921475669904E-7;2.6816583765649753E-7