;;;;;;;;;;;;;;;;;;;;;;;;
-2.7934220531047933E-8-3.978817646853589E-11i;2.859823605980712E-7-1.2272054226545087E-10i;3.883492234962446E-7-3.3020372123212914E-10i;3.3166572982949255E-8-4.970133292228116E-14i;1.4815153563775707E-7+6.181055703975913E-11i;-3.8850157858978647E-7+2.0596631518683344E-10i;3.4078836726058426E-7;3.7811427438542713E-7+3.823214009753003E-17i;3.679034276530899E-7+4.1714695184515364E-17i;-1.9614742654753544E-7-5.0147668107343234E-17i;3.434994981568723E-7;-3.5508696617630106E-7-9.497164654698174E-17i;3.5502303985700546E-7;7.69474461103662E-8+4.600331811413072E-17i;3.4513784834835374E-7;-3.263240514124335E-7;3.4047635121249117E-7+6.822006283649241E-17i;-3.285911618587608E-7+4.496036362494641E-17i;-2.4426824988267493E-7+4.557221937904974E-17i;-3.267268052149952E-7+7.551125790121726E-16i;-3.225934056627878E-7;3.2864530862789694E-7-7.039975204174774E-16i;-3.2375784357857776E-7-1.1047850030047208E-15i;-3.1695442016328236E-7+1.3894617553570757E-16i;2.6823431717145715E-7+2.8704571080955263E-15i
-6.013115657821047E-9-3.7256053268134E-11i;2.74006911195044E-7-1.0769862602586082E-10i;3.736579304743274E-7-3.1837634104759123E-10i;1.103567309969891E-8-2.7336292808693028E-12i;1.465653368259795E-7+4.3045941820085457E-11i;-3.7196271254997256E-7+1.9695461353942497E-10i;3.470462931728129E-7;3.415452746831287E-7;3.3935696883884045E-7+4.0071774785427114E-17i;-2.2370564961274679E-7-5.264611094807855E-17i;2.525244094049533E-7+2.526518084928782E-17i;-2.7575205537691733E-7-7.075473466541985E-17i;3.381333530088573E-7;2.0732082153862876E-8+1.4245988725749015E-17i;2.965830077409659E-7;-3.3769605243201855E-7;2.5921622007623457E-7+4.331315347864545E-17i;-1.9104845236914363E-7-2.2757581068349446E-17i;-9.411556623973539E-8+8.302467674345186E-17i;-3.2058083745856283E-7+1.639462204486865E-15i;-2.873265943786336E-7;2.6736376605356163E-7-5.034984773907486E-16i;-1.746509092960022E-7-7.503235392159503E-16i;-1.8839378725427694E-7+1.461282679709562E-16i;2.946744190200331E-7+2.909870459660753E-15i
1.5907989227998372E-8-3.472393006134804E-11i;2.620314617851499E-7-9.267670979099247E-11i;3.5896663747030363E-7-3.065489608802921E-10i;-1.109522677225574E-8-5.417557236116701E-12i;1.4497913802259825E-7+2.4281326589238486E-11i;-3.554238465018817E-7+1.8794291189338578E-10i;3.530168570517668E-7;3.044025489757395E-7;3.089424154021714E-7+3.272872151088217E-17i;-2.5035889962187873E-7-5.494140407255983E-17i;1.625834574236605E-7+1.665127751934073E-17i;-1.9626778822459605E-7-4.892730704847746E-17i;3.1740968630446754E-7;-3.618034993621253E-8-4.661616446582711E-18i;2.453050521064449E-7;-3.414722383865549E-7-5.278410245489314E-17i;1.711762433444913E-7;-5.972103418995103E-8-7.410355073893571E-17i;4.744509441572227E-8+1.357133856447894E-16i;-3.0838832575509883E-7+2.4138708131045792E-15i;-2.468072071221968E-7-4.173998732284067E-17i;1.9436876794265777E-7-3.0797708536431796E-16i;-2.8870478352416435E-8-3.637027341106823E-16i;-5.700339093277637E-8+1.5221013619998547E-16i;3.0963127795642103E-7+2.861741458337604E-15i
3.7829094137239776E-8-3.219180684409962E-11i;2.5005601236771436E-7-7.765479356399928E-11i;3.4427534449736055E-7-2.9472158074149483E-10i;-3.322612662364924E-8-8.101485202921994E-12i;1.4339293922919214E-7+5.516711344205794E-12i;-3.388849804398667E-7+1.7893121024752272E-10i;3.5854279107921256E-7;2.664403713711205E-7;2.759096962618177E-7+2.862613597101792E-17i;-2.7550328376568755E-7-5.860001174255991E-17i;7.546659824950812E-8+8.00835305661156E-18i;-1.1802162313661742E-7-2.9379144857087915E-17i;2.9140435741741133E-7;-9.297489552661014E-8-2.6385814017651453E-17i;1.9179138440783206E-7;-3.343583565502572E-7-7.690272349206124E-17i;7.677842804810833E-8-8.78842072880829E-18i;5.5726238322066486E-8-1.0736263976527891E-16i;1.6903014653591454E-7+1.7138363633813814E-16i;-2.89498143222576E-7+3.011019670355293E-15i;-2.023527108054942E-7-5.044983184583545E-17i;1.0905170221679375E-7-1.0015847198408033E-16i;1.0223268668572146E-7;6.679184926468487E-8+1.5647742750429377E-16i;3.1000765590155087E-7+2.6713420718216385E-15i
5.975019907739768E-8-2.965968361395481E-11i;2.380805629445016E-7-6.263287734374471E-11i;3.295840515633231E-7-2.8289420063396527E-10i;-5.5357026447533046E-8-1.0785413183897433E-11i;1.4180674044046124E-7-1.324790391221433E-11i;-3.2234611435297674E-7+1.6991950859299546E-10i;3.634973651708395E-7;2.2754970039539346E-7;2.399509224791122E-7;-2.985258837465567E-7-6.230684380482548E-17i;-6.40952373503003E-9-2.9896600611919326E-18i;-4.331580237159114E-8-1.2991968798312325E-17i;2.595387703021274E-7;-1.4791681191193308E-7-3.109719696879627E-17i;1.3796079513488912E-7;-3.1446881088785327E-7-1.215396392129083E-16i;-2.031409570934383E-8-3.593692288319282E-17i;1.4459515823161647E-7-1.219314081875709E-16i;2.583405804926089E-7+2.1007599844861743E-16i;-2.6513582282334164E-7+3.3595288186999168E-15i;-1.57212205224861E-7-6.828885960562865E-17i;1.536658137171339E-8+7.785551174729588E-17i;2.0457281840612592E-7+3.604762747723149E-16i;1.6806286205065108E-7+1.662947321368255E-16i;2.9578157225655204E-7+2.386394499844016E-15i
8.167130405352459E-8-2.712756036939799E-11i;2.2610511351876272E-7-4.761096112813688E-11i;3.1489275867334475E-7-2.7106682055775116E-10i;-7.748792623888095E-8-1.3469341180754342E-11i;1.4022054164859637E-7-3.2012519175253685E-11i;-3.0580724822941997E-7+1.6090780691947337E-10i;3.677777697041005E-7;1.8772097983379326E-7;2.010683459565943E-7;-3.188286460935367E-7-6.458323376232944E-17i;-8.032550162295954E-8-1.0252071845418043E-17i;2.5066399086711056E-8+3.633010415477521E-18i;2.2183507457067612E-7+2.435245309839734E-17i;-1.9878279176973343E-7-4.580048512914036E-17i;8.653158407067361E-8;-2.8111386869225547E-7-1.399736303052388E-16i;-1.1466306714754728E-7-5.80639038765695E-17i;1.9809705591676654E-7-1.266983290973129E-16i;3.0541525825195524E-7+2.22370262456881E-16i;-2.3771936154483425E-7+3.4514169585098316E-15i;-1.1497094969600863E-7-6.144493689446496E-17i;-8.013476756834463E-8+2.4056244662981317E-16i;2.657972881238535E-7+6.271482510848927E-16i;2.328076256040177E-7+1.5401667034763026E-16i;2.697901914143947E-7+2.050719544814696E-15i
1.0359240907078816E-7-2.4595437108421562E-11i;2.1412966409355492E-7-3.258904491336567E-11i;3.002014658322398E-7-2.592394405122672E-10i;-9.961882599256141E-8-1.615326919561402E-11i;1.386343428469864E-7-5.077713443943931E-11i;-2.8926838206031923E-7+1.5189610521785234E-10i;3.71299682388884E-7;1.4702184088830686E-7;1.594957397954398E-7;-3.358444522773843E-7-6.63685462519918E-17i;-1.435013816335872E-7-1.603268748586229E-17i;8.417996405493884E-8+1.6766567363576966E-17i;1.7876104688842478E-7+2.3990007709341154E-17i;-2.4315980409579105E-7-5.316887898960151E-17i;4.056764397959793E-8-9.226149335424603E-18i;-2.347172615672751E-7-1.4886981455860967E-16i;-2.0004721714875027E-7-7.152212945598564E-17i;2.1147501506996188E-7-1.1651044746067576E-16i;3.049943151311445E-7+2.19208524054212E-16i;-2.103249271848658E-7+3.2514179960698495E-15i;-7.844033316798696E-8-5.347316928649747E-17i;-1.696165201687414E-7+3.4502950865898764E-16i;2.784727191089397E-7+7.8754018165959585E-16i;2.5176794740384424E-7+1.370993206056767E-16i;2.3719643125254108E-7+1.7237502806583159E-15i
1.2551351413308384E-7-2.2063313830103047E-11i;2.0215421467243016E-7-1.756712869545038E-11i;2.855101730440388E-7-2.4741206049575866E-10i;-1.2174972570451025E-7-1.883719723102504E-11i;1.37048144029527E-7-6.954174969864702E-11i;-2.7272951583887535E-7+1.4288440347898252E-10i;3.7399803921260984E-7;1.0558461130745932E-7;1.1565670838385065E-7;-3.490807322831261E-7-6.627838435004585E-17i;-1.934067233022197E-7-2.054649423322092E-17i;1.3128582587253783E-7+3.001572179576072E-17i;1.3115616831706898E-7+2.45355070584986E-17i;-2.787679385449448E-7-6.160030341494115E-17i;3.0273267038144296E-9-9.116676129403191E-18i;-1.768222033625716E-7-1.4005582131366294E-16i;-2.7040156075871656E-7-8.08683917352534E-17i;1.8537129798201667E-7-1.127030945033325E-16i;2.580850120561276E-7+1.9121719415783028E-16i;-1.861641161225277E-7+2.8146664448946897E-15i;-4.898623490709996E-8-4.750881701214157E-17i;-2.4518975747468103E-7+3.853583286972056E-16i;2.4222366103332905E-7+8.158072931205553E-16i;2.2304421584844049E-7+1.237559071974102E-16i;2.0448594506070562E-7+1.4591343313904868E-15i
1.4743461924314466E-7-1.9531190534028302E-11i;1.9017876525903469E-7-2.5452124732256815E-12i;2.7081888031205546E-7-2.3558468050872217E-10i;-1.4388062537162605E-7-2.1521125287178352E-11i;1.3546194519077777E-7-8.830636494800025E-11i;-2.561906495598711E-7+1.338727016986314E-10i;3.758241295810265E-7;6.358745127802728E-8;7.01061177975065E-8-1.364395654176702E-17i;-3.5813844764718604E-7-6.649243994091582E-17i;-2.279359046859795E-7-2.5873137128519703E-17i;1.6407901613458626E-7+3.9356203193382537E-17i;8.012343876352074E-8+2.2388572405065172E-17i;-3.0367715875538937E-7-6.12525104725662E-17i;-2.355224167984843E-8-1.12862989805183E-17i;-1.0992949754500712E-7-1.2497011525038047E-16i;-3.205101031611478E-7-7.763055204878983E-17i;1.2603771039454682E-7-8.361516448009443E-17i;1.721672316508698E-7+1.4941194148638342E-16i;-1.6813799431512855E-7+2.1713638945926614E-15i;-2.623971034007095E-8-3.321622374022996E-17i;-2.9992418985706023E-7+3.6993123149410483E-16i;1.6418164380308627E-7+7.339545328519484E-16i;1.5278918200491793E-7+1.0574943000969761E-16i;1.7822100379823562E-7+1.3014954800100863E-15i
1.6935572440260273E-7-1.6999067220395735E-11i;1.7820331585713122E-7+1.2476703754426344E-11i;2.561275876390386E-7-2.2375730055304645E-10i;-1.6601152499171339E-7-2.420505336498089E-11i;1.3387574632579998E-7-1.0707098018320318E-10i;-2.3965178321920695E-7+1.2486099987370123E-10i;3.767458978541549E-7;2.124079023286172E-8-6.256227697987623E-18i;2.349016056519784E-8-1.8737280499524823E-17i;-3.6273826702705777E-7-6.536531088560956E-17i;-2.455873796861228E-7-2.9242891237265744E-17i;1.8090189802845662E-7+4.684954240658222E-17i;2.6953922069958465E-8+1.941433151067155E-17i;-3.1649182753455096E-7-5.818112331112375E-17i;-3.7319775517998403E-8-1.030148503926609E-17i;-3.730335652263462E-8-8.73650110256356E-17i;-3.465528148676009E-7-7.097510044538511E-17i;4.459080358972262E-8-6.055499532051043E-17i;6.032699656613208E-8+1.0886582321266581E-16i;-1.5844944724361724E-7+1.439277319443821E-15i;-8.240654435283169E-9-6.308847736403255E-18i;-3.2865893364568445E-7+3.076058364179943E-16i;5.807266634505023E-8+5.47933279897399E-16i;5.432963849814496E-8+9.928007401526498E-17i;1.6371900119866034E-7+1.3133838030491122E-15i
1.9127682961158372E-7-1.4466943889776152E-11i;1.6622786647164982E-7+2.7498619987255005E-11i;2.414362950278445E-7-2.1192992063080994E-10i;-1.8814242456396157E-7-2.6888981463810532E-11i;1.3228954742943985E-7-1.2583559539900502E-10i;-2.2311291681307382E-7+1.1584929800051645E-10i;3.7674732774805574E-7;-2.1224113569593044E-8-1.183317168729956E-17i;-2.3485573385138032E-8-2.3602475575746735E-17i;-3.6273715168420417E-7-6.291575764213245E-17i;-2.455866262635917E-7-2.7136260677600925E-17i;1.80897315657166E-7+4.9743649834888064E-17i;-2.6937931967230996E-8+1.5661477910437797E-17i;-3.1649024946638074E-7-5.422285185312286E-17i;-3.7313788237864035E-8-4.343106507556764E-18i;3.7291169875516075E-8-3.526553331201391E-17i;-3.465463521588263E-7-5.335363733263839E-17i;-4.465933612903534E-8-4.102242208536611E-17i;-6.065329152044645E-8+6.198078293309597E-17i;-1.5827860907405656E-7+7.245522102264066E-16i;8.029765234451164E-9+1.8535177358956712E-17i;-3.286887253974871E-7+2.1198393974854968E-16i;-5.797220806260111E-8+3.0173047094524675E-16i;-5.414109077247473E-8+9.531578715850284E-17i;1.6390162875580028E-7+1.4617937598665988E-15i
2.131979348675595E-7-1.193482054405885E-11i;1.5425241711003914E-7+4.2520536224825705E-11i;2.2674500248216616E-7-2.001025407455707E-10i;-2.1027332409002878E-7-2.9572909582007413E-11i;1.3070334849569707E-7-1.4460021059094176E-10i;-2.0657405033715678E-7+1.068375960760248E-10i;3.758283570419609E-7;-6.357109427199999E-8-1.6078636688382026E-17i;-7.010268230127219E-8-2.673980773768785E-17i;-3.581350474730954E-7-5.930262721726622E-17i;-2.279345927919943E-7;1.6406671071249316E-7+4.8791627195361606E-17i;-8.010910912812055E-8+1.203088463450442E-17i;-3.0367350790336486E-7-5.599200700170041E-17i;-2.353658558622539E-8+3.351901586554041E-18i;1.0992065842048338E-7+2.5201197438890827E-17i;-3.2049487573262615E-7-3.807365164370175E-17i;-1.2608999757509172E-7-3.894044947955147E-17i;-1.7249771094539657E-7;-1.6764923748370519E-7+1.3716823152265344E-16i;2.6057185282975198E-8+4.4156181133119635E-17i;-3.0001400971786713E-7+1.057251827601322E-16i;-1.6406760617433766E-7+3.9109050803449335E-17i;-1.525351110279066E-7+9.336365715039909E-17i;1.787312867914253E-7+1.7026699767788047E-15i
2.351190401610279E-7-9.402697187373447E-12i;1.4227696778181648E-7+5.754245246610228E-11i;2.1205371000137315E-7-1.88275160898172E-10i;-2.3240422357768776E-7-3.225683771638957E-11i;1.2911714951875875E-7-1.6336482575511372E-10i;-1.9003518379071865E-7+9.782589409875626E-11i;3.7400493091358187E-7;-1.055686357207468E-7-2.0783640674288954E-17i;-1.1565463989695293E-7-2.990834722404169E-17i;-3.490751708271349E-7-5.424023601703709E-17i;-1.9340911440755787E-7;1.3127158968576833E-7+4.245894854595488E-17i;-1.3114298844920747E-7;-2.787665234023263E-7-5.573122583983729E-17i;3.044116523205982E-9+1.1394049847875135E-17i;1.76815243340797E-7+7.885707807623389E-17i;-2.7039312025848896E-7;-1.8539076185568063E-7-3.2972289281269023E-17i;-2.5841986857004005E-7;-1.8542137461469555E-7-2.4175187406043446E-16i;4.885274846491176E-8+6.219094471095263E-17i;-2.4534611481765646E-7;-2.420848000582311E-7-2.0832694701730992E-16i;-2.2267336964639463E-7+9.789589625931244E-17i;2.0520907362341865E-7+2.0183139045066874E-15i
2.5704014547886444E-7-6.8705738255621335E-12i;1.3030151849812358E-7+7.256436870895728E-11i;1.973624175839496E-7-1.7644778108902736E-10i;-2.5453512303783563E-7-3.494076586280128E-11i;1.2753095049262786E-7-1.821294408877548E-10i;-1.734963171735705E-7+8.881419206737905E-11i;3.7130920737818855E-7;-1.4700685469377273E-7-2.561146865386221E-17i;-1.5949686446530908E-7-3.7001673609145845E-17i;-3.3583725425673623E-7-4.903422042193413E-17i;-1.4350795834804306E-7;8.416497853051125E-8+3.235497380533328E-17i;-1.7875161710837045E-7;-2.4316315856832976E-7-4.105764311382372E-17i;4.058392853735256E-8+1.4735091265625377E-17i;2.3471812514055575E-7+1.3200057049926484E-16i;-2.0005376090588107E-7;-2.1147079940743186E-7-3.227231698507146E-17i;-3.053604643038968E-7;-2.0944625058857386E-7-3.507544777852427E-16i;7.83686874432258E-8+7.544197712938306E-17i;-1.6983348061953975E-7-6.733247524280023E-17i;-2.783327642286411E-7-3.7649992546234316E-16i;-2.5128251513322243E-7+1.1198094163668734E-16i;2.380105437187119E-7+2.3406644911445564E-15i
2.789612508100228E-7-4.338450462533366E-12i;1.1832606926849332E-7+8.758628495252909E-11i;1.8267112522933577E-7-1.6462040131826504E-10i;-2.7666602247974763E-7-3.762469401842586E-11i;1.2594475141239335E-7-2.008940559860504E-10i;-1.5695745048512982E-7+7.980248998027059E-11i;3.6778954862912895E-7;-1.8770692202985146E-7-3.0795086104612824E-17i;-2.010719565231748E-7-4.265176625417236E-17i;-3.188185807628492E-7-4.3009284167746544E-17i;-8.03359984579837E-8;2.5052048589935856E-8+1.5989018497693557E-17i;-2.218259541367912E-7;-1.9879085481429022E-7-2.851934283311871E-17i;8.654225575316737E-8+1.663704128193365E-17i;2.811155480144671E-7+1.6754762815342262E-16i;-1.14693328796704E-7+2.8154819103523954E-17i;-1.980878399399968E-7-3.161922470231882E-17i;-3.058375919049216E-7;-2.3683076998743546E-7-1.7021510271047702E-16i;1.1494879502860985E-7+8.705302964479774E-17i;-8.040408597551945E-8-1.0493291498147092E-16i;-2.656877364138734E-7-4.527879850619668E-16i;-2.3223760200891762E-7+1.341530053056736E-16i;2.70526938608579E-7+2.572704983371975E-15i
3.008823561445358E-7-1.8063271030448308E-12i;1.063506200969564E-7+1.0260820119663715E-10i;1.6797983293036746E-7-1.5279302158265742E-10i;-2.987969219126486E-7-4.0308622179354606E-11i;1.2435855227738193E-7-2.1965867104876055E-10i;-1.4041858373186773E-7+7.079078784123678E-11i;3.635110989129666E-7;-2.2753748296280836E-7-3.609533997296859E-17i;-2.399595819337891E-7-4.8874944611999956E-17i;-2.985123059609988E-7-3.5684195183252824E-17i;-6.424266458044349E-9+2.0551137647232008E-17i;-4.3327831100739506E-8;-2.595334891977621E-7-3.260058615814621E-17i;-1.4793013792114462E-7-2.9297420015754956E-17i;1.3796186357763916E-7+2.1506048715720625E-17i;3.144770765832998E-7+1.8664101385185156E-16i;-2.0375001686074902E-8+4.422504290635064E-17i;-1.4459585946330325E-7-4.4637987940203584E-17i;-2.5884198294333837E-7+3.147209056568914E-17i;-2.6437140000072424E-7+2.968904016080276E-16i;1.572377615927068E-7+8.630927106094709E-17i;1.50580268998051E-8-8.975478167264635E-17i;-2.0453440617273745E-7-4.3065758896593723E-16i;-1.674793818896303E-7+1.4109771895631593E-16i;2.962902675475173E-7+2.673097544719629E-15i
3.2280346147645165E-7+7.257962472546784E-13i;9.437517098230312E-8+1.1763011743959316E-10i;1.5328854067784242E-7-1.4096564187797153E-10i;-3.2092782134358895E-7-4.2992550339001676E-11i;1.2277235309084258E-7-2.3842328607870953E-10i;-1.2387971692357357E-7+6.177908565800308E-11i;3.5855813873097813E-7;-2.6643073823611977E-7-4.092207678763583E-17i;-2.759254247572157E-7-5.413222203990882E-17i;-2.7548486019601394E-7-2.7583141877768474E-17i;7.54500954752354E-8+3.505933848846013E-17i;-1.1803315150912723E-7-2.36304527850998E-17i;-2.914054048278934E-7-4.728360290820939E-17i;-9.298954132158713E-8-2.462916393239562E-17i;1.9178336777254516E-7+2.3525580499411462E-17i;3.3437533445150035E-7+1.9502859950373943E-16i;7.669345972169179E-8+4.921892319533034E-17i;-5.5740269797496883E-8-8.483831649213323E-17i;-1.696107284654026E-7+7.699964709460192E-17i;-2.889788973846661E-7+9.93417194331859E-16i;2.024210744597069E-7+7.460586931174668E-17i;1.0873416727886521E-7-5.3815100605692524E-17i;-1.0227856775115001E-7-3.2872200344777834E-16i;-6.624313667655318E-8+1.3726287798213794E-16i;3.1016641284769685E-7+2.635832248027235E-15i
3.447245668041156E-7+3.25791958184174E-12i;8.239972191925409E-8+1.3265203367974927E-10i;1.3859724846241438E-7-1.291382622011966E-10i;-3.430587207775633E-7-4.5676478488598805E-11i;1.211861538591609E-7-2.5718790108193774E-10i;-1.0734085007149778E-7+5.276738344059657E-11i;3.5303372549954985E-7;-3.0439503257885816E-7-4.5521076966843225E-17i;-3.0896402251796707E-7-6.305837661823297E-17i;-2.503359691217809E-7;1.6256851704487551E-7+4.5343194438512626E-17i;-1.9628161306117413E-7-4.720729280842666E-17i;-3.1741555682968647E-7-6.433951930719855E-17i;-3.619572898977438E-8-5.829355993382463E-18i;2.452917982063962E-7;3.4149714240034837E-7+1.7646464023697477E-16i;1.7107286109307197E-7+5.027337638461493E-17i;5.970305459598517E-8-1.260854672175605E-16i;-4.8084759739914735E-8+1.5217772033055814E-16i;-3.082205981891611E-7+1.834114537497885E-15i;2.46920600911532E-7+3.4749497950399865E-17i;1.9407084428877935E-7;2.8753589165657978E-8-1.3424622398425888E-16i;5.749739137680285E-8+1.3885925486059897E-16i;3.0939230533353536E-7+2.47228001201343E-15i
3.6664567212885657E-7+5.790042898015714E-12i;7.042427289866661E-8+1.4767394991840355E-10i;1.2390595627422138E-7-1.1731088254735018E-10i;-3.651896202186276E-7-4.836040662508155E-11i;1.1959995459209946E-7-2.759525160668141E-10i;-9.080198318852784E-8+4.375568120009072E-11i;3.4706476138057524E-7;-3.4154355382200413E-7-4.945153898879005E-17i;-3.3939552186416E-7-6.893004265242092E-17i;-2.2367636026145862E-7;2.525146205560312E-7+6.045304788637056E-17i;-2.757754102462991E-7-7.355540284590281E-17i;-3.3816331473726156E-7-8.122477772699802E-17i;2.073311242393859E-8;2.965774095763503E-7;3.377561857994952E-7+1.4662883424514254E-16i;2.591478710234391E-7+4.910312960705997E-17i;1.9102331852228376E-7-1.5391503624016922E-16i;9.342215175358972E-8+2.163842251585011E-16i;-3.2082722121300134E-7+2.749494245483408E-15i;2.874949732840029E-7;2.6717857154984995E-7+1.0543044095642762E-16i;1.7448032452680822E-7+1.1038228605090872E-16i;1.888401184922405E-7+1.3612392985267504E-16i;2.940087324673573E-7+2.152458526326468E-15i
3.8856677745251544E-7+8.322166200333472E-12i;5.844882390501683E-8+1.6269586615557943E-10i;1.0921466410176242E-7-1.0548350290750202E-10i;-3.873205196652562E-7-5.104433475030829E-11i;1.1801375530283872E-7-2.947171310403682E-10i;-7.426311628813084E-8+3.474397894641598E-11i;3.4080738601677807E-7;-3.781168249778452E-7-5.3215198381818783E-17i;-3.6795397310073405E-7-7.427148929496831E-17i;-1.9610785032909825E-7;3.435037440975344E-7+7.223914392981118E-17i;-3.551255406799002E-7-9.761294639829209E-17i;-3.550665699219369E-7-9.649816060358258E-17i;7.696969574296337E-8+1.2739953250567464E-17i;3.4513857287294854E-7;3.263943712862293E-7+1.241742349558315E-16i;3.4044211667381243E-7+5.0318493864599627E-17i;3.2860456184445785E-7-1.7296357060582398E-16i;2.435919386213577E-7+2.9451666146598416E-16i;-3.2739795328453485E-7+3.67055709041667E-15i;3.2280265727381236E-7;3.2856961149265676E-7+2.1445328390271621E-16i;3.2359227238905646E-7+3.6486924107407503E-16i;3.173761747998887E-7+1.4393942202742433E-16i;2.671111273648774E-7+1.7558278684144235E-15i
-3.487955963944632E-8-3.921830190350354E-11i;2.8920061783394855E-7-1.2506777646544398E-10i;3.73739255842105E-7-3.159732976355033E-10i;4.239462786781822E-8+1.442423201974175E-13i;1.5313103397660827E-7+5.897195722371996E-11i;-3.760437139748277E-7+2.0169327700704872E-10i;2.8811400036845473E-7;3.6468669867276386E-7+3.753215370848688E-17i;3.2562819526813453E-7+3.3117933852319165E-17i;-1.2059207329560243E-7-3.528655296780044E-17i;3.499865697898409E-7;-3.3814647989059906E-7-8.932596523269422E-17i;2.7479619378257803E-7;1.1482840202158714E-7+7.773683222633021E-17i;2.769435463858813E-7;-1.9399722556861857E-7;2.931674977803693E-7+6.886280313094812E-17i;-3.172322049635517E-7+6.381028568332894E-17i;-2.8091845202038697E-7;-1.816369897555498E-7-4.583552338336967E-16i;-1.9665666350719915E-7;2.3675624068922984E-7-5.847965983584534E-16i;-3.1221590654998707E-7-9.265314393616348E-16i;-2.703678226316107E-7+5.879056211594272E-17i;8.096611339454788E-8+1.1396011928887266E-15i
-1.295845477267968E-8-3.668617871174871E-11i;2.7722516845463037E-7-1.1004586022075575E-10i;3.5904796281384275E-7-3.0414591744040587E-10i;2.0263727977594094E-8-2.5396856173237025E-12i;1.515448351407126E-7+4.0207342027192076E-11i;-3.5950484793361884E-7+1.926815753493854E-10i;2.9451405849271304E-7;3.2878440857437845E-7+3.305880586269061E-17i;2.9917364021735524E-7+3.248882313149927E-17i;-1.4822527904150122E-7-3.8253782936661E-17i;2.598277612016723E-7;-2.6078682438498575E-7-6.836985294047528E-17i;2.6183153599639987E-7;6.169300956185285E-8+3.8431308468965265E-17i;2.3239486251976815E-7;-2.1137311020388943E-7;2.2330139832733277E-7+4.276354158114193E-17i;-1.8318545177633254E-7;-1.337435926156109E-7+2.799702322086332E-17i;-1.7994082228407645E-7+4.2653087605448427E-16i;-1.6839855290563163E-7;1.9226984178579614E-7-3.9107424220417074E-16i;-1.7338979986741976E-7-6.076939711648801E-16i;-1.5959855913432292E-7+5.980887023402059E-17i;1.1200679213581838E-7+1.248739762854848E-15i
8.962650105149972E-9-3.415405551729516E-11i;2.65249719081065E-7-9.502394397898417E-11i;3.4435666980405956E-7-2.923185372605024E-10i;-1.8671719032062952E-9-5.223613558399367E-12i;1.4995863630036935E-7+2.1442726830330393E-11i;-3.429659818798741E-7+1.8366987368593342E-10i;3.006089899506037E-7;2.9253830130856434E-7;2.7153966561584257E-7+2.765995849320934E-17i;-1.7472336796824824E-7-4.180052540850118E-17i;1.7113605059792874E-7;-1.83924068264351E-7-4.8182232155447034E-17i;2.4622408012906074E-7;9.070139664353321E-9+1.3791742439470771E-17i;1.8601465791207845E-7;-2.2276564215142566E-7-3.6474292528181194E-17i;1.500727034208578E-7+1.5616156515761856E-17i;-5.64576196832065E-8-2.885521717262691E-17i;4.023682584704711E-9+7.725108192639213E-17i;-1.7241234902029053E-7+1.2061397791338784E-15i;-1.3657874021836917E-7-2.16370769482876E-17i;1.4110024440662314E-7-2.161272258830391E-16i;-4.0019513134992234E-8-2.8149342250435874E-16i;-4.9531596215130394E-8+6.514209864489233E-17i;1.312219156042871E-7+1.2681004066540618E-15i
3.088375500304719E-8-3.162193231704069E-11i;2.532742697132928E-7-8.000202774315043E-11i;3.2966537682490757E-7-2.8049115710656E-10i;-2.3998071766671312E-8-7.907541507012271E-12i;1.4837243745553956E-7+2.678111629655443E-12i;-3.2642711580566535E-7+1.746581720150536E-10i;3.06240616133087E-7;2.556928137054685E-7;2.419702202958625E-7;-1.9954088152343533E-7-4.510102541088397E-17i;8.560507416790186E-8;-1.087827979851289E-7-3.0065198821769113E-17i;2.2660377504864043E-7;-4.256117125685986E-8-4.857895648359194E-18i;1.3810016145120794E-7;-2.2531775708067097E-7-6.589184418767407E-17i;7.315604481067546E-8-8.158384395420611E-18i;5.405328258922243E-8-6.251807375782119E-17i;1.2231255748915793E-7+1.1220758184249224E-16i;-1.5864220559797043E-7+1.8200683497312654E-15i;-1.0283636537157535E-7-3.6479013677541895E-17i;8.186160203751024E-8-4.6212805329911223E-17i;7.86424455062455E-8+3.8064890217496166E-17i;5.242691214292365E-8+7.766556315119724E-17i;1.3658105440767397E-7+1.1646220305432682E-15i
5.28048599282579E-8-2.9089809108475738E-11i;2.4129882035264055E-7-6.498011151398855E-11i;3.149740838851578E-7-2.686637769840551E-10i;-4.612897160618216E-8-1.0591469465598402E-11i;1.467862386027902E-7-1.608650357351095E-11i;-3.0988824970154776E-7+1.6564647033030432E-10i;3.112825640144137E-7;2.1811430770140513E-7;2.1009872638992928E-7;-2.2213196161988678E-7-4.8171431466036723E-17i;5.506732782604989E-9-3.6267767582136876E-18i;-3.742496687577292E-8-1.2034894463619321E-17i;2.0234334509797E-7;-9.190870777687428E-8-2.0211855517087728E-17i;9.021642856855206E-8;-2.1729619455490926E-7-9.046769991820165E-17i;-5.0465692688945535E-9-2.9874779616287574E-17i;1.3854396601663304E-7-8.338327264410591E-17i;2.1014750404740807E-7+1.3796545721063493E-16i;-1.397608470681235E-7+2.216111771827656E-15i;-7.028082386789231E-8-4.72103463651244E-17i;1.673709813853864E-8+9.7860876277651E-17i;1.7085458795998682E-7+3.1089575833755616E-16i;1.3499140608980006E-7+8.058154725615432E-17i;1.2836859010190531E-7+9.647102973806643E-16i
7.472596488622435E-8-2.6557685889761884E-11i;2.2932337100089176E-7-4.9958195289514616E-11i;3.002827909908337E-7-2.568363968938626E-10i;-6.825987141645504E-8-1.3275397436520611E-11i;1.4520003973711625E-7-3.485111877651698E-11i;-2.933493835578933E-7+1.5663476862326197E-10i;3.1563220667950315E-7;1.7976515708108203E-7;1.7585057933540012E-7;-2.4196003814077985E-7-5.004344841897227E-17i;-6.659874401754123E-8-1.2397539410839554E-17i;2.7632647347742498E-8+4.166322893499028E-18i;1.7335611107721077E-7+1.7501317625138692E-17i;-1.372133607676233E-7-2.7556534397272735E-17i;4.465014538974057E-8-9.858910554665074E-18i;-1.979862338251819E-7-1.1346898287215757E-16i;-8.056927405265545E-8-4.830944725114132E-17i;1.8904263222405654E-7-8.765833229716565E-17i;2.5867420841014896E-7+1.6591200310267874E-16i;-1.1786424201780734E-7+2.3496496921690806E-15i;-4.2143394563788335E-8-4.0770870802338173E-17i;-4.9953212975971544E-8+2.187965435363687E-16i;2.2632291466745528E-7+5.290512947369366E-16i;1.8746261282586963E-7+7.811478452456051E-17i;1.0914640998289975E-7+7.1131711490953325E-16i
9.664706988189016E-8-2.4025562659073524E-11i;2.173479216597159E-7-3.4936279066962534E-11i;2.855914981467213E-7-2.450090168366233E-10i;-9.039077119259209E-8-1.5959325422030683E-11i;1.436138408538397E-7-5.361573397535459E-11i;-2.7681051736691426E-7+1.4762306688634274E-10i;3.192071024995197E-7;1.4068692399570222E-7;1.3938298502605272E-7;-2.5851899347624683E-7-5.1936204050110254E-17i;-1.2809838203434128E-7-1.675840809329493E-17i;8.371282825832804E-8+1.6522654723398423E-17i;1.3998132754916236E-7+1.9441858647868095E-17i;-1.7651370561075449E-7-3.6827676669832296E-17i;4.026616003136231E-9-1.1761167248849452E-17i;-1.6767885021617198E-7-1.2638891806626363E-16i;-1.486855991161983E-7-5.825602587898094E-17i;2.0133853784881075E-7-8.172961126634529E-17i;2.633071522060849E-7+1.5470449030698607E-16i;-9.56272705950154E-8+2.2130072332514793E-15i;-2.0861027274740532E-8-4.422146845185042E-17i;-1.1274239984745901E-7+2.9409337514882566E-16i;2.389401524489556E-7+6.450648953415952E-16i;2.0279214467772242E-7+5.683401744631331E-17i;8.347469555735893E-8+4.452068410726673E-16i
1.1856817491913271E-7-2.1493439414711142E-11i;2.0537247233076828E-7-1.991436284405481E-11i;2.7090020535659084E-7-2.3318163681089053E-10i;-1.1252167093054672E-7-1.8643253424128048E-11i;1.42027641948898E-7-7.238034916544287E-11i;-2.6027165112262416E-7+1.3861136511210955E-10i;3.21943658681017E-7;1.0097941761244024E-7;1.010170677880439E-7;-2.713657740398671E-7-5.2466524052697247E-17i;-1.7660328254175957E-7-2.3628949032451674E-17i;1.2830965942896226E-7+2.7407068707902273E-17i;1.0286225893792834E-7+1.9555294979695004E-17i;-2.0792467313921162E-7-3.811311156349416E-17i;-2.9097942734144633E-8-1.7552624663661026E-17i;-1.27591636803051E-7-1.2852431237654924E-16i;-2.0469916297528012E-7-6.396231713205057E-17i;1.7621836986257358E-7-7.177235826368853E-17i;2.2508721116780605E-7+1.396080247155936E-16i;-7.582673286828616E-8+1.8398642459306377E-15i;-7.40768628616241E-9-3.7818539484817334E-17i;-1.6597442716560594E-7+3.140231839372382E-16i;2.0856224714130548E-7+6.735479227394812E-16i;1.7957691422681515E-7+4.4500702694359826E-17i;5.700794597167524E-8+2.338069460569553E-16i
1.4048928000032856E-7-1.8961316156254394E-11i;1.9339702301645184E-7-4.892446618440885E-12i;2.562089126235419E-7-2.213542568174187E-10i;-1.3465257062755955E-7-2.1327181444260325E-11i;1.404414430183282E-7-9.114496434374775E-11i;-2.4373278482032554E-7+1.2959966329684303E-10i;3.2379418858479866E-7;6.079164775159411E-8;6.121176711906473E-8-1.0721967145569187E-17i;-2.8014064694944826E-7-5.288421636698263E-17i;-2.101289263400473E-7-2.597129698938647E-17i;1.5931708076100094E-7+3.8520278487649084E-17i;6.290497016792609E-8+2.1157271431943732E-17i;-2.2984677996787252E-7-4.807902775058727E-17i;-5.2534781120755796E-8-1.3266753053233979E-17i;-7.983676871127186E-8-1.055715756124995E-16i;-2.4456787687835643E-7-6.255088668158938E-17i;1.197173320486441E-7-5.129463877147238E-17i;1.5100913951633022E-7+9.559329387885905E-17i;-6.095724130453351E-8+1.3085803071475155E-15i;-1.1208972437659292E-9-1.8647134754038365E-17i;-2.0466501833662995E-7+2.8876528618276185E-16i;1.416181832768576E-7+5.708462387660512E-16i;1.229639922248962E-7+3.135161271732736E-17i;3.545409288469833E-8+1.1546104029133061E-16i
1.6241038512723078E-7-1.642919288302827E-11i;1.814215737188023E-7+1.0129469610156837E-11i;2.415176199499559E-7-2.0952687685774613E-10i;-1.5678347028138683E-7-2.4011109482820913E-11i;1.3885524405887193E-7-1.0990957950710193E-10i;-2.2719391845654264E-7+1.2058796143756895E-10i;3.247279756071604E-7;2.0302439143030996E-8-5.052615836325663E-18i;2.0506445088491747E-8-1.5315555830972116E-17i;-2.845920676497611E-7-5.1538537303712277E-17i;-2.272568344224378E-7-2.6002341800145664E-17i;1.752104040212025E-7+4.5282864049310204E-17i;2.117209203951975E-8+1.9734052225794747E-17i;-2.411051105984213E-7-5.026598390196589E-17i;-6.466392491759624E-8-8.243635907726183E-18i;-2.717676204662578E-8-7.561789246390888E-17i;-2.652615446879904E-7-5.533620309354147E-17i;4.232739593327681E-8-2.3479597257586067E-17i;5.307994801257245E-8+4.914504290998027E-17i;-5.294233532453318E-8+6.748308658914972E-16i;1.7022728853393451E-10-4.675734067940971E-18i;-2.2498684589846743E-7+2.2372449776634724E-16i;5.010025558426313E-8+4.0095370017587295E-16i;4.363612844882119E-8+2.0611824439840076E-17i;2.3483086517124914E-8+1.3965558983249758E-16i
1.843314903005699E-7-1.3897069595571164E-11i;1.6944612444020998E-7+2.5151385842537275E-11i;2.268263273378555E-7-1.976994969331027E-10i;-1.7891436989074167E-7-2.6695037540005686E-11i;1.3726904506754038E-7-1.2867419465173086E-10i;-2.1065505202857665E-7+1.1157625953196895E-10i;3.24729230903738E-7;-2.0289515396042377E-8-1.0349551160189588E-17i;-2.0504965732645233E-8-1.9133789585602727E-17i;-2.845906967817069E-7-4.9583138111748294E-17i;-2.2725558824684546E-7-2.4951833858896104E-17i;1.7520602984912992E-7+4.7747499226635496E-17i;-2.1164245427763906E-8+1.7530772620717262E-17i;-2.4110263733497463E-7-4.563495265715074E-17i;-6.465838543703126E-8;2.7169264520739664E-8-3.122795670496134E-17i;-2.6525252187241917E-7-3.725599554680784E-17i;-4.2391026128109406E-8;-5.3215383490305806E-8+6.758159564744837E-18i;-5.279176340146918E-8+5.12917411534162E-17i;-3.283339932184054E-10+1.3867318074976144E-17i;-2.2500279474403966E-7+1.3435101932275248E-16i;-5.0066968858473574E-8+1.9154011228172091E-16i;-4.370542322985465E-8+1.686633789225939E-17i;2.363122898831086E-8+2.5152957725812494E-16i
2.0625259551785975E-7-1.1364946294938258E-11i;1.574706751853239E-7+4.017330207821176E-11i;2.1213503478900987E-7-1.8587211704545585E-10i;-2.010452694572833E-7-2.93789656146333E-11i;1.356828460407398E-7-1.474388097747054E-10i;-1.9411618553413056E-7+1.0256455757809151E-10i;3.237978427924007E-7;-6.07786472342015E-8-1.4720640055177425E-17i;-6.121025688795773E-8-2.061389334206907E-17i;-2.801364166251253E-7-4.6618877604288107E-17i;-2.1012703971526723E-7;1.593067407488849E-7+4.665152098452925E-17i;-6.289664237725439E-8+1.4857647663054653E-17i;-2.2984156491672211E-7-4.7380832265481313E-17i;-5.252267171127735E-8+7.340183269300446E-18i;7.982822014027563E-8+2.170406635451862E-17i;-2.445490556335849E-7-2.6870704219066567E-17i;-1.1975452497078957E-7;-1.5113225986092796E-7-3.7724397299315046E-17i;-6.052351041780133E-8-4.671365258254094E-16i;9.876244680417579E-10+3.182872979509206E-17i;-2.0471893561194348E-7+4.6694137475771685E-17i;-1.4155446827302972E-7-4.0509769773364116E-17i;-1.229614691148866E-7+1.9587110035988304E-17i;3.58607457000482E-8+4.710726082599398E-16i
2.281737007712879E-7-8.832822983666365E-12i;1.4549522596160187E-7+5.519521831801852E-11i;1.974437423035521E-7-1.7404473719531284E-10i;-2.2317616898726694E-7-3.206289370568811E-11i;1.340966469740914E-7-1.6620342487310412E-10i;-1.775773189719682E-7+9.355285557407671E-11i;3.219495684877554E-7;-1.0096613928880735E-7-1.8665924348718763E-17i;-1.0101485650300489E-7-2.4628827314005307E-17i;-2.7135860154857747E-7-4.2088628614110547E-17i;-1.7660405334369E-7;1.2829791886751245E-7+4.106260814075598E-17i;-1.0285124441915187E-7;-2.0791972200765712E-7-4.490084491614545E-17i;-2.9086111525130227E-8+1.126610797829245E-17i;1.2757860185234103E-7+6.52914973394774E-17i;-2.0468164426826683E-7;-1.7622452423801472E-7;-2.2520522085960529E-7-6.449194120600545E-17i;-7.516994447107405E-8-7.975156518546453E-16i;7.3088635263559635E-9+5.025963102237886E-17i;-1.6606754173429512E-7-4.5528970728859724E-17i;-2.0846114917908152E-7-2.350444119517762E-16i;-1.7945724328462684E-7+1.801108608527771E-17i;5.7581033435111235E-8+7.111832545008656E-16i
2.500948060505738E-7-6.300699666134956E-12i;1.3351977677710424E-7+7.021713455893172E-11i;1.8275244988046024E-7-1.6221735738295588E-10i;-2.4530706848921094E-7-3.474682180911288E-11i;1.32510447863617E-7-1.8496803994371764E-10i;-1.61038452341954E-7+8.454115351861882E-11i;3.192153595797068E-7;-1.406739911788708E-7-2.3209040168287188E-17i;-1.3938206331530753E-7-3.110071319320749E-17i;-2.5851052143272694E-7-3.74303843323387E-17i;-1.281047956227981E-7;8.370395839960182E-8+3.123458609931589E-17i;-1.3997085838446054E-7;-1.7651657452185372E-7-2.581883319479802E-17i;4.032999022813964E-9+9.934227455211182E-18i;1.6766897610497076E-7+1.0008468439284978E-16i;-1.4869070366034752E-7;-2.0132211695544518E-7;-2.634465573703505E-7-5.61390020499371E-17i;-9.485569507767453E-8-8.945952537599927E-16i;2.0808494893342292E-8+5.015604680400285E-17i;-1.128908728540231E-7-1.1465097627018838E-16i;-2.3883211463384415E-7-3.7198733491515923E-16i;-2.02580219055905E-7+3.2282201863344724E-17i;8.411825866007791E-8+9.900798706335402E-16i
2.720159113453662E-7-3.768576347295009E-12i;1.215443276389807E-7+8.52390508004562E-11i;1.6806115751790972E-7-1.5038997760896384E-10i;-2.674379679719373E-7-3.743074992230397E-11i;1.3092424870632022E-7-2.0373265498568762E-10i;-1.4449958564496912E-7+7.552945141227905E-11i;3.156423609740065E-7;-1.797533060279673E-7-2.796169913130899E-17i;-1.758527878228514E-7-3.474414298262234E-17i;-2.419482221179459E-7-3.189837319086859E-17i;-6.660674388314924E-8;2.7623392312024856E-8+1.654743087493284E-17i;-1.7334782301827624E-7;-1.372192420971927E-7-1.802279074189736E-17i;4.465203468187897E-8+1.3546691108006292E-17i;1.979820070746121E-7+1.3302869535963858E-16i;-8.05905672585771E-8+2.8564116640535385E-17i;-1.890241933626496E-7;-2.5886402124210187E-7-3.853209226006255E-17i;-1.1710086649374384E-7-7.1360088045044E-16i;4.2132372308129056E-8+5.5072261515266054E-17i;-5.012893014298073E-8-1.3812852600818241E-16i;-2.2624007911125557E-7-4.2442530609123325E-16i;-1.8718834766641885E-7+4.8471332824007874E-17i;1.0973749089812733E-7+1.1801037994233096E-15i
2.9393701664796377E-7-1.236453030303302E-12i;1.0956887854927388E-7+1.0026096704196983E-10i;1.533698652108233E-7-1.3856259787104996E-10i;-2.895688674426272E-7-4.011467804189642E-11i;1.293380495029682E-7-2.2249727000005767E-10i;-1.27960718885961E-7+6.651774925826748E-11i;3.1129448728945694E-7;-2.1810377626392508E-7-3.2975230150159073E-17i;-2.101043923588276E-7-4.054539392436441E-17i;-2.221166161444652E-7-2.4751463160545767E-17i;5.495229898163546E-9+1.3615980777657314E-17i;-3.7431778416192057E-8;-2.0233608962840352E-7-2.2324940200815713E-17i;-9.191847056589312E-8;9.020910020049613E-8+1.7125037206351785E-17i;2.1729374963965938E-7+1.49937375341573E-16i;-5.091138497747106E-9+4.043859386832363E-17i;-1.3853361306322176E-7-1.408883997621751E-17i;-2.103979748267747E-7;-1.3912593231069273E-7-2.7122141670036615E-16i;7.030007096768845E-8+5.225518596879285E-17i;1.6543836622014456E-8-1.4237098205283233E-16i;-1.7081864176743523E-7-3.845084743939241E-16i;-1.3469651598903706E-7+5.675917609231306E-17i;1.2877106957118658E-7+1.277901982589242E-15i
3.158581219540326E-7+1.2956702811457187E-12i;9.759342950520808E-8+1.1528288328225227E-10i;1.3867857295190413E-7-1.2673521816633898E-10i;-3.1169976690645677E-7-4.279860616335824E-11i;1.2775185025782553E-7-2.412618849892924E-10i;-1.114218520730618E-7+5.75060470632083E-11i;3.0625419194892343E-7;-2.5568470308820094E-7-3.7899573273038155E-17i;-2.4198277913228936E-7-4.738153838719472E-17i;-1.9952181427989406E-7;8.559276641818439E-8+2.66881067712294E-17i;-1.0878988714167602E-7-2.07440200241447E-17i;-2.2660369407149078E-7-3.800188592833623E-17i;-4.257237223851512E-8;1.3808733258062427E-7;2.2532780331559356E-7+1.431920976136696E-16i;7.309596602766005E-8+3.8414326811394E-17i;-5.405430070516722E-8-3.889418846711713E-17i;-1.2262915538279337E-7+4.986016646918788E-17i;-1.582594565570088E-7+3.771513245343352E-16i;1.028920801373555E-7+3.475119836373867E-17i;8.168009845567185E-8-8.906530568591907E-17i;-7.867347603982051E-8-2.5798659858881363E-16i;-5.2168911007346135E-8+6.245885099914838E-17i;1.3671752141559235E-7+1.2288002355442398E-15i
3.3777922726301384E-7+3.827793582842057E-12i;8.561798049955706E-8+1.3030479952049313E-10i;1.2398728073271478E-7-1.1490783849125626E-10i;-3.338306663666263E-7-4.54825342807606E-11i;1.261656509785348E-7-2.600264999601597E-10i;-9.488298521668359E-8+4.849434483657821E-11i;3.0062429760510856E-7;-2.9253240136023974E-7-4.229048091718306E-17i;-2.715581088152972E-7-5.3962686644398346E-17i;-1.7470081419189186E-7;1.7112191840800924E-7+4.07767966531447E-17i;-1.8393038179793462E-7-4.439789045772949E-17i;-2.462280515526676E-7-5.427318429397156E-17i;9.058304891129401E-9+7.159479631605666E-18i;1.8599508292111045E-7;2.2278116819221358E-7+1.185306794272593E-16i;1.499974151319642E-7+3.6444554424178125E-17i;5.643175242870379E-8-8.067199320737935E-17i;-4.405020263720589E-9+1.0121003219770584E-16i;-1.7236734436858424E-7+1.1636390144951411E-15i;1.3665070455141594E-7;1.409442549754292E-7;3.991608701455544E-8-5.995559215547918E-17i;4.972100202532705E-8+5.4803220350634705E-17i;1.3102346170065364E-7+1.0109486071251641E-15i
3.597003325759651E-7+6.359916873389698E-12i;7.364253152152509E-8+1.4532671575669394E-10i;1.0929598854359994E-7-1.0308045884063325E-10i;-3.559615658250046E-7-4.8166462391389024E-11i;1.245794516754819E-7-2.7879111492071813E-10i;-7.834411832886436E-8+3.9482642588335845E-11i;2.945313469194563E-7;-3.287823522615734E-7-4.6225183577872134E-17i;-2.992035720627922E-7-6.03523436562751E-17i;-1.4819971887511794E-7;2.5981694089256443E-7+5.2109381706976206E-17i;-2.6079981936297425E-7-6.866923883880921E-17i;-2.6185147985062653E-7-6.949196700138058E-17i;6.168838601932937E-8+2.1699747748067233E-17i;2.3238205153340129E-7;2.1141525797256013E-7+8.782768303783852E-17i;2.2324486231520715E-7+3.473436047489978E-17i;1.8315173664413557E-7-1.1155559935302518E-16i;1.3332090402195134E-7+1.7417695614957703E-16i;-1.8031264169204286E-7+2.0209021805312688E-15i;1.6851247067754317E-7;1.922038552714321E-7+7.984888257876375E-17i;1.7324356331716012E-7+1.7934217917821884E-16i;1.5973153250998058E-7+6.150580536069482E-17i;1.1148143970857797E-7+7.075157443667654E-16i
3.8162143789316514E-7+8.89204015772341E-12i;6.166708255703929E-8+1.6034863199273087E-10i;9.460469637326038E-8-9.125307920528994E-11i;-3.7809246528144037E-7-5.085039049896778E-11i;1.229932523610536E-7-2.9755572987743175E-10i;-6.1805251422522E-8+3.047094032814188E-11i;2.8813183498417447E-7;-3.6468642307363523E-7-4.991757930026667E-17i;-3.256627105187664E-7-6.38235994184518E-17i;-1.205584696664984E-7;3.499859409824166E-7+6.515735403576261E-17i;-3.381677072430316E-7-9.137156396194848E-17i;-2.748171783480593E-7-8.119944459832646E-17i;1.1483194769249536E-7+3.03874522596969E-17i;2.7692707889549903E-7;1.9403359909082343E-7+7.43427316930666E-17i;2.9310921300413835E-7+3.588190278809383E-17i;3.1722029221643685E-7-1.3268906851207365E-16i;2.8050697136598175E-7+2.4103964214553155E-16i;-1.824233707972177E-7+2.9081813331502628E-15i;1.9678469512651332E-7-3.9766409254780916E-17i;2.367484809579242E-7+1.9676083613465462E-16i;3.1204873296715635E-7+4.2645888928675263E-16i;2.704157763217293E-7+5.789063812881237E-17i;8.005250139737653E-8+3.097075032793653E-16i
-4.182489874710444E-8-3.864842732648469E-11i;2.924188750261359E-7-1.2741501067123198E-10i;3.591292881798831E-7-3.017428740414244E-10i;5.1622682755751776E-8+3.381859606862508E-13i;1.581105323577003E-7+5.613335737207786E-11i;-3.635858493741177E-7+1.9742023885006076E-10i;2.355556718920577E-7;3.5061939551347855E-7+3.6825662725572363E-17i;2.816845461319795E-7+2.944791570949268E-17i;-4.6309448126881484E-8-1.99770037386749E-17i;3.549753587281917E-7;-3.1918701834029376E-7-8.370049313518193E-17i;1.926694370549449E-7-2.502488501595279E-17i;1.478748593943582E-7+9.09327859244776E-17i;2.072844465756172E-7;-6.247597029590794E-8+3.4331577212474185E-17i;2.3673385129605148E-7+6.949113175659776E-17i;-3.0125059260815727E-7+7.821241399182054E-17i;-3.1001385653596986E-7-6.115079373125744E-17i;-4.307698036249203E-8-1.5763267401522483E-15i;-7.434429609778235E-8+1.3782997392522047E-17i;1.3592058535558022E-7-4.3079012016848015E-16i;-2.898998004431489E-7-7.403063082337122E-16i;-2.1060795726464335E-7-3.7754679128676745E-17i;-8.699650718685341E-8-4.646047614168219E-16i
-1.990379389029642E-8-3.611630414703675E-11i;2.8044342567896713E-7-1.1239309441972768E-10i;3.444379951416322E-7-2.8991549383168313E-10i;2.949178285492196E-8-2.3457419624862235E-12i;1.5652433348920313E-7+3.736874220618212E-11i;-3.4704698333183383E-7+1.8840853717955607E-10i;2.421967124988006E-7;3.1561588843198117E-7+3.237395852339518E-17i;2.5802862909257963E-7+2.7076935341982368E-17i;-7.420943293800724E-8-2.4299484458637765E-17i;2.6556013115380996E-7;-2.442452929517508E-7-6.430967564064862E-17i;1.8488463206133974E-7;9.869016933840772E-8+6.211919309647988E-17i;1.6804732408903312E-7;-8.762881797514415E-8+1.3772072449716157E-17i;1.8171077122272792E-7+4.4787388750537737E-17i;-1.706333366809324E-7+3.697728929944945E-17i;-1.6591993947411884E-7-1.9885963852008014E-17i;-4.725705336764612E-8-6.844576888559222E-16i;-5.431431831734286E-8;1.1269907582544134E-7-2.806270661432422E-16i;-1.6419510526469735E-7-4.583876879452525E-16i;-1.230374784513617E-7-1.5468258338003388E-17i;-5.031086180154429E-8-2.4212736157520977E-16i
2.0173109764983056E-9-3.3584180968225813E-11i;2.6846797634826505E-7-9.737117817006746E-11i;3.297467021232308E-7-2.78088113636585E-10i;7.3608829621436736E-9-5.029669886271641E-12i;1.5493813460547415E-7+1.8604127048517723E-11i;-3.3050811727267437E-7+1.793968354974185E-10i;2.48484702820746E-7;2.8042753718689776E-7;2.336321699607605E-7;-1.006725776546367E-7-2.774331243289384E-17i;1.7784878678390383E-7;-1.700968840804396E-7-4.743293618774457E-17i;1.7510549307936314E-7;5.091902491412365E-8+3.3555590169603914E-17i;1.2720214038884906E-7-1.2981772707062834E-17i;-1.0745885895011627E-7-2.1637072138449192E-17i;1.2529764400993884E-7+1.538051023388175E-17i;-4.762390230999268E-8+1.3339266697064292E-17i;-3.1394652606885256E-8+1.4363292429697504E-17i;-4.4844860664807544E-8+1.0365509646023508E-16i;-3.105053434999617E-8-8.17843940999201E-18i;8.565385744513608E-8-1.3260745166085975E-16i;-4.442691405970113E-8-1.7734072746431083E-16i;-3.719225603240332E-8-6.989635813769033E-18i;-2.68969798658239E-8-1.5332367109540345E-16i
2.3938415860987563E-8-3.1052057787344464E-11i;2.5649252703548904E-7-8.234926192547938E-11i;3.15055409136423E-7-2.662607334663356E-10i;-1.4770016915752698E-8-7.713597814025155E-12i;1.5335193570486721E-7-1.6048810370575164E-13i;-3.139692511874633E-7+1.70385133801218E-10i;2.542718467976352E-7;2.448086655825131E-7;2.0781542419014404E-7;-1.252556893919512E-7-3.120134358968664E-17i;9.349109592845357E-8;-9.790921938004103E-8-2.8629079349828067E-17i;1.6225176215609232E-7;4.768386617472722E-9+1.0495496767717083E-17i;8.511389478083702E-8;-1.1996941980335142E-7-4.6002175295802297E-17i;6.696988269640855E-8-7.60936490506648E-18i;5.91088643719926E-8-2.187987183188991E-17i;8.440046077467198E-8+5.337263323033686E-17i;-3.6190735162412395E-8+7.405226756618396E-16i;-7.253689665666896E-9-1.3415811206407003E-17i;5.3584050581039715E-8+1.079743710486243E-17i;6.151534953585815E-8+6.929726120914555E-17i;4.148414021756676E-8;-1.7036167420706556E-8-1.8770945415495213E-16i
4.585952076990762E-8-2.8519934602157752E-11i;2.4451707774141917E-7-6.732734568668023E-11i;3.0036411619009714E-7-2.5443335332726045E-10i;-3.690091677260233E-8-1.0397525748255945E-11i;1.5176573678520714E-7-1.892510325076374E-11i;-2.974303850676568E-7+1.6137343208583896E-10i;2.5943852919419613E-7;2.086130931442081E-7;1.8020105993129625E-7;-1.4749811881856692E-7-3.3947271488459315E-17i;1.466967157901742E-8-3.918399432070939E-18i;-2.9588925270588302E-8-1.1845591799685893E-17i;1.4576015077300694E-7;-3.885154187596309E-8-6.2099115961476484E-18i;4.314720645521484E-8-7.17141514066924E-18i;-1.237600180382405E-7-7.381986786689653E-17i;8.18459175461879E-9-2.6649179712063454E-17i;1.401932513146749E-7-3.983864672109112E-17i;1.7138719447585328E-7+7.896957064381662E-17i;-2.2552856951904405E-8+1.1659992416533637E-15i;1.3717225394252961E-8-3.727634828429816E-17i;1.738985407621621E-8+1.2559321820996194E-16i;1.4365879756104837E-7+2.867557856662352E-16i;1.046963468313089E-7;-1.9958909767793102E-8-3.0323793253366247E-16i
6.77806257087247E-8-2.5987811410580977E-11i;2.3254162846692587E-7-5.230542945280132E-11i;2.856728232906614E-7-2.4260597322234255E-10i;-5.90318166031781E-8-1.3081453691505489E-11i;1.501795378433032E-7-3.76897183911099E-11i;-2.8089151890511153E-7+1.5236173034484967E-10i;2.6388555516315436E-7;1.7178886259703412E-7;1.5068435293307615E-7;-1.6692580465165937E-7-3.660360335742895E-17i;-5.614994521124711E-8-1.2937729991386415E-17i;3.252616553530115E-8+3.496452043260563E-18i;1.2552667188833235E-7;-7.856668057778144E-8-1.0645420529661864E-17i;3.2834209834995067E-9-1.4923588386815513E-17i;-1.1820247129579976E-7-9.833106816571229E-17i;-4.829212290298529E-8-3.7626582653875214E-17i;1.8805745470505747E-7-4.748388373788916E-17i;2.2141240839980156E-7+9.415077288789429E-17i;-5.838669179449647E-9+1.3432973849955256E-15i;2.8710039910586457E-8-3.320600197758995E-17i;-2.0471931983789498E-8+1.9556217379323753E-16i;1.9327712472441613E-7+4.4015202905339777E-16i;1.4456421793694964E-7;-3.328113966926153E-8-4.863682861176448E-16i
8.97017306820864E-8-2.3455688210999306E-11i;2.205661792123585E-7-3.728351322313569E-11i;2.7098153044283396E-7-2.3077859315203302E-10i;-8.116271640286058E-8-1.5765381645840705E-11i;1.4859333887637792E-7-5.645433352222942E-11i;-2.6435265269318746E-7+1.433500285721461E-10i;2.6753433439904645E-7;1.3435495988646108E-7;1.193585432757915E-7;-1.830933342584662E-7-3.856158029643764E-17i;-1.1646653871476587E-7-1.7544697026926807E-17i;8.596292716160215E-8+1.782280165727013E-17i;1.0178650268251473E-7+1.5445825360465097E-17i;-1.1282672546943695E-7-2.338431306533143E-17i;-3.2218833912206926E-8-1.0852624139828248E-17i;-1.0347136757092708E-7-9.699471339811677E-17i;-9.91129553312718E-8-4.4415430158013116E-17i;1.988037877573E-7-3.9578985176233293E-17i;2.3031290239372468E-7+9.370269191834566E-17i;1.1610961237307098E-8+1.2854369915064009E-15i;3.554533370706206E-8-2.669953652090245E-17i;-5.6754690355060894E-8+2.4039488315706306E-16i;2.0528546359032179E-7+5.080623749994372E-16i;1.5595047357607056E-7-1.6598077772394643E-17i;-5.297900566165141E-8-6.735580764994295E-16i
1.116228356936581E-7-2.0923565001480036E-11i;2.0859072997792573E-7-2.226159699442841E-11i;2.562902376501526E-7-2.1895121311662063E-10i;-1.0329361616781463E-7-1.844930961409636E-11i;1.47007139882118E-7-7.521894864191634E-11i;-2.4781378642676407E-7+1.3433832676247868E-10i;2.703238926359392E-7;9.638671294399543E-8;8.646661968048923E-8;-1.9560274645229806E-7-3.9004670140381474E-17i;-1.6398444614547216E-7-2.193711224587823E-17i;1.283908679206656E-7+2.81829180775752E-17i;7.502931306758854E-8+1.7227850028366696E-17i;-1.400951217428961E-7-2.905233833901143E-17i;-6.113948430074646E-8-1.4981675105247393E-17i;-8.051697138169005E-8-1.0683611115161814E-16i;-1.408275497176842E-7-5.441854715747635E-17i;1.733147790859745E-7-3.8548686962637955E-17i;1.9911685438830004E-7+7.387813200221876E-17i;2.7387463411798277E-8+9.807064097657536E-16i;3.3566721758035135E-8-2.4262514190327523E-17i;-8.787388744260266E-8+2.438809701439335E-16i;1.7966366006684696E-7+5.048601986754872E-16i;1.37813013284092E-7-2.9570907869071794E-17i;-7.408645223459295E-8-8.376196139777487E-16i
1.335439407457814E-7-1.8391441781305843E-11i;1.9661528076439956E-7-7.239680765664323E-12i;2.415989449153244E-7-2.0712383311631854E-10i;-1.2542451589533107E-7-2.1133237597004492E-11i;1.4542094085823208E-7-9.398356374773977E-11i;-2.3127492010187245E-7+1.2532662491224933E-10i;2.722084393038227E-7;5.8007387536372787E-8;5.238099116139268E-8-6.237837334725055E-18i;-2.041321193443998E-7-3.9452533090220385E-17i;-1.968039802770313E-7-2.4507252582171565E-17i;1.5786320384395172E-7+3.7779105238765777E-17i;4.597960237668049E-8+2.036027704971178E-17i;-1.5908259776776783E-7-3.976098875943403E-17i;-8.159779328971968E-8-8.849677158382547E-18i;-5.1090788509600163E-8-8.796902613149096E-17i;-1.7051896248157E-7-4.450692175100981E-17i;1.1748535840592827E-7-2.2214069044933167E-17i;1.3440388525537215E-7+3.653757080117609E-17i;3.935034259846838E-8+5.215523545348425E-16i;2.3734583994175633E-8-1.1778444615309573E-17i;-1.1072315559069985E-7+2.090580310070527E-16i;1.221474614514452E-7+4.154530491956312E-16i;9.423958465246154E-8-3.825409283516387E-17i;-9.160618377921587E-8-9.456845865624974E-16i
1.554650458401582E-7-1.5859318549427332E-11i;1.846398315722249E-7+7.78223546453379E-12i;2.2690765224028775E-7-1.9529645315162342E-10i;-1.4755541558324084E-7-2.3817165595399028E-11i;1.4383474180305606E-7-1.1274817883814907E-10i;-2.1473605371570883E-7+1.163149230187467E-10i;2.7315885723537624E-7;1.9368513138538135E-8-3.55112536170494E-18i;1.7545286995497846E-8-1.1270859012422508E-17i;-2.084542930255717E-7-3.871374596904254E-17i;-2.1356308316955765E-7-2.6659319390782337E-17i;1.729596589234633E-7+4.421059259502396E-17i;1.549026196069441E-8+2.0980692228393745E-17i;-1.6881645770988482E-7-3.7366680458630447E-17i;-9.21794551218138E-8;-1.7508722662917113E-8-5.877979457415527E-17i;-1.8591131247097885E-7-3.912651274462081E-17i;4.149464811676778E-8+5.010224479406512E-18i;4.741485002787098E-8;4.5831535417889366E-8-3.4020100649095297E-17i;8.513283537868333E-9-8.30399599669563E-18i;-1.2276052317721524E-7+1.4302988378565434E-16i;4.3209824418605004E-8+2.5940882384090436E-16i;3.334007604330257E-8-4.6264268278736776E-17i;-1.0142218943672414E-7-9.213990086328286E-16i
1.7738615097786734E-7-1.3327195305386564E-11i;1.7266438240172142E-7+2.2804151696720953E-11i;2.1221635962633264E-7-1.8346907322362268E-10i;-1.696863152300344E-7-2.650109361031345E-11i;1.422485427154796E-7-1.3151279391046676E-10i;-1.9819718726661352E-7+1.0730322108066847E-10i;2.731598727814157E-7;-1.9358791593616344E-8-8.497283662161364E-18i;-1.7545075189779178E-8-1.2180505384926532E-17i;-2.084521829469662E-7-3.6866891802908295E-17i;-2.1356117330267077E-7-2.3341407797265527E-17i;1.7295518648028935E-7+4.7577332612742226E-17i;-1.5486837473306257E-8+2.1409444655029907E-17i;-1.6881153196482562E-7-4.0961515172026536E-17i;-9.217415024221442E-8;1.7498971638921148E-8-1.8369998598101317E-17i;-1.8589619053742598E-7-2.775730624549749E-17i;-4.1557486079776186E-8+2.1389804620609676E-17i;-4.737220480227451E-8-4.958399521737858E-17i;4.5968371622944274E-8-5.852155600629911E-16i;-8.628795043990856E-9+1.281806486405332E-17i;-1.2275801178842717E-7+6.555434175899341E-17i;-4.324154277452455E-8+5.816867495798959E-17i;-3.363568129116295E-8-5.602297786829928E-17i;-1.0131060001415668E-7-8.384270359715005E-16i
1.9930725615669453E-7-1.0795072049998767E-11i;1.606889332553774E-7+3.7826067931456026E-11i;1.9752506707429823E-7-1.7164169333249779E-10i;-1.9181721483708146E-7-2.918502164135056E-11i;1.4066234359370177E-7-1.502774089627346E-10i;-1.816583207532703E-7+9.8291519096311E-11i;2.722115458310374E-7;-5.799722648468514E-8-1.301108218457515E-17i;-5.237975579016399E-8-1.5025258253416045E-17i;-2.0412709243494343E-7-3.432439263960532E-17i;-1.9680077263801106E-7;1.5785379450451307E-7+4.551483983706515E-17i;-4.59741946652131E-8+1.9025100543066194E-17i;-1.5907531840972707E-7-4.065580750286255E-17i;-8.15876383037686E-8+8.909258393872832E-18i;5.107746710962897E-8+2.012948320049719E-17i;-1.7049513003620363E-7;-1.1751253804158169E-7+4.4427039670064817E-17i;-1.3433466496832117E-7-8.134067658677046E-17i;3.9739256245949944E-8-1.0574255186213004E-15i;-2.3826488346670843E-8+2.380152003450857E-17i;-1.1074386393354719E-7-1.5984594081158254E-17i;-1.2213374302009262E-7-1.265139906155949E-16i;-9.445930540698872E-8-5.0712845848107035E-17i;-9.12919648270736E-8-6.541916112461424E-16i
2.212283613702762E-7-8.262948784717884E-12i;1.4871348413833035E-7+5.284798416914285E-11i;1.8283377458431425E-7-1.598143134787577E-10i;-2.1394811440939137E-7-3.1868949688152467E-11i;1.390761444350455E-7-1.6904202399266952E-10i;-1.6511945417473796E-7+8.92798170641711E-11i;2.70328907463064E-7;-9.637602209806465E-8-1.7448168821995442E-17i;-8.646404052701197E-8-1.8417912451823287E-17i;-1.9559455038297584E-7-3.032537470949323E-17i;-1.639838169303851E-7;1.2838169180208404E-7+4.051652057775181E-17i;-7.502046872577073E-8+1.365171717715216E-17i;-1.4008829756932652E-7-3.249508018175525E-17i;-6.113191478967947E-8+1.0828681261120234E-17i;8.049853132055715E-8+5.040190923539291E-17i;-1.4080481430599413E-7;-1.7330617312564495E-7+4.291725287108348E-17i;-1.990304289305771E-7-9.998813538802366E-17i;2.7973861135903708E-8-1.3547004882464344E-15i;-3.362891568057994E-8+3.740154234285979E-17i;-8.791658473774831E-8-9.99181461408386E-17i;-1.795988277670254E-7-2.85587223881863E-16i;-1.3791884533383683E-7-4.2805019509752335E-17i;-7.364522106044732E-8-4.548152361676073E-16i
2.4314946661085186E-7-5.7308255129554126E-12i;1.3673803505553594E-7+6.786990040846017E-11i;1.6814248215542615E-7-1.479869336632808E-10i;-2.360790139533737E-7-3.455287774778443E-11i;1.37489945237629E-7-1.878066389997083E-10i;-1.4858058753131765E-7+8.026811498397355E-11i;2.675413234247192E-7;-1.3434433437459568E-7-2.1098184003556967E-17i;-1.1935649894383707E-7-2.0773797960632748E-17i;-1.8308323525320626E-7-2.6036533971619266E-17i;-1.1647001767346027E-7;8.595662540336873E-8+3.051209884416861E-17i;-1.0177723581178929E-7;-1.12826073502787E-7-2.3190410887964247E-17i;-3.221736574335486E-8+1.2365618357390064E-17i;1.0345560200327895E-7+8.208571638043813E-17i;-9.910717216080458E-8+1.5051817764664613E-17i;-1.987756193708613E-7+4.908700814228072E-17i;-2.302408124601073E-7-1.0808950159249244E-16i;1.2293398572475968E-8-1.4368942824617708E-15i;-3.5572760669752386E-8+3.392843750800669E-17i;-5.6828386139529926E-8-1.4985490846040597E-16i;-2.0520374433530311E-7-3.908204907610516E-16i;-1.5597291659858998E-7-4.1772254052882306E-17i;-5.248280127664491E-8-2.3497870179082106E-16i
2.6507057186982945E-7-3.198702238877045E-12i;1.2476258601158783E-7+8.289181664762227E-11i;1.5345118978573147E-7-1.361595538861194E-10i;-2.582099134764244E-7-3.7236805817265124E-11i;1.3590374600032495E-7-2.0657125398379515E-10i;-1.32041720824386E-7+7.125641285709895E-11i;2.638943935744892E-7;-1.717791542051274E-7-2.568142841151771E-17i;-1.5068535659523369E-7-2.5703637619704754E-17i;-1.6691385980434924E-7-2.078841713262945E-17i;-5.6157095068017055E-8;3.252300222050722E-8+1.7674791434134836E-17i;-1.255208334476657E-7;-7.857318663907398E-8-1.2201542963309448E-17i;3.277942736621024E-9+1.4378104576194257E-17i;1.1819772201592419E-7+9.893498820428199E-17i;-4.830661611392158E-8+2.829733079500725E-17i;-1.8802770140144938E-7+5.118784877787526E-17i;-2.2138522150512175E-7-8.624689005816964E-17i;-5.180632012964035E-9-1.255557432424096E-15i;-2.87008866382773E-8+3.742757560463241E-17i;-2.0562714763925888E-8-1.7128865245211808E-16i;-1.9321971490251384E-7-4.056921297292479E-16i;-1.4455555833467095E-7-2.9640047702814916E-17i;-3.2814908511220743E-8-6.93959384414434E-17i
2.869916771405928E-7-6.665789653607504E-13i;1.1278713700729487E-7+9.791373288610283E-11i;1.3875989747148517E-7-1.2433217414654146E-10i;-2.803408129846507E-7-3.992073389427468E-11i;1.3431754672488123E-7-2.2533586894656804E-10i;-1.1550285405783108E-7+6.224471068620783E-11i;2.594490914647179E-7;-2.0860452836404562E-7-3.0808083175493854E-17i;-1.8020515011527084E-7-3.160008820444052E-17i;-1.4748345020925943E-7;1.465899337533602E-8+1.0259048021248707E-17i;-2.9589283787125363E-8;-1.4575534540954628E-7-1.5586390739294948E-17i;-3.886151454784266E-8;4.313458607297978E-8+1.152584020524747E-17i;1.237587921492745E-7+9.924674111376712E-17i;8.155845958541232E-9+2.2682863729010342E-17i;-1.4017305820395616E-7;-1.7141064935538752E-7-4.7622874000392905E-17i;-2.2035017065679915E-8-8.557642673576123E-16i;-1.3688753471572433E-8+1.8764926526375966E-17i;1.7306155227925144E-8-1.6314005068595577E-16i;-1.4363384292127566E-7-3.4604843983856056E-16i;-1.0467118749591426E-7-2.71135516819161E-17i;-1.962464701727088E-8-2.51807614047107E-17i
3.0891278242041465E-7+1.865544305635793E-12i;1.0081168803820404E-7+1.1293564912347156E-10i;1.240686052069903E-7-1.125047944419835E-10i;-3.0247171248143394E-7-4.260466197597505E-11i;1.3273134741667768E-7-2.4410048389165884E-10i;-9.896398723846565E-8+5.3233008477329055E-11i;2.542841634655708E-7;-2.4480156691461647E-7-3.455083637810174E-17i;-2.0782330732870426E-7-3.856219475510687E-17i;-1.2523831549058386E-7;9.347889809944929E-8+2.3369117346779204E-17i;-9.790893992549212E-8-1.783225216736163E-17i;-1.6224800715981745E-7-2.7710148727661883E-17i;4.756786450339941E-9+1.147629366013628E-17i;8.509634451367905E-8;1.1996953605609652E-7+8.97918804631037E-17i;6.69289687388435E-8+2.6378584489256006E-17i;-5.910358997889864E-8+6.5778783544428316E-18i;-8.447278549454816E-8;-3.592411164229612E-8-2.441826840914935E-16i;7.2913888886786855E-9+6.503228093343145E-18i;5.351972411969908E-8-1.0685378665011996E-16i;-6.152997258492035E-8-1.9861465579398057E-16i;-4.147739257517829E-8-1.18550856383054E-17i;-1.6905194066104632E-8-6.960897036823916E-17i
3.3083388771013413E-7+4.397667572549762E-12i;8.883623909522051E-8+1.279575653594998E-10i;1.0937731298506756E-7-1.006774147692951E-10i;-3.2460261196785693E-7-4.528859005915916E-11i;1.3114514808443106E-7-2.628650988260032E-10i;-8.242512037553129E-8+4.42213062389067E-11i;2.48498495244849E-7;-2.8042294733992117E-7-3.920308877015586E-17i;-2.336467583459629E-7-4.330995640031326E-17i;-1.0065068113910089E-7;1.7783886780632412E-7+3.455100065806795E-17i;-1.7009981073690217E-7-3.883314349659062E-17i;-1.7510685644851952E-7-4.074301318462596E-17i;5.09124895024015E-8+2.459072795675407E-17i;1.2718243561517382E-7;1.074636151716146E-7+7.368212147253789E-17i;1.2525764444638708E-7+2.8793347330473486E-17i;4.761254173037767E-8-4.269098208917399E-17i;3.128111837531402E-8+5.953831653046431E-17i;-4.4910166867395517E-8+5.011789309601354E-16i;3.109168118225981E-8-6.3118849022865406E-18i;8.56369198913404E-8-3.209479611817263E-17i;4.437052583918094E-8-1.0738495646412489E-17i;3.714681917440969E-8-1.0724707407714107E-17i;-2.702650419139871E-8-2.5600796516105223E-16i
3.527549930104519E-7+6.929790834942946E-12i;7.686079016719866E-8+1.4297948159406171E-10i;9.468602079716287E-8-8.885003512316423E-11i;-3.4673351144477193E-7-4.797251814179665E-11i;1.295589487385752E-7-2.816297137572535E-10i;-6.588625347960091E-8+3.5209603979658134E-11i;2.422124014885843E-7;-3.15613168821078E-7-4.3222907407024364E-17i;-2.580490379090823E-7-5.0993510544189256E-17i;-7.418583413858938E-8;2.655544418724799E-7+4.7369856948842935E-17i;-2.442533863822579E-7-6.181112204426991E-17i;-1.8489265202840146E-7-5.5936322683892E-17i;9.868437376828543E-8+3.693109071113707E-17i;1.6803086802226103E-7;8.764638641914625E-8+3.522782794831169E-17i;1.8167259403798408E-7+2.502789852252561E-17i;1.7061934449259964E-7-6.860044320247052E-17i;1.657865092521429E-7+1.173486759546E-16i;-4.772958642192826E-8+1.310721769781692E-15i;5.4375997056121795E-8-3.7004818314322025E-17i;1.1274570501647832E-7+6.34107689657247E-17i;1.6410992545009472E-7+2.357304497012932E-16i;1.2292215831751428E-7-2.0663717870846854E-17i;-5.069087543804707E-8-5.729315341745964E-16i
3.7467609832040186E-7+9.46191409610421E-12i;6.488534124164926E-8+1.580013978281827E-10i;7.999472863236613E-8-7.702265549552311E-11i;-3.6886441091309653E-7-5.0656446226506705E-11i;1.2797274939045624E-7-3.003943286920207E-10i;-4.9347386562861694E-8+2.6197901709011517E-11i;2.355722770798089E-7;-3.5061802042375313E-7-4.663072748855986E-17i;-2.817085289273778E-7-5.278740883029354E-17i;-4.628024660759601E-8+1.2371338404154448E-17i;3.549769534143928E-7+5.80516781384877E-17i;-3.1920036592260374E-7-8.404353949414459E-17i;-1.9267785668618256E-7-6.590244264840602E-17i;1.4787277910245378E-7+4.926754313349879E-17i;2.0726393356092143E-7;6.24901441545313E-8+2.2496330187388186E-17i;2.3669029361958288E-7+3.016907241382982E-17i;3.012432935847263E-7-8.71403337375711E-17i;3.098880332454459E-7+1.9037569026029746E-16i;-4.396252933705518E-8+2.1440455085278426E-15i;7.440701792350366E-8-5.0996888282701426E-17i;1.360230424034993E-7+1.654069889265417E-16i;2.897883178503805E-7+4.77490203207675E-16i;2.103858160833863E-7;-8.767103960216059E-8-9.810344168152323E-16i
-4.87702378554548E-8-3.8078552728254164E-11i;2.9563713213949965E-7-1.2976224488605165E-10i;3.445193204983058E-7-2.8751245044570304E-10i;6.085073764746994E-8+5.321295800290494E-13i;1.63090030814372E-7+5.3294757458619644E-11i;-3.511279848024378E-7+1.9314720073385402E-10i;1.8332765005871732E-7;3.3559604251853515E-7+3.634033242319859E-17i;2.3556038528005082E-7+3.018112949828474E-17i;2.522038886625149E-8-5.698340832537464E-18i;3.578754937120246E-7;-2.9773228448167575E-7-7.505467832094739E-17i;1.0929187814938594E-7-2.6827263335910893E-17i;1.7283265080041654E-7+8.844869745733224E-17i;1.3763842079953636E-7-1.4623073946893654E-17i;6.301468857029047E-8+7.895015807589622E-17i;1.6933338454166398E-7+6.889927284038951E-17i;-2.807335074521253E-7+9.336097431245934E-17i;-3.279028765893341E-7-1.3440453988871112E-16i;7.843847830635293E-8-2.4987102227622393E-15i;3.4251844466798644E-8+3.794724340662017E-17i;2.8746297505312546E-8-2.4713763275367463E-16i;-2.5452264464313845E-7-5.399595440162669E-16i;-1.3761839214008358E-7-1.2006200722954168E-16i;-2.1318068910808015E-7-1.7200557000113077E-15i
-2.684913301142697E-8-3.554642956664354E-11i;2.8366168284048914E-7-1.1474032862661191E-10i;3.298280274500264E-7-2.7568507021984844E-10i;3.8719837732492794E-8-2.1517983232228372E-12i;1.6150383189792733E-7+3.453014233511679E-11i;-3.3458911875549813E-7+1.8413549904474664E-10i;1.9030388647022877E-7;3.0172525255617605E-7+3.1773912100344325E-17i;2.153621431352957E-7+2.3701713953942892E-17i;-3.0545017670057278E-9-1.042956451724947E-17i;2.6918475937436896E-7;-2.2571029848738945E-7-5.96899133017954E-17i;1.0766352595953221E-7-2.0260368943380234E-17i;1.2865828806177888E-7+6.53594329160508E-17i;1.0488360188960033E-7-1.375114952031879E-17i;2.929559318292264E-8+3.7776010856451356E-17i;1.3223852079884006E-7+4.361485569467409E-17i;-1.53716786166118E-7+7.06433738053995E-17i;-1.878727264906264E-7-7.790992584112001E-17i;6.793731553857931E-8-1.5990573559180831E-15i;4.6255835224566365E-8+3.084141981782047E-17i;2.9587320629616138E-8-1.3411108720375798E-16i;-1.4537410637594496E-7-3.069974936807661E-16i;-7.836633968749453E-8-9.621951945077956E-17i;-1.721372270134248E-7-1.4322353208274244E-15i
-4.928028158262777E-9-3.301430640786461E-11i;2.7168623356576746E-7-9.971841236891243E-11i;3.151367344228428E-7-2.638576900090617E-10i;1.658893782453997E-8-4.835726225115166E-12i;1.599176329584896E-7+1.576552722582506E-11i;-3.1805025268838085E-7+1.7512379734029399E-10i;1.9685413043340812E-7;2.677810981249582E-7+2.735868092413625E-17i;1.9468934318428557E-7+2.2100900942300495E-17i;-2.9534066488071207E-8-1.4238113058257772E-17i;1.8231052309971408E-7;-1.5456008125564868E-7-4.246174751624522E-17i;1.0431383275608516E-7-1.072841293210088E-17i;8.659807724759626E-8+2.888424118730558E-17i;7.035983529497635E-8;8.535027554800654E-10+1.909886421587965E-17i;9.484905946151051E-8+2.031721904066615E-17i;-3.417614925205213E-8+3.630972550059841E-17i;-5.7234039056696935E-8-5.573322386123635E-17i;6.512055857658944E-8-8.017934992927327E-16i;6.184378796700713E-8+2.7721311373500336E-17i;2.817056569896064E-8-1.3623590748001583E-17i;-4.174033846086189E-8-1.0666889469063998E-16i;-2.0550377559531264E-8-9.56951372221166E-17i;-1.4563472143166005E-7-1.2805110893860256E-15i
1.6993076710894652E-8-3.0482183250013267E-11i;2.5971078431808514E-7-8.46964961148886E-11i;3.0044544142839237E-7-2.520303098223341E-10i;-5.541962070319539E-9-7.519654128224265E-12i;1.5833143399316E-7-2.999087870856777E-12i;-3.0151138659116336E-7+1.6611209561632722E-10i;2.0284787431037337E-7;2.3352933783653072E-7;1.7296138339788E-7;-5.3911116490513745E-8-1.8159912394631614E-17i;9.88763541445777E-8;-8.542181671734258E-8-2.7288755819764452E-17i;9.853541493394625E-8;4.65783425582104E-8+1.8993332265134254E-17i;3.458540445962725E-8-1.0219940726261205E-17i;-2.1335352297992658E-8-2.855550736598593E-17i;5.6619107836852634E-8;6.921583261705241E-8;5.560183026639685E-8-8.654473974467534E-18i;6.874732908877402E-8-1.6893804312237644E-16i;7.706251095093159E-8;2.3834488222342734E-8+6.855567029010498E-17i;4.968174581118239E-8+1.0145495291237484E-16i;3.213165001251805E-8-7.39957773294204E-17i;-1.3230391101041706E-7-1.223135020136966E-15i
3.891418160219917E-8-2.7950060091314552E-11i;2.4773533509901824E-7-6.967457986570381E-11i;2.8575414847572233E-7-2.4020292966649223E-10i;-2.7672861946489992E-8-1.0203582034965011E-11i;1.567452349993708E-7-2.1763702955536466E-11i;-2.8497252045526965E-7+1.5710039386800996E-10i;2.0817637960349474E-7;1.9882699525609845E-7;1.4984713114677726E-7;-7.581851734112997E-8-2.0847680975017415E-17i;2.102488176024754E-8-5.0704983240767574E-18i;-2.0116605514790733E-8-9.79218413537606E-18i;8.994707324523791E-8;9.191896544263279E-9+6.640473161133937E-18i;-1.1626461669173626E-9-1.1301562339702314E-17i;-3.636751170380343E-8-5.2614903115231626E-17i;1.8338879055676896E-8-2.1445708623984288E-17i;1.4721414792036362E-7;1.4121411639355735E-7+2.4224760541145345E-17i;7.732460517416796E-8+2.8463464375159306E-16i;8.807627693922848E-8;1.662674831447976E-8+1.4016302956204618E-16i;1.2045171438541483E-7+2.562545529453805E-16i;7.417117354988421E-8-6.538144741034307E-17i;-1.309002297566613E-7-1.2467211613680967E-15i
6.08352865208627E-8-2.541793692966295E-11i;2.357598859087217E-7-5.465266362245916E-11i;2.710628555713169E-7-2.2837554954575733E-10i;-4.9803761799005974E-8-1.2887509947714856E-11i;1.55159035975308E-7-4.0528318028007766E-11i;-2.6843365427363293E-7+1.4808869209112782E-10i;2.1274853917012913E-7;1.636105561932725E-7;1.2522591763130724E-7;-9.485853542118606E-8-2.3087077380896368E-17i;-4.884331991489616E-8-1.1026703465967535E-17i;3.915854959139815E-8+5.543805797230615E-18i;7.846342799663072E-8;-2.45608082751557E-8-6.292328655047738E-18i;-3.5152020615110405E-8-8.198050797202386E-18i;-4.3750773620570824E-8-6.491401932350553E-17i;-1.833102959670418E-8-3.0317735914611577E-17i;1.924597506757056E-7-2.446222241643038E-17i;1.919791647389716E-7+4.075865137273977E-17i;8.906619157178055E-8+5.17579396781253E-16i;9.169501370601505E-8;7.330834826315803E-9+1.8548911792714727E-16i;1.6323368929702923E-7+3.4188735701459737E-16i;1.0033479653394448E-7-7.391787886793361E-17i;-1.3919621589135102E-7-1.3740800701814662E-15i
8.275639147123344E-8-2.288581376357437E-11i;2.2378443674656317E-7-3.963074738484553E-11i;2.5637156271979416E-7-2.1654816946246672E-10i;-7.193466162355032E-8-1.5571437868615256E-11i;1.5357283691972723E-7-5.92929330875222E-11i;-2.5189478804067406E-7+1.390769902816985E-10i;2.1649156775314376E-7;1.2788382018744584E-7;9.915119471725625E-8;-1.1064562415845518E-7-2.4688485427677148E-17i;-1.0829409214528801E-7-1.7810968292427094E-17i;9.00822711832658E-8+1.7065201101834142E-17i;6.425948840824953E-8+9.36201668810334E-18i;-5.3499387048253894E-8-8.579504050587979E-18i;-6.543089574288802E-8-1.409195233192784E-17i;-4.359134360791967E-8-8.687709935492191E-17i;-5.128883534555081E-8-3.481237260072291E-17i;2.0120869160312007E-7;2.0400583111033642E-7+5.1537068360776405E-17i;1.0192130535382253E-7+4.971170929449398E-16i;8.589970209773709E-8-1.7587901252059098E-17i;-2.793638903316537E-9+1.925753723927018E-16i;1.7380476113926444E-7+3.9655687551697635E-16i;1.0725191757876066E-7-6.794407139186021E-17i;-1.5367797083677607E-7-1.4896063112707228E-15i
1.0467749645670315E-7-2.0353690590819672E-11i;2.118089876115077E-7-2.4608831150436165E-11i;2.4168026992434816E-7-2.0472078941649369E-10i;-9.406556141653899E-8-1.8255365800445124E-11i;1.5198663783180208E-7-7.805754813304116E-11i;-2.3535592175212104E-7+1.3006528843530312E-10i;2.1934816668843625E-7;9.170420527180341E-8;7.180895113307924E-8;-1.2282840066851325E-7-2.6214366246430942E-17i;-1.5510101047291312E-7-2.3714251910162482E-17i;1.3048020954766186E-7+2.801867001020466E-17i;4.7711583147769775E-8+1.3420578581666717E-17i;-7.64399329444752E-8-1.2527986157945206E-17i;-9.010952482203072E-8-1.789293041663229E-17i;-3.6635594689525206E-8-9.152629145650683E-17i;-7.834882820967896E-8-3.724686842370653E-17i;1.7439011506891755E-7;1.782904089574745E-7+3.804072661841398E-17i;1.1385326402748994E-7+2.6161622779660094E-16i;7.026719452089896E-8-2.3201687009723808E-17i;-1.2211059343233915E-8+1.7010006150232266E-16i;1.5226853300920804E-7+3.6502458419262253E-16i;9.431821594273719E-8-7.205060972458225E-17i;-1.7007436643090763E-7-1.5985183338560646E-15i
1.265986014796692E-7-1.7821567409979992E-11i;1.9983353850263169E-7-9.586914917540024E-12i;2.2698897718722582E-7-1.9289340940772654E-10i;-1.1619646117522229E-7-2.0939293744603892E-11i;1.504004387109213E-7-9.682216316294951E-11i;-2.1881705540482342E-7+1.2105358654846205E-10i;2.212756801551884E-7;5.5173178540440343E-8;4.349542708483938E-8;-1.3111991692793943E-7-2.6260116213413464E-17i;-1.874073741784417E-7-2.6498712002981388E-17i;1.5851750138131267E-7+3.877928122937564E-17i;2.9379493130403763E-8+1.9382218130984957E-17i;-9.23698521772097E-8-2.3272651559538974E-17i;-1.0756477837420574E-7-1.262354686485999E-17i;-2.4308200170035997E-8-7.162677644392509E-17i;-9.762044003614585E-8-3.3050633743601585E-17i;1.1786224943401305E-7;1.2106766441603972E-7;1.2302435955196702E-7-1.3166745848298238E-16i;4.6054205717670653E-8-1.8527938732946073E-17i;-1.9512323552974048E-8+1.225681376806381E-16i;1.0358088235391839E-7+2.596445870710475E-16i;6.431966642872484E-8-8.316396617712491E-17i;-1.8399428149420014E-7-1.6740954404727939E-15i
1.4851970654180897E-7-1.5289444220401142E-11i;1.8785808941893894E-7+5.435001314963294E-12i;2.122976845099134E-7-1.810660294367239E-10i;-1.3832736089751627E-7-2.3623221701723786E-11i;1.4881423955691883E-7-1.1558677817697627E-10i;-2.0227818899675507E-7+1.1204188461964147E-10i;2.2224716125745418E-7;1.8418650732465695E-8-2.1774364229454033E-18i;1.4567839083808534E-8-6.502091117896245E-18i;-1.353183474544288E-7-2.6500869861027724E-17i;-2.0390282952037698E-7-2.7657220624246715E-17i;1.7287730632605527E-7+4.4833292566121105E-17i;9.92099850150174E-9+2.2916574470094503E-17i;-1.0052803536271492E-7-2.4557832701243145E-17i;-1.1659817067830847E-7;-8.507279035624448E-9-4.3896583311580254E-17i;-1.0762077698856116E-7-2.5217471545138964E-17i;4.1566136994230737E-8+2.6028542729089643E-17i;4.2861748060381196E-8-3.945371733301691E-17i;1.2804205893495724E-7-6.238630671182515E-16i;1.6007877386423565E-8-8.07140835323618E-18i;-2.3467942693741894E-8+5.693361334616161E-17i;3.6626611527461266E-8+1.1404463437339719E-16i;2.2650190884705785E-8-9.297812548746345E-17i;-1.9190165709370563E-7-1.6640494359631266E-15i
1.7044081164370604E-7-1.275732102106573E-11i;1.7588264035976052E-7+2.045691754801243E-11i;1.9760639189326532E-7-1.6923864950318262E-10i;-1.6045826058233844E-7-2.630714967310501E-11i;1.4722804036982873E-7-1.3435139317386934E-10i;-1.8573932252677267E-7+1.0303018264760268E-10i;2.2224804770871414E-7;-1.841165929455032E-8-6.421909213414385E-18i;-1.4567487623853597E-8-7.781901660225699E-18i;-1.353162599214272E-7-2.465799552423513E-17i;-2.0390056191676664E-7-2.5716748101193582E-17i;1.7287320587592529E-7+4.7652412034470536E-17i;-9.919322146273969E-9+2.449278134293183E-17i;-1.0052319337980906E-7-2.8237374686681707E-17i;-1.1659348330040916E-7;8.49021129632676E-9-1.0108252895519145E-17i;-1.0760635099295096E-7-1.2504514845003923E-17i;-4.162366535522289E-8+5.1087248607995156E-17i;-4.266270184902893E-8-8.293104938339876E-17i;1.2816575677259093E-7-1.1207822022698718E-15i;-1.6084894555731978E-8;-2.3460221718863178E-8-1.6486759295819484E-17i;-3.670332421221918E-8-5.126668661385196E-17i;-2.308589893645845E-8-1.0664382841312456E-16i;-1.9182280250604817E-7-1.6062387234487578E-15i
1.9236191678350304E-7-1.0225197811936787E-11i;1.6390719132583673E-7+3.547883378280806E-11i;1.8291509933761149E-7-1.574112696072151E-10i;-1.8258916023073007E-7-2.899107765964332E-11i;1.4564184114932744E-7-1.5311600815202854E-10i;-1.6920045599419393E-7+9.401848063092891E-11i;2.2127865161921852E-7;-5.516550222532197E-8-1.0817844704853428E-17i;-4.3493774787221065E-8-8.640404227095999E-18i;-1.311168314396743E-7-2.218128737897353E-17i;-1.8740425207233483E-7-2.1238501071653827E-17i;1.585112613301438E-7+4.650388922577223E-17i;-2.937671117800689E-8+2.4113890159928912E-17i;-9.236964626776114E-8-2.918319634987005E-17i;-1.0755927193731281E-7;2.429125740419464E-8+2.3231444318353386E-17i;-9.761630415280127E-8;-1.1787187408375728E-7+7.122023067287148E-17i;-1.2083008270759802E-7-1.1884887534035439E-16i;1.2337413344753974E-7-1.5484974107570567E-15i;-4.609913869576229E-8+1.3873086834759325E-17i;-1.9544210701246964E-8-8.682748062043745E-17i;-1.0360550109315002E-7-2.1478337128137388E-16i;-6.469570370272934E-8-1.0305303095314714E-16i;-1.8377511879352383E-7-1.4647499255354368E-15i
2.142830219567215E-7-7.693074594572348E-12i;1.5193174231945867E-7+5.050075001884717E-11i;1.6822380684271712E-7-1.455838897492212E-10i;-2.0472005984609406E-7-3.1675005660439334E-11i;1.4405564189471764E-7-1.7188062311094222E-10i;-1.526615893988144E-7+8.500677856935229E-11i;2.1935285983505496E-7;-9.169602342718613E-8-1.5156078881716327E-17i;-7.180652116075183E-8-1.1539649268844541E-17i;-1.2282256786613246E-7-1.8624031601640178E-17i;-1.5509653582459683E-7-1.5558498233918817E-17i;1.3047123898239796E-7+4.1304402825980077E-17i;-4.770822908386817E-8+2.00824651097302E-17i;-7.64393307132102E-8-2.437088534835677E-17i;-9.010214654940563E-8+1.2561598912894196E-17i;3.662396884511937E-8+4.660847413681001E-17i;-7.833885349144087E-8+8.22351552464032E-18i;-1.743790125784931E-7+7.541053581765041E-17i;-1.7805027343350338E-7-1.4231019202631302E-16i;1.1436631222192774E-7-1.824561709726898E-15i;-7.028187203794346E-8+1.3479686385514793E-17i;-1.2241982739131947E-8-1.5230958279164782E-16i;-1.522558206901652E-7-3.400230212565543E-16i;-9.461274728098442E-8-1.0098271624991466E-16i;-1.697419551338419E-7-1.300128170053581E-15i
2.3620412715753929E-7-5.160951370793154E-12i;1.399562933430468E-7+6.552266625581802E-11i;1.5353251440761797E-7-1.3375650993002453E-10i;-2.2685095943326692E-7-3.435893367367432E-11i;1.4246944260591373E-7-1.90645238050984E-10i;-1.3612272274138335E-7+7.599507646311928E-11i;2.1649807637435388E-7;-1.2787529425660157E-7-1.9518523346291586E-17i;-9.914851003393241E-8-1.3615213582846367E-17i;-1.1063886663953987E-7-1.513317140918335E-17i;-1.082968216303608E-7;9.008075262513537E-8+3.141643574951818E-17i;-6.425551044473969E-8+1.3593150488504478E-17i;-5.3507785608309767E-8-1.2262170621465216E-17i;-6.543326070907975E-8+1.1764546085001656E-17i;4.3583682192851204E-8+6.302792752600507E-17i;-5.129645227425967E-8+1.962947431893031E-17i;-2.0116358171932786E-7+8.998664853996753E-17i;-2.0376058400060062E-7-1.4110623946544956E-16i;1.025147019651237E-7-1.8958966624790716E-15i;-8.588032164286541E-8+2.1687977978498202E-17i;-2.836875754377714E-9-1.9504246749022368E-16i;-1.7376477978583713E-7-3.9990583974534617E-16i;-1.0748797381306293E-7-9.110407480388319E-17i;-1.5330625507830916E-7-1.1302438554094203E-15i
2.5812523237956103E-7-2.6288281435011117E-12i;1.279808443984753E-7+8.054458249291703E-11i;1.3884122203055595E-7-1.2192913014936187E-10i;-2.489818589977769E-7-3.7042861697810314E-11i;1.4088324328363792E-7-2.0940985297307128E-10i;-1.1958385602357952E-7+6.698337431377692E-11i;2.1275709279669248E-7;-1.636024241388473E-7-2.330170982569205E-17i;-1.252245790577608E-7-1.5890689591688772E-17i;-9.48507950956699E-8-9.647821944256667E-18i;-4.8848489579111717E-8;3.9157235721127426E-8+2.212112028419901E-17i;-7.845960953816522E-8;-2.457039344149544E-8-6.204683366150565E-18i;-3.515276137218585E-8+1.2053101843337859E-17i;4.37482194348239E-8+7.253497216816742E-17i;-1.833239655523763E-8+1.9524683616775145E-17i;-1.924131832531786E-7+5.1655615437834564E-17i;-1.9175956393956176E-7-1.3980812580695458E-16i;8.961333609519586E-8-1.729526894271919E-15i;-9.165707793154292E-8;7.3169762804933715E-9-2.126179588587386E-16i;-1.6317898609750176E-7-4.0889937298189946E-16i;-1.0049886698218432E-7-9.663286135734132E-17i;-1.3882209330050153E-7-1.0425872590162166E-15i
2.800463376176399E-7-9.670491550748828E-14i;1.1600539548487664E-7+9.556649872887965E-11i;1.2414992970857767E-7-1.1010175040713493E-10i;-2.711127585443568E-7-3.9726789730011133E-11i;1.3929704393080168E-7-2.2817446787987044E-10i;-1.0304498924879358E-7+5.797167212445706E-11i;2.081864585703209E-7;-1.988199866279074E-7-2.779008030287212E-17i;-1.4984845416132837E-7-2.1001470677896118E-17i;-7.580752791988082E-8;2.101631795742395E-8+6.785622649825407E-18i;-2.011519313371726E-8+6.877926270394843E-18i;-8.994249932472802E-8;9.182887489589206E-9+5.759501331866071E-18i;-1.169178734580015E-9+9.96038656556115E-18i;3.636339797346349E-8+6.500592573155578E-17i;1.8335898901420622E-8+1.2636986213575954E-17i;-1.4717838323368613E-7+1.844577383548765E-17i;-1.4102896246354424E-7-1.0572365675714892E-16i;7.773031560671088E-8-1.354857783680504E-15i;-8.803952243770615E-8;1.6642388862886908E-8-1.8790969608797328E-16i;-1.2040314585857326E-7-3.283778906004095E-16i;-7.430327733181913E-8-9.44751661012042E-17i;-1.3061482713353394E-7-9.949860003014858E-16i
3.019674428702307E-7+2.4354183124794857E-12i;1.0402994659650619E-7+1.1058841496338833E-10i;1.0945863743725369E-7-9.827437070150704E-11i;-2.932436580749807E-7-4.2410717768496697E-11i;1.3771084455361814E-7-2.4693908277595167E-10i;-8.650612242273933E-8+4.895996990030968E-11i;2.0285981195152024E-7;-2.335241074207151E-7-3.1754153622065055E-17i;-1.7296793888169912E-7-2.807152437806309E-17i;-5.389905263782381E-8;9.886525784347706E-8+2.121237744031974E-17i;-8.5418602439662E-8-1.4925240612368796E-17i;-9.853592045812844E-8-1.7528121812849616E-17i;4.656656617408897E-8+1.2966746172800378E-17i;3.4576052735882625E-8+6.313032126045006E-18i;2.1341798376792596E-8+3.9829523343494143E-17i;5.661135045173015E-8+1.64288638249602E-17i;-6.919916669625314E-8+3.555124213043573E-17i;-5.546327103919174E-8-6.476472897558666E-17i;6.889718475797423E-8-7.988946677084145E-16i;-7.702385307700698E-8-9.012733694761784E-18i;2.3886910430925377E-8-1.1045104232421034E-16i;-4.967118378825E-8-1.6120541697315776E-16i;-3.2304022812523657E-8-8.004011103810431E-17i;-1.3213892239461057E-7-1.0574213382731319E-15i
3.238885481383627E-7+4.96754154070632E-12i;9.20544977238679E-8+1.2561033119720594E-10i;9.476734521111092E-8-8.644699102957248E-11i;-3.153745575897255E-7-4.509464581316808E-11i;1.361246451610253E-7-2.6570369766754905E-10i;-6.996725555284953E-8+3.994826764815822E-11i;1.9686767385129833E-7;-2.677771632453079E-7-3.582402742185479E-17i;-1.9469943992804878E-7-3.166458029547398E-17i;-2.951906856061946E-8+8.671261981897092E-18i;1.8230201531766217E-7+3.416005878034595E-17i;-1.5455917301575655E-7-3.363207690547366E-17i;-1.0431528574196274E-7-2.6489601551534896E-17i;8.658841021071E-8+2.1077921212560696E-17i;7.034786320760148E-8;-8.462236330440923E-10+3.118836064431522E-17i;9.484043449627906E-8+2.1907616195580183E-17i;3.417396165036668E-8+6.6986477332865004E-18i;5.734440732271275E-8;6.494523697752678E-8-9.273482579692923E-17i;-6.181750372179387E-8-1.174074482170265E-17i;2.8272497636308964E-8-3.2441006411530216E-17i;4.172996157301615E-8+2.8844465268960493E-17i;2.0337036565411887E-8-6.992848335067678E-17i;-1.4564616912490447E-7-1.2250561292698202E-15i
3.458096534229274E-7+7.499664769279773E-12i;8.007904885580698E-8+1.4063224742979666E-10i;8.007605302342868E-8-7.461961138737888E-11i;-3.375054570885743E-7-4.777857386221261E-11i;1.3453844576338263E-7-2.844683125623549E-10i;-5.342838864778118E-8+3.0936565375636106E-11i;1.9031816495776195E-7;-3.017213123232826E-7-3.989249813526142E-17i;-2.1537192477500444E-7-3.693967095351301E-17i;-3.034439049214208E-9+1.4492337216759138E-17i;2.6918308361916345E-7+4.5219696116189725E-17i;-2.2571210750121877E-7-5.674129590440452E-17i;-1.0765898726773942E-7-3.9731235306213715E-17i;1.286478935830717E-7+3.3368462833474375E-17i;1.0486307623921723E-7;-2.9299935015063886E-8;1.3221251552172225E-7+1.9191273273679116E-17i;1.5371533291043787E-7-1.9842522781513696E-17i;1.8798625165102715E-7+6.070426276776392E-17i;6.739243970640653E-8+6.602889670223051E-16i;-4.624716433778012E-8-3.073959925469269E-17i;2.9721978943505427E-8+7.06198972890125E-17i;1.4534061982505294E-7+2.632007362306127E-16i;7.805767421245336E-8-8.030098145920128E-17i;-1.7235010489673203E-7-1.5367490802042851E-15i
3.6773075872200556E-7+1.0031788000579404E-11i;6.810359998123387E-8+1.556541636614621E-10i;6.538476086365471E-8-6.279223176729655E-11i;-3.596363565732648E-7-5.046250191713951E-11i;1.3295224637105382E-7-3.03232927466931E-10i;-3.6889521719060454E-8+2.1924863091402226E-11i;1.8334282224494826E-7-1.8466132832989045E-17i;-3.355917673165341E-7-4.392673865220724E-17i;-2.355697381512253E-7-4.079178234771064E-17i;2.5243510157978838E-8+2.091466886119075E-17i;3.578803320464815E-7+5.4946630892122854E-17i;-2.977361199519766E-7-7.584100397092492E-17i;-1.0928417422128156E-7-4.9970503007635934E-17i;1.728168016882269E-7+5.423613804434484E-17i;1.376116453562313E-7;-6.301950054327353E-8-1.9976034559924437E-17i;1.6929052723873643E-7+2.2362903572336632E-17i;2.8073586902005134E-7-5.152062492513036E-17i;3.280287245645573E-7+1.3134145526999022E-16i;7.747968842420887E-8+1.4236834155826914E-15i;-3.4244653310262926E-8-4.88213079532474E-17i;2.8931495214116186E-8+1.53468773509678E-16i;2.5445884799282226E-7+4.997508792695461E-16i;1.3717994748668277E-7-7.68606559269908E-17i;-2.1356677778634341E-7-1.9379195666724145E-15i
-5.571557696592259E-8-3.7508678102255907E-11i;2.9885538915113E-7-1.3210947911475434E-10i;3.2990935278953894E-7-2.7328202684952103E-10i;7.007879254295948E-8+7.260731717179449E-13i;1.6806952936854023E-7+5.045615746274249E-11i;-3.3867012026981955E-7+1.8887416267508903E-10i;1.317423029673977E-7;3.194010049691263E-7+3.5055711354915744E-17i;1.872268298692701E-7+2.980045266006133E-17i;9.217062600932291E-8;3.583756364855104E-7;-2.73859877665405E-7-6.474451869294936E-17i;2.6600087385382224E-8-2.783786222184861E-17i;1.8678586989146575E-7+8.258116686980606E-17i;7.073832027655897E-8-7.234323494993652E-18i;1.7495424891395063E-7+1.290725291820278E-16i;9.205133854379146E-8+6.723873699294597E-17i;-2.573605528946862E-7+1.0276577099486415E-16i;-3.3205900185117785E-7-1.8685568383135994E-16i;1.7126078226869456E-7-3.142659170474227E-15i;1.170597534163404E-7+4.512628204480832E-17i;-7.73705623393639E-8-7.564990579736707E-17i;-2.0661059685953826E-7-3.265680012066316E-16i;-5.5835747029021036E-8-1.578605769656531E-16i;-2.778908779747882E-7-2.4195481846269622E-15i
-3.37944721369661E-8-3.497655496469676E-11i;2.868799399191624E-7-1.1708756284580503E-10i;3.152180597328141E-7-2.6145464660630144E-10i;4.7947892610522766E-8-1.9578547057295336E-12i;1.6648333038628692E-7+3.16915423957794E-11i;-3.2213125421324413E-7+1.7986246095921473E-10i;1.3913636397430966E-7;2.86890764751911E-7+3.0877162247030145E-17i;1.7105369665199255E-7+2.4804565382383602E-17i;6.352149093160323E-8;2.704193062432593E-7;-2.052587106910439E-7-5.046692216873725E-17i;3.170136565192609E-8-2.1367053747102566E-17i;1.487900027629734E-7+5.694856680155047E-17i;4.5339580304581315E-8-5.9344398994072364E-18i;1.3307264800754644E-7+8.515279546402628E-17i;7.509733261340494E-8+4.2225085861044595E-17i;-1.3403556572526252E-7+6.967679550595033E-17i;-1.9762106512195365E-7-1.4098423701171993E-16i;1.5514858693588516E-7-2.2332148352312398E-15i;1.2288141371455211E-7+4.038275664298947E-17i;-5.217844411233069E-8;-1.1733065662706966E-7-1.6571733588643732E-16i;-2.848362348191913E-8-1.3738988461234068E-16i;-2.3586206433531196E-7-2.0795766491432884E-15i
-1.1873367299561713E-8-3.2444431831451816E-11i;2.7490449071644587E-7-1.0206564657787876E-10i;3.005267666980248E-7-2.496272663780635E-10i;2.5816992684368525E-8-4.641782579935898E-12i;1.648971313761744E-7+1.2926927347151676E-11i;-3.0559238813436225E-7+1.708507592251847E-10i;1.4601295110529962E-7;2.5438408050554495E-7+2.664068557630898E-17i;1.5454859600065696E-7+2.162472263608835E-17i;3.704669359519428E-8;1.8430947877413846E-7;-1.3747303525971367E-7-3.6453669606083156E-17i;3.5112881078485606E-8-1.471500563649809E-17i;1.1341770909112576E-7+3.223414635101617E-17i;1.7845426485028892E-8;9.670339901451012E-8+4.8290267162712714E-17i;5.8387653546000685E-8+2.3144849827590105E-17i;-1.7858109958655517E-8+4.355899906374157E-17i;-7.215315264511881E-8-1.0341860663559795E-16i;1.4754029258123023E-7-1.4468859748225525E-15i;1.327122649868644E-7+3.742911462003882E-17i;-2.8419711949131324E-8+7.829460712682213E-17i;-3.261806811663865E-8-2.1697792119608205E-17i;-1.6372447464509583E-9-1.2739518310819844E-16i;-2.0836042586053749E-7-1.8925894667895424E-15i
1.0047737552524342E-8-2.9912308701578236E-11i;2.6292904154778907E-7-8.704373031357767E-11i;2.8583547369711046E-7-2.3779988617425836E-10i;3.6860927699169376E-9-7.325710453501815E-12i;1.6331093233337368E-7-5.837687683484372E-12i;-2.890535220222533E-7+1.6183905746792134E-10i;1.522619384679663E-7;2.2166244843158782E-7+2.2398528278565738E-17i;1.3725001265627232E-7+1.7042602465182926E-17i;1.2911559340254055E-8-5.181825695866155E-18i;1.0166018165088208E-7;-7.163664956311638E-8-2.0575429037461185E-17i;3.65324035074208E-8-7.890986125843179E-18i;8.0356462577841E-8+1.4518403652544688E-17i;-1.1054290551367747E-8-2.1313517908945005E-18i;6.585280157189808E-8+9.303487927003092E-18i;4.14770693552555E-8;8.236510834749429E-8;3.651127778078212E-8-6.374923910643703E-17i;1.4648898181504718E-7-7.960289642112355E-16i;1.4159083611429312E-7+3.0263348926217843E-17i;-6.12965911535404E-9+1.2492843734641137E-16i;4.195831860359225E-8+1.0246799832289205E-16i;2.27375650345897E-8-1.1840499661977976E-16i;-1.9311875801187844E-7-1.7738844209417042E-15i
3.1968842424948915E-8-2.7380185573493867E-11i;2.5095359241549996E-7-7.202181405480614E-11i;2.7114418073929433E-7-2.2597250600177366E-10i;-1.8444807127710723E-8-1.0009638327983737E-11i;1.6172473325494774E-7-2.460230269708825E-11i;-2.725146558682542E-7+1.5282735568304008E-10i;1.5778773751195487E-7;1.8858498531872335E-7;1.1888189427182374E-7;-8.621752431539722E-9-8.759303357407621E-18i;2.4593496373528897E-8-6.708540747760468E-18i;-9.494682092065799E-9-5.750881807656546E-18i;3.579854126504048E-8;4.9874247932726274E-8+1.424675855411236E-17i;-4.0165107202062516E-8-8.145915588587413E-18i;4.0868748266418556E-8-1.8802489623860816E-17i;2.4560055592851235E-8-8.923310531145509E-18i;1.5741023493894503E-7;1.195683646604018E-7-1.2054631591468043E-17i;1.5031344551982187E-7-3.3261962820978257E-16i;1.4517962848836077E-7;1.4147820616265024E-8+1.5105495913800878E-16i;9.956778040192513E-8+2.1120571539325608E-16i;4.198206652328267E-8-1.0389706568956739E-16i;-1.886486573249677E-7-1.7337500478231995E-15i
5.388994732246316E-8-2.4848062445461743E-11i;2.389781433197019E-7-5.699989780171054E-11i;2.564528878309613E-7-2.1414512586591218E-10i;-4.0575707004014375E-8-1.2693566206399283E-11i;1.601385341396324E-7-4.336691769451949E-11i;-2.559757896660108E-7+1.4381565386762723E-10i;1.62511200297893E-7;1.5508737003739966E-7;9.934176015997099E-8;-2.7238152241982415E-8-1.0558205136964234E-17i;-4.453505814821097E-8-1.0705368070100333E-17i;4.686683761598291E-8+6.26383648111047E-18i;3.2900099397513103E-8;2.2629444126911198E-8;-6.796224616879207E-8-9.248270355409794E-18i;2.2066322266234053E-8-4.762611198197685E-17i;8.31216690802713E-9-2.3888632279948444E-17i;2.0000728209779677E-7;1.6982308651309806E-7;1.5734831895967383E-7-8.709999212643528E-17i;1.4023428451904867E-7;3.174067549686837E-8+1.716869143755997E-16i;1.3423644048640506E-7+2.6721264111978976E-16i;5.352445937924215E-8-9.930689437127973E-17i;-1.9297136027886272E-7-1.782813379476087E-15i
7.581105224909152E-8-2.231593931568706E-11i;2.2700269425868824E-7-4.197798155587084E-11i;2.417615949764056E-7-2.0231774576936554E-10i;-6.27066068549689E-8-1.5377494090732602E-11i;1.5855233498758506E-7-6.213153267606003E-11i;-2.3943692341087926E-7+1.348039520188148E-10i;1.6636674078038313E-7;1.2116139647514407E-7;7.865591430294657E-8;-4.2613603365333115E-8-1.21658016881973E-17i;-1.0332801234243091E-7-1.7016585468334774E-17i;9.525502905160763E-8+1.7600914960813332E-17i;2.7979058673736492E-8+4.181038197409523E-18i;-5.647389692928846E-10-5.8434608359663814E-18i;-9.279232895879307E-8-1.3353982124556636E-17i;9.36860388380446E-9-6.935685539443895E-17i;-6.376821710636497E-9-2.895850198458121E-17i;2.0647902515576805E-7;1.835982905392049E-7;1.6584821863307678E-7-6.649423374572806E-17i;1.2482654946006707E-7;4.610653572184452E-8+1.5360157088102864E-16i;1.4258586558747367E-7+2.8168285209266625E-16i;5.5763451152488995E-8-8.918861053457687E-17i;-2.0312978843811174E-7-1.8648154843346584E-15i
9.773215720798131E-8-1.9783816182269795E-11i;2.1502724523033208E-7-2.6956065315088295E-11i;2.2707030217844434E-7-1.9049036571222195E-10i;-8.483750667723048E-8-1.8061421983226454E-11i;1.569661357993012E-7-8.089614764177374E-11i;-2.2289805709943972E-7+1.2579225013317053E-10i;1.6930280547902095E-7;8.685164231619358E-8;5.696917249745153E-8;-5.4445337916808756E-8-1.4004691934608437E-17i;-1.4959207726891697E-7-2.298031105272564E-17i;1.3361454800019664E-7+2.9399415790751504E-17i;2.1328026218688312E-8+1.2364548580671213E-17i;-1.8859899601451215E-8-6.597492320624696E-18i;-1.1305898800026193E-7-1.3877474356443836E-17i;2.184181786177096E-9-6.839546495963748E-17i;-1.850242304225383E-8-2.4442179595970273E-17i;1.7780578323673902E-7;1.6186170468088567E-7;1.7410645590277446E-7-2.4911331030977346E-16i;9.871556334716703E-8-1.3099925494269796E-17i;5.69662780942578E-8+1.0822110447584451E-16i;1.2477914580811663E-7+2.1965696939285356E-16i;4.841000953852397E-8-9.321078762379003E-17i;-2.1547549175986592E-7-1.93148279217657E-15i
1.1965326220144242E-7-1.7251693043334477E-11i;2.0305179623235793E-7-1.1934149077168306E-11i;2.1237900943886037E-7-1.7866298569387362E-10i;-1.0696840646814521E-7-2.0745349885935015E-11i;1.5537993657558786E-7-9.966076259085812E-11i;-2.0635919072934895E-7+1.1678054820776318E-10i;1.7128187443315656E-7;5.224017125987553E-8;3.4507901236686514E-8;-6.24854438435907E-8-1.4566058934481704E-17i;-1.8152027825245314E-7-2.7517154056380466E-17i;1.6022830736838998E-7+3.9039303094770866E-17i;1.3352073081074251E-8+1.864929541508105E-17i;-3.152075006962414E-8-8.967276291800123E-18i;-1.2740288797009985E-7;-5.952228045543888E-10-5.1153816647933285E-17i;-2.7168555970285383E-8-1.9585301726870106E-17i;1.1972817365077874E-7+1.5403847684902835E-17i;1.1039096470454271E-7-2.1160253169525922E-17i;1.8061047410331975E-7-5.905858043120262E-16i;6.33872186373148E-8-1.4260398032087968E-17i;6.419566301513904E-8+4.625134274519254E-17i;8.47881242614665E-8+1.1161887213521246E-16i;3.273874733595415E-8-1.012801131109866E-16i;-2.2629085049375402E-7-1.97004603242563E-15i
1.4157436723096895E-7-1.4719569897678278E-11i;1.9107634726266703E-7+3.087767159061787E-12i;1.9768771675875832E-7-1.6683560571417642E-10i;-1.2909930622580163E-7-2.3429277799862123E-11i;1.537937373174604E-7-1.1842537752388014E-10i;-1.898203242991835E-7+1.077688462413919E-10i;1.72278009562425E-7;1.7437022951135983E-8;1.1558583394572928E-8-1.4628622252559455E-18i;-6.655057316927794E-8-1.4495717685886597E-17i;-1.9781817893546786E-7-2.8724989958927004E-17i;1.7385520495570332E-7+4.50541474961767E-17i;4.543411614263554E-9+2.4072146704334415E-17i;-3.799034717291058E-8-1.3566690097500606E-17i;-1.3483065315273392E-7;-5.259384909620301E-10-2.6967782513962905E-17i;-3.166912599360224E-8-8.027993390970909E-18i;4.216224563572303E-8+4.59839780069242E-17i;3.919506001112235E-8-6.601223335932994E-17i;1.842255364961099E-7-1.0273197327969708E-15i;2.1857396351922055E-8-1.1307373318407022E-17i;6.781765886993253E-8-2.2957147024167376E-17i;2.996148088944151E-8-2.5289982108478364E-17i;1.141640953136708E-8-1.1633547505440932E-16i;-2.3252111521647027E-7-1.9870365488026636E-15i
1.6349547229685377E-7-1.2187446744705611E-11i;1.7910089831966606E-7+1.81096833940981E-11i;1.8299642413865774E-7-1.5500822577342059E-10i;-1.5123020594939186E-7-2.6113205726305452E-11i;1.5220753802600621E-7-1.371899924403151E-10i;-1.7328145780828822E-7+9.875714423329782E-11i;1.7227896893282642E-7;-1.743164001911226E-8-5.706846262675638E-18i;-1.1556610282875441E-8-2.310686223106977E-18i;-6.655083469122614E-8-1.3466129866561129E-17i;-1.9781666606647365E-7-2.4740050386871978E-17i;1.7385514397792003E-7+4.6705492039153354E-17i;-4.546649574360023E-9+2.6123006303251622E-17i;-3.799724223897719E-8-2.2638122372605936E-17i;-1.3483361509523724E-7;5.200226393643113E-10-5.2496353013769295E-18i;-3.168794342415397E-8;-4.21977300375544E-8+6.949907372029176E-17i;-3.887787148601228E-8-1.1592360869666853E-16i;1.8434120212135694E-7-1.4946654528305543E-15i;-2.1857196753627912E-8-3.905624802274528E-18i;6.77850925626181E-8-8.079034117239617E-17i;-3.004788210927982E-8-1.632312887440772E-16i;-1.1875621643954462E-8-1.3188712649935926E-16i;-2.3248433694944736E-7-1.9675872787700864E-15i
1.8541657739771987E-7-9.655323583919973E-12i;1.671254494025933E-7+3.3131599629385034E-11i;1.6830513157854407E-7-1.4318084587116752E-10i;-1.7336110563955085E-7-2.879713366611878E-11i;1.506213387021465E-7-1.5595460734028948E-10i;-1.5674259125649213E-7+8.974544218290981E-11i;1.7128473763408263E-7;-5.223490683440831E-8-9.450002556010253E-18i;-3.4505993250867064E-8;-6.248442592391291E-8-1.1067087979962024E-17i;-1.8151565657832823E-7-1.966219301282694E-17i;1.6022405598898903E-7+4.641303465083321E-17i;-1.3353153707091666E-8+2.7866247901389396E-17i;-3.1527931831344895E-8-2.545779825261584E-17i;-1.274016163515522E-7+1.2917351759893823E-17i;5.811441514396459E-10+2.0795158418692283E-17i;-2.7184743422926316E-8+9.289374192910065E-18i;-1.1974111146022746E-7+8.173963330952443E-17i;-1.1005555075383433E-7-1.547905975335062E-16i;1.8092995632775682E-7-1.8875415070825206E-15i;-6.338903506644458E-8;6.415175987690733E-8-1.3978261208155354E-16i;-8.485542884734997E-8-2.9030209143830304E-16i;-3.317854590479759E-8-1.3906272328538978E-16i;-2.2617672835710408E-7-1.885135105450714E-15i
2.0733768253044804E-7-7.123200416301726E-12i;1.5515000051155677E-7+4.8153515864265145E-11i;1.5361383907787178E-7-1.3135346600786265E-10i;-1.9549200529854672E-7-3.148106161844317E-11i;1.490351393467636E-7-1.7471922222390347E-10i;-1.4020372464421653E-7+8.073374009036133E-11i;1.693075882525325E-7;-8.6845625050417E-8-1.3940711812769385E-17i;-5.696580228347214E-8;-5.444288980865975E-8-8.721404730785631E-18i;-1.4958906970048658E-7-1.722347275763413E-17i;1.3360943982272622E-7+4.180497892404567E-17i;-2.1326931830395888E-8+2.4840509953833886E-17i;-1.8864103565089163E-8-1.7569146852363782E-17i;-1.1305355901822183E-7+1.3628131813014271E-17i;-2.1997412327716457E-9+4.065245409024236E-17i;-1.850002151222004E-8+1.6213617846278202E-17i;-1.777653970167223E-7+9.714109436566913E-17i;-1.6148288880444544E-7-1.7372118432558366E-16i;1.7457146141931825E-7-2.141595667533584E-15i;-9.868889558010495E-8;5.6948182407962996E-8-1.9959340483916466E-16i;-1.247781847401132E-7-3.769446547286496E-16i;-4.8771626295635815E-8-1.20064624629188E-16i;-2.153054271433564E-7-1.7294284203633827E-15i
2.2925878769096291E-7-4.591077243011769E-12i;1.4317455164667773E-7+6.317543209933277E-11i;1.3892254663556577E-7-1.1952608618358904E-10i;-2.1762290492975766E-7-3.4164989582779534E-11i;1.4744893996134568E-7-1.934838370925291E-10i;-1.2366485797266847E-7+7.17220379565905E-11i;1.6637256329596062E-7;-1.211554776454269E-7-1.7647744344207206E-17i;-7.865354994284353E-8;-4.2608295186252604E-8-5.116212660608336E-18i;-1.0332863339709061E-7-1.1408200210655052E-17i;9.525640071191355E-8+3.24233633229018E-17i;-2.7979449695518995E-8+2.004244014437626E-17i;-5.757909027975157E-10-6.181828530969273E-18i;-9.279833195190929E-8+1.4858997097332152E-17i;-9.37516884283107E-9+4.792910767651305E-17i;-6.3891593815633E-9+2.4131127789683992E-17i;-2.06427099219015E-7+1.2337406645936083E-16i;-1.8323487833376179E-7-1.778447044365719E-16i;1.6638504724916118E-7-2.2107722335014556E-15i;-1.2478260673332223E-7;4.6091523780066956E-8-2.2512746228709234E-16i;-1.4259044939432454E-7-4.0405706896624397E-16i;-5.612663370742781E-8-1.1511694415406066E-16i;-2.0293090223715315E-7-1.6034175939417965E-15i
2.511798928747654E-7-2.058954065749884E-12i;1.3119910280758218E-7+7.819734833376065E-11i;1.242312542500026E-7-1.0769870639842173E-10i;-2.397538045371261E-7-3.6848917557456075E-11i;1.4586274054813527E-7-2.1224845194770844E-10i;-1.0712599124377765E-7+6.271033578340548E-11i;1.6251888855962E-7;-1.550815817506792E-7-2.0947255743464636E-17i;-9.933925285196467E-8;-2.7231260369554414E-8;-4.4539152553038923E-8;4.6869079258592465E-8+2.137259839462666E-17i;-3.2896049021836904E-8+1.4173457887572294E-17i;2.2621899279897948E-8+2.6462931322812393E-18i;-6.796593414417693E-8+1.2974488700830149E-17i;-2.2078801752937766E-8+4.6471508933696184E-17i;8.317090740528513E-9+3.141666096224659E-17i;-1.9995754896674043E-7+1.0781612364614433E-16i;-1.694696965455885E-7-1.7002423624807267E-16i;1.57838489207462E-7-2.0714351970801304E-15i;-1.4019810137242354E-7;3.176943200375444E-8-2.256846489384147E-16i;-1.3420217687155418E-7-3.793004784875592E-16i;-5.3803494113740306E-8-1.1638011911003935E-16i;-1.9276675151459032E-7-1.538640515782955E-15i
2.7310099807845044E-7+4.731691138642943E-13i;1.1922365399138848E-7+9.321926456775822E-11i;1.0953996191857198E-7-9.587132665165934E-11i;-2.618847041237197E-7-3.953284554178349E-11i;1.4427654111128135E-7-2.3101306679321612E-10i;-9.058712446084968E-8+5.3698633574043246E-11i;1.577971994701094E-7;-1.885805308197439E-7-2.466929038217756E-17i;-1.1888281497090498E-7-1.4854971328091417E-17i;-8.613379764714633E-9+5.3814428914332016E-18i;2.4581321088448074E-8+5.792460068302626E-18i;-9.486280896224764E-9+6.752437880779317E-18i;-3.5795526860958824E-8+3.864548089378835E-18i;4.98685160523793E-8+1.260899589245165E-17i;-4.0172387109588704E-8+6.423281065735725E-18i;-4.08790078510167E-8+2.1848758233024956E-17i;2.457909638649444E-8+1.978193278703129E-17i;-1.5737957727107714E-7+7.722432254486813E-17i;-1.192457535499007E-7-1.386709955463707E-16i;1.5065675523479913E-7-1.7294398934055241E-15i;-1.4515918450593475E-7-1.564750855755847E-17i;1.4234971189025155E-8-1.9147336483477295E-16i;-9.952632122154695E-8-2.7477366590949747E-16i;-4.222327222101796E-8-1.1659190393675568E-16i;-1.8847634804447616E-7-1.5185149045412912E-15i
2.9502210330085775E-7+3.005292295795531E-12i;1.0724820519194369E-7+1.0824118080052334E-10i;9.48486696377796E-8-8.404394694186091E-11i;-2.840156036908416E-7-4.2216773534308246E-11i;1.4269034165722373E-7-2.4977768163279445E-10i;-7.404825762863058E-8+4.468693133251449E-11i;1.522731020828375E-7;-2.2165742253303644E-7-2.839887414703531E-17i;-1.3725103789286216E-7-1.7750190319274002E-17i;1.291970962441958E-8+1.1278059277976481E-17i;1.0165448299252929E-7+1.7288569839614025E-17i;-7.163187610750206E-8-1.0946681892218289E-17i;-3.6530753030218624E-8-5.19332238238079E-18i;8.034443725496793E-8+1.5960133362846733E-17i;-1.1060925642732544E-8+6.696356265753401E-18i;-6.584942383612358E-8;4.1492686475599026E-8+1.1165877606954135E-17i;-8.233195137659332E-8+5.680141862612713E-17i;-3.62041011971794E-8-1.0612254284859491E-16i;1.465756847550818E-7-1.2087002523596938E-15i;-1.4156086068050834E-7-2.227960147957471E-17i;-5.987954154588577E-9-1.215023982444943E-16i;-4.1915506710229534E-8-1.2847212973260513E-16i;-2.2990475793131515E-8-1.1085935445143044E-16i;-1.929888342773057E-7-1.5878974652990612E-15i
3.1694320854276926E-7+5.537415480355876E-12i;9.527275639993097E-8+1.2326309703228537E-10i;8.01573774034586E-8-7.221656726709604E-11i;-3.061465032383027E-7-4.490070153468507E-11i;1.4110414219482857E-7-2.6854229647333406E-10i;-5.750939075311565E-8+3.567522906496761E-11i;1.4602591221963767E-7-1.503881024933744E-17i;-2.543800814334778E-7-3.2425143199703664E-17i;-1.5455219226574693E-7-2.1020309158998123E-17i;3.7056185853877616E-8+1.597655904384178E-17i;1.8430424203842275E-7+2.905774223799867E-17i;-1.374685978081535E-7-3.1395181426377004E-17i;-3.510980954980084E-8-1.4786525547186143E-17i;1.1340629412063563E-7+2.537816688305312E-17i;1.783646898457086E-8+4.121017276193446E-18i;-9.670501955201256E-8-1.8599828495715226E-17i;5.840114132897421E-8;1.7867407789039438E-8+3.2175774059577637E-17i;7.244303649686981E-8-4.451043994699686E-17i;1.47311104058607E-7-5.733141423203151E-16i;-1.3271908160238997E-7-2.4014234317153033E-17i;-2.8242137662214858E-8-3.2732881058227504E-17i;3.2652826215799774E-8+5.678263039962477E-17i;1.338426982147064E-9-1.0388872772775847E-16i;-2.083125402648726E-7-1.7307711907180402E-15i
3.3886431380542556E-7+8.06953866810126E-12i;8.329730760432766E-8+1.3828501326307262E-10i;6.546608521085551E-8-6.038918762459366E-11i;-3.2827740276536735E-7-4.7584629543069995E-11i;1.3951794273434707E-7-2.8730691132297137E-10i;-4.097052384101545E-8+2.6663526777685053E-11i;1.3914998004710147E-7-1.4967979160579554E-17i;-2.8688638537907156E-7-3.7054103495258097E-17i;-1.7105608941400257E-7-2.3859294676810228E-17i;6.35350040212076E-8+2.219544663110366E-17i;2.704193509955265E-7+4.251339907202964E-17i;-2.0525475651506994E-7-5.0311933951972274E-17i;-3.169187085797574E-8-2.554943732176299E-17i;1.4877565731112286E-7+3.195830344096915E-17i;4.532217399753684E-8;-1.3308251812681708E-7-4.542982022108465E-17i;7.509592041241525E-8;1.340370332394011E-7;1.9791492681502482E-7;1.5455512283145314E-7+1.2100206054381538E-16i;-1.2291368063476476E-7-3.043037945362312E-17i;-5.196315504453524E-8+6.68999857579941E-17i;1.1734803490973275E-7+2.6842797484962484E-16i;2.8091624470254203E-8-1.0558730197956486E-16i;-2.358862982699334E-7-1.991290180450205E-15i
3.607854190868733E-7+1.0601661862012863E-11i;7.132185879484781E-8+1.5330692949307656E-10i;5.0774793050932594E-8-4.856180800764326E-11i;-3.504083022736085E-7-5.026855756071619E-11i;1.3793174328550372E-7-3.060715261878656E-10i;-2.443165690226973E-8+1.765182447835973E-11i;1.3175686112535903E-7-1.552414454582138E-17i;-3.1939610962021074E-7-4.135691190791485E-17i;-1.8722834133170721E-7-2.7675557045763878E-17i;9.218648070968113E-8+2.912495806895675E-17i;3.583828138883911E-7+5.361680662861424E-17i;-2.738583476085149E-7-6.818131542204081E-17i;-2.6586738015458018E-8-3.433657981095663E-17i;1.8676693074601345E-7+4.7190878313770376E-17i;7.071636817992992E-8;-1.7496706045140335E-7-6.965296889667702E-17i;9.203822653062763E-8;2.5736708775732713E-7-3.054515150790623E-17i;3.3238303657096306E-7+6.104509586365253E-17i;1.7026827566031236E-7+8.185596510004946E-16i;-1.1710983249909458E-7-4.40991185845822E-17i;-7.710704634143469E-8+1.5803942165524633E-16i;2.0661826458557773E-7+4.92217460819951E-16i;5.5324359532489815E-8-1.168858989858961E-16i;-2.779872935733343E-7-2.3665310272899086E-15i
-6.266091607988392E-8-3.693880344500115E-11i;3.0207364604605397E-7-1.344567133584003E-10i;3.1529938504745435E-7-2.590516032491891E-10i;7.930684744167817E-8+9.2001673171459E-13i;1.7304902803433125E-7+4.7617557372357625E-11i;-3.26212255783234E-7+1.8460112468123498E-10i;8.118859206840286E-8;3.019011827356011E-7+3.3414116048845746E-17i;1.3703077573672473E-7+2.624139187101331E-17i;1.5255540089250602E-7+2.084860095491385E-17i;3.5638278084897804E-7;-2.4801943868418313E-7-5.752114159521426E-17i;-5.266259022926329E-8-3.1664182255688463E-17i;1.8744355827159307E-7+7.482250977813592E-17i;9.792731564619474E-9-3.0485500300858155E-18i;2.6531551852496136E-7+1.4297016689944924E-16i;8.081463770184186E-9+5.96589184268263E-17i;-2.3366038457683373E-7+1.106034667425951E-16i;-3.2135778067721815E-7-2.163428348510844E-16i;2.259533278026827E-7-3.4367378764781063E-15i;1.6385090247148616E-7+5.022875806741695E-17i;-1.728333474048975E-7+9.02296735288638E-17i;-1.486647816337727E-7-8.707655254371597E-17i;2.79937708147083E-8-1.4970174114703985E-16i;-2.7184102199458484E-7-2.5231045440650924E-15i
-4.073981126777404E-8-3.440668033789818E-11i;2.90098196901412E-7-1.1943479707756704E-10i;3.006080919849236E-7-2.4722422298712086E-10i;5.717594748880048E-8-1.7639111128245425E-12i;1.7146282896721722E-7+2.8852942377558566E-11i;-3.09673389711314E-7+1.7558942292887448E-10i;8.90706220217177E-8;2.709679646587819E-7+2.9375085334464346E-17i;1.2533587826695653E-7+2.1955966759569884E-17i;1.2363581745591554E-7+1.480206474282146E-17i;2.6918341752880726E-7;-1.833080598515353E-7-4.430710474605004E-17i;-4.069857696756E-8-2.597140471345834E-17i;1.5680823836966553E-7+5.4190887625603024E-17i;-7.724261672481556E-9-4.592025896208951E-18i;2.168011871233283E-7+1.0202834360228043E-16i;1.232995024029195E-8+3.8367897217664394E-17i;-1.138916532739781E-7+7.972241523195162E-17i;-1.942994250991458E-7-1.6325347497105433E-16i;2.059095986395157E-7-2.5603136503909048E-15i;1.6665315887233368E-7+4.866727775157605E-17i;-1.2569804675154314E-7+1.160854293118594E-16i;-8.201733631549983E-8;2.199904672180373E-8-1.3387993057637376E-16i;-2.333682418167653E-7-2.1575781251950547E-15i
-1.8818706447868807E-8-3.187455723593671E-11i;2.7812274778843496E-7-1.0441288079814746E-10i;2.859167989445546E-7-2.353968427403524E-10i;3.504504754161544E-8-4.4478389534776656E-12i;1.6987662986989266E-7+1.0088327403176667E-11i;-2.9313452361610336E-7+1.6657772115737947E-10i;9.63277717276133E-8;2.400930952212379E-7+2.5759273612735944E-17i;1.1336673612470295E-7+1.7907588763286076E-17i;9.727237281632845E-8+1.0313978057207149E-17i;1.8380965121255956E-7;-1.1928350997071574E-7-3.1016768016594536E-17i;-3.054812486644631E-8-1.9258522890032176E-17i;1.29132483647655E-7+4.447352792381115E-17i;-2.7680754283946592E-8-5.859162653755924E-18i;1.7412312671834118E-7+6.148614565691157E-17i;1.7003402042766206E-8+2.208422685614235E-17i;-8.952616795277416E-10+4.0782645883201926E-17i;-7.563243137611153E-8-1.0838423558336194E-16i;1.9456445063977562E-7-1.7854574327016574E-15i;1.736317250506387E-7+4.426978112676063E-17i;-7.964416432084508E-8+1.329022952477834E-16i;-1.8729352105774422E-8+7.523940851781917E-17i;1.6656346963788367E-8-1.24543337759792E-16i;-2.076548400938316E-7-1.9102840426147757E-15i
3.10239838571017E-9-2.9342434139360516E-11i;2.6614729871495434E-7-8.939096452302828E-11i;2.712255059393084E-7-2.23569462519206E-10i;1.2914147605072701E-8-7.131766791672195E-12i;1.682904307347957E-7-8.676287549916594E-12i;-2.765956574851402E-7+1.5756601936073767E-10i;1.0287202022260802E-7;2.0907028344501613E-7+2.1744738749122374E-17i;1.0078227276436692E-7+1.745743121441346E-17i;7.34815790900903E-8;1.0186328252473831E-7;-5.705481835143149E-8-1.497887032359987E-17i;-2.2101736045016145E-8-9.212113256183434E-18i;1.0387265659021968E-7+1.823170445524018E-17i;-4.926315453850812E-8;1.3639891716039082E-7+4.462848098931877E-17i;2.1799804824812054E-8+7.828746932988136E-18i;9.64040883796822E-8+1.1427400011243269E-17i;2.738273814115239E-8-7.532756454664062E-17i;1.8955534857186802E-7-1.124382693461539E-15i;1.791800799399879E-7+4.3951226667596234E-17i;-3.401494704846302E-8+1.5966901509340628E-16i;3.6927869484440165E-8+1.167658767503268E-16i;1.1857736308106954E-8-1.2396873319853022E-16i;-1.9239147921276738E-7-1.7537158881316707E-15i
2.5023503238120347E-8-2.6810311046716774E-11i;2.541718496843632E-7-7.436904825426325E-11i;2.565342129785218E-7-2.117420823314591E-10i;-9.216752316223366E-9-9.815694629457345E-12i;1.6670423155820752E-7-2.7440902482199036E-11i;-2.6005679130959623E-7+1.4855431753460073E-10i;1.0862608786714391E-7;1.7776718323033895E-7+1.7803673074835736E-17i;8.738082832418271E-8+1.215678912516748E-17i;5.2415546989719107E-8;2.547144395168202E-8-4.986958032347681E-18i;1.6752169935336692E-9-2.0689880532589414E-18i;-1.5291124403477445E-8-4.943677848227688E-18i;8.102002850150085E-8+1.0844729873228351E-17i;-7.133606568155209E-8;1.0353470711455872E-7;2.6410487331196916E-8-6.949453572606092E-18i;1.686744796919545E-7;1.0636164666318915E-7-4.243935311052036E-17i;1.891670863992454E-7-6.602239767110592E-16i;1.787184072626639E-7+2.814875134523765E-17i;1.0096570149546193E-8+1.5742915241278276E-16i;7.964840761956923E-8+1.6343534028046231E-16i;7.723482220075163E-9-1.0560424848865214E-16i;-1.8634917821521326E-7-1.6700545430575288E-15i
4.69446081136063E-8-2.4278187956489237E-11i;2.421964006957607E-7-5.934713199235114E-11i;2.418429200680213E-7-1.9991470218174174E-10i;-3.1347652218193754E-8-1.2499622469126774E-11i;1.6511803234020556E-7-4.620551739549633E-11i;-2.4351792508413704E-7+1.395426156769896E-10i;1.135225937637725E-7;1.4611516317596942E-7;7.307873780783208E-8+1.0059733665858645E-17i;3.430214054390109E-8;-4.304292331495393E-8-9.339496463037087E-18i;5.494481644004404E-8+9.870179946937079E-18i;-1.0030026736441217E-8;6.086127900754144E-8;-9.262299623130367E-8;7.560627601205443E-8-1.1785288392984164E-17i;3.054672392064824E-8-1.708610006633726E-17i;2.08720051797871E-7;1.5462087901557127E-7-2.7497897173438258E-17i;1.9192282033680836E-7-4.00378372979553E-16i;1.689094072244382E-7+2.0190235765791798E-17i;5.090151984700913E-8+1.4382543819489726E-16i;1.0505234021017992E-7+1.7344507293565074E-16i;4.494891538096756E-9-1.0263505209063452E-16i;-1.8790875003656576E-7-1.6708898540535742E-15i
6.88657130157471E-8-2.1746064866660223E-11i;2.3022095174686488E-7-4.432521573776682E-11i;2.271516272115767E-7-1.880873220718789E-10i;-5.3478552097230245E-8-1.518355031286844E-11i;1.6353183308169608E-7-6.49701322908902E-11i;-2.2697905880486602E-7+1.3053091378518477E-10i;1.1750794478542819E-7;1.1410501142174346E-7;5.7906860106516404E-8;1.9397604230472956E-8;-1.0130604064240536E-7-1.453142270447863E-17i;1.0066535209632165E-7+2.1334802864887375E-17i;-6.16379879564092E-9+5.208516861657775E-18i;4.3877631325723174E-8-5.897092152087093E-18i;-1.1173292283084258E-7;5.2536701851472243E-8-3.250214043218341E-17i;3.403419927070441E-8-2.1455720505270092E-17i;2.1287555325526193E-7;1.6863581586578763E-7;1.963881318668561E-7-3.5187491511186564E-16i;1.479184439747797E-7+1.5067390835778656E-17i;8.638821199361853E-8+1.0566257402166907E-16i;1.1052915563492529E-7+1.4042351977619602E-16i;2.196204039588786E-9-9.336589563755999E-17i;-1.9474394145963971E-7-1.7066206219132932E-15i
9.078681794747885E-8-1.9213941775461533E-11i;2.1824550283446438E-7-2.9303299489488467E-11i;2.1246033441165365E-7-1.762599420028273E-10i;-7.5609451950197E-8-1.7867478162751695E-11i;1.619456337845006E-7-8.373474716928799E-11i;-2.1044019246919662E-7+1.215192118569909E-10i;1.2053644656429493E-7;8.176772024509606E-8;4.196717685612626E-8;7.95786908822199E-9-3.1465275133628733E-18i;-1.4714147039606116E-7-2.3562207287514236E-17i;1.3689648701285696E-7+3.193294513304087E-17i;-3.48374709250891E-9+1.2425904356933628E-17i;3.0575697359950504E-8;-1.2737813481232561E-7;3.387950206494914E-8-3.810030365015534E-17i;3.672506914847054E-8-1.7843170857753197E-17i;1.821406973644459E-7;1.4931276299396065E-7;2.0120819188191317E-7-4.980503772788769E-16i;1.1563243940346976E-7;1.1472205622613483E-7+4.0064716956500923E-17i;9.624297968300761E-8+7.402660161246516E-17i;7.757119885125663E-10-8.553055688977064E-17i;-2.038297429169829E-7-1.7418448382743408E-15i
1.1270792291091398E-7-1.668181868107197E-11i;2.0627005395542448E-7-1.4281383245752571E-11i;1.9776904166968534E-7-1.6443256197378912E-10i;-9.774035177464323E-8-2.0551406020918558E-11i;1.6035943445043478E-7-1.0249936203104542E-10i;-1.9390132607543866E-7+1.1250750989019683E-10i;1.2257367663070337E-7;4.917186953056991E-8;2.5431808017737367E-8+2.7871605089317868E-18i;2.0209508450564769E-10-4.399774787697079E-18i;-1.787718575633753E-7-2.8684083622812785E-17i;1.6203198737520016E-7+4.0055605331320946E-17i;-1.7138393863908056E-9+1.9186347301677868E-17i;2.141700562228806E-8;-1.384803118273921E-7;1.8790063960156462E-8-2.7414500876938555E-17i;3.854343380137301E-8;1.222204520027042E-7+2.1419373843556044E-17i;1.0205875877708323E-7-4.3161990104311805E-17i;2.0521664865738732E-7-8.024747728032511E-16i;7.372288557028706E-8-1.2507751375765008E-17i;1.344480051954393E-7-2.610884716743075E-17i;6.522018905664117E-8-2.703833347809968E-17i;8.357895145799843E-11-1.0070797141728275E-16i;-2.1206268375174944E-7-1.8046655683901796E-15i
1.346290279073954E-7-1.4149695582150726E-11i;1.9429460510675466E-7+7.405329949881525E-13i;1.8307774898644923E-7-1.5260518198468098E-10i;-1.1987125156880768E-7-2.323533388896274E-11i;1.587732350814843E-7-1.212639768773689E-10i;-1.7736245962269484E-7+1.0349580788411639E-10i;1.235978967958455E-7;1.6410760373756276E-8;8.520802099111003E-9+3.941107274531137E-18i;-3.715540819513998E-9-3.9795108764549016E-18i;-1.9491682819252168E-7-2.803243010592792E-17i;1.749031570429014E-7+4.560372730122536E-17i;-5.113085270856988E-10+2.5619227330603585E-17i;1.674427390706607E-8-1.0022840857740509E-17i;-1.4424059428962802E-7;6.005103335727888E-9-9.59356691575047E-18i;3.9454934435290566E-8;4.296926133016068E-8+4.6745982376079755E-17i;3.628463085672681E-8-8.341430332011683E-17i;2.0751309346276203E-7-1.2031738618170406E-15i;2.535279246907511E-8-9.826820554487848E-18i;1.445612637293529E-7-8.800826494156766E-17i;2.3009411007262493E-8-1.4751427571702782E-16i;-1.5357675801371574E-10-1.130687299195368E-16i;-2.1688070821922758E-7-1.8491914452194103E-15i
1.5655013293720517E-7-1.1617572477816622E-11i;1.823191562859328E-7+1.576244923297888E-11i;1.6838645636216693E-7-1.4077780203515323E-10i;-1.4200215133188196E-7-2.591926176760797E-11i;1.571870356796214E-7-1.4002859170854257E-10i;-1.608235931107193E-7+9.448410583813643E-11i;1.2359918814119448E-7;-1.640705068629597E-8-4.320019664708463E-18i;-8.51771963222756E-9+2.0883789592185554E-18i;-3.7175261350902863E-9-2.476716382117524E-18i;-1.949147566811052E-7-2.6557216416788374E-17i;1.749027565811529E-7+4.636273550218118E-17i;5.023376152325335E-10+2.7501096741177158E-17i;1.6736136343394058E-8-1.1358598838976913E-17i;-1.4424253440087055E-7;-5.997767674839662E-9;3.943637346838501E-8+1.0349328807544397E-17i;-4.2997208271112156E-8+8.624398073570526E-17i;-3.59242195194541E-8-1.2089679799954125E-16i;2.0762202362090324E-7-1.6389683942830128E-15i;-2.529004405570379E-8-9.15914354194096E-18i;1.4453645420778975E-7-1.37557288886282E-16i;-2.3104765686089784E-8-2.4099846766113243E-16i;-2.335466564186079E-10-1.1650008182079996E-16i;-2.1689812496157977E-7-1.8426813519035028E-15i
1.7847123799942275E-7-9.085449367806E-12i;1.703437074910444E-7+3.0784365469044535E-11i;1.5369516379659164E-7-1.289504221252849E-10i;-1.6413305106419756E-7-2.860318965789534E-11i;1.556008362468036E-7-1.587932065250872E-10i;-1.4428472653982983E-7+8.547240375239751E-11i;1.225758421768706E-7;-4.916859384157318E-8-8.22675745133058E-18i;-2.5429301520281123E-8;2.0356180988921618E-10-9.958002200131675E-19i;-1.787670898723325E-7-2.1816587030256378E-17i;1.6203157091245087E-7+4.5056573919421573E-17i;1.7072138205828761E-9+2.882476479118401E-17i;2.140689373284247E-8-1.5159699742957758E-17i;-1.3848584208117206E-7;-1.879134139281971E-8+1.49300864138034E-17i;3.851974201806131E-8+1.6079777645226187E-17i;-1.2224139293134683E-7+1.0186664630832556E-16i;-1.0169507030272162E-7-1.616441247978577E-16i;2.0551858030292465E-7-2.01633447364627E-15i;-7.367305199518221E-8-9.981839605349921E-18i;1.3441744487871637E-7-1.8700847592888323E-16i;-6.531770609679233E-8-3.368249304476552E-16i;-4.769579844680224E-10-1.2534289065965466E-16i;-2.1205647267477497E-7-1.8036778467483538E-15i
2.0039234309196254E-7-6.5533262523367135E-12i;1.583682587205383E-7+4.580628170354239E-11i;1.3900387128896063E-7-1.171230422551423E-10i;-1.862639507671768E-7-3.1287117559132224E-11i;1.5401463678513704E-7-1.7755782132864287E-10i;-1.2774585991091853E-7+7.646070162764149E-11i;1.205408045781132E-7;-8.176421111259542E-8-1.1796017673485431E-17i;-4.196476732503212E-8;7.958439252628023E-9+9.027475405622426E-19i;-1.4713893389662953E-7-1.8975469639494114E-17i;1.3689761371354374E-7+3.9997133643488285E-17i;3.477669797691581E-9+2.8172613919574373E-17i;3.056384960306448E-8-7.58692758329245E-18i;-1.2738360438994204E-7;-3.3885360880888415E-8+2.7843904978634115E-17i;3.6706546159806404E-8+2.992021657339257E-17i;-1.8209745895706733E-7+1.3367555456145302E-16i;-1.488955269227218E-7-1.8130305971377116E-16i;2.0165535686525457E-7-2.2643620673015684E-15i;-1.1556933662827279E-7;1.1470502740903442E-7-2.2095229181977649E-16i;-9.629667253844154E-8-3.725937556995276E-16i;-1.1631495799732335E-9-1.0994949776987004E-16i;-2.0385345302196382E-7-1.7021176641807896E-15i
2.2231344821207007E-7-4.021203131804379E-12i;1.4639280997275035E-7+6.082819793714208E-11i;1.2431257883809245E-7-1.052956624241374E-10i;-2.0839485044303888E-7-3.397104547162705E-11i;1.524284372972849E-7-1.963224361203174E-10i;-1.1120699322551504E-7+6.744899946487614E-11i;1.1751432935598929E-7;-1.1410168385560098E-7-1.5648008114443852E-17i;-5.7905925266015245E-8;1.9397361104888686E-8+3.9870556200089984E-18i;-1.0130227196702114E-7-1.2907088865744407E-17i;1.0066492291529029E-7+3.1794971478599465E-17i;6.155089974812153E-9+2.4650383751568387E-17i;4.386393503245911E-8;-1.1173434543970954E-7+1.2092743320866914E-17i;-5.253293521848327E-8+2.6152228230154484E-17i;3.4024380847436283E-8+2.882243413863889E-17i;-2.1282325618573135E-7+1.3511715118321835E-16i;-1.682225862353404E-7-1.8838330378316067E-16i;1.9688384991621453E-7-2.3478185512181813E-15i;-1.478517513168199E-7;8.639904996368319E-8-2.3843778055907513E-16i;-1.1056388550381344E-7-3.835278312425386E-16i;-2.5658518163258648E-9-1.1055809164042224E-16i;-1.9476277101123298E-7-1.6144430426990905E-15i
2.442345533567766E-7-1.4890800072938544E-12i;1.34417361245407E-7+7.585011416983949E-11i;1.0962128644234177E-7-9.346828263207554E-11i;-2.3052575009436424E-7-3.665497339429465E-11i;1.5084223778669853E-7-2.150870509028832E-10i;-9.466812648582206E-8+5.843729726622651E-11i;1.1353078314855516E-7;-1.461126275721711E-7-1.9534126319155722E-17i;-7.307917235311519E-8;3.430295052947113E-8+7.693139003990945E-18i;-4.304343494182591E-8-4.820313310306276E-18i;5.4945580188302114E-8+2.08847828204409E-17i;1.0024837199353002E-8+1.7997393388526973E-17i;6.08531668268395E-8+7.573038114910271E-18i;-9.261989541182053E-8;-7.561165804143845E-8+1.2005789715130009E-17i;3.0560046668543774E-8+2.315208498815322E-17i;-2.086658009824328E-7+1.3166099162165226E-16i;-1.542045299866896E-7-1.739248702895249E-16i;1.923693470630737E-7-2.233411123685856E-15i;-1.6886794893768204E-7;5.095611909471487E-8-2.2314187029373016E-16i;-1.050481112143959E-7-3.37042347959933E-16i;-4.8132546626017285E-9-1.0947044446710587E-16i;-1.8790977536798507E-7-1.5433210253421994E-15i
2.661556585238476E-7+1.0430431208493104E-12i;1.22441912534369E-7+9.087203040156879E-11i;9.492999409935749E-8-8.164090287815469E-11i;-2.5265664972311023E-7-3.93389013266661E-11i;1.492560382582716E-7-2.338516656798186E-10i;-7.812925969502711E-8+4.9425595034653285E-11i;1.0863534844194473E-7;-1.7776342775391424E-7-2.2654067949714284E-17i;-8.737815621257008E-8;5.241762470740421E-8+1.2791507200618779E-17i;2.546041501392462E-8+4.570357643400396E-18i;1.6887857910577768E-9+6.513074534084741E-18i;1.529293790695591E-8+1.0920258039192848E-17i;8.100645986472927E-8+1.2722087987727424E-17i;-7.134522542200492E-8;-1.0354159670862197E-7-1.0717867881022052E-17i;2.6427180282893586E-8+1.4242568071669075E-17i;-1.6864263126021932E-7+1.1591233977154057E-16i;-1.0597301372910003E-7-1.545867159180375E-16i;1.894738571484043E-7-1.926606176425368E-15i;-1.787006461583752E-7-2.4355344347844745E-17i;1.021250037946002E-8-1.7564708312838363E-16i;-7.96404718669456E-8-2.340542949927E-16i;-8.023618043147538E-9-1.0467798387094909E-16i;-1.863239456241925E-7-1.5241199692958776E-15i
2.8807676371247724E-7+3.575166252664483E-12i;1.1046646383310386E-7+1.058939466328129E-10i;8.023870180624668E-8-6.98135231612474E-11i;-2.7478754933006226E-7-4.202282926874541E-11i;1.476698387186613E-7-2.526162804552966E-10i;-6.159039285725128E-8+4.041389277404818E-11i;1.0288291185478505E-7-1.155432435413613E-17i;-2.0906643422779401E-7-2.6226759394194974E-17i;-1.007799675058699E-7;7.348518175676549E-8+1.7584229021522124E-17i;1.0186377870345268E-7+1.7009333724396497E-17i;-5.705169823210798E-8-1.0738941837769348E-17i;2.2105740633110832E-8+3.4755920430635904E-18i;1.0386369476603768E-7+1.2479124200500449E-17i;-4.926401233248085E-8+7.088301359747319E-18i;-1.3640930904342944E-7-3.456540225764192E-17i;2.1829880653147766E-8+2.9578876287179214E-18i;-9.635530149000432E-8+9.195847624471034E-17i;-2.6965609688679707E-8-1.325913467978091E-16i;1.8961955873955777E-7-1.4603347705877335E-15i;-1.7918201818766998E-7-1.870666346895755E-17i;-3.38541860480857E-8-9.766551050521561E-17i;-3.685661695225068E-8-8.467406990908476E-17i;-1.2120217706003052E-8-1.019447202601273E-16i;-1.923426534751011E-7-1.57953040779102E-15i
3.09997868923233E-7+6.107289388036773E-12i;9.849101513272798E-8+1.2091586286371078E-10i;6.554740955971212E-8-5.79861434799412E-11i;-2.969184489149951E-7-4.470675721969722E-11i;1.4608363917642514E-7-2.713808952370549E-10i;-4.5051525977466654E-8+3.1402190489276156E-11i;9.633983887899711E-8-1.2911338398209163E-17i;-2.400891974765293E-7-2.9457179009420525E-17i;-1.1336441837826573E-7;9.727748545326447E-8+2.3361427541542495E-17i;1.838058186927017E-7+2.584591766808884E-17i;-1.192735432380711E-7-2.8327523425840086E-17i;3.0555434242026176E-8-5.313822756367767E-18i;1.2912062613349986E-7+2.380383334114046E-17i;-2.76898297292285E-8;-1.7413179553136755E-7-6.786559532841714E-17i;1.7035727373012783E-8-7.711050219936357E-18i;9.006739933864652E-10+6.511482187050938E-17i;7.601729600902871E-8-7.905081408417151E-17i;1.9432322307901775E-7-8.782171688860067E-16i;-1.7367328183486663E-7-2.4701543558723663E-17i;-7.942234694859799E-8-1.7818089290222488E-17i;1.87890925168219E-8+8.882440283676577E-17i;-1.694856406081882E-8-9.613362649945939E-17i;-2.0755816823351718E-7-1.6807366608085077E-15i
3.319189741574872E-7+8.639412528578646E-12i;8.651556642246138E-8+1.3593777909315242E-10i;5.085611735660201E-8-4.6158763832537876E-11i;-3.190493484766554E-7-4.739068518032889E-11i;1.4449743964159747E-7-2.9014551003138854E-10i;-2.851265906074406E-8+2.239048818564127E-11i;8.908368235847988E-8-1.3371177571593761E-17i;-2.7096399590678035E-7-3.3142659809325154E-17i;-1.253334988966807E-7-1.620722711434741E-17i;1.2364311070772254E-7+2.930279964530979E-17i;2.6918517572822965E-7+3.499300678056591E-17i;-1.8330002811357823E-7-4.5950456224543025E-17i;4.070990572117778E-8-1.408588036052161E-17i;1.5679487913764106E-7+4.029781527430245E-17i;-7.736055935629094E-9-5.906881321188205E-18i;-2.168154750915803E-7-1.0164492184295518E-16i;1.2357689353294493E-8-2.006097263315774E-17i;1.1389242836496343E-7+2.418086946439317E-17i;1.947035137038979E-7-2.896220659640443E-17i;2.0531474770334042E-7-2.5576210662444807E-16i;-1.6673040164101242E-7-3.995784495713518E-17i;-1.2544080132459347E-7+6.589065155638774E-17i;8.208355991964521E-8+2.87888694140102E-16i;-2.2365694016431045E-8-9.956245538587863E-17i;-2.3323405836903027E-7-1.886145021475387E-15i
3.5384007941428685E-7+1.1171535678298495E-11i;7.454011769199903E-8+1.5095969532236467E-10i;3.616482519063886E-8-3.433138421404693E-11i;-3.411802480155227E-7-5.007461315352394E-11i;1.4291124012392915E-7-3.0891012484579586E-10i;-1.1973792114536384E-8+1.3378785869552117E-11i;8.120241651447311E-8-1.4004051181272756E-17i;-3.018965382301052E-7-3.693564647780374E-17i;-1.370266497957821E-7-1.9611047136796972E-17i;1.5256527018267207E-7+3.5400057508046537E-17i;3.5639159302034116E-7+4.642952079549289E-17i;-2.4801340920137244E-7-6.409189289354094E-17i;5.2680206992956937E-8-2.40740992581869E-17i;1.8742732161279374E-7+5.006142006051364E-17i;9.776564919122898E-9-1.2983838462552795E-17i;-2.6533824309510957E-7-1.458495843752334E-16i;8.101052007017512E-9-3.1156565048660854E-17i;2.3366432504332397E-7;3.218050722675627E-7;2.249810984802175E-7+3.628560402421476E-16i;-1.6396219206152146E-7-4.9496563782371276E-17i;-1.725371541680492E-7+1.6672607585021327E-16i;1.4874091906386818E-7+4.974931780732467E-16i;-2.845916773632684E-8-1.0708152980277588E-16i;-2.716679048599603E-7-2.1770763672036247E-15i
-6.960625519836235E-8-3.636892875471783E-11i;3.052919028157641E-7-1.3680394761541317E-10i;3.006894172678221E-7-2.448211796392557E-10i;8.853490234296174E-8+1.1139602578819793E-12i;1.7802852681963854E-7+4.477895718076406E-11i;-3.1375439134702475E-7+1.803280867548615E-10i;3.211648141485812E-8+7.40705189965544E-18i;2.8302023365776217E-7+3.095346962688539E-17i;8.558942857794E-8+1.8928683371101864E-17i;2.0437295847669554E-7+3.233218202198171E-17i;3.519828781618919E-7;-2.2088071197068278E-7-5.0538030465135933E-17i;-1.2534487343834487E-7-3.7643675388320717E-17i;1.733368922845441E-7+6.455930986568632E-17i;-4.213951869619327E-8-6.195535101714685E-18i;3.2696598261826794E-7+1.415257764089599E-16i;-7.796751440102018E-8+4.2322976261266E-17i;-2.1244954584260814E-7+1.1130636911985235E-16i;-2.9623649238776633E-7-2.1942293227810276E-16i;2.376350803440107E-7-3.3598099122867323E-15i;1.6892602816048856E-7+4.5356413057528096E-17i;-2.478726005700595E-7+2.1485799522020593E-16i;-8.440607268893633E-8+1.4288282175346111E-16i;1.0655643092277198E-7-1.0778868796006859E-16i;-2.001048077243622E-7-2.0103940125354317E-15i
-4.768515040460238E-8-3.383680568429671E-11i;2.9331645377841696E-7-1.217820313218501E-10i;2.8599812420215714E-7-2.329937993581509E-10i;6.640400236688038E-8-1.5699675470246372E-12i;1.764423276488951E-7+2.6014342273196807E-11i;-2.9721552525425195E-7+1.71316384957333E-10i;4.053847615090919E-8+6.18259155385071E-18i;2.538724522852438E-7+2.7430493175996286E-17i;7.870467777296636E-8+1.5615578261313472E-17i;1.7541024555648534E-7+2.656505970226392E-17i;2.6557253871712844E-7;-1.6048599912553247E-7-3.774779899830633E-17i;-1.068475957368469E-7-3.094717801479826E-17i;1.5121992346268448E-7+6.080985321842938E-17i;-5.162144753586988E-8-8.927105727083901E-18i;2.743690798981324E-7+1.0352156990602346E-16i;-5.2743764490577366E-8+3.1560536285829105E-17i;-9.582092375399639E-8+6.737570178305338E-17i;-1.7840209786241935E-7-1.5493595628143924E-16i;2.1605138972649798E-7-2.528487546454513E-15i;1.7268532472763902E-7+4.047340859440854E-17i;-1.8376255179718978E-7+1.8880798441424238E-16i;-4.237510892020077E-8+1.5965756204371734E-16i;6.813188268593138E-8-8.741367234732782E-17i;-1.6974115337800032E-7-1.6458230395857575E-15i
-2.5764045603489577E-8-3.1304682619794496E-11i;2.8134100477452104E-7-1.0676011503062853E-10i;2.7130683115922303E-7-2.211664190932523E-10i;4.427310239611975E-8-4.2538953476791756E-12i;1.7485612844635227E-7+7.24972738739033E-12i;-2.806766591372671E-7+1.6230468314038676E-10i;4.8216741437221163E-8+4.8948523397123936E-18i;2.2481765329917345E-7+2.4159454749838624E-17i;7.153437261839458E-8+1.4940577054028633E-17i;1.49349565353438E-7+2.1637886631861085E-17i;1.809221547649408E-7;-1.0059992441403275E-7-2.4986323667018855E-17i;-9.036986658289366E-8-2.261592307883136E-17i;1.3217507517907628E-7+3.56185871563122E-17i;-6.380330912709528E-8;2.2779432712811535E-7+7.695610022984621E-17i;-2.718005511140614E-8+1.7590543816237967E-17i;1.4408918929415048E-8+3.188247952305163E-17i;-6.816714095471608E-8-1.169334778000036E-16i;2.0246651278403983E-7-1.780266639913034E-15i;1.8023599819436475E-7+5.018092090847681E-17i;-1.2061151304857226E-7+1.877133294478181E-16i;-2.3124598542485846E-9+1.5668495856571789E-16i;3.150809423030525E-8-9.164753397966323E-17i;-1.4852341033997961E-7-1.412191450560043E-15i
-3.842940789431226E-9-2.8772559562034503E-11i;2.6936555581513E-7-9.173819874429265E-11i;2.566155381530808E-7-2.0933903885622093E-10i;2.2142202435187938E-8-6.93782314459483E-12i;1.7326992920157234E-7-1.151488747466196E-11i;-2.6413779298208824E-7+1.5329298129730523E-10i;5.508876496153579E-8;1.9566478484621284E-7+2.0803395420302855E-17i;6.387065275663456E-8+1.3145376807807466E-17i;1.260641307341058E-7+1.774254805544873E-17i;9.964966482261286E-8;-4.232909287209118E-8-1.1661596240826277E-17i;-7.540486613755502E-8-1.4673737288159106E-17i;1.155016702626724E-7+1.7381115524677423E-17i;-7.777829801721137E-8;1.85717252941923E-7+5.1082418910802225E-17i;-1.37071833762668E-9-1.1972755944433299E-18i;1.0911276363432824E-7+1.632574512822827E-17i;2.75575150640529E-8-7.852533880624649E-17i;1.9452695071237131E-7-1.1570773617499967E-15i;1.8591294211382466E-7+4.5357473328845545E-17i;-5.723386615300197E-8+1.8579733961955705E-16i;3.278134555776442E-8+1.445480096413265E-16i;-1.55967424181376E-9-8.951065404867407E-17i;-1.351814994546101E-7-1.226516538318367E-15i
1.8078164042040595E-8-2.6240436509893233E-11i;2.5739010690286594E-7-7.67162824652553E-11i;2.419242451921874E-7-1.9751165865452782E-10i;1.1302488114598007E-11-9.62175094015635E-12i;1.7168372991170072E-7-3.027950231412752E-11i;-2.4759892678075224E-7+1.4428127942425177E-10i;6.109513177755744E-8;1.662890368622726E-7+1.7263414390097236E-17i;5.5588029860129976E-8+1.0492713369810792E-17i;1.0559943743031124E-7+1.445612865715916E-17i;2.3857022138818255E-8-5.4561422336454555E-18i;1.27163924332973E-8;-6.165867506691852E-8-9.79943765059014E-18i;1.0091448096923343E-7+1.5210643061439227E-17i;-9.255101605031064E-8;1.4765930545447368E-7+2.447260576701474E-17i;2.391975164314651E-8-6.592535984527008E-18i;1.7900031648488908E-7;1.009829084943886E-7-3.652794809048576E-17i;1.906871784146061E-7-6.990090501456516E-16i;1.8514434725576337E-7+2.7766353136338806E-17i;4.999386389942627E-9+1.4805609646463354E-16i;5.9434395912951055E-8+1.332623634812357E-16i;-2.8134396744905258E-8-7.656401550292764E-17i;-1.290461934348221E-7-1.1083767624650348E-15i
3.999926889464992E-8-2.3708313461816645E-11i;2.4541465803607183E-7-6.169436619397948E-11i;2.27232952281613E-7-1.8568427849123553E-10i;-2.211959744147473E-8-1.2305678736464246E-11i;1.7009753057759985E-7-4.904411713262879E-11i;-2.3106006052868547E-7+1.3526957751907692E-10i;6.618483687872096E-8;1.366254731471455E-7;4.664136848049365E-8+1.1119288129288352E-17i;8.809814001919454E-8+1.137819631651109E-17i;-4.4121164393949466E-8-1.1879346399220988E-17i;6.26488138132944E-8+1.4473789732665473E-17i;-4.8943531262195685E-8;8.838834091762639E-8;-1.0705960308268149E-7;1.135660594709968E-7+1.6538738086183614E-17i;4.756760279559851E-8-1.1607534730878844E-17i;2.1680403013265226E-7-2.938964877330414E-17i;1.457235029435532E-7-2.4204824075744042E-17i;1.8976393353739013E-7-4.2487026005835425E-16i;1.7466964828500748E-7+2.2576406824227305E-17i;6.337362145678729E-8+9.6435721383769E-17i;7.469806903377687E-8+7.290093895243481E-17i;-4.541373507167873E-8-8.080065796883107E-17i;-1.2914907619112348E-7-1.0711511561294799E-15i
6.192037377160329E-8-2.1176190415943625E-11i;2.3343920921147757E-7-4.667244993061524E-11i;2.1254165942464939E-7-1.7385689836831596E-10i;-4.425049735029034E-8-1.4989606535280766E-11i;1.6851133120144177E-7-6.78087319329304E-11i;-2.1452119422290597E-7+1.2625787558035272E-10i;7.031218759307028E-8;1.0665779592960667E-7;3.705560886969451E-8+9.201484406754474E-18i;7.375610263932852E-8+8.628014360664738E-18i;-1.0193144918822508E-7-1.6438859763577996E-17i;1.055164214980336E-7+2.5903875669530755E-17i;-3.709078904162652E-8+8.670118193534166E-18i;7.80357469355743E-8;-1.2024281574355643E-7;8.330898591327171E-8;6.835901848750237E-8-7.751322634593573E-18i;2.1889461136345686E-7-2.2889943487020323E-17i;1.5852502135664536E-7-2.031762827463673E-17i;1.906646918991328E-7-3.5333514299573723E-16i;1.5267377551127095E-7+2.0043897518903873E-17i;1.1485445837319495E-7+4.99981689869502E-17i;7.695055293714353E-8+1.3402311304417959E-17i;-5.1660347715002655E-8-7.320596787360547E-17i;-1.3367952555682407E-7-1.081801574007476E-15i
8.384147867555911E-8-1.8644067370192138E-11i;2.2146376042548628E-7-3.165053367435036E-11i;1.9785036662345425E-7-1.6202951828718982E-10i;-6.638139723548067E-8-1.7673534339111675E-11i;1.6692513178560704E-7-8.657334671587504E-11i;-1.9798232786135972E-7+1.172461736062713E-10i;7.344033761037718E-8;7.641119797902515E-8;2.690930203545874E-8+8.377156958857144E-18i;6.278183699587033E-8+6.93673846049862E-18i;-1.474133163471446E-7-2.2538728256539286E-17i;1.3948745010953812E-7+3.461878843031879E-17i;-2.5953209466100984E-8+1.5549541348269627E-17i;7.005079636349206E-8;-1.3111007685546442E-7;5.6578632050315056E-8;8.513577029707588E-8;1.862735579387722E-7;1.401839343988886E-7-2.7113914338292166E-17i;1.9240698613949657E-7-4.724039589312521E-16i;1.1917155840538059E-7;1.5643557467017027E-7;6.625073165929942E-8-6.873928725256044E-17i;-4.682263435850179E-8-6.881589569499166E-17i;-1.4028553468495586E-7-1.1250349852329928E-15i
1.0576258360848675E-7-1.6111944323199183E-11i;2.0948831167440471E-7-1.6628617423890335E-11i;1.8315907387923778E-7-1.5020213824676596E-10i;-8.851229709477741E-8-2.0357462149515668E-11i;1.6533893233265455E-7-1.0533796148305339E-10i;-1.8144346144286617E-7+1.082344715953122E-10i;7.554252831213756E-8;4.5942365165252815E-8;1.632915371272895E-8+7.180473912899279E-18i;5.535100070482038E-8+5.727574847533446E-18i;-1.7879741427724066E-7-2.7290534292429413E-17i;1.6305039813732292E-7+4.0693933340344226E-17i;-1.5352439940511575E-8+1.9792527320243213E-17i;6.460554599683632E-8;-1.3885124520194967E-7;3.270709840189008E-8;9.690298840749287E-8;1.2463173114081817E-7;9.575985219284184E-8-4.366897967628451E-17i;1.941623083990837E-7-7.620158887440778E-16i;7.59041475920449E-8;1.8562594736654492E-7-8.489568456974619E-17i;4.461433063941961E-8-1.4663968013918863E-16i;-3.2444420747526955E-8-7.314384183384258E-17i;-1.4654193792467307E-7-1.1884342189249777E-15i
1.2768368857163464E-7-1.357982127384566E-11i;1.9751286295465458E-7-1.6067011785615623E-12i;1.6846778119255533E-7-1.383747582471922E-10i;-1.1064319692654156E-7-2.3041389968117376E-11i;1.6375273284525987E-7-1.2410257623589946E-10i;-1.6490459496694983E-7+9.922276954710935E-11i;7.659877826964379E-8;1.53313341540113E-8;5.475591735566247E-9+7.418624240368499E-18i;5.159974097945692E-8+5.434772759540641E-18i;-1.9481572166834032E-7-2.7575303494834402E-17i;1.7511567765798479E-7+4.440319178422745E-17i;-5.086056310503879E-9+2.5367504850714334E-17i;6.183955187699379E-8;-1.4287822953127712E-7;1.0698811872193609E-8+5.668913998786842E-18i;1.0295667668125762E-7+1.4237710455739083E-17i;4.3782300431680744E-8+5.0335019617244367E-17i;3.405130293289099E-8-8.086470288635115E-17i;1.9526879295128657E-7-1.1364379669628176E-15i;2.6113614985954312E-8-7.237004389045548E-18i;2.0066402307352853E-7-1.3512250722844098E-16i;1.5691983744958824E-8-2.2630282923007233E-16i;-1.165316534228386E-8-8.008007127256495E-17i;-1.5028982531866028E-7-1.261626411791377E-15i
1.496047935653813E-7-1.1047698220984326E-11i;1.8553741426293572E-7+1.3415215062702083E-11i;1.5377648856339566E-7-1.2654737828801353E-10i;-1.3277409672988435E-7-2.5725317795997534E-11i;1.621665333261009E-7-1.428671909756776E-10i;-1.4836572843370658E-7+9.021106746159114E-11i;7.659956642586248E-8;-1.532920183415938E-8-3.2536568110332586E-18i;-5.471712079590243E-9+6.457581053027521E-18i;5.159989522310292E-8+6.129026708225115E-18i;-1.9481362662163624E-7-2.7413376773305303E-17i;1.7511463808167862E-7+4.448700430005721E-17i;5.0705426614036155E-9+2.746864077278142E-17i;6.183893731517392E-8;-1.4287751480775397E-7;-1.0675495897465154E-8+4.195240668184727E-18i;1.0295921422814945E-7+1.69041138059184E-17i;-4.380330528274768E-8+8.743715302110791E-17i;-3.3717789629247224E-8-1.1521146073793615E-16i;1.9536895759333185E-7-1.5490011826313165E-15i;-2.599734843075059E-8-1.4132609100091573E-17i;2.0067192617146272E-7-1.7820852004078764E-16i;-1.5795519594942386E-8-2.9078772804885796E-16i;1.1404593473436312E-8-7.692718003090957E-17i;-1.5032935497859062E-7-1.2910048108412801E-15i
1.7152589858921494E-7-8.515575164253433E-12i;1.735619655963686E-7+2.8437131300119882E-11i;1.3908519599130643E-7-1.1471999836906127E-10i;-1.54904996504841E-7-2.840924563361511E-11i;1.605803337779631E-7-1.6163180570349192E-10i;-1.3182686184385563E-7+8.119936533909101E-11i;7.554509434317735E-8;-4.594085528610283E-8-6.586176644384687E-18i;-1.6325779733932422E-8+5.7056452949139595E-18i;5.534953654120641E-8+7.977904896243292E-18i;-1.7879294848458218E-7-2.397946163326688E-17i;1.630515257568245E-7+4.5040929866513943E-17i;1.5341505175603913E-8+3.0302346590996796E-17i;6.459354351713677E-8;-1.3885769586282176E-7;-3.2700344855313156E-8+1.4810328207118118E-17i;9.687954735024952E-8+1.9930509216618004E-17i;-1.2464096738602997E-7+1.0837856530195666E-16i;-9.541526223287996E-8-1.5602675765121271E-16i;1.944556258036009E-7-1.9080664243261863E-15i;-7.581189547760147E-8-1.634571503337944E-17i;1.8561112389083676E-7-2.1483683149683616E-16i;-4.472449007218217E-8-3.5035830955918107E-16i;3.217669241552998E-8-7.845891328851022E-17i;-1.4667907339207563E-7-1.2723361456534628E-15i
1.93447003641859E-7-5.983452103465843E-12i;1.6158651695225098E-7+4.345904753481082E-11i;1.2439390347542815E-7-1.0289261849032565E-10i;-1.7703589625219884E-7-3.10931734809815E-11i;1.5899413420381551E-7-1.8039642042114155E-10i;-1.1528799519860837E-7+7.218766318065856E-11i;7.344521410223628E-8;-7.640964086630554E-8-1.0081609105866881E-17i;-2.690636969054652E-8+5.2836664181762786E-18i;6.277866491541576E-8+9.960557123815915E-18i;-1.4740944045285148E-7-1.9358905201750482E-17i;1.394887999505469E-7+4.04886893057212E-17i;2.5942714257906085E-8+3.0964338328073607E-17i;7.003866760190523E-8;-1.311153002136566E-7;-5.657579541558924E-8+1.8299622674355572E-17i;8.51188540688846E-8+2.7515829115703208E-17i;-1.862372957540327E-7+1.2969196831050733E-16i;-1.397983426107227E-7-1.7861316742627444E-16i;1.9284287857242514E-7-2.1580662203875262E-15i;-1.1907929056642038E-7-1.7318199773069472E-17i;1.564362912067868E-7-2.334271174113633E-16i;-6.632749038640858E-8-3.6399526225397446E-16i;4.654791331033803E-8-7.75262538508861E-17i;-1.405169286720786E-7-1.2336084576421344E-15i
2.153681087215125E-7-3.4513290381906714E-12i;1.4961106832758407E-7+5.848096376778766E-11i;1.0970261101447837E-7-9.106523865076366E-11i;-1.991667959733041E-7-3.377710133846019E-11i;1.5740793460717352E-7-1.9916103513035666E-10i;-9.874912849973077E-8+6.31759609873496E-11i;7.03178262706131E-8;-1.0665666783625272E-7-1.3623799982211832E-17i;-3.705317910116648E-8+5.609433275682838E-18i;7.375571118111808E-8+1.191973387144976E-17i;-1.0192613510222583E-7-1.4406473651519655E-17i;1.0551673879668913E-7+3.205114591848941E-17i;3.7083872111080075E-8+2.841849316992324E-17i;7.80268432241939E-8;-1.2024314483715357E-7;-8.331248030026718E-8+1.1880009213312166E-17i;6.835896884879136E-8+2.7580692602625748E-17i;-2.1885261698049568E-7+1.4342381510106945E-16i;-1.5813281317984028E-7-1.9096564598152287E-16i;1.9113350449551769E-7-2.2564910671122164E-15i;-1.526007561812559E-7-1.8571282312825995E-17i;1.1488521799708704E-7-2.3278497805771243E-16i;-7.70008074046184E-8-3.4403378609193545E-16i;5.140754990402377E-8-7.926419164395492E-17i;-1.3387324049540484E-7-1.1819706244587287E-15i
2.3728921382630735E-7-9.19205968948762E-13i;1.3763561971877074E-7+7.350287999909148E-11i;9.501131860678504E-8-7.923785884959707E-11i;-2.2129769566970176E-7-3.646102920568106E-11i;1.5582173499225526E-7-2.1792564983382732E-10i;-8.221026174957597E-8+5.4164258761558474E-11i;6.619237820111857E-8-7.14633400231965E-18i;-1.3662412202444538E-7-1.733323060257032E-17i;-4.663856626464373E-8;8.809618841714715E-8+1.5260581771186648E-17i;-4.4125701795901454E-8-5.893158597387255E-18i;6.265729837687043E-8+1.982155705513702E-17i;4.893990441419518E-8+2.2411214008387156E-17i;8.837906385227766E-8;-1.0705998349236207E-7;-1.1357294550635805E-7-1.3237983342822748E-17i;4.75877556526763E-8+1.78597685438548E-17i;-2.16757416867853E-7+1.4631643255315483E-16i;-1.4532296877239084E-7-1.8255281233191954E-16i;1.9018717767574805E-7-2.183453799148333E-15i;-1.7462216992857124E-7-2.2096926235340687E-17i;6.345550774225653E-8-1.9851061069062167E-16i;-7.471281480122349E-8-2.7566489300938517E-16i;4.5188808741332004E-8-7.328463438130715E-17i;-1.2931803240272632E-7-1.1253166442138953E-15i
2.592103189548902E-7+1.6129171042609595E-12i;1.256601711207955E-7+8.852479622958178E-11i;8.032002625026382E-8-6.741047908641388E-11i;-2.434285953425339E-7-3.9144957082653436E-11i;1.5423553536446926E-7-2.366902645355551E-10i;-6.56713949511652E-8+4.515255650600698E-11i;6.11044879246539E-8-7.635924722008432E-18i;-1.6628730070181845E-7-2.0496284693352806E-17i;-5.558382497607324E-8;1.0559716020454442E-7+1.8890211376121873E-17i;2.3849740422769055E-8+5.520484758078357E-18i;1.272778481006262E-8+5.8368008797713125E-18i;6.166243988044189E-8+1.7375480849881264E-17i;1.0090537655750863E-7;-9.255288929275402E-8;-1.476795053661462E-7-3.5941397627073134E-17i;2.3944874623636947E-8+1.2754171467041224E-17i;-1.7896826401916875E-7+1.4105298720696524E-16i;-1.0057914512039602E-7-1.6828349708404694E-16i;1.90980549968029E-7-1.9171277448699106E-15i;-1.851484999167538E-7;5.102947652293657E-9-1.3572246028457431E-16i;-5.941185109833987E-8-1.7025613904634976E-16i;2.7929226171341567E-8-6.875938330180017E-17i;-1.2916665788707763E-7-1.0963249190919274E-15i
2.811314241068275E-7+4.14504018207456E-12i;1.1368472252682449E-7+1.0354671246011667E-10i;6.5628733942522E-8-5.558309935968198E-11i;-2.655594949921373E-7-4.182888497022976E-11i;1.5264933573063366E-7-2.554548792397538E-10i;-4.913252810811649E-8+3.614085422406523E-11i;5.5099487452852655E-8-8.934907868743595E-18i;-1.9566227630116772E-7-2.3309981195414493E-17i;-6.386584837055233E-8;1.2606206011988945E-7+2.3843221947677098E-17i;9.9644400640253E-8+1.58174779278103E-17i;-4.231669735530008E-8-8.541190592540285E-18i;7.540954165280275E-8+1.1621491969341426E-17i;1.1549188301450865E-7;-7.778120171575635E-8;-1.8573121338696419E-7-6.521311428850062E-17i;-1.330533623292434E-9-8.068627434711833E-18i;-1.0909480820803005E-7+1.1423773339222717E-16i;-2.715553534161675E-8-1.5309482510294783E-16i;1.9459881903108022E-7-1.497901627775018E-15i;-1.8595032027970422E-7;-5.7067069436832126E-8-5.380913194261111E-17i;-3.272681424931388E-8-4.098237482479704E-17i;1.3697317930213002E-9-7.587696231996612E-17i;-1.3520491691939363E-7-1.1261015086583415E-15i
3.0305252928271474E-7+6.677163264482933E-12i;1.0170927392823647E-7+1.1856862868972798E-10i;5.0937441681151034E-8-4.375571966919775E-11i;-2.876903946180129E-7-4.451281286726196E-11i;1.5106313609904422E-7-2.742194939529089E-10i;-3.2593661224406776E-8+2.7129151919622617E-11i;4.822870368781219E-8-1.0605086659945547E-17i;-2.2481478895683096E-7-2.601873911483427E-17i;-7.152943318051581E-8;1.4934821462994542E-7+2.860425297186061E-17i;1.809204531614906E-7+2.350113296594047E-17i;-1.005880525907338E-7-2.6610580938550476E-17i;9.037680709207807E-8;1.3216516287154526E-7+2.0644765118622795E-17i;-6.380664182535166E-8;-2.2780781879902153E-7-1.1343210623709997E-16i;-2.713044618005579E-8-1.8040889280553954E-17i;-1.4404046781451755E-8+9.311679686949848E-17i;6.85779411021239E-8-1.040928187428293E-16i;2.0224941636954404E-7-9.90771686263034E-16i;-1.80314274930888E-7-2.0505075220889477E-17i;-1.2039790464306745E-7+2.1543769429856358E-17i;2.395279191534434E-9+1.3108528246268844E-16i;-3.171103428051712E-8-7.187384914151097E-17i;-1.4842094152639328E-7-1.2019018229337658E-15i
3.249736344841339E-7+9.209286353483674E-12i;8.973382531456146E-8+1.3359054491908488E-10i;3.624614946442442E-8-3.192834001412388E-11i;-3.09821294218507E-7-4.719674077574948E-11i;1.494769364794887E-7-2.929841086830105E-10i;-1.6054794303670984E-8+1.8117449597448092E-11i;4.055080993002723E-8-1.1708838609983626E-17i;-2.5386921183078885E-7-2.881503786692687E-17i;-7.869807044587038E-8;1.754123408228104E-7+3.3614469210283854E-17i;2.655748452402566E-7+3.168288375526468E-17i;-1.6047384813168548E-7-4.505402504302387E-17i;1.0686205297628513E-7;1.5120952931985296E-7+3.094237074343744E-17i;-5.162833853180049E-8-1.184759440759346E-17i;-2.743900836346418E-7-1.5436755426290348E-16i;-5.2694961862975934E-8-3.002271586231866E-17i;9.581197833501789E-8+6.116225512231677E-17i;1.7883157988235915E-7-5.687472727473887E-17i;2.1549692514042632E-7-4.2998656400856E-16i;-1.728028894844283E-7-2.5861469596086046E-17i;-1.8351677472952856E-7+1.0337082029866266E-16i;4.247832815845874E-8+2.9359063692855294E-16i;-6.837835096622207E-8-7.08990982881179E-17i;-1.6946693807839934E-7-1.3190897159852795E-15i
3.468947397098623E-7+1.174140945357475E-11i;7.775837667635581E-8+1.4861246114779632E-10i;2.1554857286920897E-8-2.010096038971279E-11i;-3.3195219379425207E-7-4.9880668698956713E-11i;1.47890736881058E-7-3.117487234358899E-10i;4.840726476421744E-10+9.105747262906283E-12i;3.212976712383624E-8-1.2485518945521658E-17i;-2.830163946916212E-7-3.2164234801417404E-17i;-8.558159199759204E-8;2.0437637403986032E-7+3.9671154970172886E-17i;3.519922133847588E-7+3.926155615659838E-17i;-2.2087102727165777E-7-5.946156557032273E-17i;1.2536428769127515E-7;1.733255713849667E-7+4.2929419294191556E-17i;-4.214755196199265E-8-1.6596327258576497E-17i;-3.269948868242277E-7-1.8304075421945522E-16i;-7.791752806334052E-8-4.5890745988284517E-17i;2.1244450165929078E-7;2.9671838740731257E-7;2.3672895070282718E-7+1.2968649771862992E-16i;-1.6908941330552084E-7-3.4023645461738154E-17i;-2.4759518417601325E-7+1.7596913192945375E-16i;8.453829014943323E-8+4.441369655752075E-16i;-1.068723041497552E-7-7.428760305324158E-17i;-1.996961650455414E-7-1.4910691649215045E-15i
-7.655159432147345E-8-3.579905403262937E-11i;3.0851015946289016E-7-1.3915118188355748E-10i;2.860794494509241E-7-2.305907560152737E-10i;9.776295724621616E-8+1.3079037518332908E-12i;1.8300802572173402E-7+4.1940356889971174E-11i;-3.0129652695984225E-7+1.760550488902432E-10i;-1.4987883166088732E-8+9.740758288284577E-18i;2.627345688452674E-7+2.880146311660032E-17i;3.3724100815599465E-8+8.091723797096406E-18i;2.45799210845592E-7+4.191587937248343E-17i;3.4541546793190464E-7;-1.9322417480269533E-7-4.471709392428041E-17i;-1.8826735901244798E-7-4.4627140262092196E-17i;1.4408657208960462E-7+6.200355973590173E-17i;-8.265660546065023E-8-1.782383522193011E-17i;3.549257397190512E-7+1.0725580137809512E-16i;-1.6063006985145802E-7+1.8382912132909074E-17i;-1.9630836898313886E-7+1.0680594044970548E-16i;-2.5873423583190716E-7-1.8522518869862823E-16i;2.0736884375479762E-7-2.948944050336531E-15i;1.3279619956286565E-7+1.9319856013726958E-17i;-2.94285927121386E-7+2.907303620695932E-16i;-1.8163337011724845E-8+3.6800954164002045E-16i;1.7324612322840605E-7-2.4697567939152367E-17i;-8.18505441389753E-8-1.0302693905932175E-15i
-5.463048954744189E-8-3.326693100419074E-11i;2.965347105506867E-7-1.2412926557770087E-10i;2.713881563840981E-7-2.1876337571522817E-10i;7.563205724443446E-8-1.3760240076940648E-12i;1.8142182643070368E-7+2.3175742083474817E-11i;-2.8475766084199845E-7+1.670433470409118E-10i;-5.9919127609224546E-9+8.302244850423791E-18i;2.3556561025089597E-7+2.571516983016252E-17i;3.1842486435001325E-8+8.547422520069956E-18i;2.1712167115592262E-7+3.646934678102118E-17i;2.5982382120011127E-7;-1.375120990911796E-7-3.344643858763931E-17i;-1.6400066702432385E-7-3.508347931223697E-17i;1.3150317676010938E-7+4.3472261295684334E-17i;-8.429516336750962E-8-1.0932352703128196E-17i;3.014764372139265E-7+8.305670494089199E-17i;-1.159988205261201E-7;-8.214034678039467E-8+7.107589397038591E-17i;-1.5176742294585113E-7-1.3701880583733535E-16i;1.8685053814556423E-7-2.1807715926935828E-15i;1.4147091160884377E-7+4.1117522390560235E-17i;-2.2013471448118547E-7+2.5437302643836645E-16i;-1.781875610670944E-9+3.020136197111449E-16i;1.0558080906350608E-7-3.308092111327418E-17i;-6.28726365268651E-8-7.642163083311301E-16i
-3.270938476610223E-8-3.0734807982829634E-11i;2.845592616758606E-7-1.0910734927416953E-10i;2.5669686334206866E-7-2.069359954338861E-10i;5.350115724779077E-8-4.059951762288101E-12i;1.7983562710435908E-7+4.41112729986479E-12i;-2.682187946974879E-7+1.5803164517152346E-10i;2.13656176242257E-9+7.200838177637396E-18i;2.0851239573728213E-7+2.287993469016029E-17i;2.9625345351992144E-8+1.0867634268828783E-17i;1.916244130749367E-7+3.1590113541321056E-17i;1.7589840263488627E-7;-8.212201912790764E-8-1.9765174024731144E-17i;-1.4196741656632558E-7-2.566783604229541E-17i;1.218872449017113E-7+2.6766100055849982E-17i;-8.872027650783764E-8;2.539778333057381E-7+7.806085536233009E-17i;-7.125681251670759E-8;2.5915291192900684E-8+2.444869828934646E-17i;-5.147436219458911E-8-9.896991052858066E-17i;1.7274735678866047E-7-1.4681544321071613E-15i;1.5298280583029605E-7+4.2530894579601303E-17i;-1.469385496350891E-7+2.1828573501863067E-16i;1.4042789417181133E-8+2.2202748206374862E-16i;4.068131130764057E-8-3.516324964440905E-17i;-4.827981911506139E-8-5.299764055797794E-16i
-1.0788279972369372E-8-2.820268496959056E-11i;2.725838128502709E-7-9.40854329771549E-11i;2.4200557033879614E-7-1.951086151832631E-10i;3.1370257260319405E-8-6.743879512219228E-12i;1.7824942773169137E-7-1.4353487457362146E-11i;-2.5167992851232956E-7+1.490199432749283E-10i;9.358396566386086E-9+5.897242187045335E-18i;1.8139802934300355E-7+1.9580198459490934E-17i;2.699109043891665E-8+8.117492757893222E-18i;1.6905972267530269E-7+2.6682801885301458E-17i;9.52677429393165E-8;-2.8132688887552897E-8-8.817110527011771E-18i;-1.2132765602572331E-7-2.0476241362231504E-17i;1.1443512221759127E-7+2.010030553626659E-17i;-9.502565674807106E-8;2.1055463822111849E-7+4.04794727554991E-17i;-2.6308470980003062E-8-3.578392301402321E-18i;1.186239017906206E-7;3.556495460046761E-8-5.695454650591211E-17i;1.630919046820258E-7-8.893328411701961E-16i;1.6215952052519587E-7+4.256658794450329E-17i;-7.316830030516089E-8+1.792531270140355E-16i;2.773063898033234E-8+1.6614104636432772E-16i;-1.785383381535535E-8-4.5500590063121825E-17i;-3.8361050105288774E-8-3.506281657210512E-16i
1.1132824837366238E-8-2.5670561962960783E-11i;2.606083640736171E-7-7.906351668801526E-11i;2.2731427738066083E-7-1.8328123496865144E-10i;9.239357285433454E-9-9.427807260089541E-12i;1.7666322831259794E-7-3.31181021915028E-11i;-2.3514106228068558E-7+1.4000824134893803E-10i;1.5636068518353807E-8+4.907500118605683E-18i;1.5410708863409373E-7+1.6598302611696324E-17i;2.3897789803766586E-8+1.282036810544153E-17i;1.493695150001364E-7+2.2809714674529793E-17i;2.0040402486248275E-8-2.9006235073562603E-18i;2.2917890318244782E-8+6.096043680669299E-18i;-1.01580322953576E-7;1.0863500202336435E-7;-1.0238084507408161E-7;1.7052222128575898E-7+5.563486873684327E-17i;1.770240107452608E-8-7.407794694559922E-18i;1.8666414621182567E-7-3.875133408534667E-17i;1.020191124537714E-7-3.2032126134601075E-17i;1.5676163763510868E-7-4.4010809985525375E-16i;1.647758352260233E-7+4.747621017482621E-17i;-3.852473064668311E-10+1.1999243604728275E-16i;3.764008124635039E-8+5.99178342098564E-17i;-6.447366866493717E-8-4.4772295064903233E-17i;-3.3497010558429415E-8-2.284591333626007E-16i
3.3053929666348286E-8-2.313843896146881E-11i;2.486329153430702E-7-6.404160040721246E-11i;2.1262298447195313E-7-1.7145385479308707E-10i;-1.2891542673619275E-8-1.2111735008176728E-11i;1.7507702884915982E-7-5.188271690522474E-11i;-2.1860219599886356E-7+1.3099653939188357E-10i;2.0929753219068257E-8+4.0121102911750375E-18i;1.265745642272034E-7+1.3325202079632693E-17i;2.0334968654633496E-8+1.1267416401901152E-17i;1.3262613053292823E-7+1.9826970650559842E-17i;-4.744809660677712E-8-1.1876269571321115E-17i;6.92559857419062E-8+1.6360851194688987E-17i;-8.243076569443853E-8;1.0415012904215052E-7;-1.099923263944949E-7;1.3366062625267857E-7+3.3782643221155E-17i;5.8974483151081966E-8-7.220931111630505E-18i;2.2275984498804602E-7-4.927931042663082E-17i;1.4194096728705523E-7;1.52870326017321E-7-1.8741236490142014E-16i;1.5763541668456334E-7+3.1085585537951963E-17i;6.837512395465015E-8+5.217841784528965E-17i;4.240754948411395E-8-1.2353514827170762E-17i;-9.410329285701639E-8-3.522937764791197E-17i;-3.315494327232838E-8-1.6735985537525376E-16i
5.497503451742613E-8-2.060631596325438E-11i;2.3665746665537392E-7-4.901968413505804E-11i;1.9793169161567788E-7-1.5962647465790067E-10i;-3.502244261391716E-8-1.4795662757971887E-11i;1.7349082934371148E-7-7.064733160073551E-11i;-2.0206332966427728E-7+1.2198483740251632E-10i;2.5208660308789727E-8+2.9313594839280782E-18i;9.878423948958392E-8+9.974178997592754E-18i;1.6337644220208766E-8+7.91467674112755E-18i;1.1895801163664524E-7+1.6582129931566182E-17i;-1.0485739704114575E-7-1.9036729269246907E-17i;1.0905472092608997E-7+2.4815263798352367E-17i;-6.36980599007806E-8;1.007602386713632E-7+1.0977710879622617E-17i;-1.1713014118150518E-7;9.988696162327517E-8+1.0449149943877819E-17i;9.536829843241815E-8;2.23302836339105E-7-3.778453162612979E-17i;1.522703949570513E-7;1.5080726258851807E-7-1.2280403545075212E-16i;1.391422578970229E-7+1.6067183062552517E-17i;1.2932205370486313E-7;4.137023900901539E-8-7.20264382758154E-17i;-1.0340560431618931E-7-1.708825735850076E-17i;-3.637192718530806E-8-1.7032657595695057E-16i
7.689613939301289E-8-1.8074192966633123E-11i;2.2468201800674327E-7-3.399776787100335E-11i;1.8324039881377661E-7-1.477990945641929E-10i;-5.715334253287039E-8-1.747959051153893E-11i;1.719046297990051E-7-8.941194627962442E-11i;-1.8552446327528266E-7+1.1297313537927638E-10i;2.844466171615798E-8;7.075605551529655E-8;1.1964144050866802E-8+7.247780778104576E-18i;1.0852477587079004E-7+1.4988039769925795E-17i;-1.500322640173906E-7-2.231177670154927E-17i;1.406037102948921E-7+3.2011750825259336E-17i;-4.528394502386725E-8+1.0700292811003079E-17i;9.832099610813392E-8;-1.231342022075632E-7;6.898189565301597E-8;1.2477416220352863E-7;1.892800007223724E-7;1.3373302099634883E-7;1.499685764484892E-7-2.422043728935366E-16i;1.0935035473361065E-7;1.787164356953393E-7-6.530041149960912E-17i;3.4584132889519845E-8-1.4166786230903433E-16i;-9.21183792912649E-8-2.3878527962185804E-17i;-4.1406947251804076E-8-2.103179730129675E-16i
9.881724429499687E-8-1.554206996998073E-11i;2.127065693930533E-7-1.8975851613797487E-11i;1.68549106067343E-7-1.3597171451193442E-10i;-7.92842424283166E-8-2.0163518270823272E-11i;1.70318430218174E-7-1.0817656094409553E-10i;-1.6898559683104308E-7+1.0396143332134535E-10i;3.0614466536736054E-8;4.253584689795586E-8;7.30059637642809E-9+1.068233812984864E-17i;1.0147743051760193E-7+1.3667733792909479E-17i;-1.8120298655379362E-7-2.5307703495704794E-17i;1.6248307946708256E-7+3.869106626474979E-17i;-2.7085527460071765E-8+1.8883442475675416E-17i;9.675186392297833E-8;-1.2744859925359485E-7;4.037546109189486E-8+9.712279947683544E-18i;1.4548440930005595E-7;1.2638909085399208E-7;9.103310395960786E-8-3.9322529157866175E-17i;1.497700613236594E-7-4.86176496290445E-16i;6.993336577296834E-8+8.69211965598767E-18i;2.1354420029238736E-7-1.1657144529423067E-16i;2.2884100172492764E-8-2.233599630616022E-16i;-6.326817615750407E-8-2.9522121839223275E-17i;-4.619093540647768E-8-3.156871753586128E-16i
1.2073834922455757E-7-1.3009946972799134E-11i;2.0073112081046258E-7-3.953935362533368E-12i;1.5385781337677707E-7-1.2414433450082318E-10i;-1.0141514229873307E-7-2.2847446037020096E-11i;1.687322306042734E-7-1.269411755965721E-10i;-1.524467303314017E-7+9.494973122880846E-11i;3.170358525791672E-8;1.4192734226863823E-8;2.4563787571636754E-9+7.9145825344289E-18i;9.792272569290027E-8+1.3455328399998832E-17i;-1.9711431765289656E-7-2.6875706507938095E-17i;1.7369027696392594E-7+4.187362591160993E-17i;-9.015970518975571E-9+2.2803948796028413E-17i;9.597269532044278E-8;-1.2971371082515046E-7;1.327993310177305E-8+5.409456887436931E-18i;1.5615897137992066E-7+2.0484560673592886E-17i;4.4376161784469024E-8+4.6678847087832163E-17i;3.231719419892599E-8-5.876799297205707E-17i;1.4984356298100984E-7-8.5002372401928E-16i;2.4107101296194E-8-7.580503843351177E-18i;2.3153608103267312E-7-1.7015295388328305E-16i;7.972048607420633E-9-2.6296087882609503E-16i;-2.2514487954156627E-8-2.5945142618848487E-17i;-4.912189467826504E-8-3.77863256723351E-16i
1.4265945418222494E-7-1.047782397400421E-11i;1.8875567225527363E-7+1.1067980881919736E-11i;1.391665207419571E-7-1.1231695453080767E-10i;-1.235460421431914E-7-2.553137381073577E-11i;1.671460309604457E-7-1.4570579023851858E-10i;-1.3590786377676715E-7+8.593802910207127E-11i;3.170409220393801E-8;-1.4192636577029979E-8-1.8816783476762357E-18i;-2.450927134531429E-9+8.95167992966774E-18i;9.792198067066986E-8+1.3794885165329495E-17i;-1.9711400412664473E-7-2.6922456082149227E-17i;1.7369422864282524E-7+4.2984429655410884E-17i;9.003240507976731E-9+2.618058326129016E-17i;9.59642767033374E-8;-1.2972072685560446E-7;-1.3268058957493247E-8+3.150220308136395E-18i;1.5614392596013682E-7+2.2539172302965044E-17i;-4.436722128424767E-8+8.658790843291982E-17i;-3.205023782208951E-8-9.467985928446916E-17i;1.4994302350337216E-7-1.240684924368323E-15i;-2.3970864638012446E-8-2.1055889940585515E-17i;2.315344216341783E-7-1.9221979911086909E-16i;-8.08944382223892E-9-3.0254697288270143E-16i;2.242767840148282E-8-1.9967618865579646E-17i;-4.919946434270713E-8-4.315640552155235E-16i
1.645805591678594E-7-7.945700973070013E-12i;1.7678022372381323E-7+2.608989712115257E-11i;1.2447522816229955E-7-1.0048957460154498E-10i;-1.4567694196139636E-7-2.8215301592510987E-11i;1.655598312900659E-7-1.6447040487165742E-10i;-1.1936899716808438E-7+7.692632694153352E-11i;3.061630967614363E-8;-4.2535768995492084E-8-5.374711900996647E-18i;-7.296182526570581E-9+8.881886373657866E-18i;1.0147570084733992E-7+1.5481558006864838E-17i;-1.8120009936875023E-7-2.4385804037263977E-17i;1.6249037036577894E-7+4.42007306113733E-17i;2.706972640457261E-8+3.040515484147307E-17i;9.673464851434115E-8;-1.2746329713470031E-7;-4.0355146004528265E-8+1.465913959946296E-17i;1.454558677612427E-7+2.460403738080208E-17i;-1.2638329641120502E-7+1.054122768204567E-16i;-9.07757913243066E-8-1.2937811459148295E-16i;1.5005405670165006E-7-1.5819721417390947E-15i;-6.980022350366951E-8-2.5518227443483763E-17i;2.1355112909625915E-7-2.1429506089030785E-16i;-2.3014990030112545E-8-3.2524411807193193E-16i;6.315534727889163E-8-1.9507195123432488E-17i;-4.6419516069406706E-8-4.455003671238977E-16i
1.8650166418075504E-7-5.413577969268935E-12i;1.6480477521250233E-7+4.1111813356411686E-11i;1.0978393563685554E-7-8.866219471248893E-11i;-1.6780784175366238E-7-3.0899229382819535E-11i;1.6397363159673825E-7-1.83235019497299E-10i;-1.0283013050678839E-7+6.791462474815184E-11i;2.8447655711953344E-8-3.3797071996911975E-18i;-7.075620724455355E-8-8.861817967798401E-18i;-1.1959000097317599E-8+9.95852473562999E-18i;1.0852532019310667E-7+1.701620864770848E-17i;-1.5002627399652993E-7-1.948703154212393E-17i;1.406053859082018E-7+3.937241565508748E-17i;4.5274477617084204E-8+3.116901562839326E-17i;9.831459154015704E-8;-1.231367366698221E-7;-6.897428226764956E-8+1.1252445634062704E-17i;1.2477201867520994E-7+2.6731993304718942E-17i;-1.8926359035367058E-7+1.3039973803273666E-16i;-1.334530207996867E-7-1.5825509330438135E-16i;1.5036333578251816E-7-1.838887607483455E-15i;-1.0923383368749916E-7-2.7808241850622896E-17i;1.787402222671038E-7-2.0883661183811407E-16i;-3.467000894852162E-8-3.119798874867088E-16i;9.204277394943974E-8-1.7392735379492405E-17i;-4.170347633959863E-8-4.510317934961387E-16i
2.0842276921984607E-7-2.8814549618847194E-12i;1.5282932671748663E-7+5.613372958911693E-11i;9.50926431642816E-8-7.683481486230819E-11i;-1.899387415206756E-7-3.3583157182065305E-11i;1.623874318844756E-7-2.0199963411784533E-10i;-8.62912637948069E-8+5.890292252300528E-11i;2.5214116216130423E-8-4.21080225175432E-18i;-9.878511693286543E-8-1.193945664813437E-17i;-1.6333559313936888E-8+1.0076370360776746E-17i;1.1895508012496643E-7+1.8332870606006095E-17i;-1.0484944678270646E-7-1.5041367097615966E-17i;1.0905625641525206E-7+3.094459574044542E-17i;6.369405784717075E-8+2.958337395154326E-17i;1.0074911463377107E-7;-1.171348479236554E-7;-9.989893782886092E-8;9.535316156172854E-8+2.6515650621493733E-17i;-2.232760982495076E-7+1.4680395306996033E-16i;-1.519746110832935E-7-1.675040264477738E-16i;1.512778454885239E-7-1.960731463985592E-15i;-1.3907529935346724E-7-2.787937173985663E-17i;1.2933439654580142E-7-1.9241976564213127E-16i;-4.1459872275217655E-8-2.672261443346017E-16i;1.0328724805534904E-7-1.7448222279508547E-17i;-3.677329277838771E-8-4.3579797460824805E-16i
2.3034387428403885E-7-3.4933195092898053E-13i;1.40853878234199E-7+7.115564582002584E-11i;8.040135074296381E-8-6.500743505036234E-11i;-2.120696412632103E-7-3.626708499062126E-11i;1.6080123215804968E-7-2.2076424873561768E-10i;-6.975239703451626E-8+4.989122026839247E-11i;2.0935956073700614E-8-5.086923506104373E-18i;-1.265744692686532E-7-1.4878985369549988E-17i;-2.033015381950536E-8+8.836554507756972E-18i;1.3262342572075573E-7+2.0851414644818176E-17i;-4.745026527355882E-8-6.432801863185855E-18i;6.926772777621633E-8+1.938625797104292E-17i;8.242582882483314E-8+2.5855648578809462E-17i;1.0413996409942252E-7;-1.0999528959822617E-7;-1.3366184779067966E-7-2.5425788106209427E-17i;5.899549752727202E-8+1.7134239353881194E-17i;-2.2272156474674105E-7+1.4960315338897315E-16i;-1.4162941203021802E-7-1.7370205190253156E-16i;1.532819866827033E-7-1.915630006475048E-15i;-1.5757996853524843E-7-2.3781054078957733E-17i;6.846131043261331E-8-1.523896213323476E-16i;-4.245369878728137E-8-1.918642477471395E-16i;9.401024547557754E-8-1.8283728543792356E-17i;-3.3468535968541776E-8-4.1220001494943537E-16i
2.5226497937263184E-7+2.1827910644116972E-12i;1.288784297570791E-7+8.617756205027504E-11i;6.571005837107923E-8-5.318005527552124E-11i;-2.3420054098177127E-7-3.8951012809273756E-11i;1.59215032423125E-7-2.3952886335460475E-10i;-5.3213530228715365E-8+4.0879517986726935E-11i;1.5643439428792974E-8-6.086645017151441E-18i;-1.5410575105231523E-7-1.7470670748340948E-17i;-2.389079731897237E-8+8.576143578159539E-18i;1.4936677797194694E-7+2.419996787392609E-17i;2.0036618573270542E-8+4.1989569896565536E-18i;2.2932733060427835E-8+6.088371715753166E-18i;1.0157874780657087E-7+2.1672691623984126E-17i;1.0862614343013122E-7;-1.0238110618068315E-7;-1.705191960887267E-7-5.652945323232251E-17i;1.7749676248898255E-8-2.291722378090463E-18i;-1.8663401349033241E-7+1.4145712692270613E-16i;-1.0169696761904172E-7-1.7071728455592622E-16i;1.57036662949267E-7-1.700591691202739E-15i;-1.6474795231777698E-7;-2.3805183985296694E-10-8.365019249581406E-17i;-3.7625242009644845E-8-9.434776973344239E-17i;6.443954647654167E-8-2.476223273086511E-17i;-3.367757217019779E-8-3.8107338788553307E-16i
2.741860844855832E-7+4.714914085463577E-12i;1.1690298127912784E-7+1.0119947828028064E-10i;5.101876604678666E-8-4.1352675537230186E-11i;-2.5633144067625395E-7-4.163494063871013E-11i;1.5762883268656122E-7-2.5829347797930285E-10i;-3.6674663380478866E-8+3.186781568088331E-11i;9.368245899639748E-9-7.041686849324008E-18i;-1.8139695553051896E-7-1.9796186107705682E-17i;-2.698496453276521E-8+8.475302169966039E-18i;1.6905486842317446E-7+2.836573973184576E-17i;9.526640156150539E-8+1.1834762465404898E-17i;-2.8119396409882227E-8-7.256602289157476E-18i;1.2133096700663815E-7+1.754656434040421E-17i;1.1442882975110812E-7;-9.502678897607943E-8;-2.1056976562680656E-7-9.028878392037184E-17i;-2.6260550695160798E-8-2.0631635786750435E-17i;-1.1860908694354073E-7+1.0560233114291477E-16i;-3.5224392950890725E-8-1.492411921903824E-16i;1.6319404377935101E-7-1.3388763171559023E-15i;-1.6221286410056773E-7;-7.302734427132236E-8-2.1545027937411954E-17i;-2.7684091384968E-8+1.0698817862877729E-17i;1.7795099801057273E-8-2.6599941451978444E-17i;-3.84552430233245E-8-3.599473605925876E-16i
2.9610718962366013E-7+7.247037111887964E-12i;1.0492753279189443E-7+1.1622139451006418E-10i;3.632747376848742E-8-2.952529583510974E-11i;-2.784623403458559E-7-4.4318868478587924E-11i;1.5604263295647578E-7-2.7705809261590026E-10i;-2.013579649292198E-8+2.2856113354446903E-11i;2.147586216736383E-9-8.395087282354076E-18i;-2.0851104544632928E-7-2.2287895940469766E-17i;-2.9618558558447297E-8+5.0958777902914926E-18i;1.9161999982752405E-7+3.243704307147419E-17i;1.7589923777909134E-7+2.073925672574128E-17i;-8.210875506455659E-8-2.345608086871757E-17i;1.419759200750591E-7;1.2188278219952638E-7;-8.872023451053764E-8;-2.540004112885539E-7-1.4010339911974066E-16i;-7.119852875491388E-8-3.188223616110441E-17i;-2.5914605447149537E-8+8.698206094718863E-17i;5.183449596793157E-8-1.1472474799208446E-16i;1.7258543127025423E-7-8.892074463539227E-16i;-1.5309080154717373E-7;-1.467782956259206E-7+5.591219038579528E-17i;-1.3953179308901028E-8+1.4259184892482203E-16i;-4.074085590732156E-8-2.4502094316165585E-17i;-4.817142811593282E-8-3.646674357856235E-16i
3.180282947884953E-7+9.779160145868162E-12i;9.295208428533738E-8+1.3124331073970152E-10i;2.1636181535382554E-8-1.7697916169233376E-11i;-3.005932399887447E-7-4.700279633108906E-11i;1.544564332422952E-7-2.958227072723671E-10i;-3.596929568677068E-9+1.3844411011306448E-11i;-5.97976694207004E-9-1.0022642296897543E-17i;-2.3556381644560069E-7-2.4618072249084906E-17i;-3.18348742220534E-8;2.171176032667472E-7+3.7142435054566646E-17i;2.598274838495188E-7;-1.3749869784191993E-7-3.980956054797876E-17i;1.640136206788004E-7;1.315000770384587E-7+2.4374215067952175E-17i;-8.429463250549865E-8-2.095590444945168E-17i;-3.015040726069883E-7-1.8480989749069714E-16i;-1.159290484037353E-7-4.983454220998746E-17i;8.21242214842093E-8+4.44288377611607E-17i;1.521517220850831E-7-6.49977788868561E-17i;1.863860523605324E-7-3.9080498459172445E-16i;-1.4163366024352048E-7;-2.1994943703689305E-7+1.1285302495989456E-16i;1.911140393971011E-9+2.669966556715398E-16i;-1.0564982237367148E-7-3.20948532630288E-17i;-6.254188944719483E-8-4.086334897268067E-16i
3.399493999785714E-7+1.2311283191437343E-11i;8.097663575085174E-8+1.462652269688542E-10i;6.9448893426037925E-9-5.870536535398969E-12i;-3.22724139605837E-7-4.968672419895956E-11i;1.528702335524925E-7-3.1458732195405817E-10i;1.294193738653475E-8+4.832708656262439E-12i;-1.497531577057274E-8-1.0514866093289526E-17i;-2.6273205202041106E-7-2.787840026478859E-17i;-3.371369948473367E-8;2.4579727909440025E-7+4.2657655224436723E-17i;3.4542467999207316E-7;-1.932117822760912E-7-5.391592873451979E-17i;1.882891804409779E-7;1.4408223413305446E-7+4.074876381772923E-17i;-8.265659751877221E-8-2.7589451877677766E-17i;-3.5496227942910806E-7-2.252341635994906E-16i;-1.6056127038108373E-7-7.180289810922452E-17i;1.9628992637244014E-7;2.5916523975058766E-7;2.065704343647237E-7+1.0741321606700464E-16i;-1.329975025943596E-7-2.193302300000855E-17i;-2.9408827154938815E-7+1.679849193457044E-16i;1.8330834237998666E-8+3.731957993338214E-16i;-1.7335381196598137E-7-3.0182782093390394E-17i;-8.125041876268257E-8-4.227733070620403E-16i
-8.349693344812874E-8-3.522917928270942E-11i;3.117284160024887E-7-1.4149841615977331E-10i;2.7146948160260635E-7-2.163603323746484E-10i;1.069910121511282E-7+1.501847218300942E-12i;1.8798752472614064E-7+3.910175651131342E-11i;-2.888386626136666E-7+1.7178201107381316E-10i;-5.961443552562192E-8+1.1398128491735074E-17i;2.4106141273958846E-7+2.638449785126924E-17i;-1.7605264044071428E-8-6.6166296961673796E-18i;2.753059877242758E-7+4.942753568006675E-17i;3.3704800942334796E-7;-1.6584943468974677E-7-4.112234863101E-17i;-2.385152735190319E-7-5.3638921686674735E-17i;1.0049955536635016E-7+6.69372465544099E-17i;-1.103375965037694E-7-3.64293998921405E-17i;3.471407816717153E-7+5.498050903518096E-17i;-2.34161165524133E-7;-1.8719769942074244E-7+1.0738011617500925E-16i;-2.1229311294834647E-7-1.2120789684875254E-16i;1.422953907559397E-7-2.2525619561473174E-15i;6.249048672147253E-8-1.7170053317670235E-17i;-3.067525880691808E-7+3.178957104450712E-16i;4.575272423935711E-8+5.569527556236126E-16i;2.2314175361870794E-7+7.098740213074345E-17i;5.353063796600188E-8+1.2956768221395882E-16i
-6.157582869488948E-8-3.269705630144004E-11i;2.9975296723388415E-7-1.2647649984228998E-10i;2.567781885370825E-7-2.0453295205754625E-10i;8.486011212140096E-8-1.1820804905457931E-12i;1.8640132529763736E-7+2.033714181860085E-11i;-2.722997964662045E-7+1.627703091673511E-10i;-5.0027343978160406E-8+1.0477575248406163E-17i;2.160549640208151E-7+2.3606132361677046E-17i;-1.4420816620938965E-8;2.473328159972221E-7+4.385743785401829E-17i;2.5229596244473843E-7;-1.1513165002832999E-7-2.744845216213468E-17i;-2.09627575185099E-7-4.050736825167828E-17i;9.827232420455558E-8+4.669387488309739E-17i;-1.0461440067917154E-7-2.0707704129996004E-17i;2.9644451785503E-7+6.147841603054085E-17i;-1.7295796180260255E-7;-7.459471596008502E-8+5.843640962993338E-17i;-1.1748809723984248E-7-8.414960177874571E-17i;1.2527966308306065E-7-1.5551029913040743E-15i;7.936289284838919E-8+1.4182698921214988E-17i;-2.3078539718320062E-7+2.5762223009393364E-16i;3.641895901780918E-8+4.0495412616959284E-16i;1.314454636548699E-7+5.130220273663904E-17i;5.986673912273089E-8+3.201488376936383E-16i
-3.9654723934374486E-8-3.016493332814143E-11i;2.877775185056307E-7-1.1145458352806727E-10i;2.4208689549828225E-7-1.927055717619762E-10i;6.272921209670905E-8-3.866008194073706E-12i;1.8481512583134667E-7+1.5725271498609215E-12i;-2.557609302900727E-7+1.5375860724091932E-10i;-4.1436003294558406E-8+9.171694010896308E-18i;1.9117583737372712E-7+2.1340641699852492E-17i;-1.1657103523554252E-8+7.367621612307662E-18i;2.227316196654767E-7+3.926946348425131E-17i;1.690947620109845E-7;-6.455387128835465E-8-1.476355802685656E-17i;-1.8316690245378824E-7-2.679699305006164E-17i;9.867024953248387E-8;-1.0155770040071681E-7;2.512867766292603E-7+7.754336217930998E-17i;-1.1199001433642351E-7;3.205808135333019E-8+1.624002042767795E-17i;-2.831261367222354E-8-8.225933776578028E-17i;1.1228570158188305E-7-9.135443172776129E-16i;9.753287543787457E-8+3.8861709771815245E-17i;-1.5580182387540786E-7+2.2889736253907377E-16i;2.7898186951259232E-8+2.419330615736818E-16i;4.320740440992432E-8+4.351417183124492E-18i;6.703983060727163E-8+4.838497279977464E-16i
-1.77336191619404E-8-2.7632810364122404E-11i;2.75802069830146E-7-9.643266722105129E-11i;2.273956024999113E-7-1.8087819149940088E-10i;4.0598312080623015E-8-6.549935892194061E-12i;1.8322892631571682E-7-1.719208749156791E-11i;-2.392220640712447E-7+1.447469052865156E-10i;-3.38535121500226E-8+8.224547621237252E-18i;1.662612742411779E-7+1.859650178622783E-17i;-9.26528905275797E-9+8.410314150578833E-18i;2.011485124685029E-7+3.4086332789673715E-17i;8.908931741146005E-8;-1.5154851237080847E-8-2.0016191500826717E-18i;-1.580050681739464E-7-1.7741901846544178E-17i;1.0086711147794471E-7;-1.003415799933327E-7;2.0974089236855296E-7+7.13245701714162E-17i;-5.0921111413524134E-8;1.234977579225843E-7-3.014634553322756E-17i;4.893584254035635E-8-3.5152160844059494E-17i;1.0213125743029715E-7-3.7728094586293757E-16i;1.1288321402642667E-7+3.4696048579442773E-17i;-8.007570203689875E-8+1.4174210356393251E-16i;2.0100340529537762E-8+1.2074342055276274E-16i;-3.634574062777484E-8+5.163586893629754E-18i;7.277570269131507E-8+6.721973995641085E-16i
4.187485625158089E-9-2.5100687407284642E-11i;2.638266212036456E-7-8.141075092294852E-11i;2.1270430954608845E-7-1.6905081127336477E-10i;1.8467412075990765E-8-9.233863587680046E-12i;1.816427267539805E-7-3.5956702110298325E-11i;-2.226831978063457E-7+1.3573520330382914E-10i;-2.7299139510004874E-8+7.532436805928317E-18i;1.4120430799690034E-7+1.5358229442032716E-17i;-7.2073291116875495E-9+5.801057739332252E-18i;1.824446667651887E-7+2.950202156424694E-17i;1.4397031446972116E-8-5.355483098666532E-18i;3.161949731966838E-8+6.960097085467245E-18i;-1.3346909940440747E-7-1.3484021157047804E-17i;1.0416571599712357E-7+1.9777078853616464E-17i;-1.0035267359140831E-7;1.7105350700978035E-7+4.611182247410181E-17i;8.837055569788932E-9-5.070850788335213E-18i;1.903975799048852E-7-4.9966267273071226E-17i;1.0739913995240523E-7+2.0331496090453548E-17i;9.421403378097148E-8;1.217244414607012E-7+3.3259570226441704E-17i;-5.104859144055626E-9+5.867043492061528E-17i;1.3271248357345295E-8+2.885592993694533E-17i;-9.944284049101687E-8+2.2036362418650742E-17i;7.57681716622735E-8+8.110195089410189E-16i
2.6108590429678348E-8-2.2568564456302928E-11i;2.518511726228328E-7-6.638883463376618E-11i;1.98013016640361E-7-1.5722343108635933E-10i;-3.6634879143836124E-9-1.1917791283245419E-11i;1.800565271487056E-7-5.472131670922373E-11i;-2.0614433149239037E-7+1.2672350129155625E-10i;-2.1792024649029485E-8+6.627020576079736E-18i;1.1594752754748994E-7+1.248433045789967E-17i;-5.4470738109557205E-9+8.670038745963226E-18i;1.6661810029286213E-7+2.5767934715553453E-17i;-5.263815843462628E-8-1.1505705080393631E-17i;7.410350608798299E-8+1.7692057123507588E-17i;-1.0919535370933413E-7;1.0796307913548245E-7;-1.0111367110789475E-7;1.3506153535062386E-7+3.8224981196102914E-17i;6.482901953687941E-8;2.2550548109180774E-7-6.724190441183846E-17i;1.4151451986817376E-7+2.5763176627438265E-17i;8.825833960156222E-8+2.5583475137733225E-16i;1.2131208437664316E-7+2.870828506553925E-17i;6.5797270764994E-8;7.722738922379714E-9-8.345917290980231E-17i;-1.3881391357745695E-7+3.094132786013793E-17i;7.554849566749573E-8+8.557079694331155E-16i
4.8029695254166363E-8-2.0036441509293084E-11i;2.398757240839444E-7-5.136691835256159E-11i;1.8332172378539074E-7-1.4539605093912805E-10i;-2.57943878878397E-8-1.4601718980231838E-11i;1.78470327502864E-7-7.348593129095869E-11i;-1.896054651272793E-7+1.1771179924831278E-10i;-1.7356150904409584E-8+5.483845799813285E-18i;9.04714351610111E-8+9.845743130519603E-18i;-3.944884084730048E-9+8.291438996133172E-18i;1.537499077574651E-7+2.340890874314226E-17i;-1.0967874851405082E-7-1.7326004253200777E-17i;1.1061209023099876E-7+2.6125101184337782E-17i;-8.498142937626308E-8;1.1170914036816336E-7;-1.0222822565039432E-7;1.0164023725381268E-7+2.4251413656217492E-17i;1.1422807396475128E-7;2.2522747307744153E-7-6.481362276080047E-17i;1.4848971365379328E-7+2.5761142039563814E-17i;8.393911087720675E-8+3.210605224517493E-16i;1.1008521854598484E-7+2.0032121536267434E-17i;1.28807924105575E-7-6.035547602241572E-17i;3.72770640735425E-9-1.6333769338690727E-16i;-1.4997751470202345E-7+3.334287678152604E-17i;7.282105122152246E-8+8.3749235276807E-16i
6.995080010083909E-8-1.7504318564633925E-11i;2.2790027558303638E-7-3.6345002079922824E-11i;1.6863043098293988E-7-1.3356867083267728E-10i;-4.792528784198631E-8-1.7285646680099207E-11i;1.7688412781946808E-7-9.225054585730527E-11i;-1.730665987096491E-7+1.087000971731363E-10i;-1.4010331281038358E-8+4.97742502100461E-18i;6.479026079753941E-8+6.78868755134628E-18i;-2.6555269989076577E-9+1.007144142951615E-17i;1.4395548467055978E-7+2.014900844130149E-17i;-1.5457617195854892E-7-2.015723840997321E-17i;1.395649084443121E-7+3.042791997844128E-17i;-6.074572902568274E-8+9.192429796565294E-18i;1.1495251619619193E-7;-1.0336527765003446E-7;7.059021532887915E-8+1.3346246017231783E-17i;1.5421704446427314E-7;1.9052254401334437E-7-3.685898117240528E-17i;1.2896542079242286E-7;8.101960464375874E-8+2.101032617735334E-16i;8.808052355383008E-8+1.8756489995532122E-17i;1.8005384246990658E-7-1.0182828725234118E-16i;1.2672886509478688E-9-2.232746901786605E-16i;-1.3254271566295122E-7+2.6943923643767796E-17i;6.878310622644666E-8+7.705133940524134E-16i
9.187190497143535E-8-1.4972195621499828E-11i;2.1592482711611422E-7-2.132308581524019E-11i;1.5393913823400268E-7-1.2174129076760305E-10i;-7.005618777486444E-8-1.996957438480157E-11i;1.7529792810172926E-7-1.1101516041144669E-10i;-1.5652773223893507E-7+9.968839506585172E-11i;-1.1770065334652394E-8+3.719464888511335E-18i;3.894493962620699E-8+4.210031003284877E-18i;-1.525764397394802E-9+9.733192671308818E-18i;1.373480837826123E-7+1.976509708735858E-17i;-1.855602008116808E-7-2.4875368027492264E-17i;1.5965252487206672E-7+3.61572215968053E-17i;-3.6473191796594825E-8+1.6058081386095796E-17i;1.1732201392850847E-7;-1.0427415670944443E-7;4.150072472982502E-8+1.688095283514532E-17i;1.823460412922505E-7;1.2707773121924394E-7;8.72668236368497E-8;7.927692047997846E-8-3.0518159976026615E-17i;5.6969193142069836E-8+6.319886666986468E-18i;2.162056497455013E-7-1.4821456225588925E-16i;1.4402308297248486E-10-2.619939281957561E-16i;-9.05715645280182E-8+2.7724852590325728E-17i;6.489372864802932E-8+6.850264852197636E-16i
1.137930098671818E-7-1.2440072678908963E-11i;2.0394937867910866E-7-6.30116955870553E-12i;1.3924784553895383E-7-1.0991391074423096E-10i;-9.21870876849819E-8-2.2653502095239662E-11i;1.7371172835309728E-7-1.2977977495615624E-10i;-1.3998886571523283E-7+9.067669292726176E-11i;-1.0647725828130512E-8+2.4567696471105104E-18i;1.299358305763814E-8;-4.951054897209769E-10+7.515039617501994E-18i;1.340211984349528E-7+1.9068266041820456E-17i;-2.0137714343136617E-7-2.804127551735592E-17i;1.699400624025819E-7+3.84781433775605E-17i;-1.2167998443745443E-8+1.833271020820587E-17i;1.1856966418058117E-7+1.1870977602322883E-17i;-1.0477022764373602E-7;1.3693444235146072E-8;1.9687553313079242E-7+2.425192146334717E-17i;4.460091640196325E-8+2.581744459690814E-17i;3.0860249316463695E-8-1.7667707914015412E-17i;7.848202791427747E-8-3.799700905620651E-16i;1.976482939681872E-8-1.4981028064516465E-17i;2.3490264451475563E-7-1.8771558366080932E-16i;-9.467967626992718E-11-2.642878230140223E-16i;-3.210877494528934E-8+3.047541191431026E-17i;6.256124227883527E-8+6.002195535246188E-16i
1.357141147887287E-7-9.907949736537809E-12i;1.9197393026800383E-7+8.720746689532468E-12i;1.2455655289757647E-7-9.808653076256865E-11i;-1.1431798757136906E-7-2.5337429811817302E-11i;1.7212552857705453E-7-1.485443894934562E-10i;-1.2344999913917848E-7+8.166499075785487E-11i;-1.0647066915147857E-8+1.4001925943985577E-18i;-1.2994717461345985E-8-1.3420979464205041E-18i;5.018248746921222E-10+9.113581396476507E-18i;1.3402045722216194E-7+1.8933485171455536E-17i;-2.01376587083352E-7-2.766229130668389E-17i;1.6994203410212564E-7+3.9676804117511123E-17i;1.2151083764344994E-8+2.208057279245532E-17i;1.1856704041154982E-7+1.2042400096036255E-17i;-1.0477299554863898E-7;-1.3666600841007402E-8-6.103028172881336E-18i;1.968737416637831E-7+3.012247106232844E-17i;-4.4579113754903785E-8+6.756893935895151E-17i;-3.073043331220992E-8-5.16249193861596E-17i;7.857936447210056E-8-7.519845826181941E-16i;-1.959840557566911E-8-2.1366254978726694E-17i;2.3491189500699135E-7-1.9250090431984524E-16i;-2.200711734958689E-11-2.558401133279679E-16i;3.220471332571349E-8+3.9538711388866644E-17i;6.244532730287767E-8+5.100105057466715E-16i
1.576352197361998E-7-7.375826793448889E-12i;1.7999848187867767E-7+2.3742662931472758E-11i;1.0986526030918058E-7-8.62591508215169E-11i;-1.364488874335179E-7-2.8021357535092826E-11i;1.7053932877728475E-7-1.6730900402490507E-10i;-1.069111325118889E-7+7.26532885579266E-11i;-1.1769365548648153E-8;-3.894615952954731E-8-4.086222096915223E-18i;1.5320359076241086E-9+1.0662643513416401E-17i;1.3734833422101124E-7+2.0151821883289708E-17i;-1.8555689746667518E-7-2.635883763725549E-17i;1.5965685426124752E-7+3.9876769521961036E-17i;3.645586152232311E-8+2.6983296405749644E-17i;1.1731358265291463E-7+1.2700611471081498E-17i;-1.0427579066191112E-7;-4.147036321304681E-8;1.8234531994486607E-7+3.110453219861201E-17i;-1.2707588480067827E-7+9.476710688084325E-17i;-8.715121473502031E-8-8.322833585570509E-17i;7.951581812585522E-8-1.0942953368831213E-15i;-5.681572712751841E-8-3.213812094908744E-17i;2.1622903239082858E-7-1.9052415808904858E-16i;-2.56090217694151E-10-2.4929942624590027E-16i;9.068070641891341E-8+4.876148103889625E-17i;6.464352146011543E-8+4.578551442251746E-16i
1.7955632470934105E-7-4.843703848647426E-12i;1.6802303350693951E-7+3.8764579168228294E-11i;9.517396777277349E-8-7.443177092040565E-11i;-1.5857978727135476E-7-3.070528526573099E-11i;1.6895312895778817E-7-1.8607361855218146E-10i;-9.037226583491713E-8+6.36415863281055E-11i;-1.4008346861816129E-8-1.5190346447722697E-18i;-6.479175790396834E-8;2.6617780021009995E-9+1.3146670800878679E-17i;1.4395442552893097E-7+2.2026014987675882E-17i;-1.5456905742792418E-7-2.1824964686740234E-17i;1.3956976763583923E-7+3.712201974141534E-17i;6.073285326589968E-8+3.108494751037161E-17i;1.1493972252543311E-7;-1.0336861625892777E-7;-7.056994139260456E-8+7.459199520631953E-18i;1.5421171688059904E-7+3.100359184024577E-17i;-1.9051756828203831E-7+1.1289650964558726E-16i;-1.2884158944113246E-7-1.147801667816172E-16i;8.138692327341563E-8-1.3500159289855662E-15i;-8.795246914950334E-8-3.512647728139452E-17i;1.80086833474098E-7-1.7109063338984868E-16i;-1.3762622497079617E-9-2.230142578430563E-16i;1.3264423071308217E-7+4.2487522190033874E-17i;6.838112724049198E-8+4.1903687693074724E-16i
2.0147742970763535E-7-2.3115809012772293E-12i;1.5604758514832373E-7+5.378649540102028E-11i;8.048267528706328E-8-6.260439105794538E-11i;-1.80710687085058E-7-3.3389213003815027E-11i;1.6736692912293362E-7-2.04838233077046E-10i;-7.383339911021267E-8+5.4629884069653397E-11i;-1.7352488858805288E-8-1.7609415542268708E-18i;-9.047245706343566E-8-9.394779231940014E-18i;3.9508957085253725E-9+1.4851291933001912E-17i;1.537478496870109E-7+2.2594067404640788E-17i;-1.0967129836874137E-7-1.677074102830727E-17i;1.1061795497798796E-7+2.863913591108963E-17i;8.496832009601712E-8+3.0622932760938037E-17i;1.1170060765931558E-7;-1.0222987863416146E-7;-1.0161980438967776E-7;1.1424332517147176E-7+2.96120074256811E-17i;-2.2520209671653245E-7+1.406098805815239E-16i;-1.4833750745805729E-7-1.2739839058462807E-16i;8.437114617663282E-8-1.4915866582639927E-15i;-1.0997753600573782E-7-3.148629117124679E-17i;1.288780224447177E-7-1.3803885759118424E-16i;-3.808296092201752E-9-1.5917677852465105E-16i;1.5007163077388676E-7+4.3979652172707265E-17i;7.234618676646413E-8+4.088801079357414E-16i
2.23398534730484E-7+2.2054204976492648E-13i;1.4407213679767923E-7+6.880841163252731E-11i;6.579138285047173E-8-5.07770112327601E-11i;-2.0284158687484106E-7-3.607314075135482E-11i;1.6578072927773744E-7-2.236028476021844E-10i;-5.729453234012108E-8+4.561818178439937E-11i;-2.1786394949702384E-8-3.0843318039488485E-18i;-1.1594843049305058E-7-1.1984737357442852E-17i;5.452889286559564E-9+1.414563263782123E-17i;1.6661332577571304E-7+2.4948537828554082E-17i;-5.263851008422068E-8-1.0162317447273417E-17i;7.411762873458078E-8+1.9056251125240368E-17i;1.0918644987099545E-7+2.8976509255156816E-17i;1.0795558646215886E-7;-1.0111861091359574E-7;-1.3505509469291582E-7-2.8505212193191575E-17i;6.485943926050548E-8+1.5062460612431282E-17i;-2.2547666156125175E-7+1.367526111310457E-16i;-1.4134130754898953E-7-1.3483968029674176E-16i;8.86826167545025E-8-1.4742492226815589E-15i;-1.2126054939768355E-7-2.336192095087804E-17i;6.589049816020352E-8-9.632783816413152E-17i;-7.784976440800458E-9-9.067877924345656E-17i;1.3889600547951654E-7+4.3348200885563976E-17i;7.50741837256414E-8+4.378407893854992E-16i
2.453196397778193E-7+2.752665005070322E-12i;1.3209668844906662E-7+8.383032786330566E-11i;5.1100090461515136E-8-3.894963144423603E-11i;-2.249724866405981E-7-3.875706850873008E-11i;1.6419452942799305E-7-2.4236746213130733E-10i;-4.075566552716109E-8+3.66064794746545E-11i;-2.7290991662445896E-8-4.2883871340006385E-18i;-1.412050959611945E-7-1.4174346157824375E-17i;7.2135519293299265E-9+1.4612851500501045E-17i;1.824374506779892E-7+2.7670276423546772E-17i;1.4395342194713872E-8;3.163437470579119E-8+6.1906776851275E-18i;1.3346710366710752E-7+2.5788383676048928E-17i;1.0416370019196029E-7;-1.0035723748018482E-7;-1.7106658951813455E-7-6.252881849290661E-17i;8.877540629851565E-9-6.0342944533005776E-18i;-1.9038190282663878E-7+1.2375774559256648E-16i;-1.0720066916941737E-7-1.4555380113121717E-16i;9.455920331365718E-8-1.3097172195493684E-15i;-1.2174495606805074E-7-1.347785819483591E-17i;-5.015360264662865E-9-3.442527106514866E-17i;-1.3281231474324252E-8-1.756670332660223E-17i;9.954084786747518E-8+3.1939555353802256E-17i;7.536269752951899E-8+4.640291279873435E-16i
2.672407448499179E-7+5.284787966306603E-12i;1.201212400954303E-7+9.885224409420817E-11i;3.6408798118817143E-8-2.71222516921767E-11i;-2.471033863818368E-7-4.1440996277206067E-11i;1.62608329580488E-7-2.611320766684797E-10i;-2.421679867393234E-8+2.7594777143085037E-11i;-3.3844877036116916E-8-5.316776235014329E-18i;-1.6626120371208763E-7;9.272756940838489E-9+1.2711927551192882E-17i;2.0114131926970252E-7+3.107177162883221E-17i;8.908855958303705E-8;-1.5138095563804555E-8-7.134231708754836E-18i;1.5800549659392967E-7+2.0526803243869444E-17i;1.008647469958734E-7;-1.00340851702757E-7;-2.0974811676026268E-7-1.0967719618850916E-16i;-5.085865309051593E-8-3.067137408600235E-17i;-1.234951371142295E-7+9.366924085612552E-17i;-4.8726047306643385E-8-1.2616470338805793E-16i;1.0227259641753736E-7-1.01447805497485E-15i;-1.1293871368183682E-7;-7.995618298321835E-8+2.943393474322682E-17i;-2.0062844236731156E-8+6.111241022561744E-17i;3.647538796341029E-8+2.5355845365795997E-17i;7.262633611538155E-8+5.130643659074793E-16i
2.891618499477183E-7+7.8169109341402E-12i;1.0814579172856964E-7+1.1387416032468067E-10i;2.171750582149122E-8-1.5294871976224258E-11i;-2.692342860975319E-7-4.4124924056650005E-11i;1.610221297431151E-7-2.798966912200689E-10i;-7.677931782792804E-9+1.8583074792335406E-11i;-4.142645669476769E-8-6.285266509026934E-18i;-1.9117551019761418E-7;1.1666035042209258E-8+1.096522903367178E-17i;2.227247823823821E-7+3.477730268120854E-17i;1.6909622909010374E-7;-6.453762450288905E-8-2.0631201195999714E-17i;1.8317530426693355E-7;9.866973812985587E-8;-1.015535849637993E-7-1.590836285611363E-17i;-2.5130486436795116E-7-1.5477789976155773E-16i;-1.1192133417543456E-7-4.773694734711474E-17i;-3.206930498888621E-8+6.220003950044813E-17i;2.8546926977210232E-8-9.291743511182378E-17i;1.1218432534323042E-7-6.23084087408189E-16i;-9.764069015841595E-8;-1.556943112452046E-7+7.97827699645371E-17i;-2.78109914436713E-8+1.3888340265769138E-16i;-4.30714465960528E-8+2.932845159949189E-17i;6.71702219048626E-8+5.971630449800893E-16i
3.110829550728959E-7+1.0349033909931599E-11i;9.617034333892509E-8+1.2889607655474289E-10i;7.026213569469379E-9-3.4674922970580024E-12i;-2.9136518578578135E-7-4.6808851849058487E-11i;1.5943592992491856E-7-2.98661305793597E-10i;8.860935144440035E-9+9.571372425992612E-12i;-5.0016727919853084E-8-7.584351498560347E-18i;-2.1605457662800352E-7;1.4431133089770783E-8+8.404387096374539E-18i;2.473265929465826E-7+3.8945340647964866E-17i;2.5230068063778927E-7;-1.1511679120893773E-7-3.4161045775710255E-17i;2.0964506332642936E-7;9.827463927817954E-8+2.183202212124467E-17i;-1.0460847691874049E-7-2.7742474009546442E-17i;-2.9647810456961883E-7-1.9676864428165738E-16i;-1.728885227164321E-7-6.344372202678299E-17i;7.457042738884291E-8+1.5480136349367984E-17i;1.1775554610741998E-7-4.304513315762007E-17i;1.2490847830839062E-7-1.7794244993787357E-16i;-7.952818770724191E-8;-2.307033110981227E-7+1.1518267844708623E-16i;-3.628521616918983E-8+2.1120119991491003E-16i;-1.3132306404410576E-7+2.2460888013289518E-17i;6.029310574421303E-8+6.564823043669335E-16i
3.3300406022364416E-7+1.2881156896019748E-11i;8.419489491870944E-8+1.4391799278495217E-10i;-7.66507864175463E-9+8.359887349343458E-12i;-3.1349608544781974E-7-4.949277965606068E-11i;1.5784973013376567E-7-3.174259203959556E-10i;2.5399802102591862E-8+5.596700488223671E-13i;-5.960284222893935E-8-8.639516562498032E-18i;-2.4106072591776237E-7;1.7617376186707567E-8+5.708899684848041E-18i;2.753003689295961E-7+4.3665061773887604E-17i;3.370570101783942E-7;-1.658359409093048E-7-4.816926046717519E-17i;2.385413988397259E-7;1.0050400300465903E-7+4.335035840696114E-17i;-1.1033039458215457E-7-4.105276318674466E-17i;-3.47188329956528E-7-2.490277589017742E-16i;-2.3408987920420256E-7-8.14198344304013E-17i;1.871649765696338E-7-2.7313901203486262E-17i;2.1260386390353597E-7;1.4163679805931766E-7+2.693921616198225E-16i;-6.271027504869181E-8;-3.0669054716918596E-7+1.453918850366481E-16i;-4.5573176317753574E-8+2.879224374492029E-16i;-2.2303566318161933E-7+3.2944719050949874E-17i;5.426777296466368E-8+7.629044620863119E-16i
-9.044227257681016E-8-3.4659304509704705E-11i;3.1494667245475584E-7-1.4384565044205877E-10i;2.5685951373061877E-7-2.021299087175286E-10i;1.1621906705745975E-7+1.6957906625192763E-12i;1.9296702381347833E-7+3.626315605873181E-11i;-2.763807982981356E-7+1.6750897329114058E-10i;-1.0124668700357461E-7+1.4102650514105177E-17i;2.1805176240782173E-7+2.4011668911984926E-17i;-6.735447991992038E-8-9.261626553190873E-18i;2.917814660763894E-7+5.539708769048832E-17i;3.2735216314439147E-7;-1.394962424793416E-7-2.7953118809186135E-17i;-2.7368937010830804E-7-4.7229999267507205E-17i;4.459412788841483E-8+4.944522987085255E-17i;-1.249310377507199E-7-2.4602197312668397E-17i;3.048956818030004E-7+5.960407880472489E-17i;-2.9306221655534603E-7;-1.8617669489134674E-7+7.613450842285251E-17i;-1.61348721634049E-7-7.353426560339474E-17i;5.467651457458598E-8-1.3340490711448942E-15i;-2.9359372685635416E-8-4.4310682188476807E-17i;-2.836466702105955E-7+3.002873813760698E-16i;1.0360923408312552E-7+6.028254169384017E-16i;2.535015360973669E-7+1.372662943146096E-16i;1.731161716222016E-7+1.200595376695848E-15i
-6.852116784527807E-8-3.212718158016159E-11i;3.029712238469607E-7-1.288237341149254E-10i;2.421682206685959E-7-1.9030252838603546E-10i;9.40881669978207E-8-9.88136991230573E-13i;1.9138082423159036E-7+1.7498541491208178E-11i;-2.5984193211717234E-7+1.5849727132417793E-10i;-9.107260784813452E-8+1.2564511047857149E-17i;1.9537630803455012E-7+2.1743273156014E-17i;-5.9181581764788724E-8;2.6500303849051113E-7+4.938746694509607E-17i;2.434451658007083E-7;-9.40204595870477E-8-1.8331676551440898E-17i;-2.4163748922117797E-7-3.826880588438223E-17i;5.324274809793624E-8+3.482491629650666E-17i;-1.1254096645011988E-7-1.5053177995331574E-17i;2.6045247411353726E-7+5.735649110924264E-17i;-2.192172636434393E-7;-7.415189756006456E-8+3.2403340051244765E-17i;-7.947537583227894E-8-3.858901689992134E-17i;4.288105468055752E-8-7.535264280521087E-16i;-2.5154751412456864E-9-1.131305975438498E-17i;-2.1429359095808767E-7+2.2570402218633856E-16i;6.943287500044173E-8+4.2758933739797675E-16i;1.4444743468512166E-7+1.0729075339074233E-16i;1.682410677741786E-7+1.2960949365886454E-15i
-4.6600063106678477E-8-2.95950586588911E-11i;2.9099577528000053E-7-1.1380181779113598E-10i;2.2747692763409487E-7-1.784751480775914E-10i;7.19572669430493E-8-3.6720646392226645E-12i;1.8979462461167965E-7-1.2660730524610574E-12i;-2.433030659067825E-7+1.4948556933738326E-10i;-8.20195008730792E-8+1.1531424775643588E-17i;1.7283046124070135E-7+1.9442850934109676E-17i;-5.153289831099187E-8;2.4167537345462405E-7+4.331174318364355E-17i;1.6095867232100188E-7;-4.8522336150270676E-8-1.1271437829815151E-17i;-2.121357280424616E-7-3.139870082543071E-17i;6.396723190690215E-8+1.1602654514675582E-17i;-1.0249043675202148E-7;2.2078397277844012E-7+4.53576691875444E-17i;-1.4597219259737127E-7;3.196033394954376E-8;-2.134833572416428E-9-2.114197333769397E-17i;3.2302019366395917E-8-2.214486078434412E-16i;2.3788012446130594E-8+7.608149137130133E-18i;-1.4589554288255312E-7+1.728542702411092E-16i;3.731755259298362E-8+2.676531404798449E-16i;3.921607679181434E-8+7.602755528319405E-17i;1.6861258770310372E-7+1.4222037228256824E-15i
-2.4678958356770925E-8-2.7062935747651335E-11i;2.790203267671604E-7-9.87799014758578E-11i;2.1278563464075362E-7-1.66647767803974E-10i;4.982636689630915E-8-6.3559922818731556E-12i;1.8820842494149482E-7-2.003068756886072E-11i;-2.2676419965286844E-7+1.4047386732315416E-10i;-7.40764156429768E-8+1.0505890428438529E-17i;1.5026789951968458E-7+1.7188303546232873E-17i;-4.423440340700903E-8;2.213706689849885E-7+3.836732188181173E-17i;8.155836284427221E-8;-3.989343316997981E-9;-1.838570909936444E-7-2.0824029544860335E-17i;7.59912115498764E-8+8.6717094919228E-18i;-9.410831971479483E-8;1.8423509463940188E-7+4.99598400041674E-17i;-7.279574503229054E-8-9.904894979830427E-18i;1.2294666172719278E-7-4.806656244196564E-17i;6.464135945094124E-8+1.2687726386848891E-17i;2.273120882168837E-8+2.5525965239851176E-16i;4.681280318582137E-8+2.3057852519764276E-17i;-7.681845443364535E-8+9.209422498850213E-17i;8.714293738693253E-9+9.747903519407137E-17i;-5.558794672895524E-8+5.682979551602137E-17i;1.7028206638288718E-7+1.5665937796388717E-15i
-2.7578535933990576E-9-2.4530812844367146E-11i;2.6704487830308867E-7-8.375798516899926E-11i;1.9809434169137584E-7-1.5482038756689405E-10i;2.7695466859979535E-8-9.039919921437878E-12i;1.8662222522568704E-7-3.879530206289582E-11i;-2.102253333533088E-7+1.3146216528129996E-10i;-6.724331430658456E-8+8.962987059794482E-18i;1.2759195525677374E-7+1.4942964190874153E-17i;-3.7168565633518305E-8;2.0388382575905635E-7+3.463848539231445E-17i;7.3731484746278645E-9-4.7493175015834416E-18i;3.823777224521525E-8+7.625225466021497E-18i;-1.56008313132167E-7-1.6122895876742226E-17i;8.847972576958494E-8+1.512590054553048E-17i;-8.70475986334938E-8;1.5018572120753193E-7+3.2704435488835714E-17i;-1.2948954783063937E-9-7.20471973072965E-18i;1.8952461095646988E-7-7.096796737924236E-17i;1.1448381683592552E-7+5.1513799167201475E-17i;1.4228440559130961E-8+5.977741176566815E-16i;6.366360926812251E-8+2.1665881558005938E-17i;-8.409072322949316E-9+7.018120121220495E-18i;-1.4192652816971439E-8-2.777928861005029E-17i;-1.3041649024124846E-7+6.589837595043354E-17i;1.7104859428079705E-7+1.680804396322759E-15i
1.9163251185747475E-8-2.199868994712584E-11i;2.550694298833041E-7-6.873606887152556E-11i;1.8340304878865714E-7-1.4299300736851217E-10i;5.564566836528287E-9-1.1723847560698604E-11i;1.8503602546800053E-7-5.7559916538391565E-11i;-1.9368646700604337E-7+1.2245046321145613E-10i;-6.15255418053626E-8+8.194536036182119E-18i;1.0474831484568975E-7+1.2582066987858777E-17i;-3.02566057436387E-8+6.851811495497337E-18i;1.8915931871097208E-7+3.1100919680041527E-17i;-5.923859878955598E-8-9.49854569994949E-18i;7.662635019159082E-8+1.79996475538096E-17i;-1.281515680815341E-7;1.005824528289875E-7;-8.115970193127272E-8;1.1849229515731918E-7+4.30457993957487E-17i;6.568770250556154E-8;2.2445525872945153E-7-9.328257813645394E-17i;1.4228341668243904E-7+5.29361119101679E-17i;6.971823527784122E-9+8.227509796197456E-16i;7.196558763645536E-8+2.879887643838585E-17i;5.639323339817798E-8-5.477731270951284E-17i;-2.9433651948489586E-8-1.630071474295452E-16i;-1.764601439638037E-7+6.658105656444948E-17i;1.7000309066398352E-7+1.724271528019177E-15i
4.108435598291238E-8-1.946656705430443E-11i;2.430939815038014E-7-5.3714152582159324E-11i;1.687117559348472E-7-1.3116562720911132E-10i;-1.6566333171660774E-8-1.4407775201143831E-11i;1.8344982567175922E-7-7.632453099789539E-11i;-1.7714760060947117E-7+1.13438761112336E-10i;-5.693280560959204E-8+7.318907085562239E-18i;8.171887782233909E-8+9.84390811813847E-18i;-2.3445590547323156E-8+4.843447902386589E-18i;1.7722947438396962E-7+2.7629901610355178E-17i;-1.1593810394883366E-7-1.7963680119777762E-17i;1.0963343126444271E-7+2.3850488403618905E-17i;-1.0007876441889587E-7;1.114648106028328E-7+1.3866928968608294E-17i;-7.64107279802314E-8;8.909942985228295E-8+1.8483609416223527E-17i;1.2478157882566253E-7;2.2417767155862636E-7-8.808340398061108E-17i;1.4547777034113539E-7+7.108017809113937E-17i;1.1124712633646368E-9+8.614555619531748E-16i;7.039491552989222E-8+1.7205008289244063E-17i;1.1404168316870432E-7-1.1645402536138274E-16i;-3.58034267548961E-8-2.2259040138405045E-16i;-1.8826268420198754E-7+7.928542765014504E-17i;1.6726579060322594E-7+1.718416337247737E-15i
6.300546080009273E-8-1.693444416456242E-11i;2.311185331604502E-7-3.8692236300687794E-11i;1.5402046313145762E-7-1.1933824708970513E-10i;-3.8697233162412715E-8-1.7091702844219124E-11i;1.818636258403057E-7-9.508914544405242E-11i;-1.6060873416261356E-7+1.0442705898337029E-10i;-5.3476092255631855E-8+6.6400804380506515E-18i;5.851449380422758E-8+7.358085260686254E-18i;-1.6702033265778015E-8+7.812855070191811E-18i;1.6817155462182364E-7+2.4847612300778168E-17i;-1.6057959744296125E-7-2.118302503325273E-17i;1.3582217804675857E-7+2.9472065494527163E-17i;-7.173294224444376E-8;1.2036965089574953E-7;-7.281106564474611E-8;6.183693542510888E-8+1.7864780237227522E-17i;1.7261589985161023E-7;1.8964519779767118E-7-6.724390223400564E-17i;1.2465669003637725E-7+5.643111106873698E-17i;-3.2692091601219303E-9+7.629424658282864E-16i;5.896723964146526E-8+1.4645970597441406E-17i;1.6097366700690287E-7-1.4801186314315174E-16i;-3.333934664589318E-8-2.6885989820132936E-16i;-1.6532106084385187E-7+7.731654926786297E-17i;1.6365513710785221E-7+1.6461976419964676E-15i
8.492656563892619E-8-1.4402321277296515E-11i;2.1914308484922992E-7-2.3670320029412602E-11i;1.3932917037943013E-7-1.0751086701193194E-10i;-6.082813313391261E-8-1.9775630491055156E-11i;1.8027742597709962E-7-1.138537598806817E-10i;-1.4406986766515847E-7+9.541535682576662E-11i;-5.1165598017751905E-8+5.5662862135177065E-18i;3.5169162637825663E-8+4.554322247859225E-18i;-1.000297317163003E-8+6.805558281594117E-18i;1.6207249067028414E-7+2.36403758611335E-17i;-1.9139438788107494E-7-2.6796753953554723E-17i;1.5399629318390756E-7+3.2548702194350486E-17i;-4.314977227292543E-8+1.0063708240806619E-17i;1.2667580651754655E-7+1.820597357438232E-17i;-7.03834983237743E-8;3.6330726158676305E-8+4.020003752124377E-18i;2.06282443131031E-7;1.2650626303580992E-7-3.825593793729776E-17i;8.373391894641376E-8+5.212001983545981E-17i;-6.1610351374656835E-9+5.228018841444244E-16i;3.916945103996398E-8;1.9411097331625848E-7-1.8052068317770076E-16i;-2.338760773934825E-8-2.6277132540653945E-16i;-1.1259711456579388E-7+7.76701468962074E-17i;1.603111737543234E-7+1.5526069359316577E-15i
1.0684767050061074E-7-1.1870198391937873E-11i;2.0716763656602203E-7-8.64840376756352E-12i;1.2463787767905118E-7-9.568348697610356E-11i;-8.295903308475358E-8-2.2459558142591103E-11i;1.7869122608571713E-7-1.3261837431088232E-10i;-1.2753100111738432E-7+8.640365464008728E-11i;-5.00081993548326E-8;1.1732570556014292E-8+1.9763325265804474E-18i;-3.328759578581208E-9+8.100067977062885E-18i;1.5900238120610216E-7+2.3028784237227962E-17i;-2.0712720204598848E-7-2.819356275082294E-17i;1.633056035925346E-7+3.469861314764216E-17i;-1.4406380728603385E-8+1.5127064852640996E-17i;1.2994224152528832E-7+1.6711247092343954E-17i;-6.916010813300054E-8;1.1984282736541356E-8+1.4199037074080656E-18i;2.2367455401925048E-7+2.60239850632633E-17i;4.437590668419691E-8;2.9446704032713776E-8+2.776791197767597E-17i;-7.556182987432695E-9+1.9791800313396347E-16i;1.3763123222006593E-8-1.6443803137514278E-17i;2.112653786923973E-7-1.8266918174799208E-16i;-8.416739397839515E-9-2.4301038029406497E-16i;-3.9787425233424126E-8+8.000813158949003E-17i;1.5825420994274807E-7+1.4412778462286402E-15i
1.2876877538588882E-7-9.338075507864878E-12i;1.9519218830654764E-7+6.373512484794368E-12i;1.0994658502999131E-7-8.385610698157311E-11i;-1.0508993301392985E-7-2.5143485799136206E-11i;1.7710502616991032E-7-1.5138298873651626E-10i;-1.1099213452013531E-7+7.739195242672756E-11i;-5.00073608649833E-8;-1.1735283867997064E-8;3.3371223185979406E-9+1.0993758579444332E-17i;1.590011537587105E-7+2.2449335260402288E-17i;-2.071259184078365E-7-2.7638778414572693E-17i;1.6330756382118007E-7+3.5057781966354476E-17i;1.4391783535244215E-8+2.026896461163896E-17i;1.299404750859753E-7+1.5814932289787253E-17i;-6.916466293248166E-8;-1.1958853112789184E-8;2.2367351325810002E-7+3.4394337540107406E-17i;-4.435709679039716E-8+4.765698292666206E-17i;-2.9489178037971002E-8-3.006759243200369E-18i;-7.452978516673273E-9-1.6098833273485263E-16i;-1.3606993020527761E-8-2.4695614877156916E-17i;2.1128143612760288E-7-1.5791322057234141E-16i;8.306263416420539E-9-1.9635611037868273E-16i;4.0054966316489235E-8+9.436050443825304E-17i;1.581015706527612E-7+1.3120887440783308E-15i
1.506898802950919E-7-6.805952623984559E-12i;1.832167400663744E-7+2.1395428729935844E-11i;9.525529243149842E-8-7.202872702709981E-11i;-1.2722083292077516E-7-2.7827413461672223E-11i;1.755188262335947E-7-1.701476031588588E-10i;-9.445326787465789E-8+6.838025018584718E-11i;-5.1164692883833044E-8;-3.5172040042942074E-8;1.0011491402830565E-8+1.2256033637937842E-17i;1.6206983986007735E-7+2.3010056243446716E-17i;-1.9139205997054028E-7-2.7126790960848774E-17i;1.5400265352574342E-7+3.478704560341065E-17i;4.3138263881896036E-8+2.4374327460007805E-17i;1.2666465280840034E-7+1.8350580878629488E-17i;-7.038675845275531E-8;-3.631136309245666E-8;2.0627839362868248E-7+3.9651753722033907E-17i;-1.2649016225018817E-7+8.808543941204179E-17i;-8.377543532342124E-8-3.173370152073261E-17i;-5.919676730130543E-9-4.943031764651339E-16i;-3.9026650202511393E-8-3.279624908857082E-17i;1.9413765377530233E-7-1.3971756503872673E-16i;2.3275772541695344E-8-1.3889704480235784E-16i;1.1286638907903334E-7+1.0003601616150182E-16i;1.5994943118779782E-7+1.226704836331978E-15i
1.7261098522832745E-7-4.273829739232854E-12i;1.7124129184099716E-7+3.641734496943373E-11i;8.056399988257591E-8-6.020134711173883E-11i;-1.4935173280487967E-7-3.051134113074842E-11i;1.7393262628087988E-7-1.8891221757995494E-10i;-7.79144011825339E-8+5.936854791800064E-11i;-5.347402590733108E-8;-5.851735367631543E-8;1.6710348926169542E-8+1.616150231645281E-17i;1.68168741627546E-7+2.43053551836055E-17i;-1.605719632987003E-7-2.3600374331891434E-17i;1.3582591272200563E-7+3.335194247617457E-17i;7.172288825130327E-8+2.9685684392822644E-17i;1.2036096702308322E-7+1.285559013498443E-17i;-7.281210010421746E-8;-6.181905074578775E-8+8.253649141997232E-18i;1.7261336851209491E-7+3.466794550430249E-17i;-1.8964617197543932E-7+1.059997014828192E-16i;-1.246982467407738E-7-6.678626109451418E-17i;-2.901959229144039E-9-7.488397735668805E-16i;-5.884827532255315E-8-3.7682332259826585E-17i;1.6100221338147688E-7-1.025219325966442E-16i;3.324846359236265E-8-9.6184281602373E-17i;1.6560554061227936E-7+9.805177267458053E-17i;1.631203918331629E-7+1.16823937834317E-15i
1.94532090185494E-7-1.7417068528117255E-12i;1.5926584362550202E-7+5.1439261204654706E-11i;6.587270738202658E-8-4.8373967234859445E-11i;-1.7148263266600786E-7-3.3195268806750274E-11i;1.7234642631635956E-7-2.0767683200150827E-10i;-6.137553444566228E-8+5.035684562453019E-11i;-5.692918909273684E-8;-8.172109225091363E-8;2.3451835624215813E-8+1.7682793034529094E-17i;1.772243213148133E-7+2.5600545213486835E-17i;-1.159312837055801E-7-1.9684836585504513E-17i;1.0964380694139071E-7+2.761759892703961E-17i;1.000628717728973E-7+3.157975798884026E-17i;1.1145518285155609E-7+1.3267141161112966E-17i;-7.641849218002395E-8;-8.907753521091421E-8;1.2479713269939778E-7+2.4681374352382927E-17i;-2.241569675249977E-7+1.1007414133738975E-16i;-1.454957826306723E-7-8.20209438524834E-17i;1.5574234225544815E-9-9.043799930424891E-16i;-7.030738310818918E-8-3.1939123989685E-17i;1.1411848553925462E-7-6.894206601796443E-17i;3.570243181650077E-8-3.772883962802088E-17i;1.8849912755557088E-7+9.529649539549827E-17i;1.6663966349272572E-7+1.1519771682167018E-15i
2.1645319516646554E-7+7.904160363774658E-13i;1.4729039541450123E-7+6.646117743715332E-11i;5.118141492844221E-8-3.654658739461302E-11i;-1.9361353250398804E-7-3.5879196490672215E-11i;1.7076022634516696E-7-2.2644144642677956E-10i;-4.483666766626977E-8+4.134514330716111E-11i;-6.152035516435327E-8;-1.047502657619003E-7;3.026272885644489E-8+1.7958991804433745E-17i;1.8915231429137846E-7+2.745646386517216E-17i;-5.923692250686153E-8-1.3455321097864842E-17i;7.664220579575848E-8+1.866837451167846E-17i;1.281390517789638E-7+3.051280397576198E-17i;1.0057732439320802E-7+1.1797670768830233E-17i;-8.116690294614344E-8;-1.1848042383986845E-7-2.3887133538419422E-17i;6.572303093718683E-8+1.334178358326218E-17i;-2.2443585377187882E-7+1.1186070225700163E-16i;-1.4227982524203869E-7-8.720850237880489E-17i;7.413158227848065E-9-9.20769310768479E-16i;-7.192595969277143E-8-2.1541262535244587E-17i;5.648219554667127E-8-2.642193426705471E-17i;2.9356992949916415E-8+2.4941677726242224E-17i;1.7669675728029101E-7+9.353565249833778E-17i;1.6939736099443995E-7+1.1731545439788463E-15i
2.3837430017141077E-7+3.3225389303571245E-12i;1.3531494720190032E-7+8.148309366915664E-11i;3.649012252054872E-8-2.4719207590340622E-11i;-2.1574443231835025E-7-3.856312418447451E-11i;1.6917402637304527E-7-2.452060608580086E-10i;-2.8297800846640892E-8+3.233344096782277E-11i;-6.723675584055862E-8;-1.27593604388489E-7;3.717598518228289E-8+1.903513057004499E-17i;2.0387591021481974E-7+2.981358278735284E-17i;7.374934135788485E-9-4.077695740838263E-18i;3.825309549144968E-8+7.81182032019883E-18i;1.560032462409342E-7+2.777634091280511E-17i;8.847970802287866E-8;-8.704882178198685E-8;-1.5018619956362393E-7-5.91111793748829E-17i;-1.2478879153335511E-9-8.832813835004445E-18i;-1.8951467509797386E-7+1.0602438162686581E-16i;-1.144518724406585E-7-9.922355347824229E-17i;1.458095358511977E-8-8.035658423794629E-16i;-6.367054307986046E-8-9.375030765524624E-18i;-8.339070978671666E-9+2.995521225920478E-17i;1.4174824516785518E-8+6.785150267237137E-17i;1.3068042228976671E-7+8.032846866724847E-17i;1.7058685831594483E-7+1.2237733277033259E-15i
2.6029540520089327E-7+5.854661830752769E-12i;1.2333949898067283E-7+9.650500990113235E-11i;2.1798830157470457E-8-1.2891827822144538E-11i;-2.378753321082054E-7-4.124705188931077E-11i;1.6758782640659253E-7-2.639706752992071E-10i;-1.1758933988848818E-8+2.332173860847218E-11i;-7.406911614539844E-8;-1.5026941110095607E-7;4.4243451795789005E-8+1.8501333031878704E-17i;2.2136206100292743E-7+3.17366862625117E-17i;8.155844796814535E-8;-3.972104951956698E-9-4.343083151692578E-18i;1.8386068901021232E-7+2.39572913383246E-17i;7.599221427700552E-8;-9.41040252964821E-8-1.0485902573446468E-17i;-1.842451291323059E-7-1.0170787500207154E-16i;-7.274196862593374E-8-3.385123614198558E-17i;-1.229559418744627E-7+5.846168336978122E-17i;-6.459347089946732E-8-8.136594271443819E-17i;2.2916276504832358E-8-5.696396328535561E-16i;-4.6865988486493195E-8;-7.677609422901221E-8+6.644281249999504E-17i;-8.68852409917865E-9+9.70943307470766E-17i;5.5867754827657355E-8+7.370827237323006E-17i;1.7007863672122198E-7+1.3049053013887092E-15i
2.822165102560864E-7+8.386784737885738E-12i;1.113640507428585E-7+1.1152692613361506E-10i;7.107537838841559E-9-1.0644480901668457E-12i;-2.6000623187229867E-7-4.393097960589256E-11i;1.6600162645345454E-7-2.827352897573742E-10i;4.779932905306303E-9+1.4310036232036233E-11i;-8.201121089404289E-8;-1.7283177041923838E-7;5.1543507091117544E-8+1.884802332577774E-17i;2.4166680420346046E-7+3.4932942167309686E-17i;1.60960589315281E-7;-4.850582270154475E-8-1.6446946856412615E-17i;2.1214822134931902E-7;6.397186489833185E-8;-1.0248226286372402E-7-1.522645760538943E-17i;-2.2080690190977068E-7-1.4007190897651712E-16i;-1.4591385789955513E-7-5.050285332660161E-17i;-3.198358371024073E-8+2.7464226993935182E-17i;2.209896434396637E-9-5.3128445208878587E-17i;3.227869099652537E-8-2.280171344907645E-16i;-2.3889953279225485E-8+1.3821023552756009E-17i;-1.4589100588022855E-7+1.0106856656147921E-16i;-3.72405934675409E-8+1.1438981251664E-16i;-3.892762290321063E-8+6.86159021615685E-17i;1.687291638072222E-7+1.4183214405899028E-15i
3.0413761533880836E-7+1.0918907652468311E-11i;9.9388602479382E-8+1.2654884236559089E-10i;-7.58375443475774E-9+1.0762931605222605E-11i;-2.8213713160867E-7-4.6614907334715523E-11i;1.6441542652230547E-7-3.0149990424036865E-10i;2.1318799834721627E-8+5.298333841250456E-12i;-9.106326262950034E-8;-1.9537746744596895E-7;5.919348861437041E-8+1.6193141798517497E-17i;2.649943803474814E-7+3.910183809799157E-17i;2.434501131194389E-7;-9.400516664315149E-8-2.8236666716035825E-17i;2.416584151138601E-7;5.3251230352691224E-8+1.4310734213123914E-17i;-1.1252986050131846E-7-2.735653866721096E-17i;-2.6048964303378047E-7-1.8575758087223547E-16i;-2.191556279119294E-7-6.994788196032436E-17i;7.411707720139416E-8-2.3274409471988305E-17i;7.958123581278966E-8-8.365854890014558E-18i;4.262316298278125E-8+1.6561554274380252E-16i;2.360823526387049E-9+1.7171346826416727E-17i;-2.143334482102671E-7+1.114850409643039E-16i;-6.931036361993196E-8+1.2594658369378864E-16i;-1.4416029421518067E-7+6.890270429302919E-17i;1.6870264945203882E-7+1.5646369213931738E-15i
3.2605872044718454E-7+1.345103057593819E-11i;8.741315418313856E-8+1.4157075859696784E-10i;-2.2275046667207443E-8+2.259031126663874E-11i;-3.0426803131860315E-7-4.929883507699344E-11i;1.6282922662045585E-7-3.2026451875381437E-10i;3.7857666794961603E-8-3.7133685598529606E-12i;-1.0123633528890146E-7;-2.1805277913138806E-7;6.736794591677692E-8+1.5476709369612815E-17i;2.917727954758233E-7+4.296127253740915E-17i;3.273605518804178E-7;-1.3948215278282062E-7-4.0645820476217843E-17i;2.737191425721107E-7;4.460627592859616E-8+2.6902882946387108E-17i;-1.2491732150566144E-7-3.939609033576279E-17i;-3.049477785441178E-7-2.329419746174064E-16i;-2.9299818658864473E-7-9.034091173802177E-17i;1.8613107971175142E-7-7.615309102639089E-17i;1.614884667873151E-7+4.118102376756733E-17i;5.417055969115721E-8+5.777606319412735E-16i;2.9151811590368132E-8+2.807918174926619E-17i;-2.8373459882473953E-7+1.2297100212366367E-16i;-1.0344204443849987E-7+1.3643672187712776E-16i;-2.532125773292333E-7+8.018690648602245E-17i;1.739356964696141E-7+1.7709191206648107E-15i
-9.738761170654122E-8-3.4089429717602564E-11i;3.1816492883795447E-7-1.4619288472960484E-10i;2.42249545840829E-7-1.8789948504335869E-10i;1.2544712196470063E-7+1.889734089585116E-12i;1.979465229661918E-7+3.3424555544528595E-11i;-2.6392293400499516E-7+1.6323593553063495E-10i;-1.3938084113885215E-7+1.6168212964811178E-17i;1.9378938417384134E-7+2.1549548950605265E-17i;-1.1444778798571989E-7-1.706174700147493E-17i;2.9462802956209676E-7+5.862385055246324E-17i;3.1686838020832093E-7;-1.147850257335786E-7-2.0096344147583626E-17i;-2.921250037977184E-7-4.547569142494472E-17i;-2.0510874360877355E-8+3.822986601873372E-17i;-1.2736511800686434E-7-2.3824697216811892E-17i;2.3279219208882188E-7+2.872110146787665E-17i;-3.3265413694422646E-7;-1.9323265406503785E-7+6.357100230950874E-17i;-1.1072749628321946E-7;-4.0131383260851377E-8-3.7908265273600436E-16i;-1.2662041762376018E-7-7.18869574102403E-17i;-2.2741286666837625E-7+2.4566844544712556E-16i;1.526773905193687E-7+6.306008147385838E-16i;2.638587661608785E-7+1.891952629391033E-16i;2.4837718560438073E-7+1.899582504884283E-15i
-7.546650699769744E-8-3.155730684342921E-11i;3.061894804054115E-7-1.3117096839451445E-10i;2.275582527833209E-7-1.760721046995337E-10i;1.0331622187330106E-7-7.941935054796995E-13i;1.9636032321753826E-7+1.4659941112062002E-11i;-2.473840677881025E-7+1.5422423350085018E-10i;-1.286397592460648E-7+1.4609063133564066E-17i;1.7359731753380998E-7+1.9767394710199303E-17i;-1.0149939192934735E-7-1.4139702293669685E-17i;2.6957682546575523E-7+5.2413046147765067E-17i;2.337914204274237E-7;-7.473989224636602E-8-1.269373755396413E-17i;-2.585916737009761E-7-3.844360369902282E-17i;-8.195009608680413E-10+2.9132125565669646E-17i;-1.0916298261465369E-7-1.8454064401052013E-17i;1.9767794403579076E-7+2.575392456840361E-17i;-2.5097991418636545E-7-2.742848904296998E-17i;-8.079562181077694E-8+2.2053502516581634E-17i;-4.199953491665235E-8+1.9217337313380824E-17i;-4.583102344877463E-8+7.477107072628997E-17i;-8.97974712388341E-8-4.6901251926407974E-17i;-1.7246629672282157E-7+1.6629318051891478E-16i;9.536324537836625E-8+4.261855411509151E-16i;1.451220438723717E-7+1.4938333027225228E-16i;2.3585866333172146E-7+1.9352287637160503E-15i
-5.354540228212122E-8-2.9025183977733953E-11i;2.9421403201260904E-7-1.1614905206303702E-10i;2.1286695975341813E-7-1.6424472437957308E-10i;8.118532178655151E-8-3.4781210951026432E-12i;1.9477412343205464E-7-4.104673297586581E-12i;-2.3084520154182796E-7+1.452125314520695E-10i;-1.1914003362584843E-7+1.3116238219189447E-17i;1.535316549907536E-7+1.7914312867972943E-17i;-8.918656623784388E-8-1.0422740179117407E-17i;2.4793234099954974E-7+4.6970359074854017E-17i;1.5199566062125697E-7;-3.45441419575705E-8-5.04905140975676E-18i;-2.276391884139308E-7-2.988082134422146E-17i;2.0227323189611846E-8+2.2156359854573028E-17i;-9.277450399536798E-8-1.4597889639334335E-17i;1.662491982917168E-7+2.6719252806308707E-17i;-1.7023533883011566E-7-2.047050654663856E-17i;2.5636181424514944E-8-2.796377630540611E-17i;2.3274879313705183E-8+5.1738986041374284E-17i;-5.3191841726659345E-8+5.176729099267696E-16i;-5.5418719293192105E-8-2.5305137772855772E-17i;-1.1836726181627206E-7+8.406848805207155E-17i;4.116726102638086E-8+2.354829277113581E-16i;3.0235911111045915E-8+1.2493725221681685E-16i;2.3134833568544684E-7+2.0406383348428915E-15i
-3.162429755589069E-8-2.649306112242081E-11i;2.822385836736111E-7-1.0112713573953974E-10i;1.9817566676469324E-7-1.5241734409474356E-10i;5.905442170726921E-8-6.162048678755872E-12i;1.931879235968156E-7-2.2869287680225142E-11i;-2.1430633525198996E-7+1.362008293760711E-10i;-1.108475939850729E-7+1.2054622782608123E-17i;1.3346171291802E-7+1.5837553246184685E-17i;-7.721719205614815E-8;2.2922177510403417E-7+4.236951253409817E-17i;7.317222536335945E-8;4.886359310020102E-9+3.6484719803535926E-18i;-1.9782577543239964E-7-2.1287906479853605E-17i;4.196343138941388E-8+1.9589469761244013E-17i;-7.775991580460121E-8-8.356813388466116E-18i;1.373969255024285E-7+2.917144449266039E-17i;-8.972814284789902E-8-1.7600247983649925E-17i;1.1697702841235501E-7-7.319652908366778E-17i;7.937992493503119E-8+7.83626868060041E-17i;-6.136848773259777E-8+9.136182457498426E-16i;-2.4684521963826646E-8;-6.37744540601839E-8;-6.847137946308626E-9+4.204755227635341E-17i;-7.31897318005643E-8+1.0856877020867516E-16i;2.2987735111326307E-7+2.1635733071905405E-15i
-9.703192817284458E-9-2.396093827549682E-11i;2.702631353823789E-7-8.610521942481237E-11i;1.8348437381915009E-7-1.4058996384674926E-10i;3.692352163747281E-8-8.845976259311752E-12i;1.916017237171459E-7-4.163390204133875E-11i;-1.977674689172503E-7+1.2718912727351913E-10i;-1.0374344399051295E-7+1.099365488727972E-17i;1.1330119472502297E-7+1.4198895857657998E-17i;-6.539830604261989E-8;2.1319771341173204E-7+3.890044163485497E-17i;-5.306795767271961E-10+3.8467191931726534E-19i;4.232811441683236E-8+1.3410893688112672E-17i;-1.6828889209776577E-7;6.347019706688974E-8-1.2189759635898754E-17i;-6.40794321303321E-8+1.7153399737630394E-17i;1.1078522582651747E-7+6.649134945250863E-17i;-1.1152514025401707E-8-8.216048629425515E-18i;1.8402249997580931E-7-1.1010351291236384E-16i;1.20459559487505E-7+6.687278465939579E-17i;-6.962280827404378E-8+1.242646781501002E-15i;3.8668240243973995E-10+2.5059829168547697E-17i;-9.724916315458417E-9-5.3383972284382206E-17i;-4.461116168480487E-8-1.509586363427122E-16i;-1.5445869772933076E-7+8.362919489203345E-17i;2.2874393018840528E-7+2.220788899572574E-15i
1.2217911935632481E-8-2.142881543477588E-11i;2.5828768713364416E-7-7.108330311947644E-11i;1.687930809187374E-7-1.2876258363685688E-10i;1.4792621579328279E-8-1.152990383909712E-11i;1.900155237975853E-7-6.03985163856419E-11i;-1.812286025363496E-7+1.1817742514471166E-10i;-9.781934221964338E-8+9.970248044192905E-18i;9.300127338948921E-8+1.2116638009728665E-17i;-5.361127273704688E-8;1.9976348062005052E-7+3.43113651200471E-17i;-6.674808197311385E-8-1.0217709364199815E-17i;7.639933039365995E-8+1.9326610563967247E-17i;-1.385572666859876E-7;8.368315364452314E-8;-5.1929603057138366E-8+9.120529085330066E-18i;8.639220183727343E-8+4.560060000327342E-17i;6.241240510091203E-8;2.195889323783463E-7-1.2724045438527535E-16i;1.419003682815437E-7+1.0088258825242308E-16i;-7.733516975338166E-8+1.4056587533383166E-15i;1.7879376677165974E-8+2.567537965853378E-17i;4.1474318721479656E-8-1.219612717858631E-16i;-6.852378175247585E-8-2.418891827625314E-16i;-2.0376687152683002E-7+9.719316306472936E-17i;2.267462130668918E-7+2.2734548986008548E-15i
3.413901670478918E-8-1.8896692598920727E-11i;2.463122389229559E-7-5.6061386822441776E-11i;1.5410178806526525E-7-1.1693520346534836E-10i;-7.338278465044114E-9-1.421383141995861E-11i;1.884293238419563E-7-7.916313071555172E-11i;-1.6468973610818397E-7+1.0916572298873831E-10i;-9.307457251624558E-8;7.254490639380108E-8+9.773433731134257E-18i;-4.179190466131801E-8;1.8891552108149392E-7+3.102011948972032E-17i;-1.2313198178379943E-7-1.7973855927352837E-17i;1.0570900320826777E-7+2.399260600182396E-17i;-1.0842246445234918E-7;1.0150072911301643E-7+1.4731646896280327E-17i;-4.162574330028017E-8;6.421744720859652E-8+3.1213228375425556E-17i;1.2728446855999838E-7;2.201376262223927E-7-1.2438790528006314E-16i;1.413963023401082E-7+1.1405168140466495E-16i;-8.40272245848982E-8+1.431443798710348E-15i;2.6648462134656192E-8+1.7439883949861314E-17i;8.700578316321033E-8-1.6975114970075021E-16i;-7.649558818871263E-8-2.915005722176516E-16i;-2.1509842504223986E-7+1.0376704261205881E-16i;2.23764226634132E-7+2.263973443401119E-15i
5.606012149192274E-8-1.6364569766770746E-11i;2.3433679074601484E-7-4.1039470534459436E-11i;1.3941049526001357E-7-1.0510782333336332E-10i;-2.9469178493717212E-8-1.6897759003009577E-11i;1.8684312385404402E-7-9.792774503473668E-11i;-1.4815086963222305E-7+1.001540208059059E-10i;-8.951170142080028E-8;5.1940295984561556E-8+7.324090978162943E-18i;-2.9913495313382544E-8+4.443268094159024E-18i;1.8069860619582033E-7+2.847208282392672E-17i;-1.675412874106972E-7-2.301702281945287E-17i;1.2897472318785373E-7+2.9073057232738043E-17i;-7.784179869613208E-8;1.158966507020255E-7+1.8466764017005783E-17i;-3.351195472963908E-8;4.411420188177652E-8+2.7693141355449938E-17i;1.797987530574142E-7;1.8662131081674173E-7-1.0363284100445342E-16i;1.1947952449360128E-7+1.0983369404539602E-16i;-8.933457166303865E-8+1.3278476760218357E-15i;2.671177334453791E-8+6.86193058958241E-18i;1.2406770932347693E-7-1.9271956495998879E-16i;-6.859763006719875E-8-3.0828676917692035E-16i;-1.879043902624539E-7+1.0566444351638562E-16i;2.2033359988734986E-7+2.194415208699623E-15i
7.798122629857593E-8-1.3832446937452133E-11i;2.2236134259880577E-7-2.6017554256848848E-11i;1.247192025038919E-7-9.328044324272718E-11i;-5.160007850499051E-8-1.9581686589274126E-11i;1.8525692383737514E-7-1.166923593471298E-10i;-1.3161200310825106E-7+9.114231859725497E-11i;-8.713290128881437E-8;3.121523868977386E-8+4.803913064143175E-18i;-1.7973447050473113E-8+5.378570656628165E-18i;1.7517335966994357E-7+2.6680467293970232E-17i;-1.982038242683933E-7-2.5201148656824407E-17i;1.4512956116699254E-7+2.9859324251486974E-17i;-4.6872985086741796E-8+7.864732615260337E-18i;1.260152764411198E-7+1.985038598322213E-17i;-2.7912976393365322E-8;2.5717747405680962E-8+1.357188533867585E-17i;2.167818174128882E-7;1.2461632554744218E-7-6.767293099990523E-17i;7.961780727642491E-8+9.344089242897181E-17i;-9.295078300172068E-8+1.0953467572108507E-15i;1.9386211201950433E-8-2.7049045572543892E-18i;1.5028427309834247E-7-1.8351095781749213E-16i;-4.720866049442828E-8-2.6498726120493385E-16i;-1.2759690927064681E-7+1.0834449696496793E-16i;2.172619894903703E-7+2.0764682324922312E-15i
9.990233112590451E-8-1.1300324110726985E-11i;2.1038589447713194E-7-1.0995637989722318E-11i;1.1002790979702484E-7-8.145306319354484E-11i;-7.373097849752309E-8-2.2265614179346757E-11i;1.8367072379559592E-7-1.3545697365531248E-10i;-1.150731365367317E-7+8.213061636334125E-11i;-8.594183450272766E-8;1.0412663516333861E-8+2.7816449128385944E-18i;-5.993026167985193E-9+1.0080657554464315E-17i;1.7239547265210136E-7+2.5093612500744353E-17i;-2.138588663562785E-7-2.6010568809806835E-17i;1.534039045858659E-7+3.140577953684875E-17i;-1.565880967431791E-8+1.3858549081753282E-17i;1.312388291977314E-7+1.3805871473418522E-17i;-2.5054792657773396E-8;8.454584662861465E-9+1.469596327789547E-17i;2.3588311289825335E-7+2.9053227534273513E-17i;4.371629692788187E-8-2.3605003874945765E-17i;2.7839171021572824E-8+6.301792907355511E-17i;-9.47337408309625E-8+7.892449397162342E-16i;7.082258582526217E-9-9.930725918131951E-18i;1.6385725145363E-7-1.5527111386156515E-16i;-1.6804322901639275E-8-2.0472310153692184E-16i;-4.499229046306198E-8+1.123831363867753E-16i;2.1538854168224915E-7+1.9284736915289727E-15i
1.218234359746777E-7-8.768201285992076E-12i;1.984104463764853E-7+4.026278267905852E-12i;9.53366171389282E-8-6.962568318473384E-11i;-9.586187847032886E-8-2.494954177422379E-11i;1.8208452373275483E-7-1.542215879616628E-10i;-9.85342699187717E-8+7.311891410489888E-11i;-8.594221006375488E-8;-1.0416681159196832E-8;6.00295779992114E-9+1.3392955780275946E-17i;1.7239297297078889E-7+2.4448823674731303E-17i;-2.1385848854248898E-7-2.7244539702455073E-17i;1.5340745454675185E-7+3.191288267645088E-17i;1.5645537043932262E-8+1.849390455713114E-17i;1.3122865935803286E-7+1.6655102585667887E-17i;-2.5052178046874402E-8;-8.424046528629164E-9+1.1992158851879685E-17i;2.3588061565666224E-7+3.560632061008622E-17i;-4.3721669371309886E-8+1.3700920395689649E-17i;-2.8066866677597194E-8+4.172690962824028E-17i;-9.467045562538382E-8+4.521989661905379E-16i;-6.95154358399827E-9-1.7613940301244197E-17i;1.638658676661626E-7-1.1888874239787838E-16i;1.6730378127188396E-8-1.160448449701192E-16i;4.539760575034823E-8+1.240987981959446E-16i;2.1524450573201606E-7+1.794608535404521E-15i
1.4374454084537458E-7-6.236078462351998E-12i;1.8643499829241865E-7+1.9048194517372744E-11i;8.064532452876084E-8-5.779830321516774E-11i;-1.179927784226577E-7-2.763346937422593E-11i;1.8049832365275807E-7-1.729862022677291E-10i;-8.199540325574547E-8+6.410721182193605E-11i;-8.713167945052465E-8;-3.1218806209293524E-8;1.79816024121374E-8+1.583440900677951E-17i;1.751692400999205E-7+2.4662995399489624E-17i;-1.981996476373975E-7-2.6033244817819174E-17i;1.4513418969275678E-7+3.132291276244329E-17i;4.685316444710659E-8+2.3280625594338768E-17i;1.2600852280898792E-7+1.673403329069768E-17i;-2.791494488480171E-8;-2.5679708204069724E-8+1.3999769289482182E-17i;2.1678872238313708E-7+3.941497285897226E-17i;-1.2461546592076968E-7+5.4295177504300446E-17i;-7.983627572334632E-8+1.1502999477410278E-17i;-9.270583605982605E-8+1.287808944102916E-16i;-1.9266896669553826E-8-2.7300259703303824E-17i;1.503287748100023E-7-7.369075584979254E-17i;4.7130870245724534E-8-2.905912935231504E-17i;1.2797714832391884E-7+1.3078546143193098E-16i;2.168254534656579E-7+1.6887026208075056E-15i
1.6566564573829806E-7-3.703955638436532E-12i;1.744595502200274E-7+3.407011076068552E-11i;6.595403196549364E-8-4.597092328393278E-11i;-1.401236783538759E-7-3.0317396980082404E-11i;1.7891212355995117E-7-1.9175081657476623E-10i;-6.545653654929299E-8+5.509550951505299E-11i;-8.950945563422863E-8;-5.1943478503473576E-8;2.9919765276007605E-8+1.8196232855294323E-17i;1.806921659867344E-7+2.556589856129238E-17i;-1.6753583191533408E-7-2.3618764710724327E-17i;1.2898543691867924E-7+2.9678335126597625E-17i;7.781744548919794E-8+2.7237226087412156E-17i;1.1588672082804157E-7+1.490190552270319E-17i;-3.352002916597335E-8+3.708427111216302E-18i;-4.4073407308047686E-8+1.4151280679325757E-17i;1.7981805602454248E-7+3.548516084494564E-17i;-1.8661444096770689E-7+7.8657023771993E-17i;-1.1969172658523557E-7-1.8373401643672716E-17i;-8.896217960605555E-8-1.3264156453715318E-16i;-2.661639249675355E-8-3.7057268152793305E-17i;1.241563176544693E-7-2.931422343166454E-17i;6.849868405077395E-8+4.0829720205726305E-17i;1.8826053520950952E-7+1.3231374318122593E-16i;2.197030099521967E-7+1.619934840312586E-15i
1.8758675065376387E-7-1.1718328136543242E-12i;1.6248410215429694E-7+4.9092026999240405E-11i;5.1262739448073924E-8-3.414354339012525E-11i;-1.6225457826337827E-7-3.300132459216537E-11i;1.7732592345885397E-7-2.1051543088537688E-10i;-4.891766980118032E-8+4.608380718544333E-11i;-9.307195121759752E-8;-7.254783981222705E-8;4.1799094394182643E-8+2.034073609245978E-17i;1.8890869102828347E-7+2.6696118366602757E-17i;-1.2312770014211274E-7-1.9379213464327338E-17i;1.0572126701467961E-7+2.4454050806134897E-17i;1.0840284532475582E-7+2.9235867227943413E-17i;1.014926926904866E-7;-4.162626237340051E-8;-6.418135761599448E-8;1.273131191452981E-7+2.4275681194253555E-17i;-2.2012427605649026E-7+8.839659987473456E-17i;-1.415850181213256E-7-3.899977880545837E-17i;-8.361312004361236E-8-2.992348217049457E-16i;-2.6565141956901924E-8-3.3524900109629805E-17i;8.70857903257641E-8+1.7595730121652203E-17i;7.642119432386197E-8+1.0430079928129985E-16i;2.1545799982987015E-7+1.279379279863711E-16i;2.2307543760662732E-7+1.582433606291821E-15i
2.095078555920281E-7+1.3602900132568976E-12i;1.5050865408980294E-7+6.411394323466122E-11i;3.657144697544198E-8-2.2316163532548674E-11i;-1.843854781506778E-7-3.568525221143859E-11i;1.7573972335458336E-7-2.2928004520272923E-10i;-3.2378803013345694E-8+3.7072104834641214E-11i;-9.781563572783887E-8;-9.300424900985791E-8;5.361958457308057E-8+2.2237380244714787E-17i;1.997553937885818E-7+2.8452276919283756E-17i;-6.674585719188032E-8-1.3724139997981416E-17i;7.641430302296274E-8+1.7662631893095712E-17i;1.3854643697468872E-7+3.0000985358923616E-17i;8.367764755276332E-8;-5.192845936023989E-8;-8.637148041143718E-8-1.5945918370064873E-17i;6.244398032236682E-8+9.738386562122595E-18i;-2.1957948975491677E-7+8.847933334479977E-17i;-1.4206834214827925E-7-5.584347979708147E-17i;-7.69196419208044E-8-3.438051503026236E-16i;-1.7830207099514193E-8-2.3058346491740977E-17i;4.153285250731005E-8+5.993931220718284E-17i;6.846769143160547E-8+1.3511424558589985E-16i;2.0412778476312554E-7+1.1494469815130126E-16i;2.2608759602743643E-7+1.5986309996002326E-15i
2.3142896055342826E-7+3.892412845034329E-12i;1.3853320602046097E-7+7.913585946894007E-11i;2.188015454658288E-8-1.0488783710488724E-11i;-2.0651637801501442E-7-3.836917983998361E-11i;1.7415352325270985E-7-2.4804465952834004E-10i;-1.5839936187765745E-8+2.806040246442116E-11i;-1.0373847011093778E-7;-1.1330406935717576E-7;6.540750496247145E-8+2.3131941077290153E-17i;2.1318845830038346E-7+2.971256327058707E-17i;-5.281799857133444E-10-8.293681044831005E-18i;4.2343182153772885E-8+8.017867753769148E-18i;1.682859562189798E-7+2.846395036295895E-17i;6.346942786314174E-8;-6.407469254002334E-8;-1.1077944927278724E-7-4.2608205212914754E-17i;-1.1116167324163895E-8-3.2972282948721922E-18i;-1.8402119415499937E-7+7.965823466515817E-17i;-1.2060094469273403E-7-4.732632748246594E-17i;-6.926997250788698E-8-2.6564233896075507E-16i;-3.799930392817735E-10-9.825226954973015E-18i;-9.705249139292725E-9+9.023116745166816E-17i;4.458984259193811E-8+1.4838666137554787E-16i;1.5482518758570065E-7+1.116049873506386E-16i;2.2823140030239648E-7+1.6717230820808497E-15i
2.533500655386763E-7+6.4245356834516815E-12i;1.2655775793937574E-7+9.415777570386242E-11i;7.1888621608414284E-9+1.3385960762540712E-12i;-2.286472778552722E-7-4.105310747989039E-11i;1.7256732315958463E-7-2.668092738658905E-10i;6.989306737570961E-10+1.904870007632288E-11i;-1.1084147653775598E-7;-1.3346451357205883E-7;7.722744738154031E-8+2.2399985805015104E-17i;2.2921180743249798E-7+3.188987995312777E-17i;7.317435156025318E-8;4.901929844525545E-9-1.8576058262031395E-18i;1.9783147043628984E-7+2.5719784292730427E-17i;4.196802556931323E-8+5.849245953351219E-18i;-7.775149271524646E-8-1.1903159035625729E-17i;-1.3740595547823795E-7-8.083611506099187E-17i;-8.968660085634063E-8-2.925134265400683E-17i;-1.1699139693585442E-7+3.674181673437084E-17i;-7.94976897147668E-8-2.4866791733827852E-17i;-6.114038682324011E-8-7.783627144247658E-17i;2.4645647861674307E-8+2.8021699865669896E-18i;-6.380566704450277E-8+1.0110927040357987E-16i;6.865605236970399E-9+1.2843137622766042E-16i;7.356453502701791E-8+1.0522476570640223E-16i;2.2962354237035753E-7+1.7964511054951755E-15i
2.752711705491965E-7+8.956658528433546E-12i;1.145823098388843E-7+1.0917969193847278E-10i;-7.502430181630618E-9+1.316597582694162E-11i;-2.50778177669991E-7-4.373703513091685E-11i;1.709811230825679E-7-2.855738882220336E-10i;1.7237797569973966E-8+1.003699767291733E-11i;-1.191328725527557E-7;-1.53534388161909E-7;8.919799535581311E-8+2.2952837152081285E-17i;2.479218765992317E-7+3.3973763747437164E-17i;1.5199857751325563E-7;-3.4528688549657365E-8-1.2191190384467659E-17i;2.2765379442979437E-7;2.0236993945128305E-8+3.912578230794031E-18i;-9.276252682827263E-8-1.811319474943476E-17i;-1.6627279097879938E-7-1.1648559382945853E-16i;-1.7019043138803074E-7-4.729238224178225E-17i;-2.566612149080384E-8-7.136459411300655E-18i;-2.3369064681267507E-8+4.535292151468567E-18i;-5.313461642835302E-8+2.0886999166372333E-16i;5.533466385047803E-8+2.3904336429688413E-17i;-1.1845952772373918E-7+1.0603421740808406E-16i;-4.110913633357012E-8+8.444613182607405E-17i;-2.9856203821246936E-8+1.022294186519838E-16i;2.3142883254960162E-7+1.9441325099224457E-15i
2.971922755868993E-7+1.1488781380706283E-11i;1.0260686171034233E-7+1.242016081729278E-10i;-2.2193722479655095E-8+2.4993355540808976E-11i;-2.729090774570507E-7-4.642096279403102E-11i;1.69394923029907E-7-3.043385026050093E-10i;3.377666450043819E-8+1.0252952565370224E-12i;-1.2863162403893876E-7;-1.7359997175865874E-7;1.0151208088768991E-7+2.2819379879769233E-17i;2.695659080433048E-7+3.748432590304876E-17i;2.3379645153881585E-7;-7.47252672617935E-8-2.16198669775812E-17i;2.586150166694999E-7;-8.050641885688389E-10+1.2418143664745163E-17i;-1.0914737254477622E-7-2.597605835927313E-17i;-1.977154543445303E-7-1.5232558408419354E-16i;-2.50932823550225E-7-6.481089151258199E-17i;8.075284625035176E-8-6.689732038640667E-17i;4.192908804674737E-8+4.627794100881254E-17i;-4.597257047241308E-8+5.598286534298451E-16i;8.966994273356894E-8+3.589971564802543E-17i;-1.7262633878704267E-7+9.173091514190944E-17i;-9.526667143253017E-8+1.697268431328469E-17i;-1.4473839661857079E-7+1.0209171414192145E-16i;2.3631131555431825E-7+2.1395767068050945E-15i
3.1911338065006653E-7+1.4020904241519603E-11i;9.06314135471599E-8+1.3922352440723715E-10i;-3.688501473638102E-8+3.682073522026623E-11i;-2.9503997721762897E-7-4.910489047026817E-11i;1.6780872300849462E-7-3.2310311701997673E-10i;5.0315531461510505E-8-7.98640716947864E-12i;-1.3937177770267092E-7;-1.9379199475717876E-7;1.1446192599193904E-7+2.044231617222934E-17i;2.9461667128610557E-7+4.165335543925531E-17i;3.1687603936952246E-7;-1.1477135673394914E-7-3.1361009364450646E-17i;2.921573248443336E-7;-2.0491786345738316E-8+2.1262986141480585E-17i;-1.2734585778957134E-7-4.031381631832469E-17i;-2.3284393064548408E-7-1.94477039058501E-16i;-3.326055274168761E-7-9.105683756098501E-17i;1.9317772771883385E-7-1.3432431527571472E-16i;1.1067824704353126E-7+8.51256874175333E-17i;-4.0482363955084055E-8+9.35895057525807E-16i;1.2644940822000015E-7+4.301797730017558E-17i;-2.2764652234737137E-7+6.882823366565012E-17i;-1.5254295469646888E-7-4.605177952489349E-17i;-2.6346242942668536E-7+1.044420706299111E-16i;2.492146035455015E-7+2.406543667469067E-15i
-1.0433295083688776E-7-3.351955490937205E-11i;3.2138318516645886E-7-1.4854011902282396E-10i;2.2763957793658296E-7-1.7366906135156998E-10i;1.3467517687217957E-7+2.0836775025249947E-12i;2.029260221703931E-7+3.0585954978221406E-11i;-2.514650697289625E-7+1.5896289778462586E-10i;-1.7353209256540477E-7+1.7772769171022964E-17i;1.683788934900923E-7+1.9251066955849415E-17i;-1.5781952302252518E-7-2.0893068185498018E-17i;2.8380452544746574E-7+5.916384905310345E-17i;3.061837800403518E-7;-9.21618996524566E-8-1.1024300105572616E-17i;-2.9301007927662923E-7-3.769787695259556E-17i;-9.077910005252888E-8+1.1131017295454467E-17i;-1.196779127511528E-7;1.3843150329672464E-7+2.1176145154607734E-17i;-3.4948772898567197E-7;-2.072787138940515E-7+6.662072919703493E-17i;-6.505440549984825E-8+3.001047027277735E-17i;-1.258503492621488E-7+4.80566416333025E-16i;-2.1201647210361995E-7-8.879187124681651E-17i;-1.4440292683417755E-7+1.8524123475127507E-16i;1.915275167600015E-7+5.832361775774007E-16i;2.5576607112060257E-7+1.9239944296886555E-16i;2.614588086108902E-7+2.049607603576324E-15i
-8.241184615165763E-8-3.098743209370463E-11i;3.094077369218146E-7-1.3351820268110026E-10i;2.1294828488386147E-7-1.618416809964707E-10i;1.1254427674733112E-7-6.002500307854302E-13i;2.0133982224319713E-7+1.1821340689594303E-11i;-2.3492620347462341E-7+1.4995119569033426E-10i;-1.6226231639562006E-7+1.655079012733522E-17i;1.5080870963931057E-7+1.766184273377221E-17i;-1.4043668811403854E-7-1.7238582651096806E-17i;2.6103194580273605E-7+5.2828363121712064E-17i;2.238961363739341E-7;-5.768791622822997E-8-7.21912476390558E-18i;-2.5980037728052977E-7-3.336810618366435E-17i;-6.029214095680921E-8;-9.657816987970829E-8;1.149006060148022E-7;-2.6536681115072536E-7-3.6171816612892987E-17i;-9.35699831136687E-8+2.020493566300969E-17i;-9.12876404143383E-9+4.492012261578403E-17i;-1.2565795026465052E-7+8.133209474311393E-16i;-1.6721196515835872E-7-5.727664066662872E-17i;-1.1005393426458237E-7+1.1312710104389168E-16i;1.1343139523185236E-7+3.7164128261401035E-16i;1.3539113435071768E-7+1.5582519299866266E-16i;2.4635733399459943E-7+2.0531593506171935E-15i
-6.049074145999585E-8-2.845530928660012E-11i;2.974322887148372E-7-1.1849628634274414E-10i;1.9825699185849068E-7-1.5001430066565686E-10i;9.041337662695274E-8-3.284177558772248E-12i;1.997536222811822E-7-6.943273577382227E-12i;-2.1838733719131109E-7+1.4093949357785875E-10i;-1.5234518294805261E-7;1.3335488223430566E-7+1.6241584859981976E-17i;-1.2380262713928894E-7;2.4149072902982744E-7+4.780211958839781E-17i;1.427504773955541E-7;-2.2972085293161855E-8;-2.2909163997287521E-7-2.4622362836560553E-17i;-2.9286922355409325E-8;-7.462480047082674E-8;9.372745562646456E-8+2.0249701428228963E-17i;-1.8241498863874637E-7-2.8685198628970716E-17i;1.392567098022871E-8-4.3315140187902625E-17i;4.433376780586384E-8+7.460869799673641E-17i;-1.2961524232238039E-7+1.1737327092858812E-15i;-1.2648278766528837E-7-2.4087548299338197E-17i;-7.634933627549697E-8+2.0879982604104846E-17i;3.930769288190313E-8+1.4532953367744077E-16i;1.861204526415119E-8+1.269940072499386E-16i;2.397683965491042E-7+2.131290438882701E-15i
-3.856963675832419E-8-2.5923186490095876E-11i;2.854568405601648E-7-1.0347437001193956E-10i;1.8356569887381982E-7-1.3818692036992109E-10i;6.828247651350923E-8-5.968105080471823E-12i;1.9816742227093434E-7-2.5707887818050325E-11i;-2.018484708649364E-7+1.3192779143876695E-10i;-1.4372583604947878E-7;1.1590428652669529E-7+1.4380593221181764E-17i;-1.0751576196964044E-7;2.2469755396292136E-7+4.3659747035983455E-17i;6.446551397896247E-8;1.1154984641807417E-8+5.578600838776817E-18i;-1.9942148051071776E-7;1.7309782139232573E-9+1.4012681624043278E-18i;-5.365082102022753E-8;7.455379055321527E-8+1.915677114123014E-17i;-9.983725846558789E-8-2.2147210696398928E-17i;1.063169870107592E-7-9.303339716462182E-17i;9.001646008485125E-8+1.0388253963355602E-16i;-1.3596561582857395E-7+1.4959176485084085E-15i;-8.960964268227234E-8;-4.243050457161532E-8-6.190978710523282E-17i;-2.6204051818029405E-8-3.920188714858436E-17i;-8.646413050046708E-8+1.0901388520614549E-16i;2.3669180239229358E-7+2.2401380211953685E-15i
-1.6648532045312926E-8-2.339106370212261E-11i;2.7348139245150075E-7-8.845245368987884E-11i;1.6887440593130496E-7-1.2635954011069456E-10i;4.615157640869976E-8-8.652032598989897E-12i;1.9658122221816518E-7-4.447250203890586E-11i;-1.8530960449476928E-7+1.2291608927451812E-10i;-1.3636855731492336E-7;9.838178640976445E-8+1.2941106029672081E-17i;-9.131339730910939E-8;2.103849883373579E-7+3.8545527509298535E-17i;-8.793018532652765E-9;4.360640279919717E-8+1.0982427051878912E-17i;-1.6991384832935812E-7;3.179640394467995E-8-5.239192561942588E-18i;-3.394221829093173E-8+5.003853479059198E-18i;5.744254508697819E-8+1.8346325097373635E-17i;-1.9313785541028204E-8-1.4749564091214615E-17i;1.745205878435652E-7-1.1851122172431382E-16i;1.2265783985594104E-7+1.1337727243974042E-16i;-1.4340791823816658E-7+1.7439211170418593E-15i;-5.775422185813049E-8+1.8094266660433924E-17i;-8.923973040219395E-9-1.1658090197643518E-16i;-7.720230355070168E-8-1.9252664771437537E-16i;-1.6869073181728644E-7+9.648976924036106E-17i;2.3444765622828412E-7+2.2956604545705325E-15i
5.2725726805909255E-9-2.0858940920460828E-11i;2.6150594438290275E-7-7.343053737726421E-11i;1.5418311303217345E-7-1.1453215988904672E-10i;2.402067631438561E-8-1.1335960116776356E-11i;1.9499502212810257E-7-6.323711624456437E-11i;-1.6877073808031879E-7+1.1390438708591278E-10i;-1.302517627177595E-7;8.07446967020784E-8+1.1517093060159088E-17i;-7.50385166525267E-8;1.9843142178840962E-7+3.545623498453304E-17i;-7.465077094887774E-8-9.361495480393163E-18i;7.316571479779698E-8+1.5593798906447688E-17i;-1.4009297933100606E-7;5.967321518258336E-8+7.505076636041727E-18i;-1.6049664102966516E-8;4.256350411431683E-8+1.2099111737567215E-17i;5.60371760387928E-8-8.865003646405901E-18i;2.1142432583914187E-7-1.3840941672402087E-16i;1.3817679146088001E-7+1.4173892985534998E-16i;-1.509434654906606E-7+1.876016361640389E-15i;-3.234256828774857E-8+1.8773669193820587E-17i;2.2760073841881895E-8-1.7107921462800318E-16i;-1.0853172231886478E-7-2.834801663083921E-16i;-2.1791135001798253E-7+1.0055598114877293E-16i;2.3182172313258625E-7+2.3425474335728353E-15i
2.7193677421018764E-8-1.832681814346757E-11i;2.495304963494277E-7-5.840862107346621E-11i;1.3949182017771188E-7-1.0270477970559879E-10i;1.8897762324378353E-9-1.4019887635437938E-11i;1.9340882200511811E-7-8.200173043854084E-11i;-1.5223187162108362E-7+1.0489268487309646E-10i;-1.2536374521166923E-7;6.297736091078522E-8+9.159359021634126E-18i;-5.861327596954609E-8;1.888073476275867E-7+3.2348267457463654E-17i;-1.3074949719513707E-7-1.6921942006831915E-17i;9.860835553007973E-8+2.0415647337977272E-17i;-1.0975252366967263E-7;8.403166300256179E-8+1.6483072441722716E-17i;-6.394391536910902E-10-8.957632678149351E-19i;2.9989499189926083E-8+1.685533583577587E-17i;1.2246880226877695E-7;2.135085616765893E-7-1.4642272115808922E-16i;1.3453092735998678E-7+1.5268361773816927E-16i;-1.5780376774940894E-7+1.8928699655945885E-15i;-1.4309026168507673E-8+1.5439296516141385E-17i;5.089646260753558E-8-2.0895495897955203E-16i;-1.1726095987933381E-7-3.3032985889789615E-16i;-2.279105912887164E-7+1.0490094684311294E-16i;2.2859259448539053E-7+2.3319885516933697E-15i
4.9114782177451116E-8-1.5794695370460412E-11i;2.375550483468419E-7-4.338670477973702E-11i;1.2480052736916786E-7-9.087739956115485E-11i;-2.024112383544748E-8-1.670381515586394E-11i;1.9182262185312437E-7-1.007663446242183E-10i;-1.3569300511667166E-7+9.588098263617678E-11i;-1.216989906059788E-7;4.5086139296789524E-8+7.31361191659442E-18i;-4.201821338050404E-8;1.8153373932631168E-7+2.919331957917306E-17i;-1.7494557201055776E-7-2.1838683640308608E-17i;1.1881117420667511E-7+2.157121084335203E-17i;-7.886656617769708E-8;1.0360455020344413E-7+2.1094132786739898E-17i;1.1620461561470512E-8-5.272779578690667E-18i;1.9587860180390984E-8+5.099711625431431E-18i;1.7623817160457324E-7;1.8172443135705874E-7-1.1559041784533103E-16i;1.1219042077574647E-7+1.4906562390164722E-16i;-1.634034975016081E-7+1.7742977049282234E-15i;-3.661408423572275E-9+5.7340669499303644E-18i;7.377472568022E-8-2.0603408047730968E-16i;-1.0351068017598748E-7-3.0178735758211046E-16i;-1.981389905896378E-7+1.0592263079827161E-16i;2.251627386704119E-7+2.2388656709348333E-15i
7.103588695144801E-8-1.3262572601031971E-11i;2.2557960037134366E-7-2.836478849652495E-11i;1.1010923460759873E-7-7.905001945701371E-11i;-4.2372023887591037E-8-1.938774267930124E-11i;1.9023642167543644E-7-1.1953095880526464E-10i;-1.191541385667276E-7+8.686928037600987E-11i;-1.192563541687011E-7;2.709452434723332E-8+5.076537619777646E-18i;-2.527612841103595E-8+3.239053263164344E-18i;1.7664871556321032E-7+2.777020709463302E-17i;-2.054684835825321E-7-2.2788228007909762E-17i;1.3284407215126486E-7+2.5001678159485766E-17i;-4.752711929034239E-8;1.1730105146443563E-7+1.8292407981142273E-17i;2.0150699790948252E-8;1.0976216191200894E-8+1.2510307337957549E-17i;2.1408687125448391E-7;1.216133880552652E-7-8.691334636749531E-17i;7.420290928777945E-8+1.3300139658077935E-16i;-1.67340976853258E-7+1.572531967836267E-15i;6.659612508296545E-10+1.02629448530621E-18i;8.993297502706866E-8-1.6873412117724684E-16i;-7.066231966831522E-8-2.3935970343425114E-16i;-1.3422778849449193E-7+1.1590256040724094E-16i;2.2221908441555918E-7+2.1215731937230453E-15i
9.295699174407491E-8-1.0730449834262583E-11i;2.136041524184581E-7-1.334287222376922E-11i;9.541794189279815E-8-6.722263939330481E-11i;-6.450292392275238E-8-2.2071670206316702E-11i;1.8865022147604476E-7-1.3829557298441902E-10i;-1.0261527197212686E-7+7.785757809328818E-11i;-1.1803428470087831E-7;9.037610576570893E-9+3.3195451779538695E-18i;-8.434664324227256E-9+1.1494569055962805E-17i;1.7419558094097027E-7+2.587650064131881E-17i;-2.2105429687952543E-7-2.3415118032901695E-17i;1.4003117647384608E-7+2.844752779932955E-17i;-1.58868351378832E-8+1.2317118882479167E-17i;1.2436003445790164E-7;2.4526787868872752E-8+5.850932220315394E-18i;3.5394131548964498E-9+3.062828534680501E-17i;2.3363878009770947E-7+2.822093065483669E-17i;4.272312849919718E-8-6.157641563528024E-17i;2.5823013305622676E-8+9.898776982608847E-17i;-1.6932018320543682E-7+1.2993461191095169E-15i;7.471673534921902E-10-3.467656138539361E-18i;9.829301179484036E-8-1.1813003354222225E-16i;-2.5059952980166104E-8-1.5588915255398102E-16i;-4.731458335760296E-8+1.1821511643974505E-16i;2.204590628968721E-7+1.9752226157447578E-15i
1.14878096556061E-7-8.198327069988742E-12i;2.0162870448357711E-7+1.6790440393295979E-12i;8.072664922405513E-8-5.5395259368937126E-11i;-8.663382394000544E-8-2.4755597737544547E-11i;1.8706402125911483E-7-1.5706018716398665E-10i;-8.607640533423856E-8+6.884587578887542E-11i;-1.1803346274602076E-7;-9.042020537595657E-9+1.971818775518962E-18i;8.442659592162444E-9+1.5754821393920164E-17i;1.7419416740412638E-7+2.4868391967213946E-17i;-2.2105218258252945E-7-2.277871773060088E-17i;1.400347233454926E-7+2.7967168992072624E-17i;1.586216874676528E-8+1.741482396456957E-17i;1.2435892073176863E-7;2.45186889445132E-8+9.351662312943965E-18i;-3.4932976108486896E-9+3.1929230016322665E-17i;2.3364482833214995E-7+3.342488121579486E-17i;-4.273051703360012E-8-2.0252187398921853E-17i;-2.618750786052055E-8+6.37062481252534E-17i;-1.692234567803126E-7+9.83041883388349E-16i;-6.625192822575742E-10-8.586071775753918E-18i;9.833268100509159E-8-4.492599439135292E-17i;2.502580419533742E-8-3.1324875920543805E-17i;4.770974712280834E-8+1.2326147507969168E-16i;2.2030215184913497E-7+1.8185136923200468E-15i
1.367992013879147E-7-5.666204307405955E-12i;1.8965325656207652E-7+1.670096029372546E-11i;6.603535660042518E-8-4.356787938286878E-11i;-1.0876472393859805E-7-2.7439525273423794E-11i;1.8547782102874375E-7-1.7582480134624324E-10i;-6.953753865459011E-8+5.983417346322556E-11i;-1.1925503592610248E-7;-2.7098960490570256E-8;2.5284176799050976E-8+1.7713503202682492E-17i;1.76644054080245E-7+2.5369095505523376E-17i;-2.054631431458819E-7-2.3743676581113668E-17i;1.3284972610893562E-7+2.805693311298215E-17i;4.7504042772484486E-8+2.2020530946845134E-17i;1.1729526885584591E-7;2.0144121904413686E-8+8.191123897234974E-18i;-1.0931449614765438E-8+3.4159277703222794E-17i;2.1409569728762377E-7+3.7096316466509943E-17i;-1.2163062456142236E-7+2.1280580670009178E-17i;-7.457212112894417E-8+4.621433682133385E-17i;-1.6709994534706875E-7+6.76435020734392E-16i;-5.893538692085545E-10-2.2832924657915476E-17i;8.999599653582933E-8+1.0482500779207609E-17i;7.062568706416751E-8+8.926690560176989E-17i;1.346372074018393E-7+1.3290286894655485E-16i;2.2176944034532418E-7+1.7139936350795497E-15i
1.5872030624003927E-7-3.1340815448778904E-12i;1.7767780864913802E-7+3.172287654203917E-11i;5.1344064020866425E-8-3.174049943385915E-11i;-1.308956239178252E-7-3.0123452814737565E-11i;1.8389162078915745E-7-1.9458941553227568E-10i;-5.299867193481822E-8+5.082247111671957E-11i;-1.216972702435904E-7;-4.509039206412256E-8;4.2025585371098646E-8+2.0256335121802545E-17i;1.8152591618521794E-7+2.551207916281389E-17i;-1.7494217886449727E-7-2.2080408792040826E-17i;1.1882293257506026E-7+2.521326224765687E-17i;7.884452379063352E-8+2.4093856294161675E-17i;1.035959197190627E-7;1.1615917928806636E-8+6.468581573676206E-18i;-1.9549386352291236E-8+2.5625929594159925E-17i;1.7626021152994634E-7+3.348662626856521E-17i;-1.8172001885659902E-7+5.199963142528725E-17i;-1.1254309612905554E-7+2.431483220557135E-17i;-1.630568191689293E-7+4.2051166893799443E-16i;3.7267784393394565E-9-2.9138077759457355E-17i;7.385945907828691E-8+6.893975027935741E-17i;1.0344522309219125E-7+1.87094185529602E-16i;1.9852488310970997E-7+1.363050232284074E-16i;2.2450526660247897E-7+1.627004079239013E-15i
1.8064141111302524E-7-6.01958781592163E-13i;1.6570236073969952E-7+4.6744792785133974E-11i;3.665277148455165E-8-1.9913119521169717E-11i;-1.530265238768332E-7-3.280738036188152E-11i;1.8230542054483632E-7-2.1335402972425674E-10i;-3.6459805176483336E-8+4.1810768750116977E-11i;-1.2536138172102453E-7;-6.298165060511423E-8;5.862176950967547E-8+2.3260381920663626E-17i;1.887988073743459E-7+2.651994429558421E-17i;-1.3074431951114983E-7-1.8075613642863602E-17i;9.862026484163159E-8+2.2013381734024754E-17i;1.0973778089937864E-7+2.5711633227774504E-17i;8.402386784890083E-8;-6.416305286990041E-10+6.909844957340936E-18i;-2.9960016074599704E-8+1.5120122025886124E-17i;1.2248529024090347E-7+2.194376698822977E-17i;-2.13509322409238E-7+6.736223249847903E-17i;-1.3487022279858796E-7;-1.5739615845863105E-7+2.468562938663682E-16i;1.4363683789960559E-8-2.9926699792480293E-17i;5.096199564830834E-8+1.2192188649268618E-16i;1.1720466670315335E-7+2.3922598121189667E-16i;2.2830184022994242E-7+1.3275126976986842E-16i;2.2785091180137235E-7+1.6067309725635629E-15i
2.0256251600757502E-7+1.9301639830501575E-12i;1.5372691282835633E-7+6.176670902486273E-11i;2.1961478990591708E-8-8.085739644049976E-12i;-1.751574238146774E-7-3.549130791562632E-11i;1.8071922030060728E-7-2.3211864392503406E-10i;-1.9920938381325984E-8+3.279906636502916E-11i;-1.3024853699714272E-7;-8.074872178832448E-8;7.504701609472622E-8+2.5183191944942203E-17i;1.9842178520282925E-7+2.736135627430599E-17i;-7.464771739371308E-8-1.5933685701766483E-17i;7.317947292054295E-8+1.5913863918564673E-17i;1.4008211480972833E-7+2.7602360232612578E-17i;5.96714291976269E-8;-1.6046590904989446E-8+2.291449997274381E-18i;-4.254272653949761E-8;5.606451729390659E-8+1.045580571847882E-17i;-2.1142405366129944E-7+6.267585318339274E-17i;-1.384901422951766E-7;-1.505300292873523E-7+1.8292679400795834E-16i;3.237387892375459E-8-2.7537044738035874E-17i;2.279719228600644E-8+1.4050583249980227E-16i;1.0849029335833107E-7+2.5185343932916325E-16i;2.1829758514415534E-7+1.263182484809059E-16i;2.311122478549687E-7+1.6263409804459018E-15i
2.2448362092416632E-7+4.4622867523642414E-12i;1.4175146490920945E-7+7.678862526301474E-11i;7.270186538188988E-9+3.7416401984410545E-12i;-1.9728832373047766E-7-3.817523547813836E-11i;1.7913302006187286E-7-2.5088325813677987E-10i;-3.382071551087917E-9+2.3787363963022735E-11i;-1.3636432852821945E-7;-9.838573987890567E-8;9.132268784327237E-8+2.574030143187156E-17i;2.1037435771470623E-7+2.8443711116112515E-17i;-8.790232121151161E-9-1.2580534319133145E-17i;4.3620589568015896E-8+8.52792133979544E-18i;1.6991076535497492E-7+2.7103508146028735E-17i;3.179994752676674E-8+5.556049227192789E-18i;-3.393534757762561E-8-4.094324634297573E-18i;-5.7435090637458997E-8-1.9561071256989183E-17i;-1.9283881089431632E-8-2.2494035003929482E-18i;-1.7452844020751317E-7+4.678308464651814E-17i;-1.2294739827187228E-7;-1.4304154674866567E-7+2.296462941518674E-16i;5.775764357725027E-8-9.39396721586341E-18i;-8.93917748325512E-9+1.414846434611394E-16i;7.71826259632948E-8+2.2849282771444545E-16i;1.6907823809375367E-7+1.21526548767224E-16i;2.3389031937084646E-7+1.7053022580047967E-15i
2.464047258635353E-7+6.99440952845683E-12i;1.2977601697565619E-7+9.181054150180206E-11i;-7.421105873046829E-9+1.5569020006307327E-11i;-2.1941922362303765E-7-4.0859163051401485E-11i;1.7754681983467876E-7-2.6964787236241203E-10i;1.3156795312748214E-8+1.4775661545486574E-11i;-1.437206509043799E-7;-1.1590822296579957E-7;1.075261351826951E-7+2.64406110368422E-17i;2.246860862212422E-7+2.9180386657884875E-17i;6.446837930628499E-8-9.513182874999358E-18i;1.1169150057339027E-8;1.9942744312617212E-7+2.511814450483498E-17i;1.739882793062585E-9+9.204380841674211E-18i;-5.363988761649685E-8-1.2607914664923198E-17i;-7.456041404911462E-8-4.879047841020168E-17i;-9.980702805498735E-8-1.8627577643700347E-17i;-1.063371129617041E-7;-9.02836417287535E-8+3.1717276163466634E-17i;-1.3569904018625925E-7+3.7435155195423553E-16i;8.958356528975552E-8;-4.251607287216254E-8+1.2017250704479615E-16i;2.6210328699979954E-8+1.552612618502876E-16i;8.685240120935715E-8+1.196576909066746E-16i;2.3639416098601953E-7+1.8382718864925306E-15i
2.683258308271524E-7+9.5265323111136E-12i;1.1780056902038378E-7+1.0683245774041329E-10i;-2.2112398242536662E-8+2.7396399778921586E-11i;-2.41550123490686E-7-4.354309063583703E-11i;1.7596061962594283E-7-2.8841248660810544E-10i;2.969566220941251E-8+5.763959114526032E-12i;-1.523391013666996E-7;-1.3335881896224848E-7;1.238141539832995E-7+2.6272015659955432E-17i;2.4147852296813256E-7+3.1205152760213606E-17i;1.4275405839135207E-7;-2.2958282101435173E-8-7.28776315240854E-18i;2.291068231060854E-7+2.361641679073972E-17i;-2.927269829577219E-8+1.0748879861415909E-17i;-7.460975947368362E-8-2.041694026512031E-17i;-9.37477909840828E-8-8.115515136996098E-17i;-1.823852441718975E-7-3.7770465772517727E-17i;-1.3959159435721713E-8-4.858985829940095E-17i;-4.458102372073354E-8+5.966830690275804E-17i;-1.294886226819273E-7+6.163038436645116E-16i;1.2642680620536222E-7+2.374054910699937E-17i;-7.651680135122916E-8+8.599300063771223E-17i;-3.927460689063227E-8+4.338943583279378E-17i;-1.8224236012063722E-8+1.1328047813012977E-16i;2.398064081896744E-7+2.0104383905566738E-15i
2.902469358171789E-7+1.205865510162711E-11i;1.0582512103517722E-7+1.21854373979091E-10i;-3.680369056844865E-8+3.922377951439605E-11i;-2.636810233310933E-7-4.6227018232632245E-11i;1.74374419443506E-7-3.0717710088112424E-10i;4.623452913914748E-8-3.247743327827936E-12i;-1.6225538294776057E-7;-1.5081266774581322E-7;1.404494305816835E-7+2.8104672336375716E-17i;2.6101902218737067E-7+3.3769234240037714E-17i;2.23901193679862E-7;-5.767486236685912E-8-1.563820587047677E-17i;2.59824672608293E-7;-6.027262380215092E-8+7.094416255307416E-18i;-9.655892107766607E-8-2.4165040183586202E-17i;-1.14934071164364E-7-1.0733487598350205E-16i;-2.6533803617877434E-7-5.384956061362369E-17i;9.352382774051201E-8-9.789500832822454E-17i;8.89738940006258E-9+8.8018860039012E-17i;-1.256950461152972E-7+9.253455742206705E-16i;1.6712667616614202E-7+5.232428244663071E-17i;-1.10310961122691E-7+5.4134144295610047E-17i;-1.1337163738576829E-7-9.018385029010783E-17i;-1.3500145199900506E-7+1.0967115680792782E-16i;2.467695786373447E-7+2.2162597666137056E-15i
3.1216804083223343E-7+1.45907778999838E-11i;9.384967301397544E-8+1.3687629021721506E-10i;-5.1494982853132464E-8+5.105115921492228E-11i;-2.8581192314528624E-7-4.891094584196291E-11i;1.7278821929384878E-7-3.25941715187718E-10i;6.277339609916831E-8-1.2259445779163758E-11i;-1.7352433654314528E-7;-1.6838292523447312E-7;1.578336118721102E-7+2.6989330955672295E-17i;2.8379085649771223E-7+3.7463987358752125E-17i;3.061907474223001E-7;-9.21497225088054E-8-2.3259741944987953E-17i;2.930435732290733E-7;-9.075420009249842E-8+1.4943029793000565E-17i;-1.1965429879846994E-7-3.5542066152835896E-17i;-1.3847809933134316E-7-1.4711593266358708E-16i;-3.4946017952262946E-7-8.090625400460141E-17i;2.0722000912506696E-7-1.7645010629455358E-16i;6.48312842466872E-8+1.2966147843690515E-16i;-1.260587550595492E-7+1.2704823662008416E-15i;2.1190176995638585E-7+6.425587999224669E-17i;-1.4475655601063506E-7;-1.91441138455194E-7-2.349083224038436E-16i;-2.553634191552096E-7+1.1204345737526863E-16i;2.6225680380247437E-7+2.512581370582766E-15i
-1.1127828996799521E-7-3.294968008667172E-11i;3.2460144145156027E-7-1.5088735332187862E-10i;2.1302961001904105E-7-1.5943863764024413E-10i;1.439032317790575E-7+2.2776209033799406E-12i;2.0790552141527838E-7+2.774735436709512E-11i;-2.3900720546742226E-7+1.546898600480782E-10i;-2.032560416970235E-7;1.4194924071682153E-7+1.6883011439404326E-17i;-1.9645815837393867E-7-2.3915807576792745E-17i;2.5985842419543485E-7+5.708601551377835E-17i;2.958905888242585E-7;-7.187963069322026E-8;-2.764731506803367E-7-2.901395906998499E-17i;-1.61596171097897E-7;-1.0471196964636905E-7;3.157116265412593E-8;-3.417433964149089E-7-3.608865564526311E-17i;-2.263180089729484E-7+7.286324947388171E-17i;-2.809146479055713E-8+5.3340600621455196E-17i;-1.8818855591678129E-7+1.1322737044188437E-15i;-2.7027577018412E-7-1.0346465597343371E-16i;-4.4133540871169696E-8+1.1882508299220557E-16i;2.2000685735070224E-7+5.038349646899703E-16i;2.3213565875594687E-7+1.638821003066161E-16i;2.0968267418049427E-7+1.6373424313391575E-15i
-8.935718530703753E-8-3.0417557332482166E-11i;3.12625993406092E-7-1.3586543697408796E-10i;1.9833831697107343E-7-1.4761125727437877E-10i;1.2177233161932015E-7-4.063065651492647E-13i;2.0631932129882108E-7+8.982740230777493E-12i;-2.224683391744517E-7+1.4567815788740386E-10i;-1.9150996392721742E-7;1.2711924166572723E-7+1.562694935766309E-17i;-1.750991057839928E-7-1.7704348637732505E-17i;2.3990104507585276E-7+5.225721334591079E-17i;2.1432867541856117E-7;-4.306898637543997E-8;-2.453913169482509E-7;-1.20986861480454E-7-2.3100431964284724E-17i;-7.764477200926927E-8;2.082700513694221E-8+9.09245928189277E-18i;-2.607248832912541E-7-3.6911498488054447E-17i;-1.1071536405855846E-7;1.5823722218040168E-8+6.62965637882984E-17i;-1.8321672752259821E-7+1.3742085936787161E-15i;-2.2115406296749849E-7-6.596130046165017E-17i;-3.4241239589206443E-8+4.051291006959147E-17i;1.2396109224062E-7+2.6551591275063405E-16i;1.1795126177257511E-7+1.3065239433159643E-16i;1.9728268584810503E-7+1.6570099547680227E-15i
-6.743608063990508E-8-2.7885434586732548E-11i;3.0065054539597986E-7-1.208435206299329E-10i;1.8364702395010657E-7-1.357838769331319E-10i;9.964143146391735E-8-3.0902340283530907E-12i;2.0473312114978327E-7-9.78187388502753E-12i;-2.059294728530639E-7+1.3666645570959304E-10i;-1.8121677724296165E-7;1.123924575445442E-7+1.4175966601224512E-17i;-1.5459671829328214E-7-1.6241112279553103E-17i;2.2287298519881408E-7+4.7453704626134434E-17i;1.3377564340953751E-7+1.3663335943567496E-17i;-1.3970281584883346E-8+4.188481634071095E-18i;-2.1662032437834995E-7-2.1785735200203976E-17i;-8.074908308999766E-8-2.0364544044056766E-17i;-5.097057347023597E-8;1.098055203703951E-8-4.991330753266755E-18i;-1.8100868478325247E-7-3.632945833532539E-17i;-1.6160924613468508E-9-5.087744201336177E-17i;5.81210615002435E-8+9.280548886202006E-17i;-1.8415721571527516E-7+1.6291226814215591E-15i;-1.7722832768471332E-7-3.692564079162809E-17i;-2.4725266817104143E-8-3.794260386899837E-17i;3.253031581797364E-8+5.953711367865335E-17i;6.919414918571226E-9+1.11987738724437E-16i;1.9162110753677448E-7+1.7287834738676251E-15i
-4.551497596337642E-8-2.5353311851801634E-11i;2.886750974357291E-7-1.0582160429245906E-10i;1.6895573096892824E-7-1.2395649662662545E-10i;7.751053131495068E-8-5.774161485193632E-12i;2.0314692095482706E-7-2.854648797616538E-11i;-1.8939060648959415E-7+1.2765475350633875E-10i;-1.723025495016498E-7;9.767315289722772E-8+1.27376588164118E-17i;-1.3445191067631892E-7;2.0831197549683745E-7+4.198002044205437E-17i;5.5977291741046615E-8+5.8329770420720784E-18i;1.4691463304298622E-8+8.377489254655399E-18i;-1.8876880358865985E-7;-4.119634138222144E-8-1.846953239720187E-17i;-2.4827364076361223E-8+7.245014749798863E-18i;2.5567042801680485E-9+9.896274333524763E-18i;-1.0176345835391473E-7-2.3164672651371854E-17i;9.23388358662229E-8-1.0040160984692648E-16i;9.401783723038733E-8+1.1327714512295416E-16i;-1.8859163414667677E-7+1.884611675175468E-15i;-1.3714213434160996E-7;-1.5329564626524134E-8-1.1546139992166629E-16i;-4.812658715475558E-8-1.3950735200205032E-16i;-9.292201781868778E-8+8.725183165812429E-17i;1.8865814629961426E-7+1.8212169892776856E-15i
-2.359387127653626E-8-2.2821189124867893E-11i;2.76699649518865E-7-9.079968796384437E-11i;1.5426443802848295E-7-1.1212911635635662E-10i;5.537963117380588E-8-8.458088939299643E-12i;2.0156072072004305E-7-4.7311102049424674E-11i;-1.7285174008392908E-7+1.1864305127968328E-10i;-1.6471656727980574E-7;8.289776425992995E-8+1.1519201014158136E-17i;-1.1433980600278081E-7;1.9595272917440242E-7+3.7960029983657833E-17i;-1.688324067970838E-8;4.198164834266398E-8+1.0358297995750276E-17i;-1.6100240102060453E-7;-3.306073001833526E-9-1.1974072507140196E-17i;1.7273457592523537E-10+5.798182200399949E-18i;-3.912660088797742E-9-1.2933517873888323E-18i;-2.455576714286403E-8-1.7842478606299197E-17i;1.6220914376746493E-7-1.3169007604541776E-16i;1.1892618082477343E-7+1.3324269755212197E-16i;-1.9483983958732128E-7+2.0683119477944742E-15i;-1.0132868462414573E-7+1.85131391885645E-17i;-6.2080288148492975E-9-1.6812785423394915E-16i;-1.1042049166292242E-7-2.7110170121392943E-16i;-1.7074079808980652E-7+7.617784743289934E-17i;1.8624810276457849E-7+1.8765142531916597E-15i
-1.6727665782744674E-9-2.0289066404163283E-11i;2.6472420163898455E-7-7.57777716453595E-11i;1.395731451294125E-7-1.0030173612310278E-10i;3.3248731042006904E-8-1.1142016392709961E-11i;1.999745204512624E-7-6.607571610989525E-11i;-1.563128736362583E-7+1.0963134903124857E-10i;-1.5842541260825423E-7;6.803001264196757E-8+1.0366458052861774E-17i;-9.406925385101859E-8;1.8566415585772176E-7+3.437367825317554E-17i;-8.242051752694077E-8;6.686130378890654E-8+1.3587445378035857E-17i;-1.328698978530559E-7;3.1550538594322217E-8;2.3142472982821095E-8+4.026279741036602E-18i;-8.033320465971612E-9-2.8420958266621486E-18i;4.7654862410649244E-8-1.2646739011749208E-17i;2.0095631304492534E-7-1.5434591314048993E-16i;1.2933706949669094E-7+1.529699535502451E-16i;-2.016677604864145E-7+2.1734711228536905E-15i;-7.077190111632558E-8+2.426757173004683E-17i;2.284275415624123E-9-2.0952766138482195E-16i;-1.477911143014504E-7-3.534060675235541E-16i;-2.1672633707505758E-7+6.84499044583855E-17i;1.834517492417539E-7+1.911016584526631E-15i
2.0248338132643535E-8-1.7756943688115882E-11i;2.5274875379085594E-7-6.075585533669138E-11i;1.248818522726331E-7-8.847435592761768E-11i;1.111783092110592E-8-1.382594384670462E-11i;1.983883201532386E-7-8.484033016137654E-11i;-1.397740071464957E-7+1.0061964676142023E-10i;-1.5340815568204006E-7;5.3056298896284046E-8+8.905687167212916E-18i;-7.355039874232491E-8;1.774009106089729E-7+3.138198002272178E-17i;-1.3826756962522027E-7;8.82875161639813E-8+1.4084567389796525E-17i;-1.0418016031248732E-7;6.184557682796001E-8;4.308747869917107E-8;-9.649847708583438E-9-1.060939898733861E-17i;1.1129458085953091E-7;2.0508728267200913E-7-1.4930556531503578E-16i;1.2350844368606375E-7+1.6254232638253445E-16i;-2.0814409362387347E-7+2.164523000430137E-15i;-4.620557912011073E-8+1.914445147466709E-17i;9.722659677375142E-9-2.1003691930413756E-16i;-1.5652712468279822E-7-3.576245833818197E-16i;-2.248960674178258E-7+7.646939120347264E-17i;1.801485304292432E-7+1.8784783836617058E-15i
4.216944285768857E-8-1.52248209760246E-11i;2.4077330597024684E-7-4.573393903741045E-11i;1.1019055945936288E-7-7.664697577001843E-11i;-1.101306918723098E-8-1.6509871302696037E-11i;1.9680211982974622E-7-1.0360494420710136E-10i;-1.2323514061422727E-7+9.160794447021411E-11i;-1.4965233652465144E-7;3.798121396111408E-8+7.342922850213097E-18i;-5.27670811747838E-8;1.7116638907414883E-7+2.892729895466263E-17i;-1.8227606940986288E-7;1.0530748987261752E-7+1.649576667714727E-17i;-7.491288682086181E-8;8.610117472334359E-8+1.5256760498863204E-17i;5.9043826656981624E-8;-8.892403701976E-9-2.239713697492921E-18i;1.6279932802824238E-7;1.7555121370338268E-7-1.3072167832841052E-16i;1.018428604591076E-7+1.702609873218831E-16i;-2.1356785928980395E-7+2.0570243996670313E-15i;-2.764644543335518E-8+1.479159147974657E-17i;1.570667544462979E-8-1.9739957447294683E-16i;-1.3679765169628137E-7-3.017306890538331E-16i;-1.9473801599517298E-7+8.937491953675795E-17i;1.767445687191777E-7+1.8114233423133795E-15i
6.409054759846242E-8-1.269269826744076E-11i;2.2879785817351663E-7-3.0712022748108783E-11i;9.549926669071581E-8-6.481959565171957E-11i;-3.3143969281323215E-8-1.9193798761388065E-11i;1.952159194840447E-7-1.2236955824962698E-10i;-1.0669627403914202E-7+8.259624215801828E-11i;-1.4715100998776482E-7;2.2823774706078718E-8+5.652993711184233E-18i;-3.1759322694642816E-8;1.6698545152319918E-7+2.6496200347591722E-17i;-2.126736696146852E-7;1.1713355735963643E-7+1.7599422858831386E-17i;-4.51672218339229E-8;1.0304568773896394E-7+1.743033593380916E-17i;7.017958369395257E-8;-6.18056705758371E-9;1.9906316596497043E-7;1.1785990982856748E-7-1.0553033588291386E-16i;6.692460209514295E-8+1.5554537842969854E-16i;-2.1742889595207564E-7+1.8666617391429878E-15i;-1.424578134447776E-8+8.018867916423988E-18i;1.992492194356785E-8-1.4219935925420288E-16i;-9.291152477892194E-8-1.984354446591428E-16i;-1.3168422999711232E-7+9.08685879658156E-17i;1.7389715034025896E-7+1.6822548197139837E-15i
8.601165235599929E-8-1.0160575562053999E-11i;2.1682241039604948E-7-1.5690106469858953E-11i;8.080797396618674E-8-5.2992215572537935E-11i;-5.5274869360002395E-8-2.187772622359397E-11i;1.936297191203712E-7-1.4113417229308194E-10i;-9.015740742251781E-8+7.358453982627978E-11i;-1.459010216334275E-7;7.612418081571349E-9+4.366597309576524E-18i;-1.0601572230688855E-8+7.589075577037285E-18i;1.6488554553840477E-7+2.5561857391138943E-17i;-2.2820038017462854E-7;1.2319255248981565E-7+2.101535663616554E-17i;-1.5101842009442367E-8+6.4829923092964506E-18i;1.1176274307874107E-7;7.59109093962763E-8;-2.193545881671184E-9+1.860572443940706E-17i;2.1780075224759745E-7+2.501841287415054E-17i;4.146536387243411E-8-7.9782627308452E-17i;2.3186045939456207E-8+1.2079617137745417E-16i;-2.1940544682228188E-7+1.6213706006579069E-15i;-4.3293003300188725E-9-1.5441978348039436E-18i;2.2091103605254025E-8-6.469505765403512E-17i;-3.2862165538666496E-8-6.804343506151526E-17i;-4.640534070113421E-8+9.55806233668255E-17i;1.721924792693674E-7+1.5391553151666664E-15i
1.0793275713086487E-7-7.628452859107844E-12i;2.0484696263322447E-7-6.681902009107563E-13i;6.611668128490632E-8-4.116483553133723E-11i;-7.740576942247602E-8-2.4561653689741582E-11i;1.9204351874288937E-7-1.598987863391044E-10i;-7.361854076585067E-8+6.457283747566529E-11i;-1.4590058271453674E-7;-7.61748480776327E-9+3.066263796996399E-18i;1.0608918542686721E-8+1.5375787640318766E-17i;1.648845934377114E-7+2.471201898598232E-17i;-2.281991578597619E-7;1.2319389846787923E-7+2.367426757503523E-17i;1.5074581318670805E-8+1.4413257493736406E-17i;1.1176406195140117E-7;7.590975197355035E-8+1.1944886525706926E-17i;2.2395041399942885E-9+4.1759647100290874E-17i;2.1780625159127375E-7+3.1435447946121635E-17i;-4.146120491466076E-8-4.533993176217137E-17i;-2.3629421305777737E-8+8.756277239953549E-17i;-2.1933047986486676E-7+1.3467031602277962E-15i;4.365767107247499E-9-7.346621501701088E-18i;2.2111850782819682E-8+2.511482721819771E-17i;3.286664776397598E-8+7.161548215100866E-17i;4.66967979869258E-8+9.486666279646948E-17i;1.720496942207108E-7+1.3942614388457644E-15i
1.2985386192350223E-7-5.096330157796835E-12i;1.9287151488041528E-7+1.4353726059343065E-11i;5.1425388645777817E-8-2.933745552696335E-11i;-9.95366694680778E-8-2.7245581160211784E-11i;1.9045731835572569E-7-1.786634003900754E-10i;-5.7079674070814106E-8+5.556113510683537E-11i;-1.471501498872424E-7;-2.2828762669603257E-8;3.1766389335451096E-8+2.0008865164734037E-17i;1.6698053367871573E-7+2.402223803900302E-17i;-2.1267189581589737E-7;1.171396174811668E-7+2.295803312407457E-17i;4.514046752247595E-8+1.8244738529091776E-17i;1.0304364832830237E-7;7.017902136044275E-8+1.2429322876464325E-17i;6.224632137253106E-9+4.6702453003808626E-17i;1.9907862103222966E-7+3.644901568437801E-17i;-1.1785170747274982E-7;-6.73638616766691E-8+6.989998620705E-17i;-2.1722042016015257E-7+1.0717444201780965E-15i;1.427917075128711E-8-1.360681290364439E-17i;1.9982503166204267E-8+1.0195795177768994E-16i;9.290433974982367E-8+2.191710835215602E-16i;1.3197497614149715E-7+1.0767239481450432E-16i;1.7346998760261448E-7+1.273995410981329E-15i
1.5177496673441992E-7-2.5642074567534747E-12i;1.8089606713289403E-7+2.937564231339297E-11i;3.673409604772409E-8-1.751007555839382E-11i;-1.2166756949605328E-7-2.992950863588335E-11i;1.8887111796301913E-7-1.9742801444748942E-10i;-4.0540807339080636E-8+4.654943272031064E-11i;-1.496506342676701E-7;-3.7986379687543974E-8;5.277423086132531E-8+2.2229571453574727E-17i;1.7115911115815596E-7+2.3959152481638412E-17i;-1.8227328221176927E-7-2.079964416849671E-17i;1.0532033541530365E-7+2.1061107992587252E-17i;7.489180870939777E-8+1.9958361658779907E-17i;8.6096969000088E-8;5.9035313408705444E-8+8.229467764998005E-18i;8.92498607979894E-9+4.0973256027735737E-17i;1.628224387286842E-7+3.3280340809651786E-17i;-1.7555052967221858E-7+2.5750315603573294E-17i;-1.0228641519436463E-7+6.143341877389849E-17i;-2.1324512269819184E-7+8.289803093625235E-16i;2.76684843600647E-8-2.6389491598519563E-17i;1.5803971772785193E-8+1.6233703263501974E-16i;1.3676716057980381E-7+3.2553157233150256E-16i;1.950527054085256E-7+1.132326807812581E-16i;1.7612992664995927E-7+1.2103104580889267E-15i
1.736960715642923E-7-3.2084755050713176E-14i;1.6892061938580403E-7+4.4397558562663784E-11i;2.204280349001983E-8-5.6826956246669155E-12i;-1.4379846950546448E-7-3.2613436117320407E-11i;1.872849175689942E-7-2.1619262851250311E-10i;-2.400194057205625E-8+3.753773031644028E-11i;-1.534060282218849E-7;-5.3061283391575776E-8;7.35574118849027E-8+2.4394802714654428E-17i;1.7739142198694913E-7+2.4086117190349735E-17i;-1.3826356183306045E-7-1.92341643042371E-17i;8.829956569886564E-8+1.8202607352839392E-17i;1.041616104502097E-7+2.185548758209452E-17i;6.184334626813386E-8+6.306610064542958E-18i;4.30865604524044E-8+5.3805302980297E-18i;9.678241355811102E-9+3.3705952042047317E-17i;1.1131774190499543E-7+2.3531264899047816E-17i;-2.050913815158577E-7+4.341644693322941E-17i;-1.2393883336075042E-7+4.715030545434934E-17i;-2.0776168585004375E-7+6.617250666617959E-16i;4.621884888278238E-8-3.018664847032969E-17i;9.793498460612699E-9+2.039443716023054E-16i;1.5649835428641137E-7+3.7972914873915816E-16i;2.2521573295965165E-7+1.113436387480705E-16i;1.7942273932876465E-7+1.1956933626656084E-15i
1.9561717641399162E-7+2.5000379481047543E-12i;1.569451716339944E-7+5.941947480844123E-11i;7.351510972061465E-9+6.144684274745834E-12i;-1.659293694952558E-7-3.5297363605043605E-11i;1.856987171782773E-7-2.349572425889532E-10i;-7.463073771170766E-9+2.8526027896845855E-11i;-1.5842259323551105E-7;-6.803495644282627E-8;9.407723482953489E-8+2.569076277322613E-17i;1.8565359913490985E-7+2.4390907254973375E-17i;-8.24169981696245E-8-1.827772904730672E-17i;6.687345655468602E-8+1.3762211007623157E-17i;1.3285864636905453E-7+2.355407573894882E-17i;3.155298351502322E-8+8.781584601753939E-18i;2.3146127411247468E-8;8.052649776349186E-9+2.614250783508471E-17i;4.767615298974167E-8+1.6812716618680196E-17i;-2.009632298099108E-7+3.398789528555529E-17i;-1.2974842493123E-7+4.7800170197203944E-17i;-2.0126983406972718E-7+5.833225723515771E-16i;7.078087822542621E-8-2.3035807748047257E-17i;2.312349888281679E-9+2.0433155296623565E-16i;1.4776703339306131E-7+3.6800059510186073E-16i;2.1704646833332208E-7+1.1428517886745238E-16i;1.8274806828466808E-7+1.235762342786027E-15i
2.1753828128411622E-7+5.032160655475018E-12i;1.4496972387181182E-7+7.44413910521756E-11i;-7.339781506904306E-9+1.7972064140470457E-11i;-1.8806026946440268E-7-3.7981291100836725E-11i;1.841125167958952E-7-2.537218566785593E-10i;9.075793061964624E-9+1.9514325462446464E-11i;-1.6471301462134006E-7;-8.290267684917764E-8;1.1434874314044688E-7+2.71163461082594E-17i;1.959410679606638E-7+2.5160843635006292E-17i;-1.6880012240689183E-8-1.8015964132585297E-17i;4.1993931678308034E-8+9.168399175108002E-18i;1.6099930726676842E-7+2.3998753231381494E-17i;-3.298786587132589E-9+1.420943290600409E-17i;1.8081941090779253E-10-7.387102891928214E-18i;3.921204494142497E-9+1.0236277800920934E-17i;-2.453634109260627E-8+7.147936613549305E-18i;-1.6222232929944426E-7+2.2814667521165488E-17i;-1.1931784316556794E-7+6.46309278484593E-17i;-1.944756843627409E-7+6.124597009921598E-16i;1.0132942049037746E-7-1.1148225408025428E-17i;-6.242811859290832E-9+1.7639628355431437E-16i;1.104034604910139E-7+3.003597355542271E-16i;1.7105916502331626E-7+1.1173643016100345E-16i;1.8568663836035902E-7+1.3335807712216806E-15i
2.394593861755306E-7+7.564283368791062E-12i;1.3299427609302815E-7+8.946330729614951E-11i;-2.2031073947055836E-8+2.979944397274681E-11i;-2.101911694115816E-7-4.066521860673472E-11i;1.8252631642749767E-7-2.724864707837377E-10i;2.5614659926134696E-8+1.0502623015173295E-11i;-1.7229825309436425E-7;-9.767806730264956E-8;1.3446187966663985E-7+2.817095505817491E-17i;2.0829930851380112E-7+2.554901224201696E-17i;5.5980629559452756E-8-1.5128710841964374E-17i;1.4703522298504253E-8+3.0279593175224296E-18i;1.887746228835605E-7+2.3570347805561934E-17i;-4.1183909710082484E-8+1.5382938704351615E-17i;-2.4814810188477672E-8-1.2631264048906898E-17i;-2.5598735048005713E-9-9.486233486802953E-18i;-1.0174717365314405E-7;-9.236135756124911E-8-2.009805729678825E-17i;-9.439107750361137E-8+8.230570528839597E-17i;-1.8830528412616544E-7+7.254740945390283E-16i;1.3713243172982406E-7;-1.544653101052483E-8+1.2293677615473774E-16i;4.811945544075595E-8+1.6500993457234125E-16i;9.323555748481149E-8+1.0645747959964078E-16i;1.8834101614488066E-7+1.4524492876065933E-15i
2.6138049108977984E-7+1.0096406089522597E-11i;1.2101882829071602E-7+1.0448522353991784E-10i;-3.67223663474034E-8+4.162682377024824E-11i;-2.323220693348938E-7-4.33491461236466E-11i;1.8094011607951207E-7-2.912510849099754E-10i;4.215352682101924E-8+1.4909205566041391E-12i;-1.8121175157000396E-7;-1.1239741289429652E-7;1.5460776548907023E-7+3.0326930473789936E-17i;2.22859377585473E-7+2.6567848240957316E-17i;1.337795559529071E-7;-1.395876394510622E-8-3.532530860629235E-18i;2.1663531783959795E-7+2.3283385171685644E-17i;-8.073129588214866E-8+1.482525094007425E-17i;-5.095351772027161E-8-2.2355451515294958E-17i;-1.0995419253247987E-8-3.2885742981116787E-17i;-1.8099634993230294E-7-2.037911283588123E-17i;1.5827725957518974E-9-7.92155426447804E-17i;-5.847944277959974E-8+1.0942226695837896E-16i;-1.8398210945133723E-7+9.198637887644123E-16i;1.772071348355347E-7+3.2914773899261116E-17i;-2.4938196763760765E-8+5.825441115018749E-17i;-3.2525993385848704E-8-1.0710821172017897E-17i;-6.6126279873976055E-9+1.008835778475396E-16i;1.916198027250124E-7+1.6105670566903007E-15i
2.8330159602919603E-7+1.2628528818405449E-11i;1.0904338045709839E-7+1.1950713978378808E-10i;-5.141365870549646E-8+5.345420353134443E-11i;-2.544529692317872E-7-4.603307365303311E-11i;1.7935391575932233E-7-3.100156990638883E-10i;5.869239374749237E-8-7.520781911904007E-12i;-1.9150422728696928E-7;-1.2712430073645123E-7;1.7511127061394217E-7+3.208973065967195E-17i;2.3988651309493494E-7+2.887057536009888E-17i;2.1433362270502387E-7;-4.305829776255049E-8-8.274274817692446E-18i;2.4541549730698206E-7;-1.209635028084756E-7;-7.76231015233807E-8-2.4013291646536178E-17i;-2.0853222749727013E-8-5.137820352785948E-17i;-2.6071698126979744E-7-3.9187927964169453E-17i;1.1067080513348075E-7-1.3557861731649964E-16i;-1.6173802206661857E-8+1.3689839808904523E-16i;-1.8317223342153724E-7+1.1892569885933315E-15i;2.2112102398854297E-7+5.742793682351582E-17i;-3.4559373507130135E-8-1.1575348010273177E-17i;-1.2394449347987784E-7-2.1483804834973122E-16i;-1.1764940843079644E-7+9.247230773373146E-17i;1.9763361344254396E-7+1.81211842869979E-15i
3.05222700992951E-7+1.5160651554881957E-11i;9.706793258640791E-8+1.345290560279954E-10i;-6.610495102256619E-8+6.52815832565942E-11i;-2.7658386910282727E-7-4.87170011950296E-11i;1.7776771547312495E-7-3.287803132519027E-10i;7.523126070383985E-8-1.6532484388179236E-11i;-2.032496073966802E-7;-1.4195449247030248E-7;1.9647153164939407E-7+3.436686934535201E-17i;2.5984293037254205E-7+3.068531494325484E-17i;2.9589687480402224E-7;-7.186991513693643E-8-1.5188713775151817E-17i;2.7650659380357307E-7;-1.6156695299984443E-7;-1.0468545358919751E-7-3.043833433476381E-17i;-3.1608634495636635E-8-7.525150855349444E-17i;-3.4174028408244904E-7-6.143561417816403E-17i;2.262616866245398E-7-2.0809769102598832E-16i;2.7738422023889713E-8+1.779244613453958E-16i;-1.8827946443887824E-7+1.5063149048116223E-15i;2.7023063061003367E-7+8.150203297393072E-17i;-4.456510303244593E-8-9.721331093167789E-17i;-2.1997752988064554E-7-4.268930956937531E-16i;-2.318297340298951E-7+8.637366495543868E-17i;2.103956841965127E-7+2.0690358667284843E-15i
-1.182236291007046E-7-3.237980525118862E-11i;3.27819697701356E-7-1.5323458762381424E-10i;1.984196420874114E-7-1.4520821390483103E-10i;1.5313128668425945E-7+2.471564294791663E-12i;2.128850206933294E-7+2.4908753717444492E-11i;-2.2654934122021561E-7+1.504168223165458E-10i;-2.2815486320194666E-7;1.1464490012844062E-7+1.4178896782727222E-17i;-2.294455825262423E-7-2.3939969661382945E-17i;2.2391871002028627E-7+5.364086711766106E-17i;2.865591326924105E-7;-5.3973193049154276E-8+7.756308189379942E-18i;-2.4360977390133085E-7;-2.28108324930144E-7-4.6705269614037636E-17i;-8.584760040117563E-8+1.4680334282865012E-17i;-7.674059824920735E-8;-3.094825070100117E-7-3.3802530224715536E-17i;-2.4768365067215814E-7+7.138842079175705E-17i;-2.2506062090465646E-9+5.1588275943919405E-17i;-2.1691903653473117E-7+1.4918438329964837E-15i;-2.9048429878804665E-7-1.0563744390359686E-16i;6.171384995479734E-8+5.226273984672798E-17i;2.391458595960769E-7+3.7796376779115085E-16i;1.9663841158156374E-7+9.355452633462829E-17i;1.0597208021542567E-7+7.760649706697103E-16i
-9.63025244645083E-8-2.9847682561459825E-11i;3.158442498666462E-7-1.3821267127208695E-10i;1.8372834904459195E-7-1.3338083352939083E-10i;1.3100038648832664E-7-2.1236310580780253E-13i;2.1129882037661825E-7+6.144139742268659E-12i;-2.1001047488702673E-7+1.4140512008774743E-10i;-2.1599957486912247E-7;1.026567489013344E-7+1.3077241254281674E-17i;-2.0467952710012325E-7-2.3751174248124335E-17i;2.0727818214976478E-7+4.797085061200269E-17i;2.0563148460213701E-7+2.111228988337922E-17i;-3.0884546476892046E-8+4.863872582979977E-18i;-2.1637694308591427E-7;-1.784941140113087E-7-3.920501855749855E-17i;-5.570258486771714E-8+7.756390773262495E-18i;-7.471055588238293E-8-2.6511099467910932E-17i;-2.3699048775661168E-7-3.5875281608808855E-17i;-1.2986217373163616E-7+2.2430565303187918E-17i;3.076724722984036E-8+7.692430861283092E-17i;-2.0902670053760793E-7+1.6222373595223483E-15i;-2.4196399018070913E-7-7.1430345889572E-17i;4.6047542800748866E-8-1.7778110403167134E-17i;1.2829633775791609E-7+1.826662579395061E-16i;9.586112435912161E-8+7.886665071407401E-17i;1.0062325218076307E-7+8.271090053034191E-16i
-7.43814198223639E-8-2.7315559879881496E-11i;3.038688020643746E-7-1.2319075492311105E-10i;1.6903705602816734E-7-1.2155345317855167E-10i;1.0886948629656002E-7-2.8962905018602697E-12i;2.0971262002993935E-7-1.2620474214490574E-11i;-1.9347160852611557E-7+1.3239341784297332E-10i;-2.053827380022779E-7;9.075516074793676E-8+1.1666659482118237E-17i;-1.8086500536270863E-7;1.9314233731033074E-7+4.393059251332285E-17i;1.2559314359738793E-7+1.481162109003868E-17i;-7.504901445466836E-9+1.0241617527670675E-17i;-1.9114817585875955E-7;-1.3011336648485238E-7-3.673049283163225E-17i;-2.5187073114473584E-8+1.539242464701418E-17i;-7.323818001822022E-8;-1.6577806571921918E-7-3.452487244311306E-17i;-1.8875831315069822E-8-6.325160835647691E-17i;6.28222547240193E-8+9.674180719782962E-17i;-2.077830389235657E-7+1.8245887326387572E-15i;-1.9900892566411809E-7-3.249184724841598E-17i;3.031898993776546E-8-1.0218967819725347E-16i;2.249963303623032E-8-5.905788327891602E-17i;-2.3534578803515897E-9+5.53858485133659E-17i;9.837906377216196E-8+9.332878705887563E-16i
-5.2460315171501E-8-2.4783437208512723E-11i;2.918933543087588E-7-1.081688385810528E-10i;1.5434576305026586E-7-1.0972607286234694E-10i;8.6738586110725E-8-5.580217891795324E-12i;2.0812641964041422E-7-3.13850881488844E-11i;-1.7693274212456395E-7+1.233817155746463E-10i;-1.9621433464787396E-7;7.886239284636112E-8+1.0904931163039522E-17i;-1.5741982106056122E-7;1.8110232084275265E-7+3.912862960316512E-17i;4.8215462685870986E-8+1.1143194537981916E-17i;1.5563950130416776E-8+7.827051067892451E-18i;-1.6669265224921666E-7;-8.308066504334926E-8-3.563202861724196E-17i;5.257731770560605E-9+1.2742228513126258E-17i;-7.088693336226736E-8-2.311657513262233E-17i;-9.505695944796127E-8-2.796731256626839E-17i;7.690227310797545E-8-1.0047526107795952E-16i;8.98240583690278E-8+1.142462605011324E-16i;-2.1050976650433707E-7+1.9986742326728546E-15i;-1.5960044936733986E-7;1.4131130330187157E-8-1.552515880536246E-16i;-7.069735842663127E-8-2.2454020574829695E-16i;-9.063694982439966E-8+3.9328705617615764E-17i;9.699832669842573E-8+9.911210823949184E-16i
-3.0539210511434206E-8-2.2251314544893706E-11i;2.799179065928749E-7-9.31469222477985E-11i;1.396544701112054E-7-9.789869258166806E-11i;6.460768593189919E-8-8.26414527892506E-12i;2.0654021921470239E-7-5.014970206798005E-11i;-1.603938756829638E-7+1.1437001328527667E-10i;-1.8843096050346068E-7;6.692696058120309E-8+9.89564536300104E-18i;-1.339659214809918E-7-1.4120534389732133E-17i;1.709168253420021E-7+3.4894741146291546E-17i;-2.4301946032664162E-8+7.39801188788128E-18i;3.755430562705292E-8+4.960221443633034E-18i;-1.422700540492604E-7-1.5009245934094832E-17i;-3.836302654390119E-8-2.9543881787894865E-17i;3.471375821670201E-8+6.898207946117419E-18i;-6.663873241609346E-8-4.5507076847772104E-17i;-2.6193175593010858E-8-2.3943692398654394E-17i;1.4868384867832028E-7-1.2170348878586467E-16i;1.0794963701324456E-7+1.3051681443948857E-16i;-2.1539743438419968E-7+2.121628021302142E-15i;-1.236482509144162E-7+2.5502933641246582E-17i;-2.1889243210565323E-9-1.9100071271065006E-16i;-1.422133099599679E-7-3.308452444546854E-16i;-1.5921450787753283E-7+2.831284194670936E-17i;9.528038269160387E-8+1.0371815644614562E-15i
-8.6181058414225E-9-1.9719191886828402E-11i;2.6794245891005625E-7-7.812500592496462E-11i;1.2496317721118354E-7-8.607131233725542E-11i;4.247678576134643E-8-1.0948072665784873E-11i;2.0495401875905834E-7-6.891431597677584E-11i;-1.4385500920206508E-7+1.0535831097652795E-10i;-1.8198913032917042E-7;5.491935608794637E-8+8.811018805062647E-18i;-1.1028252519798255E-7;1.624602947175119E-7+3.1895578085263344E-17i;-8.956306391910677E-8;5.761747863300045E-8+9.064363590063445E-18i;-1.1748020465230574E-7;2.565459463322759E-9-1.7292387048131258E-17i;6.198764876140266E-8+6.47574998400876E-18i;-5.986610385947879E-8-2.6294164709246815E-17i;3.8193686768090896E-8-1.5182420934897362E-17i;1.895097390499207E-7-1.5818351821091844E-16i;1.1431197786934351E-7+1.4913876249359957E-16i;-2.2114799556330542E-7+2.208898705756453E-15i;-9.17656515153388E-8+3.005022217626624E-17i;-1.789956890866226E-8-2.2497191560807266E-16i;-1.842588779370647E-7-4.081218569036973E-16i;-1.9927090484368037E-7+2.0409396672111843E-17i;9.278537851797981E-8+1.07578743175605E-15i
1.330299883958699E-8-1.7187069233314104E-11i;2.5596701125498206E-7-6.310308961160463E-11i;1.1027188435085803E-7-7.424393212925969E-11i;2.0345885600469755E-8-1.363200005344916E-11i;2.033678182783383E-7-8.767892987901906E-11i;-1.2731614268207298E-7+9.634660864910175E-11i;-1.7686001983185123E-7;4.2828359766408874E-8+7.914196482277739E-18i;-8.626887681352496E-8;1.5568209923845062E-7+2.948798726042178E-17i;-1.4519419429459685E-7;7.490458803960059E-8+9.637030760548262E-18i;-9.215619655090829E-8;3.801557221165728E-8-7.312976811585651E-18i;8.579114029563841E-8;-5.032922603652178E-8-2.0889495576920112E-17i;9.492823757855254E-8;1.9591638832853406E-7-1.6132910567206207E-16i;1.0749012999975762E-7+1.6160155471461908E-16i;-2.2679505156008769E-7+2.2007604975188784E-15i;-6.449829537910747E-8+2.824082894814564E-17i;-3.2063679964280884E-8-2.1681805182823738E-16i;-1.924412442050086E-7-3.9684347016321983E-16i;-2.0544375023816043E-7+2.4271640132764044E-17i;8.964144587611351E-8+1.0536264184148712E-15i
3.522410353303361E-8-1.4654946583637E-11i;2.439915636234814E-7-4.808117330751118E-11i;9.558059153127475E-8-6.241655195775126E-11i;-1.7850145491245636E-9-1.6315927443069766E-11i;2.0178161777623946E-7-1.0644354377772875E-10i;-1.1077727612277369E-7+8.73349063033221E-11i;-1.7302525649747344E-7;3.065760556057141E-8+7.004060129724962E-18i;-6.191511280871126E-8;1.5057566332310168E-7+2.7347075884394715E-17i;-1.8904315797853595E-7;8.864113813064892E-8+1.0997015034732052E-17i;-6.629140211381014E-8;6.633095008872117E-8;1.0489638526707019E-7;-3.8161886378162734E-8-1.113438672373882E-17i;1.408296828186813E-7;1.6884586552504088E-7-1.4475426517962467E-16i;8.781741442972703E-8+1.587640570352432E-16i;-2.3161527513100462E-7+2.104400942299204E-15i;-4.18943075393084E-8+2.6014208917813936E-17i;-4.371647500645641E-8-1.7027277012235866E-16i;-1.6697731308546975E-7-3.0686780288172333E-16i;-1.7729080673517492E-7+2.95975392105543E-17i;8.635483504558795E-8+9.841513085734713E-16i
5.7145208240338717E-8-1.2122823937124718E-11i;2.3201611601180536E-7-3.3059257012401264E-11i;8.088929875334938E-8-5.058917182379605E-11i;-2.3915914685930192E-8-1.8999854835305095E-11i;2.001954172561487E-7-1.2520815767565207E-10i;-9.423840952406999E-8+7.832320393953343E-11i;-1.704737700088851E-7;1.8421725287240707E-8+5.779586004093908E-18i;-3.727454611493132E-8;1.4715517391110513E-7+2.49480570919889E-17i;-2.1933648130382585E-7;9.818369283897898E-8+1.2309130106409695E-17i;-3.997703272302821E-8;8.608675825558366E-8+1.0233917765955307E-17i;1.1826771178836358E-7;-2.383554895099286E-8;1.731354959440146E-7;1.1376336090098498E-7-1.1893011870278477E-16i;5.738092410448577E-8+1.5574726979872635E-16i;-2.3509105233875095E-7+1.9375888754180365E-15i;-2.3315183871835527E-8+1.4080637940183117E-17i;-5.201894073761955E-8-1.0174053935330748E-16i;-1.1297767033914755E-7-1.6115127472396878E-16i;-1.1966060082318554E-7+4.391374352598358E-17i;8.358863620275558E-8+8.839532642433074E-16i
7.906631296242764E-8-9.590701293687615E-12i;2.2004066841573E-7-1.8037340727654702E-11i;6.61980060168761E-8-3.8761791727894715E-11i;-4.604681480889944E-8-2.1683782231083262E-11i;1.9860921672206268E-7-1.439727715767478E-10i;-7.769954288696415E-8+6.931150155890257E-11i;-1.691992277659091E-7;6.143500638461668E-9+4.72654198904449E-18i;-1.2444216984782393E-8+3.488134526540315E-18i;1.4543811236784673E-7+2.304465242307802E-17i;-2.3481040972294606E-7;1.0307697268264701E-7+1.4241903408924303E-17i;-1.3367888218931438E-8;9.623833367901979E-8+1.809047553981844E-17i;1.2514801891367304E-7;-8.095224615857836E-9+1.1605287903713269E-17i;1.8983067592614271E-7+2.0220295039886448E-17i;4.009592211590774E-8-9.345663369192429E-17i;1.980553356982083E-8+1.428193727219062E-16i;-2.3688033346335704E-7+1.7195663749818843E-15i;-7.454851731590484E-9-3.1461166533750128E-18i;-5.631531937714354E-8-2.114500059742904E-17i;-3.9882149872659615E-8+1.5621853066156336E-17i;-4.217656168498158E-8+5.118034473125307E-17i;8.196266236916283E-8+7.608110929942275E-16i
1.0098741769978901E-7-7.0585786524267375E-12i;2.0806522083074764E-7-3.0154244525329836E-12i;5.150671332084052E-8-2.6934411668396726E-11i;-6.817771491734295E-8-2.436770963098473E-11i;1.9702301617805658E-7-1.6273738548237703E-10i;-6.116067621307772E-8+6.029979916204571E-11i;-1.6919889372807857E-7;-6.1491871560333944E-9+3.68032138586524E-18i;1.2450139262924081E-8+1.3783633741553778E-17i;1.4543664092931621E-7+2.1963141069422752E-17i;-2.348101827001112E-7;1.0308050838991634E-7+1.7079217331740003E-17i;1.3339251398327292E-8+8.904760733429039E-18i;9.62386509425558E-8;1.2514544099602036E-7;8.133859016898142E-9+4.225298826834288E-17i;1.8984075508818822E-7+2.762614152143737E-17i;-4.008440170612525E-8-6.277259739825273E-17i;-2.026808435681425E-8+1.0354097524012477E-16i;-2.3681701707477888E-7+1.4883384695489628E-15i;7.431154171333179E-9-6.209161199923613E-18i;-5.6282657490743085E-8+9.54177341466238E-17i;3.9919628554058925E-8+1.759316770638598E-16i;4.230301067800735E-8+5.0403543296423363E-17i;8.184074545743296E-8+6.22424319153535E-16i
1.229085224527094E-7-4.526456012718974E-12i;1.9608977325226677E-7+1.2006491814588592E-11i;3.681542066385864E-8-1.510703164415088E-11i;-9.030861501075029E-8-2.7051637035156796E-11i;1.9543681562819941E-7-1.8150199939504134E-10i;-4.462180950430038E-8+5.128809675002496E-11i;-1.7047243336546486E-7;-1.8427430756933617E-8+2.8766504376237176E-18i;3.727907083424108E-8+1.819758399279123E-17i;1.471531175600284E-7+2.130659743258695E-17i;-2.1933342826541953E-7;9.819542179171361E-8+1.6512066460146203E-17i;3.994862945676983E-8+1.2728570132724496E-17i;8.608849950695293E-8;1.1825260023318336E-7+1.1986876012193409E-17i;2.3867171899628885E-8+5.1873086220129983E-17i;1.7316592031506301E-7+2.965537319078594E-17i;-1.1377827211743518E-7-2.6555083447274586E-17i;-5.7855450477678145E-8+8.4408238400334E-17i;-2.349111503802833E-7+1.248543630458627E-15i;2.3277764504061408E-8-1.9019625672082817E-17i;-5.191080600923302E-8+1.8973335279829093E-16i;1.1301464758713942E-7+3.4334847519312994E-16i;1.1982388761084847E-7+5.564803939253994E-17i;8.328262284554104E-8+5.13657926273751E-16i
1.4482962722161204E-7-1.9943333731485056E-12i;1.8411432567571258E-7+2.702840807590583E-11i;2.2124128044744368E-8-3.279651653942244E-12i;-1.124395150884813E-7-2.973556444451256E-11i;1.9385061507654326E-7-2.0026661331623828E-10i;-2.8082942762380424E-8+4.22763943232449E-11i;-1.7302377656685952E-7;-3.066338159249124E-8;6.192046390632114E-8+2.0718512806865805E-17i;1.5056961997113222E-7+2.1002037935538832E-17i;-1.890408804129405E-7-1.9693290708503637E-17i;8.865230722852165E-8+1.5576586496531473E-17i;6.626835339205155E-8+1.465987868218123E-17i;6.633301028206161E-8;1.0489029914514012E-7;3.8187887308185326E-8+5.169804238633262E-17i;1.408539686793649E-7+3.118366238470692E-17i;-1.688515404148649E-7;-8.828505025770679E-8+7.671228350361792E-17i;-2.313400168493557E-7+1.0380669877903309E-15i;4.1865477868763585E-8-2.8349708073081456E-17i;-4.362041113910028E-8+2.4316050867675757E-16i;1.669914772983767E-7+4.637565139676326E-16i;1.7745940622612743E-7+6.392163067761477E-17i;8.582634263441844E-8+4.677263440357779E-16i
1.66750732007518E-7+5.377892672170752E-13i;1.72138878096618E-7+4.2050324332481543E-11i;7.432835463027382E-9+8.547728303063287E-12i;-1.3457041514936644E-7-3.2419491859510934E-11i;1.9226441452687744E-7-2.190312272474207E-10i;-1.1544075988449622E-8+3.3264691882234804E-11i;-1.7685799750206147E-7;-4.283420847225827E-8;8.627537695482965E-8+2.2298210977269537E-17i;1.5567418190767811E-7+2.0421224148194452E-17i;-1.451905042055959E-7-2.1407126823852982E-17i;7.491525670741031E-8+1.3189717488288491E-17i;9.21400799715168E-8+1.543935570695326E-17i;3.801984088961074E-8+1.5213479428158792E-17i;8.578771474008263E-8;5.034951916934501E-8+4.51359260435884E-17i;9.49456369686473E-8+2.8820627826175696E-17i;-1.9592582273196748E-7+2.73476842785303E-17i;-1.079507375289942E-7+8.180283575540517E-17i;-2.2645509901186962E-7+8.838050396981586E-16i;6.447888084683386E-8-2.949605847190644E-17i;-3.198456872715737E-8+2.6685130847436046E-16i;1.9244534189487834E-7+5.1862567474802185E-16i;2.0562683644528742E-7+7.79417793602476E-17i;8.901267112565408E-8+4.7207433126431E-16i
1.8867183681110154E-7+3.0699119093616276E-12i;1.6016343051022435E-7+5.7072240585347217E-11i;-7.258457081998471E-9+2.0375108227194938E-11i;-1.5670131519253138E-7-3.510341928061531E-11i;1.9067821398350106E-7-2.377958411912117E-10i;4.994790816100542E-9+2.4252989427952433E-11i;-1.819866982893259E-7;-5.492516736442893E-8;1.1028996100641679E-7+2.5174932115731152E-17i;1.6245000980867986E-7+2.0180910470197885E-17i;-8.955837307353275E-8-2.0730530464164583E-17i;5.7627528895690166E-8+1.0134843205150195E-17i;1.1747050680343787E-7+1.8083649320320992E-17i;2.571013538532583E-9+1.2165282596171119E-17i;6.198911774094775E-8;5.988162817038624E-8+4.558765508985288E-17i;3.820416692758367E-8+2.501482364128325E-17i;-1.895196477316713E-7+2.4331648475373423E-17i;-1.1475980003912475E-7+7.79324588384868E-17i;-2.207867893213749E-7+8.089122234802551E-16i;9.175635582496546E-8-2.0843245439112016E-17i;-1.7862548025022317E-8+2.57972667969049E-16i;1.842496673952949E-7+4.80124660948254E-16i;1.99453956846686E-7+7.263550840036136E-17i;9.215745189873964E-8+4.897967083118041E-16i
2.1059294163299927E-7+5.602034555122834E-12i;1.4818798291134812E-7+7.209415683637935E-11i;-2.1949749591097886E-8+3.2202488119538634E-11i;-1.7883221521699444E-7-3.7787346709144097E-11i;1.8909201345102138E-7-2.5656045515024955E-10i;2.153365764976919E-8+1.5241286961637722E-11i;-1.8842810269329676E-7;-6.693271540587006E-8;1.3397422724361976E-7+2.827893508301952E-17i;1.7090455825433513E-7+2.0176973420891392E-17i;-2.429818130159115E-8-1.94241388611069E-17i;3.756415424420609E-8+7.700613876961693E-18i;1.4226750455865797E-7+1.9760682528780653E-17i;-3.835358266092845E-8+1.3166047095450851E-17i;3.472177630816727E-8-6.639041312223025E-18i;6.664787169170936E-8+4.109361438833625E-17i;-2.618694689237749E-8+1.453763696896518E-17i;-1.4869762828159544E-7;-1.083824423068672E-7+8.940579217681755E-17i;-2.1505823578011904E-7+8.214954731814646E-16i;1.236484061912238E-7;-2.2207084968321015E-9+2.0587632507741156E-16i;1.4219680640221357E-7+3.5745477912658533E-16i;1.5939290384312E-7+7.222752868908375E-17i;9.47637824712025E-8+5.813382366571604E-16i
2.3251404647424977E-7+8.134157206097923E-12i;1.3621253529425576E-7+8.711607308656291E-11i;-3.664104206423831E-8+4.4029867979749155E-11i;-2.00963115221328E-7-4.047127414678714E-11i;1.8750581293459436E-7-2.7532506912683795E-10i;3.80725245116441E-8+6.229584484640931E-12i;-1.9621093420003232E-7;-7.88681247744677E-8;1.574289887433008E-7+2.9524796777819704E-17i;1.810887890675436E-7+2.0551576152520266E-17i;4.821902929212894E-8-1.768383936021315E-17i;1.5573255460262138E-8+4.236650736636517E-18i;1.6669819652239018E-7+2.0265205833610514E-17i;-8.306607663082745E-8+1.3336151737267899E-17i;5.271064536680196E-9-1.1820431151683744E-17i;7.088778375788172E-8+2.893993002701291E-17i;-9.505620742445752E-8;-7.692293238078312E-8-4.2333672285613115E-17i;-9.024245252970803E-8+1.105333651446769E-16i;-2.1022846773836327E-7+9.097425166151901E-16i;1.59609060500134E-7;1.4010970118872946E-8+1.2553591600134696E-16i;7.06767394087046E-8+1.7016833577264914E-16i;9.080460263679835E-8+6.678220769464643E-17i;9.669197270854349E-8+6.979972624322046E-16i
2.5443515133637026E-7+1.0666279864532058E-11i;1.2423708765252128E-7+1.0213798933718922E-10i;-5.1332334500203085E-8+5.585724780664407E-11i;-2.230940152035327E-7-4.315520159535992E-11i;1.859196124400683E-7-2.9408968312473467E-10i;5.461139140171547E-8-2.782118001379957E-12i;-2.0537876861187895E-7;-9.076094542244688E-8;1.8087510061645348E-7+3.1205407238249345E-17i;1.931277540993117E-7+2.1247074058518046E-17i;1.2559708406860392E-7-1.6206748124547347E-17i;-7.496237872554923E-9;1.9116255197954523E-7+2.0610535816281078E-17i;-1.3009342643828294E-7;-2.5169158958655008E-8-1.888686715507475E-17i;7.323001686919716E-8+1.384017699661689E-17i;-1.6578414073947626E-7;1.8846917390175523E-8-9.554655014268985E-17i;-6.323140622248925E-8+1.3420425101635835E-16i;-2.0758699551516298E-7+1.0696208786892731E-15i;1.990252473630069E-7+3.3555676333043263E-17i;3.009621039040509E-8+2.3622082360081787E-17i;-2.252477216859129E-8-6.260100729471174E-17i;2.507782247315375E-9+6.084328337277088E-17i;9.834977918919551E-8+8.351139086993499E-16i
2.763562562217596E-7+1.319840253189077E-11i;1.1226163997880952E-7+1.1715990558856077E-10i;-6.602362689598226E-8+6.768462759773014E-11i;-2.452249151607715E-7-4.583912905665429E-11i;1.8433341197426566E-7-3.128542971497695E-10i;7.115025832140176E-8-1.179382049528227E-11i;-2.159950395026062E-7;-1.0266269127678726E-7;2.0469058541494354E-7+3.3388352097388566E-17i;2.072625550208366E-7+2.2291894714145366E-17i;2.0563611446827165E-7;-3.0876833259137384E-8-4.350887917693861E-18i;2.1640029450878105E-7;-1.7846848729650439E-7;-5.567991597638759E-8-2.2960334080541156E-17i;7.469364142407679E-8;-2.3700422067018173E-7-2.7634389254508492E-17i;1.2982411585990097E-7-1.6572778111487573E-16i;-3.1174651588153484E-8+1.59851965114124E-16i;-2.0893108692470852E-7+1.2865546357719707E-15i;2.419871399406346E-7+5.939969639869951E-17i;4.571162819596369E-8-8.509447308344486E-17i;-1.28324290768169E-7-3.2939574395954563E-16i;-9.572119472092179E-8+4.7032182411278285E-17i;1.0090262092996016E-7+9.896206895712278E-16i
2.9827736113009717E-7+1.573052520776932E-11i;1.0028619226762363E-7+1.32181821840091E-10i;-8.071491925171051E-8+7.9512007353083E-11i;-2.6735581509305127E-7-4.852305653057331E-11i;1.827472115430287E-7-3.316189112085797E-10i;8.768912526999132E-8-2.0805522995943494E-11i;-2.2814976461305622E-7;-1.1465115892092417E-7;2.2945766342917035E-7+3.6905681859304E-17i;2.2390201730683006E-7+2.4041264551995084E-17i;2.865646444334938E-7;-5.3966699023756954E-8-7.004465147037784E-18i;2.4364227386986267E-7;-2.280765656999381E-7;-8.581984778461813E-8-2.6998145338063514E-17i;7.671506411464009E-8-1.6125782232462506E-17i;-3.095048352227075E-7-4.787199648886504E-17i;2.4763550146766266E-7-2.508315282769605E-16i;1.832300148290527E-9+1.8976041786958333E-16i;-2.16926342499253E-7+1.5665235576895923E-15i;2.9051403835878644E-7+8.592632206042706E-17i;6.125583842730685E-8-2.0720826713854064E-16i;-2.3917557155950563E-7-6.126464527104634E-16i;-1.9650977297615316E-7+3.4390256731731236E-17i;1.0656767790509277E-7+1.1709633740731434E-15i
-1.2516896823650654E-7-3.180993040397275E-11i;3.3103795392104374E-7-1.555818219279153E-10i;1.8380967413923817E-7-1.3097779014065273E-10i;1.6235934158678527E-7+2.6655076784745224E-12i;2.1786452000054798E-7+2.2070153033699528E-11i;-2.140914769898123E-7+1.461437845883921E-10i;-2.478883676464219E-7;8.662330229563106E-8+1.1126988851947877E-17i;-2.5598153032804695E-7-2.9164296103441636E-17i;1.7765251225603091E-7+4.59515797532281E-17i;2.7870688272181215E-7+3.145342210488946E-17i;-3.82657373487192E-8+8.064271873571293E-18i;-1.96417099155237E-7;-2.856140277842385E-7-7.756328502053956E-17i;-6.658961241069452E-8+1.93766258315483E-17i;-1.7531589787856555E-7-4.342173571662715E-17i;-2.546566497073543E-7-3.553124263215141E-17i;-2.684146474147548E-7+1.2615312080560262E-16i;1.1724401950090574E-8+3.496908218632049E-17i;-2.0758461666456784E-7+1.4766997201462301E-15i;-2.679670007676607E-7-1.0366503465064656E-16i;1.6070666951115919E-7+4.0724031323498904E-17i;2.5075378486882865E-7+3.1673001340742696E-16i;1.5289546577210893E-7+1.5432033997996806E-17i;-2.4250771348883752E-8-3.552018309721098E-16i
-1.032478636250763E-7-2.92778077815536E-11i;3.1906250630941773E-7-1.4055990557404928E-10i;1.6911838110268477E-7-1.1915040975737393E-10i;1.4022844135344402E-7-1.8419651896194492E-14i;2.162783194713639E-7+3.3055392282553225E-12i;-1.9755261061365468E-7+1.3713208228904216E-10i;-2.3540244876274104E-7;7.755964633347763E-8+1.0252332568851115E-17i;-2.2846370564571253E-7;1.647584930048397E-7+4.2307176659157704E-17i;1.983001601072372E-7+2.7223018937146557E-17i;-2.0935323487004785E-8+1.1177050836598868E-17i;-1.7453623637015563E-7;-2.2851282474315894E-7-7.37292919163097E-17i;-3.416820251631713E-8+2.879368767362521E-17i;-1.617676215531496E-7-2.2445358298140197E-17i;-1.9552903159813166E-7-3.078387015579342E-17i;-1.4840254721131728E-7+3.515811703701362E-17i;3.505941349914858E-8+4.8233527244376406E-17i;-1.9896963199827293E-7+1.5864118313469762E-15i;-2.253900343578919E-7-5.2819196356059283E-17i;1.2130092538699543E-7-4.1382067500112657E-17i;1.2836638641604471E-7+6.716446518093582E-17i;7.164625025841108E-8;-2.0262564432390885E-8-2.276103999976897E-16i
-8.132675900791222E-8-2.6745685166734604E-11i;3.0708705872693596E-7-1.2553798922241127E-10i;1.544270880917196E-7-1.0732302939899294E-10i;1.1809754112412354E-7-2.702346977849719E-12i;2.1469211891515886E-7-1.545907456103352E-11i;-1.8101374421067658E-7+1.2812037997524572E-10i;-2.2452370889466617E-7;6.856258397416342E-8+9.420073556171682E-18i;-2.019775375939468E-7-2.1756779403811242E-17i;1.5384401068574357E-7+3.7570187592345965E-17i;1.1868322437702476E-7+2.3136639498336627E-17i;-3.3468064480815097E-9+6.648021387410783E-18i;-1.542581971017566E-7;-1.7340768092082033E-7-6.087997764752043E-17i;-6.91357501389907E-10+1.794886436998623E-17i;-1.5008091312660968E-7-4.9457534398721023E-17i;-1.3752246368884734E-7-3.3805927887582796E-17i;-3.5546092502063165E-8-2.5447892061407277E-17i;5.789678224516923E-8+7.487002206818341E-17i;-1.966363505130979E-7+1.6992857386869221E-15i;-1.8794475771740032E-7;8.21477316799408E-8-1.1449674855312574E-16i;1.13243294402357E-8-1.1972648231049514E-16i;-7.678734948794488E-9-1.6749855201144508E-17i;-1.767651632743675E-8-1.25282513813447E-16i
-5.940565438277973E-8-2.4213562561390706E-11i;2.9511161118662504E-7-1.1051607287799735E-10i;1.3973579511733373E-7-9.54956490744407E-11i;9.596664090023979E-8-5.386274298648852E-12i;2.1310591832031583E-7-3.4223688330927584E-11i;-1.6447487776924771E-7+1.191086776403131E-10i;-2.1514962273634644E-7;5.9573866969004816E-8+8.748425899701821E-18i;-1.758739188339841E-7;1.4457628734841125E-7+3.40952445191211E-17i;4.164795968398001E-8+1.3019107291026736E-17i;1.4032119210771532E-8+1.0638541541980587E-17i;-1.345856111790106E-7;-1.2023340930068345E-7-4.891838125207673E-17i;3.3136045556674425E-8+2.233717326364286E-17i;-1.3799370897278077E-7-1.9811739042430845E-17i;-7.996865780601188E-8-2.3224740502731038E-17i;6.203571710771135E-8-1.0124450858681957E-16i;7.698986769788213E-8+1.0069670320692327E-16i;-1.9806714103811596E-7+1.8436670174169956E-15i;-1.534787405937216E-7+1.900277074169154E-17i;4.222986624393036E-8-1.97140699573009E-16i;-9.166343841495909E-8-3.2552681066650317E-16i;-7.894345129982574E-8-2.8335572394215365E-17i;-1.6599071649261687E-8-3.02227363830665E-17i
-3.748454974963443E-8-2.168143996279524E-11i;2.8313616368106413E-7-9.549415654239313E-11i;1.2504450217924007E-7-8.366826878443814E-11i;7.38357406826671E-8-8.070201617088735E-12i;2.1151971769428862E-7-5.298830208893739E-11i;-1.479360112908209E-7+1.1009697528729948E-10i;-2.072065486248815E-7;5.055444790947494E-8+8.18677958082671E-18i;-1.4973140977684582E-7-1.7150063157708986E-17i;1.367553986566827E-7+2.979011301292247E-17i;-3.059193659483187E-8+7.613227323192202E-18i;3.0613823922954865E-8+4.1045049898371426E-18i;-1.1491809866631861E-7-1.2100148581795321E-17i;-6.993311804449895E-8-3.365317433023751E-17i;6.613198941655826E-8+8.223828120529982E-18i;-1.240355124375274E-7-5.837021908511649E-17i;-2.3957600225745553E-8-2.2021810415760308E-17i;1.3569694983112358E-7-1.2354257349830472E-16i;8.937597546138807E-8+1.2238717346845628E-16i;-2.0158936900262806E-7+1.9129942756816827E-15i;-1.2161961140713874E-7+3.259253297649668E-17i;2.306930325681577E-9-2.2557981076733944E-16i;-1.702784756489668E-7-4.003064095755261E-16i;-1.3413455948570202E-7-3.076486923037324E-17i;-1.708925727812828E-8+1.0834514950914707E-17i
-1.55634451080061E-8-1.91493173692044E-11i;2.7116071620354255E-7-8.047224021600436E-11i;1.1035320927733815E-7-7.184088852880366E-11i;5.1704840472468844E-8-1.0754128935428166E-11i;2.0993351704347307E-7-7.175291583936314E-11i;-1.3139714477651781E-7+1.0108527291764015E-10i;-2.0064276846043023E-7;4.148194884727796E-8+7.788005932308942E-18i;-1.2330459509310204E-7;1.302747403276657E-7+2.7590832233280677E-17i;-9.563091104184126E-8;4.5752689288745183E-8+7.402926352793182E-18i;-9.493238418259686E-8;-2.4053286100697228E-8-3.7685212797725524E-17i;9.684315247230571E-8+1.8765489189983885E-17i;-1.0735695390228806E-7-2.4117906705917287E-17i;2.8397541806288254E-8-1.0960982943510838E-17i;1.7855050881928424E-7-1.6327111064082402E-16i;9.284469923799802E-8+1.1125262474524728E-16i;-2.0602578946923087E-7+1.9858005936810355E-15i;-9.2704278789098E-8+4.716799722474492E-17i;-3.586469783545883E-8-2.307993644230426E-16i;-2.1571842288425578E-7-4.786056159171878E-16i;-1.6606295289695274E-7-5.0346201874019527E-17i;-1.8966468542458643E-8+2.3020104693803198E-17i
6.357659543007317E-9-1.661719477961602E-11i;2.591852687489386E-7-6.545032389835811E-11i;9.566191641217123E-8-6.001350830777227E-11i;2.9573940270894303E-8-1.3438056254885439E-11i;2.0834731637259678E-7-9.051752958583259E-11i;-1.1485827822669734E-7+9.207357053236828E-11i;-1.9542296112403641E-7;3.2347706764085914E-8+6.924470366053699E-18i;-9.648382831978132E-8;1.2508917604428896E-7+2.4981540634511137E-17i;-1.510888437404273E-7;5.8802401319908077E-8;-7.449483140622301E-8-8.1429734193719E-18i;1.5594769550528483E-8-1.397215311820514E-17i;1.2373624524197665E-7;-8.764025802688471E-8-2.6780529239458835E-17i;7.45222883016063E-8;1.8715685890074802E-7-1.686189645671057E-16i;8.630497821230088E-8+1.38236656553471E-16i;-2.105096788870849E-7+1.9686499672929956E-15i;-6.711603788413621E-8+4.145668434541664E-17i;-7.008317356492383E-8-2.1507622838607645E-16i;-2.230452468770843E-7-4.242429659626043E-16i;-1.7034051866365855E-7-3.558804901303149E-17i;-2.177149765606986E-8+1.9011273267576235E-17i
2.8278764204577795E-8-1.4085072193491242E-11i;2.4720982131310376E-7-5.042840758948347E-11i;8.097062358453521E-8-4.8186128121494464E-11i;7.443040079286899E-9-1.6121983576642578E-11i;2.0676111568532938E-7-1.0928214333127626E-10i;-9.831941164136599E-8+8.306186813199515E-11i;-1.9152383617694296E-7;2.3154254978195303E-8+6.487045766117327E-18i;-6.926204944198324E-8;1.2119053136391752E-7+2.3693327859909297E-17i;-1.9481061707240824E-7;6.917368125909498E-8;-5.3603107362290885E-8-5.897010148833907E-18i;4.722054144896539E-8-1.4049408043555175E-17i;1.4536770489772442E-7;-6.502610673232169E-8-1.0579782183911365E-17i;1.1183408267398864E-7;1.6244494453390115E-7-1.529914581153521E-16i;7.000641123376652E-8+1.2896311395822635E-16i;-2.1440330884804396E-7+1.8956001494536624E-15i;-4.491194235545387E-8+4.338631564909134E-17i;-9.811633138583869E-8-1.3939238760185375E-16i;-1.9251355314686682E-7-3.1265674813780817E-16i;-1.4660031466443147E-7-2.7481072148291748E-17i;-2.4819114519066133E-8-5.29457914871365E-17i
5.019986887788354E-8-1.1552949609888805E-11i;2.3523437389226523E-7-3.540649128883373E-11i;6.627933079513332E-8-3.63587479707295E-11i;-1.4687860101090926E-8-1.8805910901070914E-11i;2.0517491498500865E-7-1.2804675707828364E-10i;-8.178054502058731E-8+7.405016571687545E-11i;-1.8893129057617524E-7;1.3912455128234745E-8+5.876786160757882E-18i;-4.1705223591720975E-8;1.1858055004299795E-7+2.1318654051526387E-17i;-2.250185495622609E-7;7.638045978253403E-8;-3.233465649500919E-8-4.746451701421028E-18i;6.926144803871494E-8;1.6052561211256495E-7;-4.0047257545763895E-8;1.3809472456922983E-7;1.098643900885275E-7-1.277257928690843E-16i;4.5551475110807E-8+1.2911167028782314E-16i;-2.1723493362501968E-7+1.7593211892572801E-15i;-2.5637242328697787E-8+2.3785308819668082E-17i;-1.1800586183268138E-7-5.62744644225549E-17i;-1.2988937870202506E-7-1.3165038283357956E-16i;-9.884096022515437E-8-1.8424554271237408E-17i;-2.7428735893431022E-8-1.292499987735416E-16i
7.212097356394019E-8-9.02082702878744E-12i;2.2325892648294065E-7-2.0384574997521867E-11i;5.158803804431362E-8-2.4531367856017866E-11i;-3.681876026918771E-8-2.1489838229234455E-11i;2.0358871427504902E-7-1.4681137083022873E-10i;-6.524167836481391E-8+6.503846328760738E-11i;-1.876367129172401E-7;4.639249683102359E-9+4.991092679995748E-18i;-1.3928484281976581E-8+4.308726725974202E-18i;1.1727124633608339E-7+1.9493605570701134E-17i;-2.404497422253272E-7;8.007786802109348E-8+8.542450007762034E-18i;-1.082118064693143E-8-1.6073488357275058E-18i;8.058160425666072E-8;1.6832977609683946E-7;-1.3524653845453208E-8+1.7739989017754304E-17i;1.5167012695403241E-7;3.878413922240985E-8-1.0223044196158449E-16i;1.5683933720169493E-8+1.1968901511498467E-16i;-2.1870223817207295E-7+1.5843583440638095E-15i;-8.354081121334395E-9+7.363707241513253E-18i;-1.2830097956050296E-7+4.2986093145946634E-17i;-4.579459157494865E-8+6.891732930412087E-17i;-3.489579122568905E-8-1.2515071835243339E-17i;-2.8951395370024145E-8-2.2657729252212865E-16i
9.404207826330334E-8-6.488704449602184E-12i;2.1128347908083383E-7-5.3626587150496996E-12i;3.6896745331073896E-8-1.270398777649933E-11i;-5.894966042431113E-8-2.4173765561635504E-11i;2.0200251355919087E-7-1.655759845893478E-10i;-4.8702811675574605E-8+5.6026760845023974E-11i;-1.8763655714246158E-7;-4.645074524632491E-9+4.38739278979257E-18i;1.392744549174193E-8+1.220823191734506E-17i;1.1726896790959176E-7+1.8506848693212595E-17i;-2.404496645525243E-7;8.008153578275421E-8+1.155640571528561E-17i;1.0782849792793018E-8+4.784236093138749E-18i;8.05814464506859E-8;1.6832929594621795E-7;1.3539996924384232E-8+5.013081720898253E-17i;1.5168209872285157E-7+2.3003158069583685E-17i;-3.878390562052227E-8-6.754776915502414E-17i;-1.6089796702802223E-8+9.941889571023415E-17i;-2.186532138726993E-7+1.399265387809964E-15i;8.238904916719226E-9-6.314305201965328E-18i;-1.282712337319928E-7+1.5384802048586511E-16i;4.5861119312378364E-8+2.611942411239142E-16i;3.47966551001744E-8-9.733331531281784E-18i;-2.9056059451101724E-8-3.157451038798959E-16i
1.1596318297624739E-7-3.9565818714153195E-12i;1.9930803168163159E-7+9.659257560047401E-12i;2.220545265383547E-8-8.766077305592042E-13i;-8.108056056603894E-8-2.6857692898663384E-11i;2.0041631284131172E-7-1.8434059835712874E-10i;-3.216394495492149E-8+4.7015058389877235E-11i;-1.8893062142741003E-7;-1.391866844193042E-8+3.8259151502314575E-18i;4.1708180794444685E-8+1.7172488144061523E-17i;1.1857704493412614E-7+1.717575899999384E-17i;-2.2501648116936734E-7;7.638863486481756E-8+1.1984392914186097E-17i;3.230596370805479E-8+7.942009423106622E-18i;6.926220881996666E-8;1.605206802818238E-7;4.006981841843831E-8+6.403574533548021E-17i;1.3811565800475765E-7+2.871412980474687E-17i;-1.0988222616587423E-7-1.6546167504745647E-17i;-4.59753571927804E-8+7.709456008387257E-17i;-2.1709875694145543E-7+1.210239597751896E-15i;2.5546847891232732E-8-2.0761064524389033E-17i;-1.1792210082236004E-7+2.5210530373595653E-16i;1.299737276535016E-7+4.486403604573239E-16i;9.880794379820185E-8;-2.7700347943958413E-8-3.9802677622961433E-16i
1.3788428770283305E-7-1.4244592931718443E-12i;1.873325842810745E-7+2.4681173829470498E-11i;7.514160011071143E-9+1.09507722833345E-11i;-1.0321146069407899E-7-2.954162024107207E-11i;1.9883011212523654E-7-2.0310521213491384E-10i;-1.5625078204820638E-8+3.800335592317325E-11i;-1.9152270183181686E-7;-2.3160631702972488E-8+3.3022143776299026E-18i;6.926593721245042E-8+1.9524617711174424E-17i;1.2118582655308034E-7+1.718161251750119E-17i;-1.9480827604719382E-7-2.0300915859221095E-17i;6.918234583949188E-8+1.2767870238135334E-17i;5.3581175339211E-8+1.0737314580110522E-17i;4.7225520576584375E-8+9.735062457013142E-18i;1.453641858186717E-7;6.504262028421932E-8+7.459784230906592E-17i;1.1185113687579029E-7+2.837620096029899E-17i;-1.6245820838622672E-7;-7.043042311749833E-8+7.850095753213895E-17i;-2.1418958393831076E-7+1.0393346010581356E-15i;4.484073594416925E-8-3.248088430481304E-17i;-9.802052177578108E-8+2.9703042058559545E-16i;1.9257281316162826E-7+5.673990017272129E-16i;1.4658835378960859E-7;-2.5233388503830513E-8-4.1876116181347463E-16i
1.5980539244348312E-7+1.1076632860686149E-12i;1.7535713687510573E-7+3.970309009448975E-11i;-7.177132597677344E-9+2.2778152265814872E-11i;-1.2534236080774787E-7-3.222554758911138E-11i;1.972439114145268E-7-2.2186982592488957E-10i;9.137885737650757E-10+2.8991653445237218E-11i;-1.954213387556177E-7;-3.235417162714377E-8;9.6488689589758E-8+2.1602034789146745E-17i;1.2508322938637087E-7+1.632986115880367E-17i;-1.5108574099983255E-7-2.1663963231509277E-17i;5.881042669397823E-8+1.100294394803822E-17i;7.447988968582963E-8+1.1396799301126402E-17i;1.560385297151358E-8+1.375121340706929E-17i;1.2373480417557957E-7;8.765160080018647E-8+7.173923390633638E-17i;7.453196043807612E-8+2.7783136415431547E-17i;-1.8716950361722327E-7+2.2862503047471548E-17i;-8.672343636262655E-8+8.228721440805264E-17i;-2.1024087502088794E-7+9.094411068589604E-16i;6.706797659081312E-8-3.395749529925926E-17i;-6.999900853022834E-8+3.153192447605197E-16i;2.230840319771962E-7+6.120602518184885E-16i;1.7034026639450204E-7;-2.226245605410777E-8-4.1413854900722385E-16i
1.8172649719922805E-7+3.639785867190722E-12i;1.6338168945963077E-7+5.4725006355819115E-11i;-2.186842517324153E-8+3.460553221759156E-11i;-1.474732609060352E-7-3.490947494280474E-11i;1.9565771071281835E-7-2.406344397288699E-10i;1.7452655379444304E-8+1.997995095676944E-11i;-2.0064078496791986E-7;-4.1488372014477315E-8;1.2331006178046242E-7+2.4058557739838306E-17i;1.3026616127872608E-7+1.5158616241448978E-17i;-9.562657644807728E-8-2.1206535507747042E-17i;4.57598512623182E-8+7.844521802450439E-18i;9.492303526529465E-8+1.2577498712520944E-17i;-2.4042194999075586E-8+1.088077798682144E-17i;9.684564910428908E-8;1.0736492438064786E-7+6.993767583010093E-17i;2.8400456085557788E-8+2.3809772158198415E-17i;-1.7856187574168304E-7+2.4372722738781092E-17i;-9.325395230861678E-8+8.19813378750198E-17i;-2.057307311657735E-7+8.382006139977904E-16i;9.267799276831995E-8-2.7650807551309047E-17i;-3.5816509220467795E-8+2.9117458587530756E-16i;2.1573294036830452E-7+5.588632842252266E-16i;1.6606341335302466E-7;-1.9463096925946525E-8-3.9013800339613793E-16i
2.0364760197078434E-7+6.171908451575338E-12i;1.5140624203005927E-7+6.974692261500058E-11i;-3.65597177165547E-8+4.643291213968458E-11i;-1.6960416098803388E-7-3.7593402303529585E-11i;1.9407151002415652E-7-2.593990535495524E-10i;3.3991522210708985E-8+1.0968248458938341E-11i;-2.0720423923959693E-7;-5.056084017822407E-8;1.4973770440178423E-7+2.7014535365823075E-17i;1.3674433118798875E-7+1.4624430443746546E-17i;-3.058739241589278E-8-1.952890738026971E-17i;3.0620582376648406E-8+5.711816001619545E-18i;1.149155227975744E-7+1.3927116576311066E-17i;-6.991946872239737E-8+9.114886552972289E-18i;6.613905621876317E-8;1.240400365001468E-7+6.707914319143152E-17i;-2.3961519283733183E-8+1.77630880374665E-17i;-1.357070933767641E-7;-8.977673424215825E-8+9.499481436358258E-17i;-2.013028424793952E-7+8.3851388898383285E-16i;1.2161836549253997E-7-1.2184548632949517E-17i;2.294676179051727E-9+2.236653306463216E-16i;1.7026572551406007E-7+4.102288191398322E-16i;1.341308795559851E-7+1.816281547055282E-17i;-1.7501921097739312E-8-3.262942700888513E-16i
2.2556870675914385E-7+8.704031040853273E-12i;1.3943079458135444E-7+8.476883887362521E-11i;-5.125101022762633E-8+5.826029203205409E-11i;-1.917350610524987E-7-4.027732967258045E-11i;1.9248530935311464E-7-2.781636673891882E-10i;5.053038906680896E-8+1.956545953093216E-12i;-2.151470524878808E-7;-5.9580232836335764E-8;1.758813755677029E-7+3.06537556726972E-17i;1.4456269478016586E-7;4.165145960717957E-8-1.946936595420056E-17i;1.4038478854309109E-8+3.9938414058042456E-18i;1.3459036652905026E-7+1.555734363599623E-17i;-1.2021651109935765E-7;3.3149066778514847E-8-1.0167591897382692E-17i;1.3799622089054979E-7+5.928961176531431E-17i;-7.998000323603211E-8;-6.205079139133044E-8-4.755778384877885E-17i;-7.738468418284757E-8+1.0963368465536548E-16i;-1.9781867146517546E-7+9.05803059556215E-16i;1.5350270750413992E-7;4.213443277912597E-8+1.1946690130252765E-16i;9.163087129612694E-8+1.7357496444632402E-16i;7.893153144009996E-8+9.697414575000518E-18i;-1.685633253020819E-8-2.28240142971168E-16i
2.4748981156573813E-7+1.1236153637034523E-11i;1.2745534710785764E-7+9.9790755132498E-11i;-6.594230270523131E-8+7.008767189328436E-11i;-2.1386596109761923E-7-4.2961257051759484E-11i;1.908991087048898E-7-2.9692828124958206E-10i;6.706925594796759E-8-7.055156559475903E-12i;-2.245208035930967E-7;-6.856900946117278E-8;2.019862586646207E-7+3.3137172382566096E-17i;1.5382894221306102E-7;1.1868705816333443E-7-1.774781294952146E-17i;-3.3413387843687113E-9+1.6654319836571734E-18i;1.5427178455460713E-7+1.6035871713267015E-17i;-1.7338736400517726E-7;-6.741453841804609E-10-1.5058007145377712E-17i;1.5007964365193707E-7+5.282620642610048E-17i;-1.3754614557214606E-7;3.552623324812264E-8-1.1045393567142351E-16i;-5.8288788584045005E-8+1.3055580118170453E-16i;-1.9644955095455592E-7+1.0244017465710188E-15i;1.879970064040331E-7+2.7251387678387038E-17i;8.19525319707429E-8-1.799405539099637E-17i;-1.1378554981730501E-8-1.1706154299136653E-16i;7.645131663808996E-9-7.7288418566046E-19i;-1.7716492753532566E-8-1.4432382589435263E-16i
2.6941091639277756E-7+1.3768276242194022E-11i;1.1547989960296042E-7+1.1481267139282304E-10i;-8.063359514633614E-8+8.191505172099971E-11i;-2.3599686112065306E-7-4.564518444344706E-11i;1.8931290808557807E-7-3.156928951366162E-10i;8.360812285579535E-8-1.6066859077890757E-11i;-2.3539912554579394E-7;-7.756622249624773E-8;2.2847322663518605E-7+3.701952232507107E-17i;1.6474239818770244E-7;1.9830421506248145E-7;-2.0930907660366577E-8;1.7455829286305438E-7+1.7927164343111843E-17i;-2.2848671745807693E-7;-3.4146112127017053E-8-1.6998185736158586E-17i;1.6176110339470223E-7+4.9788185173908464E-17i;-1.9556281475306685E-7;1.4837519650793622E-7-1.887058791063528E-16i;-3.545430668420533E-8+1.5534864764988645E-16i;-1.9885675341847644E-7+1.2050502731955346E-15i;2.2546698820299505E-7+5.968589671567819E-17i;1.2099216563875532E-7-1.6204029771172025E-16i;-1.2843538946350046E-7-4.457092541661952E-16i;-7.17039089716974E-8-1.6987591429521303E-17i;-2.005667271302095E-8-5.037519486403549E-17i
2.9133202124044335E-7+1.6300398855033837E-11i;1.0350445206129126E-7+1.2983458765342302E-10i;-9.532488754977482E-8+9.374243151381512E-11i;-2.581277611207483E-7-4.8329111846716376E-11i;1.877267075006093E-7-3.3445750905620804E-10i;1.0014698979064099E-7-2.507856160144047E-11i;-2.478846195604321E-7;-8.663033201112679E-8;2.559918533794146E-7+4.280242326391665E-17i;1.7763542422455425E-7;2.7871142258489225E-7;-3.826289683505973E-8;1.9644813797149857E-7+2.0972342476341718E-17i;-2.8558167502575836E-7;-6.656243345499201E-8-1.1298470544995015E-17i;1.7530395884330171E-7+4.836763573530118E-17i;-2.5470285410680366E-7-2.931651629186461E-17i;2.6837923907946807E-7-2.717365386732104E-16i;-1.2134143998079594E-8+1.6440982445086426E-16i;-2.0754634725946193E-7+1.4371512408804805E-15i;2.680688092131215E-7+1.0531774010356683E-16i;1.6027552116956947E-7-2.9246580059996783E-16i;-2.508374243242596E-7-7.853301959731986E-16i;-1.5298219868388904E-7-3.3529242575020173E-17i;-2.37928827989496E-8+1.45630870740381E-17i
-1.321143073780467E-7-3.1240055544327733E-11i;3.34256210112108E-7-1.5792905623494474E-10i;1.6919970616998204E-7-1.1674736634233888E-10i;1.7158739648589663E-7+2.85945105420115E-12i;2.2284401933821835E-7+1.923155231724219E-11i;-2.0163361278256324E-7+1.4187074686574243E-10i;-2.6218476628174826E-7;5.805624463986325E-8+8.239318767596335E-18i;-2.754189819594747E-7-3.283946915999469E-17i;1.231889993850113E-7+3.644228654596962E-17i;2.7276553926147943E-7+3.7149344025520276E-17i;-2.4401183323987637E-8+8.603835080889425E-18i;-1.37694653212066E-7;-3.29990617156873E-7-1.0123923815115421E-16i;-5.015611381911728E-8+2.4075250752777307E-17i;-2.5403341952345505E-7-8.38627044062255E-17i;-1.810518982766034E-7-3.0011617168212965E-17i;-2.8566449859395765E-7+1.7927838426434833E-16i;1.482926495955635E-8+5.631707254245087E-18i;-1.6215554875964934E-7+1.1542078884356262E-15i;-2.0510575022199175E-7-8.995782568987959E-17i;2.4119827359659664E-7+4.674740691951676E-17i;2.5695570786618604E-7+2.6691659684792395E-16i;1.0405091461126748E-7-6.493277180825809E-17i;-1.4944090460854644E-7-1.4429969352072933E-15i
-1.1019320279020396E-7-2.8707932992974538E-11i;3.222807627388655E-7-1.4290713988047235E-10i;1.5450841314260508E-7-1.0491998595474266E-10i;1.4945649621360002E-7+1.7552379725327773E-13i;2.212578185794959E-7+4.669386923417276E-13i;-1.8509474635704817E-7+1.328590444907874E-10i;-2.494556698700182E-7;5.1978087819805075E-8+7.665017092369893E-18i;-2.458822055661907E-7-2.771840178206459E-17i;1.1439119318104733E-7+3.373720237483772E-17i;1.9274648526664828E-7+3.542575707902724E-17i;-1.284147954430493E-8+7.555632997945165E-18i;-1.2239111912572196E-7;-2.6726787677927503E-7-9.97996461465527E-17i;-1.619494381709755E-8+2.893459266431376E-17i;-2.3132916547774681E-7-7.760470325255333E-17i;-1.392726842786073E-7-3.2890568262340196E-17i;-1.638056480037459E-7+9.27094698065036E-17i;2.9632113309188337E-8+1.0835914019108914E-17i;-1.5497651498670906E-7+1.2122459882903381E-15i;-1.7348010783559457E-7-4.207269392728684E-17i;1.8257888953265998E-7-2.8538014835471334E-17i;1.263658487484499E-7+3.421612952129742E-17i;4.714811936511841E-8-7.612695494659705E-17i;-1.362095616144533E-7-1.2783079630596282E-15i
-8.82720981972089E-8-2.6175810447995157E-11i;3.103053153902844E-7-1.2788522352871555E-10i;1.3981712013931466E-7-9.30926055916364E-11i;1.2732559594543245E-7-2.50840345603909E-12i;2.1967161779861972E-7-1.8297674919737886E-11i;-1.685558799070004E-7+1.2384734210401863E-10i;-2.3838422305448281E-7;4.594611945940895E-8+7.118777472411815E-18i;-2.174359336823712E-7-2.2071895082627718E-17i;1.0696222444441826E-7+3.029459585063798E-17i;1.1344199368666405E-7+2.4931029115031263E-17i;-1.092532635390047E-9+9.615623667615689E-18i;-1.0820521409827705E-7;-2.0713882478866881E-7-7.85367746291123E-17i;1.9373482920124438E-8+2.7476984131272616E-17i;-2.115254750295911E-7-5.3946333212994514E-17i;-9.832583143975248E-8-2.7649004549737286E-17i;-4.937184229666963E-8-7.360540695726576E-18i;4.4215717207750576E-8+4.3587404439387186E-17i;-1.526627281547266E-7+1.3098027714876443E-15i;-1.4577886080200528E-7;1.2447637606120387E-7-1.3552230827525168E-16i;1.281601876698583E-9-1.9846346421107593E-16i;-8.479503477723767E-9-8.562195185917449E-17i;-1.2874409821828922E-7-1.1269360010982427E-15i
-6.63509935974501E-8-2.3643687911255774E-11i;2.9832986807666606E-7-1.12863307183676E-10i;1.2512582716927716E-7-8.12652252603234E-11i;1.051946956824561E-7-5.192330705083782E-12i;2.1808541698659874E-7-3.706228851689007E-11i;-1.520170134228979E-7+1.1483563970003541E-10i;-2.2885865231202857E-7;3.992055445167691E-8+6.862150966780485E-18i;-1.8938244196457876E-7;1.0066724795181021E-7+2.777526214183382E-17i;3.6660106206524406E-8+2.1935939206979548E-17i;1.0529132403843566E-8+7.878518363193453E-18i;-9.443540408133113E-8;-1.4939332118919277E-7-7.219405893675314E-17i;5.5630269467285894E-8+2.7754803585396252E-17i;-1.9169125175519208E-7-4.839106645370769E-17i;-5.772087977771541E-8-2.416292809779303E-17i;4.972792244347147E-8-7.737594320502547E-17i;5.633331685043496E-8+5.105827862374878E-17i;-1.5327135190061104E-7+1.403075375141029E-15i;-1.202260867460248E-7+3.2422228164090083E-17i;6.536984187125093E-8-1.8825338053014348E-16i;-1.086860733078259E-7-3.7493593271272273E-16i;-5.8450908807260974E-8-9.629446897565739E-17i;-1.2508184723728096E-7-1.0531538642210745E-15i
-4.442988899113606E-8-2.1111565379866405E-11i;2.8635442079065424E-7-9.784139084643413E-11i;1.1043453423191173E-7-6.943784496118987E-11i;8.306379542527439E-8-7.876257952693025E-12i;2.1649921615078582E-7-5.582690210591736E-11i;-1.354781469064474E-7+1.058239372815761E-10i;-2.2079767538518606E-7;3.387517336221313E-8+6.384687296336737E-18i;-1.612687524094899E-7-1.8855816932120526E-17i;9.536572604182247E-8+2.4552222617913807E-17i;-3.537395448329024E-8+1.0079401420456413E-17i;2.1626279988304054E-8+4.265323136187741E-18i;-8.066048117429237E-8;-9.494805176212059E-8-3.763084959544295E-17i;9.118669606063807E-8+1.2733796224328534E-17i;-1.6999051899964565E-7-5.571162088116298E-17i;-1.821617365205694E-8-1.6609642483687077E-17i;1.2496392582025448E-7-1.251907582430539E-16i;6.395916748621951E-8+9.082686541241086E-17i;-1.5552681420317652E-7+1.457637891136715E-15i;-9.641497612721908E-8+3.611260471582157E-17i;6.370691500251741E-9-2.4547026324006106E-16i;-1.9229356561860052E-7-4.6470641528641E-16i;-9.707714899327465E-8-8.037562042190577E-17i;-1.2418489442373219E-7-9.64033307690407E-16i
-2.2508784377944507E-8-1.8579442852378602E-11i;2.7437897352626044E-7-8.281947451778839E-11i;9.574324132721016E-8-5.761046469442276E-11i;6.093289517473049E-8-1.0560185200770983E-11i;2.1491301529693787E-7-7.459151569108004E-11i;-1.1893928035863215E-7+9.681223485026788E-11i;-2.1414357996351834E-7;2.779482386925432E-8+6.269607606585706E-18i;-1.3283210879351357E-7;9.09819060022428E-8+2.2637958997880552E-17i;-1.0024817126853874E-7;3.176183214613513E-8;-6.665261211529957E-8;-4.5396127121889526E-8-4.3119317823405834E-17i;1.2439416516176504E-7+1.9262320372342553E-17i;-1.454003128055073E-7-3.505896127846545E-17i;1.8701239439904324E-8-1.3256450189435522E-17i;1.6950952119289926E-7-1.558185745985309E-16i;6.558461793485041E-8+8.131431541294423E-17i;-1.5853946552748702E-7+1.5020763703278244E-15i;-7.450784924967043E-8+5.66692920194E-17i;-4.995125966629963E-8-2.300213390535367E-16i;-2.400058088125756E-7-5.123209527815788E-16i;-1.1924578449761726E-7-9.750772130772466E-17i;-1.252915333009165E-7-9.71661039859534E-16i
-5.876797570966504E-10-1.6047320328035283E-11i;2.6240352627890736E-7-6.779755819675418E-11i;8.105194845576275E-8-4.578308445982972E-11i;3.8801994931836473E-8-1.3244112450462018E-11i;2.133268144291927E-7-9.335612927568889E-11i;-1.0240041377966088E-7+8.780053240715026E-11i;-2.0885674698807887E-7;2.1673592775047864E-8+5.9538244088142385E-18i;-1.0395644085788344E-7;8.747744647703266E-8+1.9902026684124845E-17i;-1.5557936232076945E-7;4.0501200149844844E-8;-5.231672792078767E-8-7.352919343930394E-18i;-2.6401228889341207E-9-2.6576443076215786E-17i;1.5354031561648978E-7;-1.1754561300744996E-7-3.1918110813397E-17i;5.1222580482050705E-8-5.958665929880693E-18i;1.799425167997376E-7-1.5938513552028867E-16i;6.048064608544989E-8+9.425802549430695E-17i;-1.6164754049467454E-7+1.4838775148218961E-15i;-5.473583649782467E-8+5.497307339535259E-17i;-1.0037616766126422E-7-1.9297149540583779E-16i;-2.464686248306163E-7-4.464002012938902E-16i;-1.218721510675531E-7-9.228303552752569E-17i;-1.2766731397968373E-7-9.851839246934126E-16i
2.1333424872331174E-8-1.351519780604341E-11i;2.5042807904471187E-7-5.277564188305901E-11i;6.636065561827696E-8-3.3955704257815524E-11i;1.6671094697611906E-8-1.5928039702870927E-11i;2.1174061355088925E-7-1.1212074286183144E-10i;-8.586154716950957E-8+7.878882995249425E-11i;-2.0491066739892185E-7;1.5513082590015776E-8+5.814856672478285E-18i;-7.463631076043041E-8;8.484036338649958E-8+1.819482499239322E-17i;-1.992077553078987E-7;4.744940387963197E-8;-3.7651536243722246E-8-7.356799873745626E-18i;3.1422434351074716E-8-1.4391773152862804E-17i;1.7702163160702404E-7;-8.657565998067185E-8-1.6063713342995884E-17i;7.753320153063532E-8;1.5718407740320658E-7-1.4960207162852482E-16i;4.882104366837575E-8+9.830902674651771E-17i;-1.6436369144771172E-7+1.4320316116723544E-15i;-3.714040739451815E-8+4.775984134915641E-17i;-1.4163974585151652E-7-1.2204874604499394E-16i;-2.1195594129323695E-7-3.0965925051381225E-16i;-1.0470954447906626E-7-8.127323093090423E-17i;-1.305079284257223E-7-1.0300088337487883E-15i
4.3254529511369644E-8-1.0983075286234807E-11i;2.384526318202939E-7-3.775372557681565E-11i;5.166936281551106E-8-2.2128324088991303E-11i;-5.459805526890238E-9-1.8611966958512603E-11i;2.1015441266488444E-7-1.3088535645214264E-10i;-6.932268052806217E-8+6.977712748641333E-11i;-2.022881039488601E-7;9.320517977738306E-9+5.449133816302616E-18i;-4.494533640488091E-8;8.307621580344322E-8+1.6536887125050676E-17i;-2.293541112770783E-7;5.227709222295042E-8;-2.2715776949279444E-8-5.7009470658076746E-18i;5.5148168616943236E-8;1.934906112363646E-7;-5.3058225077935634E-8;9.604644016626811E-8;1.0666288028688365E-7-1.2838824985618299E-16i;3.1672675933173836E-8+9.958941472408332E-17i;-1.6634894964341377E-7+1.343018914237302E-15i;-2.1447753653450415E-8+3.2142686018413993E-17i;-1.709030967969382E-7-2.4454971329934228E-17i;-1.4272693930908766E-7-1.14624629702874E-16i;-7.055593375089064E-8-7.01154628853151E-17i;-1.3298849785404313E-7-1.089783150154105E-15i
6.517563416101653E-8-8.450952767836035E-12i;2.2647718460248424E-7-2.2731809278492266E-11i;3.697807004796347E-8-1.0300943954046315E-11i;-2.7590705740665816E-8-2.1295894217927125E-11i;2.0856821177391644E-7-1.4964997004938058E-10i;-5.2783813855444555E-8+6.07654250091198E-11i;-2.009789912924328E-7;3.107079040131778E-9+5.0333995401611914E-18i;-1.5009608397243835E-8+2.052212695114992E-18i;8.219215514590622E-8+1.466570392244034E-17i;-2.447546419705994E-7;5.475134673112822E-8;-7.602583629309922E-9-4.633491966290377E-18i;6.733162492362929E-8+1.1229868711688134E-17i;2.019783929780197E-7;-1.7874532111383515E-8+2.1823829057524966E-17i;1.0560731997943206E-7+1.4631066720871326E-17i;3.771619524191813E-8-9.661010720567506E-17i;1.0884331651169892E-8+1.0101189299780107E-16i;-1.6738198390820117E-7+1.213377444891507E-15i;-7.044201839733524E-9+1.2608706026181183E-17i;-1.8607868938928326E-7+7.98599037424374E-17i;-5.027018458980668E-8+1.20106206632899E-16i;-2.4957017766175624E-8-5.984950980681565E-17i;-1.3444262327584E-7-1.1437778209200195E-15i
8.709673882168206E-8-5.918830250731592E-12i;2.1450173738763195E-7-7.709892988196872E-12i;2.2286777314783087E-8+1.5264361474216561E-12i;-4.97216059432182E-8-2.397982148190827E-11i;2.0698201088149557E-7-1.6841458365589217E-10i;-3.6244947153073185E-8+5.175372252143368E-11i;-2.009789431179475E-7;-3.113688388691645E-9+4.73455538348228E-18i;1.5012634183278312E-8+7.788472955891472E-18i;8.218990082289169E-8+1.3497137836660711E-17i;-2.4475476104360857E-7;5.475371837043016E-8;7.574517523642048E-9-2.0039380905443986E-18i;6.733105562889766E-8+1.4117390497163088E-17i;2.0197839833147898E-7;1.7892409476417202E-8+4.333411046437093E-17i;1.0561257392566084E-7+2.080910111105935E-17i;-3.7709328681103675E-8-5.34340898441417E-17i;-1.1184652032731289E-8+8.97634385371363E-17i;-1.6734633213200236E-7+1.078525787516586E-15i;6.909865445559949E-9-7.069378364078282E-18i;-1.8604756633525518E-7+1.9432256214111343E-16i;5.0386125199957746E-8+3.4944994817582285E-16i;2.470175049897101E-8-5.691778607400078E-17i;-1.3451792242222387E-7-1.1996310146007417E-15i
1.090178434934889E-7-3.386707734165878E-12i;2.0252629017193537E-7+7.312023295355631E-12i;7.595484614484763E-9+1.3353816217008981E-11i;-7.185250613430628E-8-2.666374875096657E-11i;2.0539580999113969E-7-1.8717919727344403E-10i;-1.9706080422847784E-8+4.274202002417385E-11i;-2.0228778118760844E-7;-9.327209884995814E-9+4.6504597689100275E-18i;4.494781667319703E-8+1.2564925067257942E-17i;8.307245154571811E-8+1.2149142120620643E-17i;-2.2935305230858864E-7;5.228281364555946E-8;2.2690097680662727E-8;5.514942525543256E-8+1.5801418969229314E-17i;1.9348994183417982E-7;5.307164105151923E-8+6.235389579736197E-17i;9.605929934044553E-8+2.723636702404195E-17i;-1.0667571642551152E-7;-3.198289098060883E-8+7.741485257338715E-17i;-1.6625536586205037E-7+9.433656310181043E-16i;2.131983893322952E-8-2.3820487529015533E-17i;-1.7082369225306098E-7+2.8826340197498886E-16i;1.4284565013545908E-7+5.440397706091274E-16i;7.033656751227762E-8-5.325854490154614E-17i;-1.331850425121845E-7-1.2450208831795628E-15i
1.309389481765104E-7-8.54585216973351E-13i;1.9055084295162246E-7+2.2333939573823438E-11i;-7.09580805437723E-9+2.518119625637457E-11i;-9.398340631365819E-8-2.9347676025745354E-11i;2.038096091060269E-7-2.0594381090187037E-10i;-3.1672136665279696E-9+3.373031751787798E-11i;-2.0491002482681674E-7;-1.5519891814530878E-8+4.758942909202298E-18i;7.463870742750746E-8+1.5800249753183194E-17i;8.483551617210267E-8+1.1918411428642947E-17i;-1.992060556687779E-7-2.1257948634415446E-17i;4.745569614399751E-8+6.493640417762098E-18i;3.763099985548469E-8;3.142744120318181E-8+1.8126023812250995E-17i;1.770220344492341E-7;8.658304055760056E-8+7.927874213899502E-17i;7.754317955954749E-8+2.5947470429723878E-17i;-1.5719579292408546E-7+2.508726568177922E-17i;-4.91357399180291E-8+7.316373638767705E-17i;-1.6421634947015958E-7+8.258161240438307E-16i;3.703498468891211E-8-3.931712126362791E-17i;-1.4153810972457467E-7+3.3798277700492545E-16i;2.1204613744438584E-7+6.669940574856367E-16i;1.0451602593749197E-7-4.795963574622354E-17i;-1.308001308890717E-7-1.2540434216274383E-15i
1.5286005287122522E-7+1.6775373014198519E-12i;1.7857539572333853E-7+3.7355855848050437E-11i;-2.1787100692998246E-8+3.70085762664535E-11i;-1.1611430648083232E-7-3.203160330599346E-11i;2.0222340822928297E-7-2.2470842454394835E-10i;1.3371653114381289E-8+2.4718615003504817E-11i;-2.0885577398328873E-7;-2.168053157374797E-8+4.550398275608253E-18i;1.0395972066114584E-7+2.0285455304372795E-17i;8.747172786744092E-8+1.0671213731997687E-17i;-1.555767667741905E-7-1.9373148623998876E-17i;4.050699450027213E-8+5.22855946511848E-18i;5.230331509010745E-8+5.528425771504344E-18i;-2.6318258562640427E-9+9.987426686310754E-18i;1.5354182783152054E-7;1.1755025730956325E-7+8.8272640780038E-17i;5.122427369873919E-8+2.7543943315338512E-17i;-1.799534093742034E-7+4.488916841777617E-17i;-6.079663215590663E-8+6.41436365461054E-17i;-1.6146156649758488E-7+7.335828050992129E-16i;5.466558400243569E-8-3.7306020859026765E-17i;-1.002740978315788E-7+3.576168364674024E-16i;2.465304533435059E-7+6.921132995176826E-16i;1.216974141910506E-7-4.20629411778269E-17i;-1.2800919948711951E-7-1.2419232057115522E-15i
1.7478115757808037E-7+4.209659821923354E-12i;1.6659994848363016E-7+5.2377772118782875E-11i;-3.647839330270301E-8+4.883595624882601E-11i;-1.382452066353885E-7-3.471553059196345E-11i;2.0063720736401774E-7-2.434730382014566E-10i;2.991051991825016E-8+1.570691248159354E-11i;-2.1414227817051317E-7;-2.7801834550823977E-8+3.790339812208077E-18i;1.328359351081774E-7+2.2185551292259663E-17i;9.097513029879467E-8;-1.0024491597947136E-7-2.0625155364839687E-17i;3.1767081681764655E-8;6.664627016960386E-8;-4.538411797234975E-8+1.2532543059629034E-17i;1.243975037490264E-7;1.4540170281396814E-7+8.1466519775674E-17i;1.869437357067962E-8+2.425251294208777E-17i;-1.695188891375566E-7+4.7550454498448765E-17i;-6.589910591081119E-8+7.663082546057334E-17i;-1.5833570976968026E-7+6.747019219387983E-16i;7.447648001891338E-8-3.424360107212367E-17i;-4.987543784264566E-8+3.149802286453342E-16i;2.4003317707531255E-7+6.294023718984935E-16i;1.1907842861109759E-7-3.0856124359443255E-17i;-1.2562471802902295E-7-1.2001119557614988E-15i
1.9670226229739846E-7+6.74178234551783E-12i;1.5462450122869727E-7+6.739968838809096E-11i;-5.116968588460576E-8+6.066333620424224E-11i;-1.6037610677683583E-7-3.739945788468149E-11i;1.9905100651358199E-7-2.62237651876138E-10i;4.644938674362926E-8+6.695209953356746E-12i;-2.207960653150871E-7;-3.388220919305121E-8+3.862218587820505E-18i;1.6127312373803507E-7+2.6224867476696614E-17i;9.535754715694424E-8;-3.5369821027903506E-8-2.0839816506018427E-17i;2.1630668773998852E-8+3.933485727311136E-18i;8.0661165912338E-8;-9.493261832875236E-8;9.119229634060806E-8;1.6998935788700136E-7+8.748691515168539E-17i;-1.823312950234574E-8+1.885421056353545E-17i;-1.2497036777715058E-7+1.5328387531014962E-17i;-6.427028971540781E-8+8.306774759914971E-17i;-1.5532659125782584E-7+6.776538482035067E-16i;9.642436629129633E-8-2.2995442912712367E-17i;6.3949113678389384E-9+2.225131956519414E-16i;1.9228215119594352E-7+4.3969980442442624E-16i;9.690342525608523E-8-3.9528459355771767E-17i;-1.244516001378629E-7-1.146646459306145E-15i
2.1862336702997982E-7+9.273904873279455E-12i;1.4264905395455E-7+8.24216046563789E-11i;-6.586097843899949E-8+7.249071613309879E-11i;-1.8250700690436173E-7-4.008338518463712E-11i;1.9746480568171454E-7-2.810022655695388E-10i;6.298825358981024E-8-2.3164925803228323E-12i;-2.2885683677111824E-7;-3.992754390669497E-8;1.8938751321090992E-7+3.0198218742884286E-17i;1.0065633722047326E-7;3.666405214806797E-8-1.958859961129388E-17i;1.0532559291267528E-8+4.361504379168634E-18i;9.444224651832863E-8+9.851163185089157E-18i;-1.4937443827994738E-7;5.564043658564769E-8-6.2266728311615236E-18i;1.9168998053062514E-7+8.774122100148645E-17i;-5.774687280677458E-8+1.34148198836465E-17i;-4.9734326985451424E-8-4.107375301821539E-17i;-5.6642154928000305E-8+8.93924602079438E-17i;-1.530909833577836E-7+7.254136936614557E-16i;1.2027262816555374E-7;6.531819718176E-8+9.598499465347844E-17i;1.0864062511352882E-7+1.6350482092298374E-16i;5.82641643102987E-8-4.736355230266633E-17i;-1.2524287977070749E-7-1.0978086327855965E-15i
2.405444717769663E-7+1.1806027406835575E-11i;1.306736066567593E-7+9.744352092563527E-11i;-8.05522709653072E-8+8.431809603471221E-11i;-2.0463790701684377E-7-4.27673124935243E-11i;1.9587860487271594E-7-2.9976687928417273E-10i;7.952712045684621E-8-1.1328195118110975E-11i;-2.3838223977944752E-7;-4.5953049098478784E-8;2.174420438092033E-7+3.3878228631108197E-17i;1.0694897878480821E-7;1.1344482363890079E-7-1.72011019164223E-17i;-1.0900760864360452E-9+4.704318512208684E-18i;1.0821865832368462E-7+1.213028392716479E-17i;-2.0711572314234877E-7;1.9389091971023286E-8-6.6175583322760586E-18i;2.115256268460871E-7+9.043164082102826E-17i;-9.836175423984066E-8;4.935896974955505E-8-1.0285048284037535E-16i;-4.452536086341714E-8+1.0213471904921569E-16i;-1.5251947114740573E-7+8.147591999762914E-16i;1.4586266438719955E-7+2.1629826986669825E-17i;1.2433135180161624E-7-5.836294193503667E-17i;-1.3510750369374433E-9-1.7047186225440719E-16i;8.27187788512674E-9-6.183506303514834E-17i;-1.2876373695734196E-7-1.0548309096589295E-15i
2.624655765398788E-7+1.4338149947889705E-11i;1.1869815933033552E-7+1.124654371965518E-10i;-9.524356346184956E-8+9.614547590733208E-11i;-2.2676880711281274E-7-4.545123981281228E-11i;1.9429240409158942E-7-3.185314930235041E-10i;9.606598734575038E-8-2.0339897659144855E-11i;-2.4945353646124985E-7;-5.198502858894219E-8;2.4588966471245507E-7+3.933416525142324E-17i;1.1437592837252151E-7;1.9274926790980493E-7;-1.2840108070134145E-8+4.229625959533773E-18i;1.224120645672781E-7+1.3804622960102482E-17i;-2.672418351112051E-7;-1.6174866622557723E-8-5.45627637016215E-18i;2.3133177616203743E-7+8.855855018604399E-17i;-1.3932199074498988E-7;1.6378868289645946E-7-1.7715904699856173E-16i;-2.9948953338525E-8+1.1724499355945382E-16i;-1.548810375715821E-7+9.462419958398825E-16i;1.7360337098757532E-7+5.966270645978744E-17i;1.8233355043168288E-7-2.204441853006935E-16i;-1.2646350685071883E-7-5.359366155271894E-16i;-4.7387877278125225E-8-7.912826737150349E-17i;-1.360687073631156E-7-1.0465543832505158E-15i
2.8438668131809454E-7+1.687027249468614E-11i;1.0672271197161698E-7+1.2748735346892609E-10i;-1.0993485592904605E-7+1.0797285575203299E-10i;-2.4889970719287725E-7-4.813516714156989E-11i;1.9270620334267088E-7-3.3729610679241336E-10i;1.1260485425613302E-7-2.9351600202879765E-11i;-2.6218239497956585E-7;-5.80637141070245E-8;2.754273090859946E-7+4.6532030676518447E-17i;1.2317254791384326E-7;2.7276879275564867E-7;-2.4401854920508538E-8+4.387381075242997E-18i;1.3772417657438217E-7+1.622349927725219E-17i;-3.299598710686907E-7-5.210945378288968E-17i;-5.013143495258091E-8;2.540360520925244E-7+9.605020001254828E-17i;-1.8111802879453902E-7;2.856442244750883E-7-2.5105517138869374E-16i;-1.5160786324354383E-8+1.1296378370460584E-16i;-1.6210951596849027E-7+1.1240077685823169E-15i;2.052701969645685E-7+1.0620913650024322E-16i;2.408418439869934E-7-3.7505124836647074E-16i;-2.570816373537942E-7-9.19959264319916E-16i;-1.0433828470547171E-7-1.0424885071938023E-16i;-1.4913111062576758E-7-1.0941650864314278E-15i
-1.3905964652705597E-7-3.0670180671397813E-11i;3.3747446627165243E-7-1.6027629054410426E-10i;1.5458973817281887E-7-1.0251694250349781E-10i;1.808154513790219E-7+3.0533944209450967E-12i;2.2782351870695116E-7+1.639295156817562E-11i;-1.8917574860400396E-7+1.3759770915063798E-10i;-2.708433250751556E-7;2.9119332220723006E-8+5.099792568261552E-18i;-2.8727830602019857E-7-3.764465801396664E-17i;6.305087168741534E-8+2.5884226152179995E-17i;2.690643947082975E-7+4.463783156675847E-17i;-1.1850180623621305E-8+8.158403478203373E-18i;-7.09138875335996E-8;-3.5798838588106833E-7-1.2209876668814565E-16i;-3.9170657706930906E-8+2.5284465231549693E-17i;-3.0474519864692223E-7-1.2523496656794414E-16i;-9.400098052564999E-8-2.7480948829792902E-17i;-2.9705125336331077E-7+2.301730008984443E-16i;9.689043921498443E-9-3.982084901582766E-17i;-8.872560078289272E-8+5.914645331587949E-16i;-1.1099663346193862E-7-7.351810618372805E-17i;2.936218234197311E-7+8.469855342366428E-17i;2.597493690542868E-7+2.565600326898375E-16i;5.244373970640566E-8-1.2694852827986243E-16i;-2.390712156885004E-7-2.2256082557894847E-15i
-1.1713854196061839E-7-2.8138058196570735E-11i;3.254990191605207E-7-1.4525437419143704E-10i;1.3989844516179658E-7-9.068956211786951E-11i;1.5868455106648217E-7+3.6946724264817767E-13i;2.2623731769346175E-7-2.3716618605832233E-12i;-1.7263688211730608E-7+1.2858600669063183E-10i;-2.579659040015461E-7;2.606972480528525E-8+4.9382328545742984E-18i;-2.5650948046432195E-7-3.2333218332804815E-17i;5.858762083145365E-8+2.40301865587091E-17i;1.8928366257824788E-7+3.5780447729119546E-17i;-6.071802024762878E-9+7.310256133719144E-18i;-6.304119976357108E-8;-2.9178583969681164E-7-9.815979628081915E-17i;-4.319126318365953E-9+2.2570452363910414E-17i;-2.761724249552704E-7-1.0676880821406646E-16i;-7.238848212704027E-8-2.2188230095470493E-17i;-1.739692945802743E-7+1.2994167586516758E-16i;1.6829640057701092E-8-1.0024155696896202E-17i;-8.466030344353438E-8+6.305116399748279E-16i;-9.415520786670912E-8-3.990262702093476E-17i;2.2254188227623749E-7-2.684419846080844E-17i;1.2426304348120416E-7+1.7300150379456843E-17i;2.3193517929673843E-8-1.1919864472953472E-16i;-2.19190366213582E-7-1.9897692186864477E-15i
-9.521743739055928E-8-2.5605935725494743E-11i;3.1352357206229885E-7-1.3023245784111368E-10i;1.2520715216990206E-7-7.8862181753411E-11i;1.3655365075854158E-7-2.3144599343382368E-12i;2.2465111667066657E-7-2.1136275283616715E-11i;-1.5609801561348733E-7+1.1957430422508787E-10i;-2.467766747894253E-7;2.304337647107012E-8+4.790023044934056E-18i;-2.2686684062935153E-7-2.303572219283369E-17i;5.482570474126582E-8+2.2978026849199257E-17i;1.101710253187733E-7+3.209364425886003E-17i;-1.9187181065194408E-10+8.06564530143914E-18i;-5.574400383553581E-8+6.063738668712864E-18i;-2.2855377043260986E-7-9.620002971597329E-17i;3.249262766316325E-8+3.1354205266182816E-17i;-2.511594551699035E-7-7.442772742204665E-17i;-5.121786394070676E-8-1.9596981560419125E-17i;-5.848827260562786E-8+2.1781989721212232E-17i;2.390114692381463E-8-7.127084289702587E-18i;-8.325368556067575E-8+7.039699304483222E-16i;-7.944310908003732E-8;1.5214708061282804E-7-1.0662808270810568E-16i;-5.639854870979148E-9-2.264330092744843E-16i;-5.435154549533088E-9-1.3766662851725854E-16i;-2.0817041396946685E-7-1.871654357497233E-15i
-7.329633281566209E-8-2.3073813259824625E-11i;3.015481249868417E-7-1.1521054149655999E-10i;1.1051585920544212E-7-6.703480141701022E-11i;1.1442275045582927E-7-4.998387109304138E-12i;2.2306491562983372E-7-3.990088869920732E-11i;-1.3955914908371915E-7+1.1056260174899555E-10i;-2.3715830734463493E-7;2.0020595145705365E-8+4.324263202743475E-18i;-1.9762275044945113E-7-2.7266760139920285E-17i;5.164339111522142E-8+1.9962659070013438E-17i;3.354567657602273E-8+1.9266437273825937E-17i;5.627761759363482E-9+2.5276495134462967E-18i;-4.86594493004399E-8;-1.6798968983288852E-7-5.3270955055639415E-17i;7.021098072097034E-8+7.257052816847792E-18i;-2.2634614695668248E-7-9.361678389737257E-17i;-3.023242161345951E-8-1.8661020787287925E-17i;4.161459521724984E-8-4.521557622123712E-17i;2.974792265820854E-8+4.5301476238376686E-17i;-8.344453414111194E-8+7.352728326335661E-16i;-6.586053053114988E-8+2.181086398244497E-17i;8.058542390237426E-8-1.974599740675619E-16i;-1.1978477600343905E-7-3.59108768781194E-16i;-3.114478681232917E-8-1.2005249246652993E-16i;-2.025963313905823E-7-1.7614109442867737E-15i
-5.137522823597943E-8-2.0541690797242362E-11i;2.8957267792931223E-7-1.001886251593948E-10i;9.582456626876926E-8-5.5207421109524704E-11i;9.229185015860652E-8-7.682314284512926E-12i;2.2147871457550062E-7-5.866550211240868E-11i;-1.230202825282008E-7+1.0155089926388394E-10i;-2.290252041245795E-7;1.698802932315229E-8+4.25994542030103E-18i;-1.6830533370950004E-7-1.975629631473052E-17i;4.896534038153709E-8+1.7826419731779523E-17i;-3.836225390988899E-8+1.5950785448448504E-17i;1.1186502210683678E-8;-4.1568103835430404E-8;-1.1099247569489091E-7-4.8380393913081726E-17i;1.0732182366378438E-7+1.2392132188308614E-17i;-1.9966483040880666E-7-6.955722870300093E-17i;-9.81934511918116E-9-1.5807194866599638E-17i;1.1789339456862318E-7-1.0883044530782088E-16i;3.3343323709552614E-8+4.6709757763004296E-17i;-8.453370921632301E-8+7.918285488875856E-16i;-5.3143468203097184E-8+5.199631267842598E-17i;9.187476698319312E-9-2.2846286594810184E-16i;-2.0636571877954E-7-4.871955144718945E-16i;-5.098781446744125E-8-1.2039231723227347E-16i;-2.0067897299898393E-7-1.7147498608053037E-15i
-2.9454123651155562E-8-1.8009568337232363E-11i;2.775972308852981E-7-8.516670882904292E-11i;8.113327336040462E-8-4.338004083120629E-11i;7.016094986738555E-8-1.03662414610252E-11i;2.1989251351155952E-7-7.74301155260429E-11i;-1.0648141594698143E-7+9.253919677056226E-11i;-2.223161471140141E-7;1.3938126031376275E-8+4.640706212876298E-18i;-1.3864186982117688E-7;4.675152453019091E-8+1.5899188907957935E-17i;-1.0313668684557363E-7+1.1633105831271438E-17i;1.626529229823146E-8;-3.435375960716223E-8;-5.9186054048690956E-8-4.587385624252127E-17i;1.4205226767575714E-7+2.2253346710715972E-17i;-1.6998062722998722E-7-3.377528636648114E-17i;9.254903354956402E-9-8.657266760992823E-18i;1.635579087844372E-7-1.457697194276047E-16i;3.3932185104888604E-8+3.933796328209126E-17i;-8.604334372809197E-8+8.297815658084325E-16i;-4.135298825801337E-8+6.609439908473289E-17i;-5.8935642638113096E-8-2.221347917656428E-16i;-2.553735537184668E-7-5.460008317608738E-16i;-6.23296451789978E-8-1.3574201699094672E-16i;-2.0124623757646282E-7-1.7056306527178179E-15i
-7.533019060507295E-9-1.547744587901759E-11i;2.656217838512228E-7-7.014479250508173E-11i;6.644198048122274E-8-3.155266058249226E-11i;4.803004958286014E-8-1.3050168639939524E-11i;2.1830631244095145E-7-9.61947289426064E-11i;-8.994254933971169E-8+8.352749426959049E-11i;-2.1698844609682223E-7;1.0867926009615672E-8+4.854446329555334E-18i;-1.0851196948945695E-7;4.498347859497481E-8+1.487344974533626E-17i;-1.5838996999513075E-7;2.0645391194326474E-8;-2.696867430298546E-8-3.2310391779962965E-18i;-1.4523699223297295E-8-2.7921420795191597E-17i;1.72572375168036E-7+1.8434903520744775E-17i;-1.3687456876358446E-7-1.710213480012731E-17i;2.605540034292962E-8;1.7519667947293873E-7-1.624537175424464E-16i;3.1144337711290904E-8+5.170346186047564E-17i;-8.76253795383941E-8+8.276261070235409E-16i;-3.060401508828547E-8+6.835351184104735E-17i;-1.1989610557551719E-7-1.9028918575699312E-16i;-2.6120056868771106E-7-4.814983337354338E-16i;-6.356546783929693E-8-1.2842055767719475E-16i;-2.0331345456897024E-7-1.7187522338325357E-15i
1.4388085536734534E-8-1.294532342219622E-11i;2.536463368239008E-7-5.5122876186576234E-11i;5.1750687632091416E-8-1.97252803634301E-11i;2.5899149305766447E-8-1.5734095821798903E-11i;2.1672011136620347E-7-1.1495934236370782E-10i;-7.340368270602131E-8+7.451579176077491E-11i;-2.1301334481139534E-7;7.778197114167331E-9+4.764697930836626E-18i;-7.791111141948996E-8;4.3655672391449916E-8+1.2229549693502601E-17i;-2.0196086705260603E-7;2.4127660935630638E-8-5.3190493955633985E-18i;-1.9412502122762344E-8-8.588584404910477E-18i;2.103949311106567E-8-1.083489583249391E-17i;1.971785905839218E-7;-1.005004392212027E-7-2.1029837561858914E-17i;3.9643715456547204E-8;1.5372887787814793E-7-1.3835399638090995E-16i;2.5065223830019726E-8+5.976849395739758E-17i;-8.902421542124292E-8+7.853641718736526E-16i;-2.0920621790170362E-8+5.594527074945657E-17i;-1.697622362663387E-7-1.0823284234518301E-16i;-2.2414434906632447E-7-3.1290536410132033E-16i;-5.4563683194974305E-8-1.1371583960234396E-16i;-2.059451615894466E-7-1.7492259331246609E-15i
3.6309190141400926E-8-1.0413200966270252E-11i;2.4167088980055605E-7-4.010095987465785E-11i;3.7059394813884546E-8-7.897900175320227E-12i;3.768249036903672E-9-1.8418023007500246E-11i;2.151339102896038E-7-1.3372395579190717E-10i;-5.6864816045570195E-8+6.550408924422596E-11i;-2.1037227209909063E-7;4.672507167938321E-9+4.985499598661774E-18i;-4.691795482477757E-8;4.2767361861873E-8+1.0720814094430339E-17i;-2.3206940319628429E-7;2.6548533973473332E-8-3.748713280423601E-18i;-1.1714700722460766E-8-6.835639680605194E-18i;4.580033485143933E-8;2.144437524155451E-7;-6.145950141005917E-8+1.0405385980432596E-17i;4.920874403488086E-8+5.5935456592210856E-18i;1.0456468333195948E-7-1.1971884069060159E-16i;1.6236573128087586E-8+5.976827022687198E-17i;-9.005098402595278E-8+7.410411197763666E-16i;-1.2163158933117392E-8+3.965737674588441E-17i;-2.0510680064760767E-7;-1.5075165174395891E-7-1.1509833614261428E-16i;-3.678950627390727E-8-1.0844159174911726E-16i;-2.082860567498514E-7-1.7768554793935887E-15i
5.823029475421706E-8-7.881078511013052E-12i;2.2969544277849425E-7-2.5079043569329803E-11i;2.236810202698645E-8+3.929479981344891E-12i;-1.836265122303942E-8-2.110195019756237E-11i;2.135477092135322E-7-1.5248856922946228E-10i;-4.032594935847101E-8+5.6492386720053955E-11i;-2.0905422883729624E-7;1.5564493721163464E-9+5.139924440260433E-18i;-1.5669215398557482E-8+2.932038284770424E-18i;4.232197140773755E-8+9.33665258082221E-18i;-2.474513500139613E-7;2.779107792395132E-8-3.646758774608115E-18i;-3.9251292505909554E-9-6.5768985857314156E-18i;5.851040749423649E-8;2.2334296838696542E-7;-2.068871381420723E-8+2.8565812705760886E-17i;5.415392886599492E-8+9.738587122716806E-18i;3.7010245713058706E-8-8.310789431968948E-17i;5.582079953808283E-9+5.0353409610070544E-17i;-9.058957260415086E-8+6.705679926850823E-16i;-4.039697022340904E-9+1.8951504551955508E-17i;-2.234205751844104E-7+1.1580021204189895E-16i;-5.306155519179625E-8+1.3204322044542904E-16i;-1.3099385697695411E-8-1.0465701776197625E-16i;-2.0965617310208536E-7-1.816413365961272E-15i
8.015139937572017E-8-5.348956056030123E-12i;2.1771999575483405E-7-1.0057127270771904E-11i;7.67680927106862E-9+1.575686010665497E-11i;-4.0493551473548636E-8-2.3785877392401536E-11i;2.1196150814062167E-7-1.7125318267823428E-10i;-2.3787082645496882E-8+4.748068418835171E-11i;-2.090541769751257E-7;-1.5632638156811975E-9+5.280402595432673E-18i;1.5668500324254352E-8+7.192143618542057E-18i;4.232125991538503E-8+7.901607808281142E-18i;-2.4745128361909607E-7;2.779248205598261E-8-3.0860991841582596E-18i;3.897612106211707E-9-5.857807845559923E-18i;5.851174963957613E-8+9.663184196057275E-18i;2.2334336338268515E-7;2.0683045003676767E-8+4.604512517131982E-17i;5.415718378241212E-8+1.7514642649375967E-17i;-3.701371933896432E-8-3.194440275217861E-17i;-5.719018321622457E-9+4.507068718878293E-17i;-9.057588895069616E-8+5.93799084183074E-16i;3.863013160084529E-9-3.6649702020346774E-18i;-2.2339220396393386E-7+2.2984089208390106E-16i;5.3199034690887356E-8+3.7986164316464157E-16i;1.2701699016267051E-8-9.79533136308482E-17i;-2.0968610186201986E-7-1.8338022164350038E-15i
1.0207250400599585E-7-2.81683360087891E-12i;2.057445487263855E-7+4.9647890218300405E-12i;-7.014483455096961E-9+2.7584240202015977E-11i;-6.262445171445523E-8-2.6469804592768787E-11i;2.1037530707374706E-7-1.9001779613933997E-10i;-7.248215908182438E-9+3.8468981649797466E-11i;-2.1037216272579403E-7;-4.679477339504022E-9+5.425497497612125E-18i;4.6918783549309236E-8+9.344086315098244E-18i;4.2764436596633575E-8+6.734360343145359E-18i;-2.3206871275510052E-7;2.6552665747818713E-8;1.1691574074479104E-8-6.390697941691113E-18i;4.580253979251824E-8+1.771630431473015E-17i;2.144448141717126E-7;6.14588637975547E-8+5.549803439535433E-17i;4.921769619212512E-8+1.921226433675065E-17i;-1.045725138522372E-7+1.3135493628312901E-17i;-1.6384563887065687E-8+4.4233040383211415E-17i;-9.000665956017355E-8+5.121364828825328E-16i;1.2006448376403392E-8-2.955547100961025E-17i;-2.0502413912231537E-7+3.166983065558114E-16i;1.508870128714824E-7+5.990068068678679E-16i;3.64295315724691E-8-9.375872083305598E-17i;-2.0838053900199846E-7-1.8393941631415914E-15i
1.239936086448793E-7-2.847111445093239E-13i;1.9376910168997873E-7+1.998670530994587E-11i;-2.170577615332509E-8+3.941162026928935E-11i;-8.475535194577683E-8-2.915373179920659E-11i;2.0878910601569427E-7-2.0878240961361955E-10i;9.290650851476784E-9+2.945727910524905E-11i;-2.130131340423006E-7;-7.785288277895478E-9+5.549001474302579E-18i;7.791149896564696E-8+1.3393440560201725E-17i;4.365121481788794E-8+6.057917787143744E-18i;-2.0195998431041337E-7;2.413183251104301E-8;1.939420790873203E-8-4.5367491751465904E-18i;2.1044642324966737E-8+2.038171559664565E-17i;1.9718190722404792E-7;1.004954931579742E-7+7.246876254182583E-17i;3.9648528537078805E-8+2.3360207915690548E-17i;-1.53734708912531E-7+4.657153574902093E-17i;-2.52216115737833E-8+4.3970431300718344E-17i;-8.89495068675717E-8+4.501717420990351E-16i;2.0792734638862908E-8-4.59807382535053E-17i;-1.6965041725896377E-7+3.631136913292464E-16i;2.2424921560547892E-7+7.218875838282658E-16i;5.423398530221647E-8-8.655648168458973E-17i;-2.0609125705176093E-7-1.813187404617256E-15i
1.4591471329306518E-7+2.247411313357309E-12i;1.817936546430342E-7+3.500862159388269E-11i;-3.6397068824478697E-8+5.1239000309151284E-11i;-1.0688625216697151E-7-3.1837659011157215E-11i;2.0720290496876095E-7-2.2754702310251725E-10i;2.5829517632342235E-8+2.044557655512438E-11i;-2.1698808731621138E-7;-1.0875158265394714E-8+5.61099368905041E-18i;1.0851287714221412E-7+1.674614625367186E-17i;4.497834313060772E-8;-1.5838850676815638E-7-2.0047359152764634E-17i;2.0649093886195765E-8;2.6956996889401204E-8-3.642672586147639E-18i;-1.4515720587053728E-8+1.7034248534191885E-17i;1.7257701555315494E-7;1.368692818882724E-7+8.615916732640178E-17i;2.6052667379890364E-8+2.2928016538229077E-17i;-1.752017172666689E-7+6.670919572782813E-17i;-3.130784503263148E-8+4.311025422543791E-17i;-8.753096589319533E-8+3.955996396044161E-16i;3.0518788720175425E-8-5.0846909180565143E-17i;-1.197735854373706E-7+3.6456718295513186E-16i;2.6127407685782285E-7+7.468324122596472E-16i;6.326049644540476E-8-8.106799544614633E-17i;-2.0348278360042566E-7-1.7860377691045842E-15i
1.6783581794965072E-7+4.779533773212117E-12i;1.698182075828036E-7+5.003053787510022E-11i;-5.108836147149572E-8+6.306638032425357E-11i;-1.2901715237881758E-7-3.452158622891974E-11i;2.0561670393563054E-7-2.463116366077721E-10i;4.236838443160583E-8+1.1433874000594382E-11i;-2.2231563034641652E-7;-1.3945468092665602E-8+5.704478179585658E-18i;1.386433750482916E-7+2.0723852100787347E-17i;4.6745463543411266E-8;-1.0313476661035987E-7-1.9633514818345677E-17i;1.6268122529056286E-8;3.434897512801649E-8;-5.917500238368611E-8+1.0239824674486755E-17i;1.420583925248468E-7;1.6997604595632308E-7+9.714748962124173E-17i;9.242087813903089E-9+2.472069914243818E-17i;-1.635611658967017E-7+7.39428990725279E-17i;-3.41007439762372E-8+4.711340804445047E-17i;-8.593879504390199E-8+3.6908398844235474E-16i;4.1316780819110084E-8-4.667265401872613E-17i;-5.882727048377133E-8+3.182602655951569E-16i;2.554096419099641E-7+6.559415191855235E-16i;6.203699879007995E-8-7.640815934085736E-17i;-2.01409655778898E-7-1.7464503408252404E-15i
1.89756922614686E-7+7.311656235733383E-12i;1.578427605066636E-7+6.505245415475818E-11i;-6.577965409582154E-8+7.489376031602248E-11i;-1.511480525812797E-7-3.720551345275294E-11i;2.0403050291875674E-7-2.6507625013060274E-10i;5.8907251247779064E-8+2.422171442881497E-12i;-2.2902452978148397E-7;-1.6995451787077585E-8+6.355946657712771E-18i;1.6830746556277787E-7+2.5896142391806294E-17i;4.895817044318896E-8;-3.83599739238253E-8-1.8171111211722436E-17i;1.118818832133092E-8+1.4074328952192194E-18i;4.157029403203929E-8;-1.1097810278019644E-7;1.073297221332555E-7;1.9966186778671359E-7+9.974356093647106E-17i;-9.844289438428515E-9+2.18900931262816E-17i;-1.1789473188473003E-7+4.615719324151956E-17i;-3.3515383191195856E-8+4.54987062335408E-17i;-8.44304816392509E-8+3.7148652755807967E-16i;5.3159461583724826E-8-2.945945676331964E-17i;9.256341576245088E-9+2.255592141085463E-16i;2.0636116274611168E-7+4.483348523290742E-16i;5.0693140355575975E-8-8.081264806404986E-17i;-2.0080721351334766E-7-1.722915205866624E-15i
2.1167802728847694E-7+9.843778702095745E-12i;1.45867313411986E-7+8.007437043352226E-11i;-8.047094669833124E-8+8.672114028521486E-11i;-1.7327895277417799E-7-3.9889440682908776E-11i;2.0244430192067771E-7-2.8384086367076025E-10i;7.544611807994509E-8-6.589531117529694E-12i;-2.3715747410738912E-7;-2.0028063436926275E-8+6.2631700761804216E-18i;1.9762544817477994E-7+2.960177524536681E-17i;5.163497627851797E-8;3.354840628658681E-8-1.8338611254905898E-17i;5.628152506016163E-9+4.0330082404475094E-18i;4.866853445703669E-8;-1.6797171175553094E-7;7.022102204224497E-8;2.2634523040878336E-7+1.0543819577325212E-16i;-3.027054870223027E-8+1.1068230061302039E-17i;-4.1613922648765225E-8-1.0738083364352119E-17i;-2.992279702011393E-8+5.325549849652126E-17i;-8.335372247231882E-8+4.0511893782528375E-16i;6.592889461816764E-8-2.0157288853881594E-17i;8.059189683955237E-8+7.490938051769894E-17i;1.1973860002226195E-7+1.5656945019971436E-16i;3.0834449847520214E-8-9.2796311004585E-17i;-2.0266510715879031E-7-1.7018109526478788E-15i
2.3359913197105125E-7+1.237590117282769E-11i;1.3389186629620068E-7+9.509628671404141E-11i;-9.516223928017478E-8+9.854852023249588E-11i;-1.9540985295781858E-7-4.25733679202612E-11i;2.0085810094425142E-7-3.0260547723045805E-10i;9.198498492713953E-8-1.5601233678827528E-11i;-2.4677571466232927E-7;-2.305087547825679E-8+6.623355456907552E-18i;2.268705020462554E-7+3.411775538541036E-17i;5.481642194981003E-8;1.1017370084546648E-7-1.6021515713276917E-17i;-1.924878368338015E-10+6.196518105022357E-18i;5.576073148308874E-8+5.638792760357872E-18i;-2.2853222308664333E-7-2.6616077668888876E-17i;3.250477758729945E-8;2.511620494216398E-7+1.0962411682678289E-16i;-5.127054617637307E-8+1.3120329171939178E-17i;5.84887562907342E-8-7.75965918242448E-17i;-2.4081527925293565E-8+6.144254192869528E-17i;-8.318704381610306E-8+4.605094976915153E-16i;7.956514571813367E-8+1.1397410250541375E-17i;1.520767711890766E-7-9.286691778328027E-17i;5.5540177632510135E-9-2.0058883854198207E-16i;5.09999547592294E-9-1.0517001030980578E-16i;-2.081602831545961E-7-1.7092403984465687E-15i
2.5552023666216357E-7+1.4908023648160908E-11i;1.219164191567646E-7+1.1011820299692619E-10i;-1.0985353184246919E-7+1.1037590015909265E-10i;-2.175407531329829E-7-4.5257295165143575E-11i;1.9927189999269174E-7-3.213700908106953E-10i;1.0852385178865955E-7-2.4612936240030926E-11i;-2.579649147186565E-7;-2.6077058053937266E-8+6.99940100852531E-18i;2.565143366895002E-7+3.9034256161400925E-17i;5.8575780703548257E-8;1.8928583999366326E-7;-6.073441151134844E-9+8.531691799198496E-18i;6.306387446751873E-8+7.647387302484992E-18i;-2.91761323111116E-7-4.638186757714769E-17i;-4.3032737613193704E-9+5.09643492302749E-18i;2.761812950998796E-7+1.163600308858372E-16i;-7.245428636734923E-8+8.13260283624682E-18i;1.7396684513971012E-7-1.493270383714206E-16i;-1.701827348287886E-8+5.968855135134726E-17i;-8.461727686926211E-8+5.446061276739455E-16i;9.432367734529952E-8+4.782818630277261E-17i;2.2238449832765277E-7-2.7173263477748714E-16i;-1.2438196933239214E-7-5.982956892652576E-16i;-2.3563136325234385E-8-1.2783885515481748E-16i;-2.1910368081980815E-7-1.756742413559554E-15i
2.7744134136066983E-7+1.7440146127083487E-11i;1.0994097199156919E-7+1.2514011928264303E-10i;-1.245448243867232E-7+1.2220328006628168E-10i;-2.396716533013773E-7-4.7941222416218685E-11i;1.9768569906928344E-7-3.401347044153085E-10i;1.2506271866371408E-7-3.362463880041493E-11i;-2.7084229799620723E-7;-2.9126724078946043E-8+7.16869258100932E-18i;2.87284159509347E-7+4.3157842920392643E-17i;6.303690084401894E-8;2.6906636183258664E-7;-1.1853253766419798E-8+7.981091864734373E-18i;7.094296272459458E-8+7.753301978328328E-18i;-3.579603878922634E-7-6.65016918688581E-17i;-3.915036544847178E-8+6.888128779966988E-18i;3.0476041442775095E-7+1.138606827452535E-16i;-9.40819693471923E-8;2.9704651011824736E-7-2.206732353518321E-16i;-9.890117981262768E-9+6.023356586757822E-17i;-8.870847106004486E-8+6.458516772419687E-16i;1.1121313647854399E-7+8.540160081410349E-17i;2.933709567942173E-7-4.588164793100971E-16i;-2.599002635527175E-7-9.932689256014708E-16i;-5.286547743958653E-8-1.5314897821480607E-16i;-2.389095689125877E-7-1.9018774229896776E-15i
-1.4600498568164824E-7-3.0100305790238435E-11i;3.406927224189618E-7-1.6262352485574587E-10i;1.3997977015031513E-7-8.828651862530326E-11i;1.9004350626051497E-7+3.2473377832657122E-12i;2.328030180787082E-7+1.3554350802327674E-11i;-1.7671788444180398E-7+1.3332467143080272E-10i;-2.7374258201009606E-7;-2.7467150663430523E-12+1.1040178314764278E-18i;-2.912642444281487E-7-4.300136720327856E-17i;2.2958989455811048E-12+1.528374307490232E-17i;2.6780714464868655E-7+4.245063641993434E-17i;1.0554302227869305E-11+1.1510868050697603E-17i;2.1874757698016383E-11+1.4286049407516227E-17i;-3.6755075125131547E-7-1.1240158584881152E-16i;-3.53098428547643E-8+1.396593345830357E-17i;-3.2224000267390355E-7-1.395631204243258E-16i;7.443093201220383E-11-1.2659520387420042E-17i;-3.010185016595629E-7+2.4764291317497723E-16i;8.684011008128597E-11-6.08740642713089E-17i;1.5191913333023626E-11-8.92611743936506E-17i;1.7490008579144595E-10-6.817101143565143E-17i;3.1175418493470123E-7+1.0908844085524168E-16i;2.60498902849871E-7+2.749547361960247E-16i;-2.950672003751646E-10-1.3988805126725487E-16i;-2.7151486256477005E-7-2.4582206600048785E-15i
-1.2408388113566602E-7-2.7568183395640444E-11i;3.287172755866339E-7-1.4760160850632678E-10i;1.2528847716041246E-7-7.64591382456609E-11i;1.679126059080616E-7+5.634106870568293E-13i;2.3121681679536467E-7-5.210262419030409E-12i;-1.6017901788793813E-7+1.2431296888037095E-10i;-2.608149231639596E-7;-3.636745285493816E-12+1.3361153132709841E-18i;-2.6007830397111006E-7-3.8903862861495364E-17i;8.849769830478882E-13+1.313988532674234E-17i;1.8810752476925063E-7+3.5789247869348273E-17i;8.64175364203167E-12+6.149258982664889E-18i;2.039079634155098E-11+7.787165309225019E-18i;-3.00161172144987E-7-9.018811228253185E-17i;-1.6767339119187044E-10+8.524257141696946E-18i;-2.9163093621153195E-7-1.4045537114739021E-16i;6.360066887657867E-11-1.4540168249644283E-17i;-1.775082318341263E-7+1.6151865866675075E-16i;4.630191260587997E-11-3.261408304785813E-17i;1.478104417014907E-11-7.90949171427802E-17i;1.339960000170326E-10-3.3790851308684747E-17i;2.363364486120024E-7;1.2337964820194026E-7+5.302249043556376E-17i;-2.336174206888957E-10-1.3113911474393556E-16i;-2.492130176668896E-7-2.2470574827851684E-15i
-1.0216277658791184E-7-2.5036061001550498E-11i;3.1674182875338094E-7-1.3257969215936823E-10i;1.1059718418341397E-7-6.463175788313249E-11i;1.4578170556066092E-7-2.1205164107396343E-12i;2.29630615517723E-7-2.3974875643621275E-11i;-1.4364015132596139E-7+1.1530126633223204E-10i;-2.4958599670564217E-7;-3.731141185636082E-12+1.761081898105632E-18i;-2.3003155366069133E-7-2.810117617754643E-17i;9.598201217522897E-13+1.2581451442777215E-17i;1.090605481108672E-7+3.470973322914375E-17i;5.242688887842252E-12+3.652170091379646E-18i;1.6569268863382215E-11+7.389398388959294E-18i;-2.358767972258719E-7-9.431149575440033E-17i;3.705780011429652E-8+2.186053001331657E-17i;-2.6481706554385535E-7-1.1046717822865284E-16i;4.685717937373208E-11-1.3750378918886872E-17i;-6.166590089729828E-8+6.22925870536556E-17i;6.846852163620202E-12-3.916149626435652E-17i;1.237448908235558E-11-3.7527180222807383E-17i;8.818880918541379E-11+1.3183835915644202E-17i;1.616738081547539E-7-6.816413979871775E-17i;-8.124801597404672E-9-1.8872381726219006E-16i;-1.7307664508225865E-10-1.4772607795704873E-16i;-2.3692080052888988E-7-2.157824919871593E-15i
-8.024167203756693E-8-2.2503938608830107E-11i;3.0476638192665224E-7-1.1755777581731503E-10i;9.590589122590633E-8-5.280437754311801E-11i;1.2365080521839798E-7-4.8044435096458614E-12i;2.2804441423874412E-7-4.273948887027626E-11i;-1.271012847485484E-7+1.062895637819751E-10i;-2.399365670555709E-7;-3.715512150972257E-12+1.5973940696982633E-18i;-2.0038690495969908E-7-2.8390359700801545E-17i;1.2926344734854316E-12+1.0867390264208402E-17i;3.2488020353601334E-8+1.903657682636257E-17i;1.7364806907454123E-12+1.848965202639505E-19i;1.229529892351687E-11+5.806111115796157E-20i;-1.7436230650244283E-7-4.182716970779875E-17i;7.526466876509455E-8;-2.3828884889742228E-7-1.0705074953518167E-16i;2.9425202762282275E-11-8.188741990171021E-18i;3.878558479455984E-8-2.9419930147749653E-17i;-2.6330931845818648E-11+2.2677484550106625E-17i;9.921405615133954E-12-1.5855619592867753E-17i;4.230471899021108E-11+2.755374122425202E-17i;8.580255493851372E-8-1.8248459533439853E-16i;-1.236526230926646E-7-3.495817931296063E-16i;-1.234700163540061E-10-1.1826086770532532E-16i;-2.3067826106688783E-7-2.04926765464012E-15i
-5.832056748436404E-8-1.9971816216843043E-11i;2.927909351057044E-7-1.025358594806965E-10i;8.121459828998806E-8-4.0976997227682874E-11i;1.0151990488126562E-7-7.488370610729904E-12i;2.2645821295873942E-7-6.150410210129288E-11i;-1.1056241815350516E-7+9.727786122931357E-11i;-2.3177938230893717E-7;-3.688184407354761E-12+2.1235288783941875E-18i;-1.706661683114079E-7-2.36425338812544E-17i;1.747601624815553E-12+9.356773501339414E-18i;-3.9377662903522205E-8+1.5709440089371685E-17i;-1.6975738616943287E-12-4.591790747151249E-18i;8.051136099283927E-12-4.229246211594475E-18i;-1.16508305140714E-7-3.570983035880763E-17i;1.1289302445015288E-7;-2.0989599597229848E-7-9.368423854560782E-17i;1.294202473089891E-11-1.043001062905187E-17i;1.1542723640116903E-7-8.312501610644932E-17i;-5.041318682319836E-11+1.8476485928234423E-17i;8.159581030370387E-12+1.2664164217518916E-18i;-5.675645872049642E-13+5.0569608215800883E-17i;1.013407501659789E-8-2.175986013142735E-16i;-2.1120531684174884E-7-4.66408448932046E-16i;-8.929505485307275E-11-1.2118380546706323E-16i;-2.2840067801935566E-7-2.028035352728142E-15i
-3.6399462927864476E-8-1.74396938251984E-11i;2.808154882882846E-7-8.751394315008749E-11i;6.652330537697947E-8-2.9149616937476845E-11i;7.938900454943867E-8-1.017229771491233E-11i;2.248720116791353E-7-8.02687153380303E-11i;-9.402355153958497E-8+8.826615867404262E-11i;-2.2505194361909916E-7;-3.661357102594557E-12+3.038197175726234E-18i;-1.4059267808005834E-7;2.2191913701695002E-12+8.547676048566082E-18i;-1.04118546154328E-7+1.5119484000654186E-17i;-4.886770577185388E-12-3.46037142713313E-18i;3.944475245266567E-12+4.051954146999733E-19i;-6.394629077247052E-8-4.361501896296212E-17i;1.4812919382169102E-7+2.094645290449379E-17i;-1.784638797390233E-7-4.0625439486507746E-17i;-1.5669438766490896E-12-7.6468846913482E-18i;1.6148056441569452E-7-1.3671845484836054E-16i;-6.24670629128143E-11-6.688950064347015E-18i;7.2145992944939716E-12+4.5041622267434873E-17i;-3.773800431273587E-11+7.611777643078265E-17i;-6.204231125254263E-8-2.0602440499133415E-16i;-2.6062478955661613E-7-5.522354601361471E-16i;-7.545823516847825E-11-1.368234350881755E-16i;-2.2876662611970084E-7-2.035100151178354E-15i
-1.4478358367436438E-8-1.490757143369523E-11i;2.688400414723814E-7-7.24920268228253E-11i;5.183201248830664E-8-1.7322236673234245E-11i;5.725810422328621E-8-1.2856224822036993E-11i;2.2328581040109777E-7-9.903332858137733E-11i;-7.74846849055417E-8+7.925445611566762E-11i;-2.1971060820886814E-7;-3.6306409343058777E-12+3.2063929753768043E-18i;-1.100446982447158E-7;2.7551153738753E-12+7.553546354611071E-18i;-1.5934600826762073E-7;-7.634614246956547E-12-5.7318370635182206E-18i;-6.127459401374887E-14-2.4728682077067516E-18i;-1.864613116943899E-8-2.1114689977708932E-17i;1.791057271218036E-7;-1.4356043348572065E-7-1.8209532282227837E-17i;-1.3301803582115233E-11-3.642315800132788E-18i;1.735375737640236E-7-1.5164081828410147E-16i;-6.1160612876982E-11+6.3612472844715315E-18i;6.44121787363327E-12+5.0766510411396043E-17i;-6.724408173598642E-11+7.489973164659376E-17i;-1.2661494861281878E-7-1.8270464718898182E-16i;-2.6622305990208304E-7-4.973223910295543E-16i;-8.350027502863183E-11-1.2937774317146174E-16i;-2.3071165562274074E-7-2.028652895920595E-15i
7.442746197572851E-9-1.2375449042310078E-11i;2.568645946560908E-7-5.747011049987157E-11i;3.7140719625310964E-8-5.4948564359251146E-12i;3.512720390328993E-8-1.554015193275467E-11i;2.2169960912592727E-7-1.1779794183264467E-10i;-6.094581825034579E-8+7.024275355370388E-11i;-2.1572587416763132E-7;-3.588950695474911E-12+3.719583763955984E-18i;-7.901635440139797E-8;3.3518345431380142E-12+5.386391674177871E-18i;-2.0289784134832864E-7;-9.64753065097276E-12-1.0256887584648948E-17i;-3.989791312109662E-12-8.350108811969719E-18i;1.7419190928071282E-8-8.507848562526521E-18i;2.0408768394673694E-7;-1.0533414240396447E-7-1.7463921935613752E-17i;-2.1398084313921612E-11-1.6344413007973876E-18i;1.5251743512404306E-7-1.3179389426655986E-16i;-4.693056085576588E-11+9.115426553995928E-18i;4.966776106096858E-12+3.9183373458573494E-17i;-8.774203463181324E-11+6.26674889563193E-17i;-1.7943821772968414E-7-1.0363851977056047E-16i;-2.283018934741653E-7-3.294004854054301E-16i;-1.1161709069865115E-10-1.249425631748717E-16i;-2.3326103363791224E-7-2.0531379668519003E-15i
2.9363850767819127E-8-9.843326650539819E-12i;2.448891478375508E-7-4.244819418210868E-11i;2.2449426789253463E-8+6.3325237729854754E-12i;1.2996303589986443E-8-1.822407904799099E-11i;2.201134078549958E-7-1.365625550943405E-10i;-4.440695157311423E-8+6.123105098783323E-11i;-2.130786525778218E-7;-3.5179525717196176E-12+4.226102423028653E-18i;-4.758682163042108E-8;4.631244182069828E-12+4.348002142212948E-18i;-2.3299349501069373E-7;-9.95221216345147E-12-1.0265154651864968E-17i;-8.07908075744895E-12-9.34364261691692E-18i;4.2528619696021575E-8+4.9061511553570096E-18i;2.2162157624561496E-7;-6.439165981109529E-8;-2.315634510671075E-11+2.868528771171231E-18i;1.0382801611460118E-7-1.0590910912355987E-16i;-2.0890250898939766E-11+1.456271200783791E-17i;-3.054625145969389E-12+3.7546391593135436E-17i;-9.943987427668777E-11+4.366866003737551E-17i;-2.1689214114425187E-7;-1.5350339275236774E-7-1.1698618727389412E-16i;-1.58588556066618E-10-1.1797223697574983E-16i;-2.3554106311436416E-7-2.0480226033689374E-15i
5.1284955343867723E-8-7.311204258314373E-12i;2.3291370101469088E-7-2.7426277869130572E-11i;7.7581339806864E-9+1.8159903952976893E-11i;-9.134596716132003E-9-2.0908006167946497E-11i;2.1852720659005304E-7-1.5532716836693247E-10i;-2.7868084873676837E-8+5.2219348417503614E-11i;-2.1175761880503975E-7;-3.5065697508775404E-12+4.802487622984744E-18i;-1.589362031147981E-8+3.326900588549335E-18i;3.417189365122898E-12+3.1654928020496772E-18i;-2.4836960733367555E-7;-1.2011497876776304E-11-9.924464156217816E-18i;-1.0311425499536915E-11-8.594073339963986E-18i;5.541971374878587E-8;2.3066266231099407E-7;-2.1676595009479648E-8+3.1087773709756887E-17i;-3.150026349920285E-11+5.924958103959419E-18i;3.6756756523295675E-8-6.005890716138504E-17i;8.112246846038921E-12-1.3620887550239076E-18i;4.426357078765781E-12+3.109695879722687E-17i;-9.71232165292561E-11+2.4178139499299523E-17i;-2.3631430310720604E-7+1.279766435181649E-16i;-5.401607150250973E-8+1.258544975077099E-16i;-2.0120582893602323E-10-1.2265546154915564E-16i;-2.368613153947702E-7-2.054426634943252E-15i
7.320605992611905E-8-4.779081865287147E-12i;2.2093825418517857E-7-1.2404361561499138E-11i;-6.933158800707373E-9+2.9987284103966244E-11i;-3.1265497014693353E-8-2.3591933293239463E-11i;2.16941005333158E-7-1.7409178165257054E-10i;-1.1329218152675447E-8+4.3207645842912725E-11i;-2.1175765411209364E-7;-3.4981566788214813E-12+5.429977599380617E-18i;1.5893040191468527E-8+6.086517563014709E-18i;1.8582807507338434E-12+1.0925849196990494E-18i;-2.4836934846062145E-7;-9.548746109609207E-12-1.1233986696284443E-17i;-1.2071099338484114E-11-1.1105324613051544E-17i;5.5420496662680285E-8+8.145755811353381E-18i;2.3066347830736215E-7;2.166214352442717E-8+3.829615747976615E-17i;-2.310530154513894E-11+1.0833224628482993E-17i;-3.675980570824351E-8;3.7648724539047117E-11-4.798769266424591E-18i;2.9906677174413117E-12+7.918256456516393E-18i;-8.783032407371763E-11-2.456606568213963E-18i;-2.3628430583110793E-7+2.468914742775431E-16i;5.416680560530373E-8+3.8775316782034025E-16i;-2.4141127284038723E-10-1.1607612256979488E-16i;-2.3685714643327698E-7-2.0457430483443003E-15i
9.512716451476466E-8-2.24695947122762E-12i;2.0896280734670152E-7+2.617554740752586E-12i;-2.1624451555794976E-8+4.1814664227222656E-11i;-5.339639730552621E-8-2.62758604246142E-11i;2.153548040864346E-7-1.9285639495248862E-10i;5.2096485888010114E-9+3.4195943264548367E-11i;-2.1307876395002759E-7;-3.547807157473589E-12+6.157147298654776E-18i;4.758634927532849E-8+1.10608282143918E-17i;1.1689512210320975E-12+1.7136791771197784E-19i;-2.329931910344394E-7;-8.397242553248265E-12-9.273129862844268E-18i;-1.21615690628921E-11-9.877380014547968E-18i;4.2530994519890675E-8+4.814560451914529E-18i;2.2162389559131658E-7;6.437845205409841E-8+5.783920130531373E-17i;-2.073630205943936E-11+1.3041905104401817E-17i;-1.0382910728644808E-7+4.84590845846828E-17i;5.982716176506452E-11-1.4529674721370272E-17i;8.456953921473084E-13+2.3613913323756557E-18i;-7.006176411005E-11-2.234462096792947E-17i;-2.1680452660194287E-7+3.4130588660835133E-16i;1.5364018275238174E-7+5.916341792739265E-16i;-2.6423610294174306E-10-1.176087161339032E-16i;-2.3552849751302593E-7-2.024424725475237E-15i
1.1704826910982926E-7+2.851629243162663E-13i;1.9698736049709597E-7+1.7639471038653072E-11i;-3.6315744285897936E-8+5.3642044323943547E-11i;-7.552729758862808E-8-2.8959787562053538E-11i;2.137686028519883E-7-2.116210082679662E-10i;2.1748515349312664E-8+2.5184240682776816E-11i;-2.1572607642657711E-7;-3.6139081540639998E-12+6.7949083248315274E-18i;7.901481264526091E-8+1.0783918442794236E-17i;-9.4151405428588E-13-1.311671787736171E-18i;-2.028974714455345E-7;-7.394463686735953E-12-9.590274147671807E-18i;-1.1533891140381819E-11-1.2685463893194946E-17i;1.7423331665691594E-8+1.7184271351386965E-17i;2.0409249676708773E-7;1.053172948451486E-7+5.596098627128394E-17i;-1.9045319739367992E-11+1.4604341873487933E-17i;-1.5251651234206617E-7+8.714245179018142E-17i;7.295034384763311E-11-2.4453719282332115E-18i;7.452964309703183E-12-1.8542147262580943E-17i;-4.945207116707077E-11-5.079488129585078E-17i;-1.7931203386201474E-7+3.7747059100786806E-16i;2.2840762647924837E-7+7.444500227938134E-16i;-2.739868243906316E-10-1.0517565575833281E-16i;-2.332485902246667E-7-1.9870417108070447E-15i
1.389693737104184E-7+2.817285321797291E-12i;1.8501191363407663E-7+3.266138733292715E-11i;-5.100703699287739E-8+6.546942439607245E-11i;-9.765819786459939E-8-3.1643714705356914E-11i;2.12182401631824E-7-2.3038562159983503E-10i;3.828738212702627E-8+1.6172538098217922E-11i;-2.197108586125691E-7;-3.721023827852739E-12+6.591546487820262E-18i;1.1004375314495462E-7+1.68288780004998E-17i;-1.7296797489518986E-12-3.0858643807420073E-18i;-1.593452743237092E-7;-5.861521762743849E-12-6.904568022941495E-18i;-9.400944640340277E-12-1.1067203167151404E-17i;-1.8640620374053134E-8+4.8728724899765146E-18i;1.7911147764661E-7;1.4354747121971772E-7+7.887391742210494E-17i;-1.7153040927788093E-11+1.5018428396293812E-17i;-1.7353599949668675E-7+1.1266771308815108E-16i;7.497497471728694E-11-9.17124641349593E-18i;7.0499443376108824E-12-1.975706345320357E-17i;-2.378946791291319E-11-5.758876558320105E-17i;-1.2646392874544637E-7+3.8162380976480347E-16i;2.6629920554461463E-7+7.541919958549244E-16i;-2.724306570400467E-10-1.0559935370256161E-16i;-2.3069511708787286E-7-1.935405149345777E-15i
1.6089047831569833E-7+5.349407721115283E-12i;1.7303646675599732E-7+4.768330362396477E-11i;-6.569832967984038E-8+7.729680444596185E-11i;-1.197890981343521E-7-3.432764185416706E-11i;2.105962004277086E-7-2.491502349489495E-10i;5.482624891915896E-8+7.160835511936597E-12i;-2.2505221454228E-7;-3.838301261519256E-12+7.123719518047841E-18i;1.405923965889081E-7+1.8569664004117564E-17i;-2.3734880380530073E-12-5.122988791894188E-18i;-1.0411757417213295E-7-1.4152248918369912E-17i;-4.183845174244092E-12-5.672278579808453E-18i;-6.591303233875194E-12-1.0844838444758664E-17i;-6.393875484765046E-8;1.4813591898225442E-7;1.7845594086584265E-7+8.452426598787811E-17i;-1.6226799466523428E-11+1.6400496982413934E-17i;-1.6147688785129085E-7+1.180686462390415E-16i;6.509469199927247E-11+1.7484057642711208E-19i;5.044703485381619E-12-2.580907597436384E-17i;2.0830803194643145E-12-5.666812384073276E-17i;-6.189102211247117E-8+3.2373897990838904E-16i;2.6066421548471243E-7+6.712958880308796E-16i;-2.629119707687535E-10-1.0001741888383281E-16i;-2.287472803722874E-7-1.8986448792001727E-15i
1.8281158292524106E-7+7.881530122562467E-12i;1.6106101986145252E-7+6.270521991391886E-11i;-8.0389622349078E-8+8.912418447593852E-11i;-1.4191999839839764E-7-3.701156900865665E-11i;2.0900999924098067E-7-2.6791484831525323E-10i;7.136511572366694E-8-1.8508670747004387E-12i;-2.3177965912906898E-7;-3.954805358970405E-12+8.33428182114342E-18i;1.7066650791773583E-7+2.2746755174675614E-17i;-3.128113903563772E-12-6.886212392456758E-18i;-3.937649659940932E-8-1.3536175904199397E-17i;-2.3940548530109866E-12-2.5373650482897003E-18i;-3.483895225429209E-12-7.27286988347513E-18i;-1.1649826513183937E-7-1.2845579613997606E-17i;1.1290093441002833E-7;2.0989395722352015E-7+9.584277621872423E-17i;-1.6119413155183964E-11+1.7132030855531086E-17i;-1.1542100123096765E-7+8.941993915143754E-17i;4.317097723712927E-11+3.3464434039561995E-19i;2.027822189523145E-12-1.6751243192135815E-17i;2.5397636840421076E-11-4.462011654147614E-17i;1.0260595738138128E-8+2.161667511624125E-16i;2.1120418307276555E-7+4.607909139976832E-16i;-2.470789133721809E-10-1.0430970267430665E-16i;-2.283812450183266E-7-1.887966466671821E-15i
2.0473268753848303E-7+1.0413652526828457E-11i;1.4908557294928629E-7+7.772713620370132E-11i;-9.508091500259016E-8+1.0095156448794904E-10i;-1.640508986574036E-7-3.9695496168389145E-11i;2.074237980728166E-7-2.866794616977816E-10i;8.790398253889764E-8-1.0862569660809493E-11i;-2.399368428975366E-7;-4.064454748706229E-12+9.07173631149734E-18i;2.0038782717360005E-7+2.6338224259305046E-17i;-3.992630598238975E-12-8.863767428126483E-18i;3.2489372327077445E-8-1.2963655346171297E-17i;-5.100477385220129E-13+9.96150730844285E-19i;-2.877606896214646E-13-5.051247213203282E-18i;-1.743493952530881E-7-2.608638232500487E-17i;7.527401252003023E-8;2.3829341768542598E-7+9.906847375847163E-17i;-1.657027643031425E-11+1.3786361091739696E-17i;-3.87766863217634E-8+3.841059001696576E-17i;1.041598043077636E-11-2.0591981402791211E-19i;-2.296256050386458E-12-1.8554964848393723E-18i;4.4781671073783956E-11-3.056881116889E-17i;8.588239234827338E-8+6.567299339915789E-17i;1.2360984959535494E-7+1.6371421016891993E-16i;-2.268653822079578E-10-1.2008106912444516E-16i;-2.3066146197523047E-7-1.914332209836272E-15i
2.2665379215376843E-7+1.2945774934112323E-11i;1.371101260189007E-7+9.274905249506076E-11i;-1.0977220764356118E-7+1.1277894448416847E-10i;-1.861817989131698E-7-4.2379423333299E-11i;2.0583759692427376E-7-3.054440750958E-10i;1.0444284936243699E-7-1.9874272244622222E-11i;-2.495862693688971E-7;-4.151605138351485E-12+9.930922640626116E-18i;2.3003304003849004E-7+3.0924431665872397E-17i;-5.077713567337657E-12-1.0523377736324078E-17i;1.0906210128970066E-7-1.3335368805482358E-17i;1.4696791989949091E-12+5.9974839357071945E-18i;2.7519801140946207E-12-1.139529829240236E-18i;-2.3586073661076167E-7-3.964809913644114E-17i;3.7068800372338844E-8;2.6482872211389977E-7+1.1581059675522347E-16i;-1.712390350908859E-11+1.4689062579474452E-17i;6.167740539191766E-8-4.2063796583963013E-17i;-3.098224817006858E-11+4.657506076869013E-18i;-7.583768683041333E-12+2.5196625371869498E-17i;5.956974116064081E-11-5.347498689407459E-18i;1.6169086005598158E-7-1.2771007976014353E-16i;8.041269789976122E-9-2.1061109957613578E-16i;-2.0420452610311977E-10-1.312127361930325E-16i;-2.3690872493927494E-7-1.9584646011627418E-15i
2.4857489676824425E-7+1.547789734373756E-11i;1.2513467907040637E-7+1.0777096879012349E-10i;-1.244635002762706E-7+1.2460632446820338E-10i;-2.0831269916877646E-7-4.506335050232359E-11i;2.0425139579622087E-7-3.2420868850886417E-10i;1.20981716191261E-7-2.888597482441748E-11i;-2.608151909192935E-7;-4.1429699929722154E-12+1.0290571729631202E-17i;2.6008033396950547E-7+3.573398412495767E-17i;-6.4234414901971876E-12-1.3107929358081675E-17i;1.881092724759651E-7;3.5770812490143907E-12+8.805699644417729E-18i;5.222039752117853E-12-1.803121975838837E-19i;-3.001416180765722E-7-5.611867086371854E-17i;-1.5480160575169427E-10+6.1682922636692655E-18i;2.9164978673778154E-7+1.2084302266538953E-16i;-1.689056318188169E-11+1.7676774588244072E-17i;1.775220380495773E-7-1.15416186278269E-16i;-7.752284834697791E-11+7.476665948309708E-18i;-1.3230604526952852E-11+5.29695571234659E-17i;6.98112641277508E-11+3.195836356563199E-17i;2.3628119130067182E-7-3.205044654287577E-16i;-1.2350206417810973E-7-6.116881380460131E-16i;-1.831631116006157E-10-1.4774695752498016E-16i;-2.492063295198248E-7-2.059289309288953E-15i
2.704960013802153E-7+1.8010019754297628E-11i;1.1315923210287319E-7+1.2279288508894043E-10i;-1.391547929027007E-7+1.36433704441817E-10i;-2.3044359942632865E-7-4.774727767470283E-11i;2.026651946907477E-7-3.429733019387983E-10i;1.3752058302432552E-7-3.789767739946557E-11i;-2.7374284893316775E-7;-3.643479679064927E-12+1.0619960745044893E-17i;2.9126677255301445E-7+4.1301935092841684E-17i;-9.0296240674615E-12-1.5235220591333376E-17i;2.678090111259756E-7;6.490966057449061E-12+1.1972252008253133E-17i;5.615968486396961E-12+1.882427432156931E-18i;-3.675272515895355E-7-7.884835472737215E-17i;-3.529463042091398E-8+1.3364747746062424E-17i;3.222661428582056E-7+1.2963565765362917E-16i;-1.226661482471786E-11+1.2976014068835749E-17i;3.0103412049915133E-7-2.0381313311508476E-16i;-1.2746748737997426E-10+3.8797834249894894E-18i;-1.634929931434341E-11+8.972379427603335E-17i;7.329925941026381E-11+6.90737340328006E-17i;3.116228395524042E-7-5.225555417629287E-16i;-2.6065867727145185E-7-1.0298579656670082E-15i;-1.636849570783028E-10-1.7569489856616948E-16i;-2.7151452863233237E-7-2.2638062150684742E-15i
-1.52950324839479E-7-2.953043090832792E-11i;3.439109785798655E-7-1.6497075916893973E-10i;1.253698021085592E-7-7.405609471128069E-11i;1.9927156112482408E-7+3.4412811483113418E-12i;2.3778251741959521E-7+1.0715750040681623E-11i;-1.642600202800244E-7+1.2905163368985239E-10i;-2.708419918542333E-7;-2.912555722751937E-8-2.9720606259695643E-18i;-2.8728118698675217E-7-5.1352601955097354E-17i;-6.304399173633696E-8;2.6906192984953917E-7+3.841627356944755E-17i;1.1874361272793678E-8+9.91545086837229E-18i;7.095434408654471E-8+1.6721936804670918E-17i;-3.5797905734290107E-7-9.152409500435935E-17i;-3.916129951683811E-8-7.139451379917696E-18i;-3.0472656244172347E-7-1.7285248503211648E-16i;9.414467645156842E-8;-2.9701825277359006E-7+2.8731853183200316E-16i;-9.507993180804334E-9-6.99134572265006E-17i;8.873729830675434E-8-7.9389740005768695E-16i;1.1131597844434105E-7-6.724886905687664E-17i;2.9346489288389147E-7+1.5773652027206391E-16i;2.59708964584034E-7+3.6384948334779096E-16i;-5.29952415220266E-8-1.1208105551987627E-16i;-2.3889932591102866E-7-2.106946074678332E-15i
-1.3102922031457068E-7-2.6998308595566312E-11i;3.319355320363411E-7-1.4994884282568998E-10i;1.1067850914170099E-7-6.22287143395475E-11i;1.7714066073442383E-7+7.573541351492779E-13i;2.3619631586164692E-7-8.048862967986215E-12i;-1.4772115365916872E-7+1.20039931048951E-10i;-2.5796456709684086E-7;-2.6076433890500965E-8;-2.5651158207861787E-7-4.1109614610733295E-17i;-5.8581788164456244E-8;1.8928196397476772E-7+3.6184094564335467E-17i;6.089657246800327E-9+6.4234652475140876E-18i;6.30753783062407E-8+1.4506944891023503E-17i;-2.917763197336496E-7-8.51294896958774E-17i;-4.313027084387677E-9+2.2717576225486935E-18i;-2.761547403270822E-7-1.4283985791417219E-16i;7.250144001400676E-8;-1.7394982320690597E-7+1.7909240233044895E-16i;-1.6732539092866545E-8-6.339613156779154E-17i;8.466901397993618E-8-7.665125692612963E-16i;9.438809124983956E-8-2.244343939930382E-17i;2.224101643690112E-7+5.4376562575563025E-17i;1.2423854484499146E-7+1.0213091068098245E-16i;-2.361454046427813E-8-1.1533829629747663E-16i;-2.1909863312842651E-7-1.975926768212617E-15i
-1.0910811578913698E-7-2.446618628012001E-11i;3.199600854785538E-7-1.3492692648390197E-10i;9.59872161818348E-8-5.040133398082647E-11i;1.550097603490963E-7-1.926572881995097E-12i;2.3461011432244246E-7-2.6813475987715847E-11i;-1.311822870379671E-7+1.110282284171124E-10i;-2.4677536550959224E-7;-2.3050396643065695E-8;-2.2686832704272282E-7-3.139580876399256E-17i;-5.4820713168097344E-8;1.1017033696473744E-7+3.047063166748595E-17i;2.0314276565055087E-10+4.325809206332574E-18i;5.5771522158332856E-8+1.3018991445874779E-17i;-2.2854491134620138E-7-7.225278454536612E-17i;3.249562915117475E-8+1.0156685475480261E-17i;-2.5114428970089235E-7-1.0743386274329855E-16i;5.130002271882182E-8;-5.848347161454794E-8+6.919005933029096E-17i;-2.388199942348449E-8-5.598097579011641E-17i;8.326040885320787E-8-7.533510929659963E-16i;7.959138510724674E-8+1.5128711923894437E-17i;1.5204091489130763E-7-4.999608484688478E-17i;-5.647778082938813E-9-1.4552842148500485E-16i;5.126327493019531E-9-1.1590989284027748E-16i;-2.0816198328472666E-7-1.902271646557256E-15i
-8.718701126315786E-8-2.193406396201732E-11i;3.0798463890927523E-7-1.1990501014467994E-10i;8.129592323252408E-8-3.857395363836517E-11i;1.3287885996839207E-7-4.6104999032841075E-12i;2.3302391279909888E-7-4.557808901952941E-11i;-1.1464342041230159E-7+1.0201652579195881E-10i;-2.3715712583941634E-7;-2.0027647627857434E-8;-1.9762393105191106E-7-2.7715600196920877E-17i;-5.163751969690699E-8;3.354555889024191E-8+2.0593829059376813E-17i;-5.623063295191759E-9;4.867858451356868E-8+6.96010716718718E-18i;-1.679824998165068E-7-3.991627256151578E-17i;7.021213716592224E-8;-2.2633618739792564E-7-8.957215791908683E-17i;3.0282724217298996E-8;4.160814336178417E-8-1.4736766131436656E-17i;-2.9794465555854702E-8-2.2723119636248747E-17i;8.344465390007234E-8-7.573462972310623E-16i;6.592159407035723E-8+3.592674881117327E-17i;8.050418341807562E-8-1.56265150891106E-16i;-1.197820168994178E-7-3.31642833419402E-16i;3.092711027454779E-8-9.508907566499689E-17i;-2.0267243872448833E-7-1.8431354777400447E-15i
-6.526590673628261E-8-1.940194164112512E-11i;2.9600919233067594E-7-1.0488309380985149E-10i;6.660463029698448E-8-2.674657331471691E-11i;1.1074795959208939E-7-7.294426929584318E-12i;2.3143771128907572E-7-6.434270206374311E-11i;-9.810455377849607E-8+9.300482317193069E-11i;-2.290241811777325E-7;-1.6995114430284463E-8;-1.6830672948025913E-7;-4.8959377480263386E-8;-3.836227355099082E-8+1.556936306893461E-17i;-1.1188517266482256E-8;4.158023185326811E-8+9.803799688345881E-18i;-1.1098733025671315E-7-3.164440202071086E-17i;1.0732058256199662E-7+1.529228836819729E-17i;-1.9966098742222518E-7-3.305698290093924E-17i;9.841486535367028E-9+6.910523609164712E-18i;1.1787969944002026E-7-1.0328119408889373E-16i;-3.3438951861895993E-8-2.418195874198349E-17i;8.453366727569418E-8-7.3022139780411E-16i;5.312841896366146E-8+6.266273352644241E-17i;9.132818293306676E-9-2.1607984260387327E-16i;-2.0635526890215437E-7-5.099430154383996E-16i;5.083291731038623E-8-9.807594011208477E-17i;-2.0081633191192282E-7-1.8289863102213895E-15i
-4.3344802207989144E-8-1.6869819318070928E-11i;2.8403374574405546E-7-8.986117747914661E-11i;5.191333737803442E-8-1.491919301187606E-11i;8.861705922018273E-8-9.978353960586355E-12i;2.2985150979051063E-7-8.310731511998812E-11i;-8.156568713345333E-8+8.399312055561948E-11i;-2.2231527069034505E-7;-1.3945252064424617E-8;-1.3864348760874506E-7;-4.6745751109425815E-8;-1.0313646014610468E-7+1.551842044384879E-17i;-1.627400394348589E-8-5.624458094266319E-18i;3.435952401915737E-8+4.421929843881139E-18i;-5.918282382285238E-8-3.329628842167874E-17i;1.4204832361724006E-7+2.0037643309711633E-17i;-1.6998194582415785E-7-2.554913640166688E-17i;-9.258541446230696E-9;1.6354007637601484E-7-1.3271792541954862E-16i;-3.405504343942806E-8-4.442306464524158E-17i;8.604743403046624E-8-7.321595600918011E-16i;4.127330906229116E-8+8.274256932375012E-17i;-5.896524827104001E-8-2.010594850069478E-16i;-2.5535805582445715E-7-5.527885168992989E-16i;6.220595321398687E-8-1.0946397771142775E-16i;-2.0141382152510767E-7-1.8661373397561916E-15i
-2.142369767767904E-8-1.4337696993586356E-11i;2.7205829914966266E-7-7.483926114952148E-11i;3.7222044478048966E-8-3.0918127311882766E-12i;6.648615885276955E-8-1.2662280995655562E-11i;2.2826530830224874E-7-1.0187192818657804E-10i;-6.502682047464596E-8+7.498141794105538E-11i;-2.169877036478342E-7;-1.087508453358326E-8+1.7472120915630288E-18i;-1.0851383927215154E-7-1.268156295220542E-17i;-4.497828592131051E-8;-1.5838955731982449E-7;-2.066073228132688E-8-1.2174030662472459E-17i;2.6968313827806E-8-5.099056111958481E-18i;-1.4522165598260369E-8-5.305305489203314E-18i;1.7256543362279375E-7;-1.368804079915175E-7-3.2178238309634364E-17i;-2.608328019880336E-8;1.751788410600925E-7-1.3822833443245553E-16i;-3.126931142966248E-8-2.731142966814941E-17i;8.763803203762961E-8-7.349356431244382E-16i;3.047354940771218E-8+7.158069528379887E-17i;-1.199012517507026E-7-1.8511627581842876E-16i;-2.611841845564381E-7-4.774116021845576E-16i;6.343826406818592E-8-9.912759442364555E-17i;-2.034745829208909E-7-1.868199879833484E-15i
4.974068552104964E-10-1.1805574667580164E-11i;2.600828525472166E-7-5.981734482207583E-11i;2.2530751599030305E-8+8.735567525746526E-12i;4.435525849013399E-8-1.5346208034952338E-11i;2.2667910682401928E-7-1.2063654126447445E-10i;-4.848795380019714E-8+6.59697153271261E-11i;-2.130127353680127E-7;-7.78532754926724E-9+2.4130262979481792E-18i;-7.791327477391093E-8-8.109272630057558E-18i;-4.365139545052586E-8;-2.0196023232324496E-7;-2.4148669745113123E-8-1.6392518446353823E-17i;1.9405444373246815E-8-9.643236010342673E-18i;2.1039272521450788E-8+2.36547971454697E-18i;1.9716869748391926E-7;-1.0051104166623829E-7-2.110385227512153E-17i;-3.9692273362588395E-8;1.537154267225262E-7-1.1656242858552555E-16i;-2.5164884063099782E-8-3.185840947938195E-17i;8.904735579727545E-8-7.132788210854084E-16i;2.075442378877564E-8+5.997506687361807E-17i;-1.697438766894016E-7-1.068644247431527E-16i;-2.2413333258320857E-7-3.351137156623816E-16i;5.4391504923080924E-8-9.97008999147996E-17i;-2.060667976469762E-7-1.872663885897349E-15i
2.2418511391295122E-8-9.273452339853714E-12i;2.481074059359825E-7-4.479542849817298E-11i;7.839458742540379E-9+2.0562947757269666E-11i;2.2224358132704165E-8-1.8030135079267188E-11i;2.2509290535610206E-7-1.3940115435485277E-10i;-3.1949087108803654E-8+5.695801271304121E-11i;-2.1037180201501074E-7;-4.679564865998572E-9+3.478385726378473E-18i;-4.691983572503696E-8;-4.2764777484082365E-8;-2.3206825456854602E-7;-2.6574404315073016E-8-1.557945597327151E-17i;1.1700946926850755E-8-8.671783680782676E-18i;4.579829174221895E-8;2.1443156745695947E-7;-6.147270201214117E-8+1.3442533285208238E-17i;-4.927512473988312E-8;1.0456307834983682E-7-8.991315927619515E-17i;-1.6288883569340667E-8-4.516121939732036E-17i;9.00884726113299E-8-6.579347354922228E-16i;1.1979120233096412E-8+5.157782528630927E-17i;-2.0506976794657906E-7;-1.5075358913597954E-7-1.5045966809122854E-16i;3.654141290258009E-8-1.0788700453110845E-16i;-2.0834440645535268E-7-1.8621081396260667E-15i
4.4339615930918284E-8-6.741330010322975E-12i;2.3613195931457107E-7-2.977351217710391E-11i;-6.8518340905232986E-9+3.2390327962310846E-11i;9.345778076464301E-11-2.0714062128872957E-11i;2.2350670389955823E-7-1.581657674585871E-10i;-1.5410220399857418E-8+4.7946310098126674E-11i;-2.0905392558644165E-7;-1.563304256615955E-9+4.714826218172764E-18i;-1.5667806445712114E-8+3.882183843294498E-18i;-4.231929427755635E-8;-2.4745091939588717E-7;-2.781501974906781E-8-1.663089549425348E-17i;3.902956103470362E-9-1.1091134867819552E-17i;5.85092571529418E-8+7.627091589967012E-18i;2.2333274266338913E-7;-2.06909248054004E-8+2.8693188154505336E-17i;-5.4214960649563746E-8;3.700718734510094E-8-3.627882277448743E-17i;-5.566442963955693E-9-4.7236434447474456E-17i;9.061665644519667E-8-6.167707091144465E-16i;3.848478333100194E-9+2.5311322634873205E-17i;-2.2338608259471395E-7+1.1923313303958721E-16i;-5.30457277759946E-8+9.610146563045481E-17i;1.273634337826805E-8-1.1057400681402632E-16i;-2.0964887623051372E-7-1.8232007356855485E-15i
6.626072047404527E-8-4.209207679083635E-12i;2.2415651268131888E-7-1.4751595860355936E-11i;-2.154312689998397E-8+4.4217708140777176E-11i;-2.2037442565643976E-8-2.339798918465835E-11i;2.2192050245608895E-7-1.7693038057734132E-10i;1.1286463265425972E-9+3.893460748208111E-11i;-2.090540754031588E-7;1.5564350471118928E-9+5.55533633736051E-18i;1.5670040495403796E-8+8.921037072226273E-18i;-4.2319424004068954E-8-4.871806142928649E-18i;-2.474505791784292E-7;-2.7812877491391708E-8-1.687826631241836E-17i;-3.923490480695244E-9-1.2301646268626834E-17i;5.850858568775628E-8;2.233336691796602E-7;2.06804426843214E-8+4.411134616487997E-17i;-5.4206309437495077E-8;-3.700489152621349E-8+2.4082276049301902E-17i;5.794234277834766E-9-6.913837223123452E-17i;9.05926527814226E-8-5.639418215129169E-16i;-4.036780335652926E-9+5.830002228382056E-18i;-2.2335199664516542E-7+2.501136961218713E-16i;5.320272804040616E-8+3.3510797455072316E-16i;-1.3142871356327134E-8-1.1612003058168076E-16i;-2.096132270596313E-7-1.7985692393215915E-15i
8.818182502062185E-8-1.6770853459901394E-12i;2.1218106603457394E-7+2.7032045152599067E-13i;-3.623441968644329E-8+5.6045088293239196E-11i;-4.416834290654072E-8-2.6081916246742577E-11i;2.2033430102734437E-7-1.9569499371292464E-10i;1.7667513069627243E-8+2.992290486515741E-11i;-2.103722133152551E-7;4.672491014806579E-9+6.520077082166715E-18i;4.691791684665916E-8+1.1350641844782223E-17i;-4.276485517098913E-8-6.772738736546141E-18i;-2.320681165464065E-7;-2.6569805891456857E-8-1.7312211485311714E-17i;-1.1716180480119859E-8-1.5362942106381527E-17i;4.579927745468365E-8;2.1443614084251102E-7;6.144760371960118E-8+4.866669979255194E-17i;-4.9257995441353246E-8;-1.045593509982178E-7+8.589713601231944E-17i;1.6502417849635117E-8-7.009383287334665E-17i;9.002196281544165E-8-5.214595920491927E-16i;-1.214056991680379E-8-2.0178348535630488E-17i;-2.049836093463331E-7+3.420495773541159E-16i;1.508784342379033E-7+5.543696291845733E-16i;-3.6906429451781335E-8-1.1130376810398096E-16i;-2.0823965944909938E-7-1.7521183009452676E-15i
1.1010292957061613E-7+8.55036989327932E-13i;2.002056193729158E-7+1.5292236759251482E-11i;-5.092571245095782E-8+6.787246842106654E-11i;-6.629924324199085E-8-2.876584331537902E-11i;2.1874809961467853E-7-2.1445960686630591E-10i;3.420637982831569E-8+2.0911202247583143E-11i;-2.1301340764247938E-7;7.778118456216887E-9+7.1989798156521E-18i;7.790996059253029E-8+1.2777473480520921E-17i;-4.365299643317138E-8-8.064252529930714E-18i;-2.0196058510356454E-7;-2.4145854345126426E-8-1.5778082293571828E-17i;-1.9416363221504367E-8-1.7068004422842292E-17i;2.1041356562206618E-8;1.9717565602225832E-7;1.0048402862978837E-7+5.439440617693472E-17i;-3.968233999294669E-8+5.793941735440977E-18i;-1.5370734481864677E-7+1.2813155824943654E-16i;2.5363974155417847E-8-6.201247956185912E-17i;8.896268941020172E-8-4.774341503575446E-16i;-2.088351189394225E-8-4.3820095569296076E-17i;-1.6961054013864285E-7+3.8521153971481827E-16i;2.2422801466905667E-7+6.9567652996704645E-16i;-5.472167164633081E-8-1.1107550642569416E-16i;-2.0590619034700461E-7-1.6865602620903823E-15i
1.3202403412358333E-7+3.3871593266317304E-12i;1.8823017269537408E-7+3.031415306337377E-11i;-6.561700519616684E-8+7.969984852669524E-11i;-8.843014357258146E-8-3.144977038963682E-11i;2.1716189821916509E-7-2.3322422003784085E-10i;5.074524660032095E-8+1.189949962992149E-11i;-2.1698856442983065E-7;1.0867797102129411E-8+8.007579914463041E-18i;1.085110299812326E-7+1.5294659437264027E-17i;-4.498198970176861E-8-1.0521935759150813E-17i;-1.5838968784022408E-7;-2.0660595815172745E-8-1.39279771932681E-17i;-2.6975310618653507E-8-1.773729524774996E-17i;-1.451959290042083E-8-4.870873626127182E-18i;1.725720216040222E-7;1.3686006623491606E-7+6.409200680368066E-17i;-2.6084162846647814E-8+7.668842131091033E-18i;-1.7517110611739958E-7+1.601421072711496E-16i;3.1456472935525436E-8-5.938006036279928E-17i;8.754646240052807E-8-4.4347412249729715E-16i;-3.0561700110996305E-8-5.847444354790654E-17i;-1.1972919219951886E-7+3.788599563478635E-16i;2.6125415010550214E-7+7.308040592668379E-16i;-6.374881612899322E-8-1.0407400742748867E-16i;-2.0327453897346576E-7-1.6310502051697038E-15i
1.5394513867807408E-7+5.919281665802774E-12i;1.7625472600098568E-7+4.53360693648545E-11i;-8.030829792508882E-8+9.152722861303058E-11i;-1.1056104389966925E-7-3.4133697469527695E-11i;2.155756968419206E-7-2.519888332278357E-10i;6.728411338307905E-8+2.887797013049405E-12i;-2.223162965731384E-7;1.393791712319912E-8+8.708333210695567E-18i;1.3864129728061203E-7+1.7135965332749313E-17i;-4.675121012259416E-8-1.2484746223536825E-17i;-1.0313646021904341E-7;-1.6276682069384153E-8-1.0277073187192087E-17i;-3.436258932335157E-8-1.7984925242080882E-17i;-5.917911879585728E-8;1.4205463752333707E-7;1.6996972555135681E-7+6.978348217071278E-17i;-9.271866475102278E-9+9.596378974109744E-18i;-1.635308491581043E-7+1.5691109646580226E-16i;3.423221711305968E-8-4.448537628609198E-17i;8.595530552441217E-8-4.2275743959563144E-16i;-4.1313681238160515E-8-6.544634389053724E-17i;-5.8778295091045695E-8+3.09245601736718E-16i;2.5539550099540353E-7+6.485672184216509E-16i;-6.251078859152466E-8-9.929887506221083E-17i;-2.0120902584293188E-7-1.5957290498215687E-15i
1.7586624323273641E-7+8.451404006662596E-12i;1.6427927928926847E-7+6.0357985664805E-11i;-9.499959064056296E-8+1.033546086825519E-10i;-1.3269194422442335E-7-3.6817624554432624E-11i;2.13989495483299E-7-2.707534464346595E-10i;8.382298017419176E-8-6.123905601725106E-12i;-2.2902536993221065E-7;1.698772847720116E-8+9.908416014312885E-18i;1.6830519389995465E-7+2.0985771357070917E-17i;-4.896625368394895E-8-1.4880586250496872E-17i;-3.836212633073568E-8-9.754989910230018E-18i;-1.119347721173837E-8-6.3113765935900365E-18i;-4.157890603225797E-8-1.598449552709107E-17i;-1.1098221094963897E-7-1.7473491215535318E-17i;1.0732710576405564E-7;1.9965868372835986E-7+8.013321114527361E-17i;9.815828644236221E-9+1.3120656604793324E-17i;-1.1786740511629386E-7+1.2846603200040255E-16i;3.360580551774247E-8-4.474634742463428E-17i;8.444563216617337E-8-4.112233202483377E-16i;-5.311686097788183E-8-5.553381607142552E-17i;9.310325361296371E-9+1.963484935870749E-16i;2.0635626756825626E-7+4.526205140455587E-16i;-5.113921869001893E-8-1.0178396265473991E-16i;-2.006454180921861E-7-1.6060972555133172E-15i
1.9778734778583843E-7+1.0983526349247452E-11i;1.5230383256044058E-7+7.537990196519667E-11i;-1.0969088334601359E-7+1.1518198873806946E-10i;-1.548228445484608E-7-3.950155164366377E-11i;2.1240329414315157E-7-2.895180596567556E-10i;1.0036184697093998E-7-1.513560821289404E-11i;-2.3715848138324536E-7;2.0020203547974163E-8+1.1376876860022823E-17i;1.9762308221050775E-7+2.4654313563201673E-17i;-5.164561343399106E-8-1.7351810320612832E-17i;3.3545693217454076E-8-9.051850535258367E-18i;-5.629943774766503E-9-1.8494707412501922E-18i;-4.8672297700031914E-8-1.2425170991885386E-17i;-1.6797571182493887E-7-3.3622283629840504E-17i;7.021932394070895E-8;2.2634545087561843E-7+9.408109362665474E-17i;3.024361408395637E-8+1.859839447654747E-17i;-4.1592131893469753E-8+7.893776001306107E-17i;2.995082818732548E-8-4.3181370877256584E-17i;8.336466851945526E-8-4.0903404011649526E-16i;-6.58559987414065E-8-3.307216889442854E-17i;8.065209006263637E-8+4.062065801745016E-17i;1.1974588309712873E-7+1.6527957140023114E-16i;-3.1242716876975005E-8-1.1045502388266752E-16i;-2.0256821579491647E-7-1.6587507190881396E-15i
2.197084523345464E-7+1.3515648693472753E-11i;1.4032838581556052E-7+9.040181826743178E-11i;-1.243821760460351E-7+1.2700936878339655E-10i;-1.769537448744849E-7-4.2185478736110075E-11i;2.108170928209172E-7-3.0828267289147073E-10i;1.1690071376986522E-7-2.4147310818995034E-11i;-2.467768519168526E-7;2.3042892854409782E-8+1.255793504529892E-17i;2.2686766481301824E-7+2.9455785366027586E-17i;-5.482931115113765E-8-1.991717581140288E-17i;1.1017093626840091E-7;1.9466673670453469E-10+3.930190542829366E-18i;-5.5759089721678326E-8-7.975921380251032E-18i;-2.2853574940690673E-7-5.429309213280172E-17i;3.250413158611387E-8+1.0410924808874272E-17i;2.5116451947270184E-7+1.0735771073606182E-16i;5.124450900816947E-8+2.3320227154993798E-17i;5.850518708271261E-8+1.0158528508060398E-17i;2.4028600021013664E-8-4.98168271220919E-17i;8.318820874713154E-8-4.147857544681494E-16i;-7.946809766673885E-8;1.5214165696885792E-7-1.361384161648193E-16i;5.574496161299819E-9-1.9704253224617977E-16i;-5.462645909532366E-9-1.2168830229611927E-16i;-2.081487850529955E-7-1.7462850074276511E-15i
2.4162955687424267E-7+1.6047771037705947E-11i;1.2835293905662238E-7+1.0542373457356666E-10i;-1.3907346874662658E-7+1.3883674882324527E-10i;-1.990846452066347E-7-4.4869405830266166E-11i;2.092308915154139E-7-3.2704728613539723E-10i;1.3343958056649454E-7-3.3159013417909615E-11i;-2.5796607993178737E-7;2.60691372654519E-8+1.3585139327803499E-17i;2.565107849938467E-7+3.312071956421941E-17i;-5.8592675920759555E-8-2.2624525918410235E-17i;1.8928346652877123E-7;6.0795884689647716E-9+9.757374428538293E-18i;-6.305875817423708E-8;-2.917634034181125E-7-7.045586790221098E-17i;-4.304341154323781E-9+1.3547440090012963E-17i;2.7618320633669656E-7+1.1911786052774712E-16i;7.243087686642308E-8+2.4013963220112E-17i;1.739792852945396E-7-6.259788818401143E-17i;1.687358779868564E-8-5.0455358983651327E-17i;8.461264807175954E-8-4.388318139034107E-16i;-9.421457737284376E-8+2.085809074717038E-17i;2.2245503672765365E-7-3.3951481034466456E-16i;-1.243518429446711E-7-5.925473164219468E-16i;2.3245334839989635E-8-1.3724832211823E-16i;-2.1917528713968538E-7-1.8758056095133186E-15i
2.6355066140148956E-7+1.857989338054383E-11i;1.1637749228427337E-7+1.2044565088440602E-10i;-1.537647614510271E-7+1.50664128860512E-10i;-2.2121554554764942E-7-4.755333292389921E-11i;2.0764469022665907E-7-3.4581189938833654E-10i;1.499784473584826E-7-4.217071600884218E-11i;-2.7084350286121133E-7;2.911882187610007E-8+1.4051484216014778E-17i;2.87280093666635E-7+3.7662976744005504E-17i;-6.305779181077114E-8-2.5417292675975016E-17i;2.69064049898125E-7;1.186320943134538E-8+1.4797049012814834E-17i;-7.09348105383379E-8;-3.579611864937476E-7-9.28231387423003E-17i;-3.9152369348289645E-8+2.0666482319964408E-17i;3.0476169194153644E-7+1.2431660389411233E-16i;9.406086754249229E-8+2.724902915669695E-17i;2.9705377535668765E-7-1.4973953699556359E-16i;9.649039302495892E-9-5.874995466320825E-17i;8.869673950163915E-8-4.753686938523032E-16i;-1.1109447816892957E-7+5.476703608556699E-17i;2.934501426723838E-7-5.451842198756267E-16i;-2.5986015028085613E-7-1.0033901003452798E-15i;5.257873752928509E-8-1.5942868130665323E-16i;-2.3906238020629543E-7-2.085440331933123E-15i
-1.5989566399873211E-7-2.89605560369641E-11i;3.47129234796708E-7-1.6731799348546222E-10i;1.1075983406197871E-7-5.982567077093332E-11i;2.084996159689656E-7+3.635224525550469E-12i;2.427620166869257E-7+7.877149311588624E-12i;-1.5180215609735866E-7+1.2477859590677108E-10i;-2.6218198687516417E-7;-5.806296624928539E-8-6.1147845891195685E-18i;-2.7542317307139914E-7-4.558452054319064E-17i;-1.2317943070760496E-7;2.727623431295199E-7+4.11929353644808E-17i;2.442875864076101E-8+1.6922011732909117E-17i;1.377288666533815E-7+3.236515623663951E-17i;-3.2997099761765505E-7-9.840655010812476E-17i;-5.013620394483323E-8;-2.5399383791248367E-7-1.1880738813323086E-16i;1.811776429583325E-7;-2.856054687747911E-7+2.936464051898912E-16i;-1.4640477647558995E-8-1.0923646293242473E-16i;1.6214617757585996E-7-1.306352038537579E-15i;2.0536089580467367E-7-4.39642309669496E-17i;2.408991381921329E-7+2.362985733491694E-16i;2.568786482763299E-7+3.955050935899272E-16i;-1.0447293658841501E-7-8.413331615012912E-17i;-1.4911410658020487E-7-1.2498078248874217E-15i
-1.379745594962101E-7-2.6428433805036864E-11i;3.3515378854339054E-7-1.5229607715052558E-10i;9.606854111668103E-8-4.799829040632232E-11i;1.8636871554341626E-7+9.512975946360908E-13i;2.4117581485894033E-7-1.0887463484846933E-11i;-1.3526328941469844E-7+1.1576689317991666E-10i;-2.4945314508114044E-7;-5.1984286399597947E-8;-2.458863120254904E-7-3.718563065123314E-17i;-1.1438120742515297E-7;1.927437770859007E-7+3.601368681761427E-17i;1.2860769628251448E-8+1.1215875773082412E-17i;1.2241724061876813E-7+2.716576536592826E-17i;-2.6725212054251267E-7-8.383022422788712E-17i;-1.618046364471152E-8+7.388244397010397E-18i;-2.3130029960585285E-7-9.600188822259802E-17i;1.3936481805783904E-7;-1.6377160675291392E-7+1.7630068678960364E-16i;-2.9530891611114713E-8-9.71826841631855E-17i;1.5496406704748505E-7-1.3049204473147796E-15i;1.7365679516026057E-7;1.8233898176900698E-7+1.1215457770288632E-16i;1.26317895095002E-7+1.3692840787617313E-16i;-4.7447188827641215E-8-8.257933557704889E-17i;-1.360585325692699E-7-1.2068626421864725E-15i
-1.1605345499378954E-7-2.3896311567523112E-11i;3.231783422621886E-7-1.3727416081461846E-10i;8.137724817226518E-8-3.6170910050304754E-11i;1.6423781512224097E-7-1.7326293422712623E-12i;2.395896130609841E-7-2.965207629930419E-11i;-1.1872442273853268E-7+1.0675519046776438E-10i;-2.383818221673978E-7;-4.5952489565827095E-8;-2.174392873504085E-7-3.032457127310456E-17i;-1.0695337880956266E-7;1.1344019065562824E-7+3.402898416645374E-17i;1.1047053451895197E-9+3.452959746156931E-18i;1.0822540862247473E-7+1.9953612589267484E-17i;-2.071245160460218E-7-7.898941478485749E-17i;1.9382239362956077E-8+1.2159839505188607E-17i;-2.1150299034364042E-7-8.304617467490251E-17i;9.838967572904766E-8;-4.9361871145489884E-8+8.820960546022866E-17i;-4.419466048468346E-8-1.0382075669947536E-16i;1.5265027437703493E-7-1.3473412135565038E-15i;1.4588335530562066E-7+2.6363796502023435E-17i;1.2428512104811186E-7;1.2607244203318566E-9-9.697808285235603E-17i;8.28386275375646E-9-8.205792583282029E-17i;-1.2875459903784233E-7-1.220658326112577E-15i
-9.413235049239505E-8-2.1364189323229415E-11i;3.112028959514069E-7-1.2225224447930559E-10i;6.668595522926858E-8-2.434352970406398E-11i;1.4210691470465364E-7-4.4165562868110205E-12i;2.380034112946493E-7-4.841668913525568E-11i;-1.0218555606822245E-7+9.774348777071388E-11i;-2.2885639827750576E-7;-3.99270973877064E-8;-1.8938535494128327E-7-2.9508908601576514E-17i;-1.0065953715597836E-7;3.66601835613598E-8+1.6330065602344086E-17i;-1.0523960435510221E-8-1.6803981190493952E-18i;9.445011147858474E-8+1.1218332566480535E-17i;-1.493820126818218E-7-1.9349859925725356E-17i;5.5632217171161044E-8-6.8660484920258154E-18i;-1.9167600063403323E-7-7.75143875830116E-17i;5.775917393702148E-8+1.2103740886253496E-17i;4.97134920723893E-8-7.6237858673226E-18i;-5.638132240092219E-8-4.0099864660553504E-17i;1.5326063356612996E-7-1.395879896423233E-15i;1.2026292555976518E-7+3.00323399226506E-17i;6.52292183186866E-8-1.3913831927873778E-16i;-1.0867687372437858E-7-2.7982528859943787E-16i;5.833866808992039E-8-4.6111755156999415E-17i;-1.2523478636038093E-7-1.178268697245065E-15i
-7.221124599171734E-8-1.8832067073006624E-11i;2.9922744961626133E-7-1.0723032814646304E-10i;5.1994662292053627E-8-1.2516149371007487E-11i;1.1997601429037672E-7-7.1004832384039896E-12i;2.364172095548079E-7-6.718130199123562E-11i;-8.56466893988181E-8+8.873178508590567E-11i;-2.2079560610616027E-7;-3.388185481622759E-8;-1.6127160479067565E-7-2.0245974211676996E-17i;-9.535956784168098E-8;-3.5372963947965486E-8+1.5743899956993616E-17i;-2.1628058568612677E-8-6.353874223432257E-18i;8.067009583438917E-8+8.552011773291917E-18i;-9.493923818639564E-8-1.875301004404404E-17i;9.118233398924626E-8;-1.6998329417626555E-7-4.907982063787722E-17i;1.8230424752682786E-8+9.714077946171905E-18i;1.249352742726718E-7-7.841803109372837E-17i;-6.405831596059959E-8-5.766998659624037E-17i;1.5552135199445158E-7-1.415039497698014E-15i;9.639091713287963E-8+6.361227129128035E-17i;6.278358879765223E-9-1.8678587644623098E-16i;-1.9226710695792364E-7-4.4259733670983227E-16i;9.702400158604701E-8-5.346430699636432E-17i;-1.2444194729822602E-7-1.2240538204354182E-15i
-5.0290141491257316E-8-1.6299944818180905E-11i;2.8725200326150183E-7-9.22084118157874E-11i;3.730336936486946E-8-6.887690540682051E-13i;9.78451138793332E-8-9.784410196379305E-12i;2.3483100783665205E-7-8.594591486452821E-11i;-6.910782272561926E-8+7.97200824103249E-11i;-2.1414179608778243E-7;-2.7801577813270886E-8;-1.3283512640980017E-7;-9.097614197797183E-8;-1.0024729521399231E-7+2.3095786709087738E-17i;-3.17703038363188E-8-9.107756710657706E-18i;6.665630050202792E-8+1.0099580732085494E-17i;-4.539009138357837E-8-5.090443606760093E-17i;1.2438528766847726E-7+3.3757154503845465E-17i;-1.4540243396902946E-7;-1.871063522151447E-8+3.821636025864035E-18i;1.6947479404233759E-7-1.236423544495355E-16i;-6.571183812404565E-8-1.1924140127871785E-16i;1.585376808840824E-7-1.3970080741436806E-15i;7.442865895280422E-8+9.653734249182898E-17i;-4.9999201554907084E-8-1.5999671854323535E-16i;-2.3997274730462074E-7-5.517351008840148E-16i;1.1922296850205803E-7-8.09906424783856E-17i;-1.256095346870922E-7-1.3137192590117842E-15i
-2.836903699051315E-8-1.3767822560185291E-11i;2.752765568898757E-7-7.718649548451485E-11i;2.261207645113855E-8+1.113861124479509E-11i;7.571421347152795E-8-1.2468337159605774E-11i;2.3324480613698562E-7-1.0471052775210043E-10i;-5.256895604495111E-8+7.070837974138178E-11i;-2.0885526450014035E-7;-2.168039016009692E-8;-1.0395972205305158E-7;-8.747205372160031E-8;-1.555782168424731E-7;-4.051577898787895E-8-1.2859773362727536E-17i;5.231450978814844E-8;-2.637529944895293E-9-5.9498297736021415E-18i;1.5352673577667597E-7+1.621374964951923E-17i;-1.1755643415560057E-7;-5.125212536957578E-8;1.7990707523801557E-7-1.4177880850074123E-16i;-6.060907656648467E-8-8.322303054470938E-17i;1.616512764006432E-7-1.3876492724160324E-15i;5.461432834975955E-8+7.623621711646003E-17i;-1.0038169084508323E-7-1.8266279318873245E-16i;-2.4643427044854513E-7-5.006894912297041E-16i;1.2184209647900946E-7-6.613715248392189E-17i;-1.2798326779060433E-7-1.2790594990809978E-15i
-6.44793248903725E-9-1.123570029901335E-11i;2.6330111050274654E-7-6.216457915250204E-11i;7.920783553586192E-9+2.2965991523052692E-11i;5.358331306711754E-8-1.5152264127513542E-11i;2.3165860445411751E-7-1.2347514065354347E-10i;-3.603008935410921E-8+6.169667707716809E-11i;-2.0490948347132577E-7;-1.5519885037269753E-8;-7.463958281977081E-8;-8.483565269588568E-8;-1.9920635077465575E-7;-4.746968855911844E-8-1.841781435479775E-17i;3.764334267572505E-8-6.693534231332801E-18i;3.142167487889546E-8+9.46733033066884E-18i;1.7700348587299384E-7;-8.659322650313528E-8;-7.758056710147021E-8;1.571552408380183E-7-1.1729041954938956E-16i;-4.892518914491372E-8-7.330719428058501E-17i;1.6437597290541344E-7-1.344208650061397E-15i;3.699118279938114E-8+5.954683046576827E-17i;-1.416064248960606E-7-1.2479806496437083E-16i;-2.1192730472787752E-7-3.6748253790878683E-16i;1.046396847975738E-7-5.976044298951424E-17i;-1.3075703035085366E-7-1.2601202679470633E-15i
1.5473172013354302E-8-8.703578034842027E-12i;2.51325664100077E-7-4.714266282190183E-11i;-6.77050932590254E-9+3.4793371778685906E-11i;3.1452412666173375E-8-1.7836191100925604E-11i;2.3007240278779435E-7-1.422397535698034E-10i;-1.9491222651394257E-8+5.2684974416587144E-11i;-2.022872287008206E-7;-9.327277072413395E-9+2.649872539832839E-18i;-4.494832400809299E-8;-8.307211940237765E-8-8.372813341393764E-18i;-2.2935245346947114E-7;-5.230226834699572E-8-1.808358968901173E-17i;2.2701505841856737E-8-5.712755684959598E-18i;5.5144001036349404E-8+1.0979255177500398E-17i;1.9346873537968288E-7;-5.308104454799709E-8+3.459351003750243E-17i;-9.610886894090545E-8;1.0664741228991552E-7-8.838837982255893E-17i;-3.1731603289850994E-8-7.831362154916291E-17i;1.6636946040145007E-7-1.2502082739022385E-15i;2.1285751133178295E-8+5.106524744351023E-17i;-1.708366142935856E-7-3.151801474997316E-17i;-1.4271160805299535E-7-2.0667687239077923E-16i;7.042261461912062E-8-6.696550665439897E-17i;-1.3312180660153347E-7-1.2265420725933532E-15i
3.739427651673482E-8-6.1714557677486246E-12i;2.3935021768118017E-7-3.2120746493077683E-11i;-2.1461802185880408E-8+4.6620752010317085E-11i;9.321512268769744E-9-2.052011808038347E-11i;2.284862011385249E-7-1.610043665017545E-10i;-2.952355935627971E-9+4.367327175850414E-11i;-2.0097849607312675E-7;-3.113771460295651E-9+4.232357522679312E-18i;-1.5013587905461418E-8;-8.218830530295763E-8-1.046188159937498E-17i;-2.447531057695521E-7;-5.477578986504954E-8-2.5522533560084997E-17i;7.583539601041004E-9-1.7231118821375852E-17i;6.73248486355226E-8+1.7534197486130196E-17i;2.0195706198058193E-7;-1.7906317974799927E-8;-1.0566585524961705E-7;3.770379531641176E-8-9.720936056444606E-18i;-1.0879219697751076E-8-8.298232571850277E-17i;1.673984177990411E-7-1.1836531480865639E-15i;6.891308012693423E-9+2.015654246375899E-17i;-1.8599949293198994E-7+9.505796830555951E-17i;-5.026675508409875E-8+7.113216910686106E-17i;2.4732686457403873E-8-6.676245750426439E-17i;-1.3444923808215238E-7-1.1915179750030774E-15i
5.931538102128625E-8-3.639333497881638E-12i;2.2737477124541197E-7-1.7098830167417722E-11i;-3.615309502567942E-8+5.844813221741285E-11i;-1.2809388124922213E-8-2.3204045066639913E-11i;2.2689999950705308E-7-1.7976897945121847E-10i;1.3586510793645541E-8+3.466156910246171E-11i;-2.0097862296385337E-7;3.1069262010465292E-9+5.769951519191982E-18i;1.5006907790717366E-8+7.91379291397874E-18i;-8.219044879217909E-8-1.154730087787637E-17i;-2.447530660022287E-7;-5.4773325303272085E-8-2.5651211666842776E-17i;-7.594546562219975E-9-1.7481433859631932E-17i;6.732755392383627E-8;2.019594028831546E-7;1.785317429395888E-8+2.1048402108596782E-17i;-1.0565660873871339E-7;-3.770744292057334E-8+5.683667348494631E-17i;1.1248865038332547E-8-1.1653479739414445E-16i;1.673684334641031E-7-1.0658245220370436E-15i;-7.035214097418767E-9+4.9357767616466004E-18i;-1.8597864311152227E-7+2.269579366078173E-16i;5.0365915484298915E-8+2.829903199826249E-16i;-2.4989906921600782E-8-8.628771577047691E-17i;-1.3436783354973066E-7-1.1477411822508572E-15i
8.123648552670545E-8-1.10721122522598E-12i;2.153993247916787E-7-2.076913846089631E-12i;-5.084438784585867E-8+7.027551240070066E-11i;-3.4940288515126686E-8-2.5887972059606738E-11i;2.2531379789460886E-7-1.9853359242010763E-10i;3.01253775358011E-8+2.5649866448604875E-11i;-2.022878216125629E-7;9.32038283561457E-9+6.808870094913799E-18i;4.494331299206469E-8+7.215047567907895E-18i;-8.307499358185659E-8-1.3377312950821411E-17i;-2.2935220932881355E-7;-5.2297471955951E-8-2.7080109927381822E-17i;-2.271160450364851E-8-2.3469726090553892E-17i;5.5146088489436255E-8;1.9347477061779133E-7;5.3039124319307E-8+1.1622842055061734E-17i;-9.6087564619913E-8;-1.0664708663376324E-7+1.2562390311462034E-16i;3.2089821945000133E-8-1.0377467144744103E-16i;1.662741898886688E-7-9.71412639838504E-16i;-2.142252735155389E-8-2.5756875589964734E-17i;-1.7076146663487052E-7+3.1010280958810366E-16i;1.428138645496159E-7+5.121631490670248E-16i;-7.065311274420757E-8-7.538134944631101E-17i;-1.3291234365475765E-7-1.0634188936577487E-15i
1.0315759003255603E-7+1.4249110503811754E-12i;2.0342387831904024E-7+1.2945002471637445E-11i;-6.553568064763141E-8+8.210289256153639E-11i;-5.707118890224624E-8-2.8571899059497785E-11i;2.2372759630228646E-7-2.1729820540891002E-10i;4.66642442897116E-8+1.6638163797042732E-11i;-2.0491058030744806E-7;1.5512942115583604E-8+8.060842729307148E-18i;7.463487448059326E-8+9.518416905775738E-18i;-8.483821989257935E-8-1.4814710281845198E-17i;-1.9920721738637968E-7;-4.7468624914506565E-8-2.3876723200333666E-17i;-3.765138916600227E-8-2.4754720420983978E-17i;3.142160458089E-8;1.7701079859990312E-7;8.655819784217003E-8+2.597106055910013E-17i;-7.756811636475978E-8;-1.5714532045421244E-7+1.7213432838572805E-16i;4.9271976387851084E-8-9.94617988378766E-17i;1.64234138659436E-7-8.701921957557554E-16i;-3.710457942438005E-8-4.880248682002559E-17i;-1.4147068063376166E-7+3.535660168895782E-16i;2.1200557809791797E-7+6.41427695837372E-16i;-1.0484871802685708E-7-7.662190755084257E-17i;-1.30446929037334E-7-9.824587006467447E-16i
1.2507869453835662E-7+3.957033328469142E-12i;1.914484318271409E-7+2.7966918786083752E-11i;-8.022697343256329E-8+9.39302727017555E-11i;-7.920208928681473E-8-3.125582606544214E-11i;2.2214139473060637E-7-2.3606281841803673E-10i;6.32031110540706E-8+7.62646114783808E-12i;-2.0885673741508016E-7;2.167339908192314E-8+9.021126383925452E-18i;1.039552334548707E-7+1.2393806781549104E-17i;-8.74757567774531E-8-1.6760537217794966E-17i;-1.5557940375564426E-7;-4.0517813331681674E-8-1.8720972192748032E-17i;-5.2319853865518585E-8-2.3725751012585294E-17i;-2.63817751859419E-9;1.5353374157004692E-7;1.1752961685477504E-7+4.381785982427303E-17i;-5.124816357941403E-8;-1.798950270119781E-7+1.9526687055016958E-16i;6.094244519096026E-8-8.536079467225891E-17i;1.614814561872478E-7-7.876229742045682E-16i;-5.469342333757409E-8-6.27632864009585E-17i;-1.002016058431158E-7+3.401513119546176E-16i;2.464907045350474E-7+6.748500945556126E-16i;-1.220321807964346E-7-7.284077239146742E-17i;-1.2761284228219535E-7-9.081250999742004E-16i
1.469997990424896E-7+6.489155608171844E-12i;1.7947298531601233E-7+4.298883509740266E-11i;-9.491826620414339E-8+1.0575765282482586E-10i;-1.0133298967036352E-7-3.393975307682161E-11i;2.2055519317973726E-7-2.5482743144716796E-10i;7.974197782606086E-8-1.385241498246512E-12i;-2.1414360845176613E-7;2.779454243791573E-8+1.0123890980730973E-17i;1.3283112188166632E-7+1.4654397158624152E-17i;-9.098113790826891E-8-1.937895965691158E-17i;-1.0024867371319489E-7;-3.177514807190003E-8-1.5014769629841997E-17i;-6.665856841111072E-8-2.4125176432523496E-17i;-4.539061528372339E-8-5.694623345998656E-18i;1.2439192161745176E-7;1.453870125735252E-7+4.586436318609169E-17i;-1.8716688210710974E-8+3.880545270041593E-18i;-1.69460947816273E-7+1.9782912808218143E-16i;6.603145012077551E-8-7.784542863351779E-17i;1.5835696839354165E-7-7.412139615783535E-16i;-7.446675321298067E-8-6.511332671094492E-17i;-4.979530462591477E-8+2.8135743246733935E-16i;2.400052470761057E-7+6.102905882666839E-16i;-1.1940255841738574E-7-6.774461938821201E-17i;-1.2524284648957356E-7-8.811318832259832E-16i
1.6892090354303105E-7+9.021277889165922E-12i;1.6749753878637422E-7+5.801075140717066E-11i;-1.0960955896622839E-7+1.1758503293418594E-10i;-1.2346389005466443E-7-3.6623680092502584E-11i;2.1896899164904233E-7-2.7359204449430023E-10i;9.628084460264407E-8-1.0396944140218818E-11i;-2.2079772936543771E-7;3.3874791658752565E-8+1.177137715557669E-17i;1.6126806494067417E-7+1.8126725784061426E-17i;-9.536606106076026E-8-2.1835529903238147E-17i;-3.5374907047965455E-8-5.128936134645336E-18i;-2.1635742774725738E-8-9.223953331032052E-18i;-8.066920967852158E-8-2.1363573848336338E-17i;-9.493849962899871E-8-2.0698079903870384E-17i;9.118897460286516E-8;1.69980914607944E-7+5.949526117807543E-17i;1.8212007800317327E-8+8.966483458129535E-18i;-1.2492030480376105E-7+1.690481995961247E-16i;6.436567473702288E-8-8.05861390616521E-17i;1.553474877704782E-7-7.24865892521319E-16i;-9.638470043841955E-8-5.748562113180271E-17i;6.483823371847542E-9+1.7277620937465577E-16i;1.9227507366774087E-7+4.258199444956979E-16i;-9.720611611553078E-8-6.979786933210433E-17i;-1.2414320837954836E-7-9.15388401249682E-16i
1.9084200803743606E-7+1.1553400171089482E-11i;1.5552209223969256E-7+7.303266771759E-11i;-1.243008517233263E-7+1.294124130333806E-10i;-1.4559479044200583E-7-3.930760711185958E-11i;2.1738279013713094E-7-2.9235665755559735E-10i;1.1281971138033596E-7-1.940864677618626E-11i;-2.2885872235767856E-7;3.992007869857979E-8+1.3169820050173208E-17i;1.8938214769706822E-7+2.1847481241787672E-17i;-1.0066883266461987E-7-2.4445027245712348E-17i;3.665873452331195E-8;-1.053435280860249E-8-2.4174005848273256E-18i;-9.444715500082155E-8-1.8389242733585E-17i;-1.4937936939350897E-7-4.1935467613234813E-17i;5.563708606720379E-8+8.265636551388535E-18i;1.9168583462675085E-7+7.40200052278589E-17i;5.7729216762684006E-8+1.4733813437403616E-17i;-4.969432896239894E-8+1.1881471225730375E-16i;5.6678244909145944E-8-8.872305766600807E-17i;1.5311228399204737E-7-7.361621235092214E-16i;-1.2021590309389558E-7-4.0300487600020575E-17i;6.541925772103794E-8+2.909594502038165E-17i;1.0865455807940014E-7+1.5570440629219725E-16i;-5.8530759504536435E-8-7.633047220424598E-17i;-1.250480146614542E-7-9.901399749345957E-16i
2.1276311252211613E-7+1.4085522453125525E-11i;1.4354664567835856E-7+8.805458403061193E-11i;-1.3899214448092903E-7+1.4123979312678218E-10i;-1.6772569083569376E-7-4.1991534132900035E-11i;2.1579658864213557E-7-3.111212706273965E-10i;1.2935857815509133E-7-2.8420349404683127E-11i;-2.3838430088363555E-7;4.594556295629283E-8+1.480050287317914E-17i;2.1743608442639874E-7+2.4732939525997768E-17i;-1.0696519567996709E-7-2.7500845498890054E-17i;1.134402512563039E-7;1.0917839691027864E-9+3.857499153461045E-18i;-1.0822030404749899E-7-1.4840526122970658E-17i;-2.071201483270462E-7-6.37227223884724E-17i;1.9384771260874317E-8+1.4740297775521007E-17i;2.1152435291911634E-7+8.714785317786776E-17i;9.8347578564576E-8+2.1880125086256683E-17i;4.9391594076018646E-8+5.447685876956578E-17i;4.448474517599183E-8-9.550527947854369E-17i;1.5253658774453174E-7-7.827914121296534E-16i;-1.4579619803215162E-7;1.2444690069083286E-7-1.4109434018862438E-16i;-1.3215139728832278E-9-1.7572833075617174E-16i;-8.494691853031785E-9-8.400146049374943E-17i;-1.287182734656148E-7-1.1032361175781665E-15i
2.3468421699190213E-7+1.6617644733516742E-11i;1.3157119910577362E-7+1.0307650034745537E-10i;-1.536834372458235E-7+1.5306717321994444E-10i;-1.8985659124037654E-7-4.4675461153236945E-11i;2.1421038716153766E-7-3.298858837054289E-10i;1.4589744492200947E-7-3.743205202374146E-11i;-2.494557499322251E-7;5.1977489193942186E-8+1.6308349368512813E-17i;2.4588280865283825E-7+2.864398898815683E-17i;-1.1439571415175684E-7-3.095282293224535E-17i;1.9274440839234385E-7;1.2845325726267355E-8+1.1656570849879587E-17i;-1.2240992580067154E-7;-2.672441506678118E-7-8.147456992600508E-17i;-1.6179222280243064E-8+2.0305781808456543E-17i;2.3133220292111483E-7+1.0420607746045504E-16i;1.3930855400174557E-7+2.969625068941782E-17i;1.638092873071585E-7-2.3684424582133644E-17i;2.9819791629334926E-8-1.0126955882435796E-16i;1.548903465372094E-7-8.542705109325438E-16i;-1.7353000817659819E-7;1.824618570770607E-7-3.3634402157623355E-16i;-1.2641055303359E-7-5.43173082558714E-16i;4.720632472458408E-8-9.280560148125811E-17i;-1.36191197646167E-7-1.2364515860885286E-15i
2.566053214438413E-7+1.914976701008781E-11i;1.1959575252355065E-7+1.180984166688115E-10i;-1.6837473002101152E-7+1.648945533156451E-10i;-2.1198749165870334E-7-4.735938817062768E-11i;2.126241856945678E-7-3.486504967887645E-10i;1.6243631167930693E-7-4.644375463310116E-11i;-2.6218484759446873E-7;5.805571826713028E-8+1.7849103700204953E-17i;2.754200340777265E-7+3.206405581754224E-17i;-1.2319533557164865E-7-3.381370334259435E-17i;2.727631253232912E-7;2.4409761592244207E-8+1.993973475656484E-17i;-1.377177870602161E-7;-3.2996150217387534E-7-1.0505419198896535E-16i;-5.0135898065638006E-8+2.8867523517200044E-17i;2.540404026747504E-7+1.2740303877407626E-16i;1.8110303915260327E-7+3.168587369086944E-17i;2.8565134732689816E-7-1.0489491518264402E-16i;1.493968644765026E-8-1.146743414261407E-16i;1.6211026932536207E-7-9.559087588163986E-16i;-2.0519141710704898E-7+3.742439203977655E-17i;2.4099023292096715E-7-5.330694312464482E-16i;-2.570035755943999E-7-9.246920098110282E-16i;1.0418594973817126E-7-1.1538287860054817E-16i;-1.4942889313767275E-7-1.4358777818860303E-15i
-1.6684100316039357E-7-2.8390681186233033E-11i;3.5034749111267514E-7-1.6966522781008838E-10i;9.61498660251477E-8-4.5595246813910585E-11i;2.1772767079314926E-7+3.829167923549491E-12i;2.4774151584611356E-7+5.038548640180402E-12i;-1.3934429187737338E-7+1.2050555806519296E-10i;-2.478841761370315E-7;-8.662982505242668E-8-9.523547199692358E-18i;-2.5598726221469646E-7-5.012738263065826E-17i;-1.7764313652651718E-7-1.923675319504276E-17i;2.7870304375595954E-7+3.4749213654744593E-17i;3.8294083101832156E-8+1.8019610541840783E-17i;1.9644715392224504E-7+3.5648087701495163E-17i;-2.8558556652961716E-7-6.87026713142483E-17i;-6.656132912420514E-8-1.4808546551153364E-17i;-1.7525685931055347E-7-1.0917714791661475E-16i;2.547585007639607E-7+2.757013533121415E-17i;-2.683285643893674E-7+3.0376459488368496E-16i;-1.153834407066165E-8-9.208681479044358E-17i;2.0757431484395565E-7-1.6232469152613664E-15i;2.6815091690260436E-7-4.1611992990336074E-17i;1.603086608655563E-7+2.9176106707205157E-16i;2.5064613116014305E-7+5.141357178005605E-16i;-1.531170625359003E-7;-2.376642339370582E-8-6.606608933967547E-17i
-1.4491989868122855E-7-2.5858559032054163E-11i;3.383720451415843E-7-1.5464331148359807E-10i;8.145857309649617E-8-3.3767866452966604E-11i;1.9559677033486808E-7+1.1452410720312069E-12i;2.461553137593841E-7-1.3726063949752303E-11i;-1.2280542514131395E-7+1.1149385525991125E-10i;-2.3539868350194592E-7;-7.756563130218343E-8-8.219105331475906E-18i;-2.2846936815959617E-7-4.737779841415214E-17i;-1.647484149804996E-7-1.8767187815777667E-17i;1.98297100438076E-7+2.854470907306173E-17i;2.0955564140936405E-8+7.638775003490028E-18i;1.7455869074449348E-7+2.4550684446101025E-17i;-2.2849074016183008E-7-3.952821026436968E-17i;-3.414716760525956E-8-2.443705945002544E-17i;-1.6172513483617707E-7-1.1700383902719673E-16i;1.9560257594619451E-7+2.207007029427795E-17i;-1.4835474173005054E-7+2.0020987338324774E-16i;-3.4960837422512616E-8-7.004124630517755E-17i;1.989555755483869E-7-1.6722357988381691E-15i;2.2551328742746214E-7-2.2985086108511814E-17i;1.2098322324748363E-7+1.4424540196301074E-16i;1.2830134359156655E-7+2.782027230354241E-16i;-7.177234295997095E-8;-2.00361963870688E-8-1.2164777585753445E-16i
-1.229987942025472E-7-2.3326436869259968E-11i;3.263965991282819E-7-1.3962139515445927E-10i;6.676728016190645E-8-2.1940486095891552E-11i;1.7346586987965513E-7-1.5386857878150687E-12i;2.445691117132686E-7-3.24906765643709E-11i;-1.062665584185777E-7+1.024821524746793E-10i;-2.2452034196702122E-7;-6.856844758670784E-8-7.035507700560598E-18i;-2.0198300017271308E-7-3.7140929558123037E-17i;-1.538335350718871E-7-1.714198013871703E-17i;1.1868110312375065E-7+1.9779349353754217E-17i;3.3597564796374616E-9+6.351464928968433E-18i;1.5427395571592478E-7+2.3750817479115307E-17i;-1.7339125859079365E-7;-6.775508291940374E-10-1.3076024869215891E-17i;-1.500537476630626E-7-6.945886991403909E-17i;1.3757103111266286E-7+2.1194286894668343E-17i;-3.553456892932171E-8+7.845446973257093E-17i;-5.787974301549563E-8-5.795390956805355E-17i;1.9661807959994173E-7-1.7351931121783182E-15i;1.8800981916890687E-7;8.1902735550472E-8;1.1299671598799885E-8;7.638681143076354E-9+5.514452895121438E-18i;-1.7699433614276308E-8-1.621294604244128E-16i
-1.0107768972599219E-7-2.0794314696360938E-11i;3.1442115306925223E-7-1.245994788233177E-10i;5.20759872203224E-8-1.0113105742369609E-11i;1.513349694266459E-7-4.2226126573396675E-12i;2.429829097116956E-7-5.125528920759308E-11i;-8.972769171055271E-8+9.347044971131579E-11i;-2.151465687947303E-7;-5.957972502168504E-8;-1.7587869710942376E-7-2.5294183396117228E-17i;-1.445659635916167E-7-1.477476567658237E-17i;4.164650679870671E-8+1.6315350781677308E-17i;-1.402622243291442E-8+2.5745591524164065E-18i;1.345944138795679E-7+2.139036082115903E-17i;-1.2022032943899042E-7-1.3690849507657418E-17i;3.3143068926277223E-8;-1.3797971120001262E-7-2.863322219464621E-17i;7.999066916629931E-8+1.8695377452098373E-17i;6.201716067366538E-8-3.005697285591535E-17i;-7.704131042400375E-8-7.253820914931653E-17i;1.9804583806071518E-7-1.794189808136789E-15i;1.5348606068914564E-7+3.301466181003249E-17i;4.2051365896665654E-8-1.043489809826312E-16i;-9.16569579888255E-8-2.450880305388036E-16i;7.897803151599638E-8;-1.6840616198353826E-8-2.4382560111346614E-16i
-7.915658525128458E-8-1.826219251534052E-11i;3.0244570697382144E-7-1.095775624918222E-10i;3.738469427777365E-8+1.7142746027759288E-12i;1.2920406897568058E-7-6.906539535414399E-12i;2.413967077463019E-7-7.001990187617567E-11i;-7.318882501060208E-8+8.445874696571301E-11i;-2.0720373326992364E-7;-5.056039599001497E-8;-1.497356083858801E-7-1.827299950442098E-17i;-1.3674635932224689E-7-1.427097009714967E-17i;-3.0591458672123595E-8+1.5819183107811056E-17i;-3.0614424872295806E-8-4.678609925651862E-18i;1.1492144260278519E-7+1.531290012576368E-17i;-6.992336665134004E-8-1.0696326155049012E-17i;6.613011702022197E-8+7.034617508983797E-18i;-1.2403188385932192E-7-1.4244104459905036E-17i;2.3959027861539913E-8+1.4124039629420303E-17i;1.356537003817025E-7-9.21341033257194E-17i;-8.947717284785817E-8-8.392840224939099E-17i;2.0156850320499515E-7-1.8550285652448064E-15i;1.2157871281293317E-7+5.897210648264001E-17i;2.191643078100437E-9-1.6612025610654326E-16i;-1.7024336581674593E-7-4.0127618777612117E-16i;1.3421518143757607E-7;-1.7484996852866807E-8-3.216776503101299E-16i
-5.723548077814704E-8-1.5730070327518672E-11i;2.9047026084893064E-7-9.455564616008318E-11i;2.2693401339277534E-8+1.3541654936004175E-11i;1.0707316852664322E-7-9.590466420814107E-12i;2.398105058107027E-7-8.8784514565903E-11i;-5.664995831329188E-8+7.544704423397389E-11i;-2.0064025320501312E-7;-4.1488007744520255E-8;-1.2330857265334057E-7;-1.302671061855938E-7-1.3503811689269886E-17i;-9.562976342922924E-8+1.690169466760208E-17i;-4.5759664169883866E-8-1.1379180404533389E-17i;9.493082413868354E-8+1.040055805935797E-17i;-2.4046418420996233E-8-1.8087015852780726E-17i;9.683324229784616E-8+1.8168487034085344E-17i;-1.0736365633842094E-7;-2.841432966393365E-8+7.931239337343804E-18i;1.7849611134189131E-7-1.29440216911973E-16i;-9.2973759841582E-8-1.1742661935897169E-16i;2.0600808418213375E-7-1.879033949676224E-15i;9.262414902277963E-8+7.642738987512964E-17i;-3.592151518047701E-8-1.813802302433142E-16i;-2.156692095163139E-7-4.9495866586951395E-16i;1.661657557909746E-7;-1.9441479746161897E-8-4.0175238944387947E-16i
-3.531437630632855E-8-1.3197948134765522E-11i;2.784948146990883E-7-7.953372982649834E-11i;8.002108408970333E-9+2.536903525471876E-11i;8.494226807947228E-8-1.2274393312374583E-11i;2.3822430390057553E-7-1.0754912727357887E-10i;-4.011109161429465E-8+6.643534151307224E-11i;-1.954207714002129E-7;-3.235391177066443E-8;-9.648787324116848E-8;-1.2508331486785462E-7-1.2871226540402473E-17i;-1.5108786283555463E-7+1.5130981663609434E-17i;-5.881594507804786E-8-1.4189498898629215E-17i;7.448955983097466E-8+7.730302741092244E-18i;1.5598972207926647E-8-1.2859007838436314E-17i;1.2371826261800632E-7+2.8151780937795883E-17i;-8.765550896940119E-8+3.335245623106725E-17i;-7.455491852607123E-8;1.87100134142318E-7-1.481717801565273E-16i;-8.643775287456493E-8-1.296683322382576E-16i;2.1049981319536796E-7-1.843584810609892E-15i;6.701024227478225E-8+8.052537777527815E-17i;-7.008518949267173E-8-1.7291810555287652E-16i;-2.2298905118898254E-7-5.148377757039463E-16i;1.704400235122154E-7-1.863512226223362E-17i;-2.223179480442337E-8-4.2063087467607466E-16i
-1.339327183564373E-8-1.0665825937731278E-11i;2.665193685267793E-7-6.451181349058256E-11i;-6.689184509848974E-9+3.719641555595362E-11i;6.281136763414153E-8-1.4958320209142933E-11i;2.3663810201337918E-7-1.263137399970884E-10i;-2.3572224910323814E-8+5.742363880063122E-11i;-1.9152208821824102E-7;-2.3160523873546344E-8;-6.926610106298319E-8;-1.2118529131117791E-7-1.4124953437937375E-17i;-1.9480905050307082E-7;-6.919323269188433E-8-2.4183953907634444E-17i;5.3593146318431464E-8-6.854763476820172E-18i;4.721949598328354E-8+1.5600073837572246E-17i;1.453426833005084E-7;-6.505031878718843E-8;-1.1188051297522642E-7;1.623943424623039E-7-1.0646979121677246E-16i;-7.011743811800227E-8-1.0552996117799241E-16i;2.1440079434000515E-7-1.8078537136807766E-15i;4.479063711192723E-8+5.797848796882336E-17i;-9.806638745711352E-8-1.3007850641076123E-16i;-1.9245944926795128E-7-3.724482692987764E-16i;1.4666960578819012E-7;-2.5188030817805394E-8-3.9927993865122176E-16i
8.52783263383063E-9-8.133703736331846E-12i;2.5454392233269357E-7-4.9489897153686203E-11i;-2.138047741487122E-8+4.902379583751346E-11i;4.0680467190552824E-8-1.764224711232219E-11i;2.3505190014829873E-7-1.4507835273771755E-10i;-7.033358199260386E-9+4.841193609538972E-11i;-1.8892989388583306E-7;-1.3918732689347306E-8+1.9477852665882126E-18i;-4.1709088883721373E-8;-1.1857641687280823E-7-1.4182982056257023E-17i;-2.2501611525452398E-7;-7.640601336211499E-8-2.7035494616595785E-17i;3.2319794212317115E-8-1.1338973809661707E-17i;6.92554813269578E-8+1.4636647597510063E-17i;1.604924040806175E-7;-4.0078605518828976E-8+5.128061151732256E-18i;-1.3815518673444522E-7;1.0983165409384362E-7-6.562135028418852E-17i;-4.561985731999113E-8-1.148476347534167E-16i;2.1724071270246371E-7-1.6917037177056738E-15i;2.551129744524383E-8+4.4413686233585794E-17i;-1.1790380847474033E-7-4.3493777472490556E-17i;-1.2985126688184224E-7-2.1921802719774112E-16i;9.88630698220039E-8-1.1719093582836754E-17i;-2.7624006811232565E-8-3.6023570975971646E-16i
3.044893710203723E-8-5.601581530935927E-12i;2.4256847611669055E-7-3.446798081728429E-11i;-3.6071770304166765E-8+6.085117609730837E-11i;1.854956674869827E-8-2.0326174022080993E-11i;2.3346569830537345E-7-1.6384296549664707E-10i;9.505508520535443E-9+3.940023339604228E-11i;-1.8763590399052948E-7;-4.645281302280551E-9+3.697413057422462E-18i;-1.3930000177879466E-8+1.9174697697020697E-18i;-1.1726764033911045E-7-1.5420467535197117E-17i;-2.4044676853673914E-7;-8.010196012540787E-8-3.1850826058909146E-17i;1.0797281722875241E-8-1.8612170087208403E-17i;8.05723015918608E-8+1.4424054327897842E-17i;1.6829863975908584E-7;-1.3557001146804368E-8-4.588030896017864E-18i;-1.51723735134167E-7;3.8781217943277676E-8+7.125805579551497E-18i;-1.5685917143950717E-8-1.2250211671250445E-16i;2.1870972415577802E-7-1.557687539307707E-15i;8.223486866879986E-9+2.0868889986465803E-17i;-1.2819233857455393E-7+6.664817446934205E-17i;-4.5787055136000456E-8;3.483325154414019E-8-1.970497507928925E-17i;-2.8968577933598603E-8-2.950519489287742E-16i
5.2370041569007136E-8-3.0694593216969807E-12i;2.305930298786671E-7-1.944606448359207E-11i;-5.076306317644004E-8+7.267855633450668E-11i;-3.581333691334693E-9-2.301010093904839E-11i;2.3187949648511303E-7-1.8260757827565439E-10i;2.6044375250146718E-8+3.038853070179129E-11i;-1.8763598614661455E-7;4.639109228210731E-9+5.389119812064916E-18i;1.3926413919219965E-8+4.008795694909155E-18i;-1.1727091332099773E-7-1.7410542526926618E-17i;-2.404467864137188E-7;-8.009982190954944E-8-3.527858400466112E-17i;-1.0810249671932801E-8-2.5305739013466022E-17i;8.057569534376726E-8;1.6829864754588495E-7;1.3507834179006438E-8-1.7311411348540997E-17i;-1.517125809680625E-7-1.921796752920847E-17i;-3.8776920611191993E-8+9.140427309031512E-17i;1.615595333929583E-8-1.3143021750421097E-16i;2.1866841767319282E-7-1.4050656249555287E-15i;-8.349735128772025E-9-1.3815352359803808E-18i;-1.2816756149067762E-7+1.826665475661992E-16i;4.585926309571882E-8+2.3069202039753348E-16i;-3.49340910391405E-8-2.8358491926473353E-17i;-2.8840938679117857E-8-2.246421624694742E-16i
7.42911460343336E-8-5.373371086211933E-13i;2.1861758361793E-7-4.424148152770265E-12i;-6.545435603205173E-8+8.450593654956062E-11i;-2.571223412984276E-8-2.5694027863737923E-11i;2.3029329468847372E-7-2.013721910758358E-10i;4.25832419891675E-8+2.1376828012685754E-11i;-1.8893099097694163E-7;1.391222203421719E-8+6.8968512151990046E-18i;4.170271447418113E-8+5.190496970978885E-18i;-1.1857718398116284E-7-1.896076713708836E-17i;-2.2501650373576588E-7;-7.640102105044642E-8-3.442403800653772E-17i;-3.232516872662986E-8-2.939532030349686E-17i;6.925399710787495E-8+7.749725378878161E-18i;1.605032225216403E-7;4.002987847824001E-8-1.8656798624548653E-17i;-1.3812896807947588E-7-1.9739861316384095E-17i;-1.098318119299998E-7+1.5193870329837215E-16i;4.607216111382333E-8-1.2701772022723008E-16i;2.1710630902329642E-7-1.248313298765848E-15i;-2.5611153224760536E-8-2.736519705990159E-17i;-1.1784812363062551E-7+2.588028358720259E-16i;1.2992307264904327E-7+4.249198282342073E-16i;-9.891647333159454E-8-2.7565672332337907E-17i;-2.7361115317337158E-8-1.288216800953513E-16i
9.621225049715787E-8+1.9947851079331623E-12i;2.0664213733396264E-7+1.0597768174710297E-11i;-8.01456488723976E-8+9.633331674401229E-11i;-4.784313456755263E-8-2.8377954795440514E-11i;2.287070929163083E-7-2.2013680389889324E-10i;5.912210873641758E-8+1.2365125328701263E-11i;-1.9152365097409598E-7;2.3154009972193242E-8+8.61093926243871E-18i;6.925984118831224E-8+7.362048918800979E-18i;-1.2118780776650574E-7-2.0738186414611345E-17i;-1.948098974711842E-7;-6.919344329600063E-8-3.0527288040941714E-17i;-5.35977716224509E-8-2.9941634294444323E-17i;4.721604359126895E-8+7.945866073403322E-18i;1.4535017005289098E-7;6.500819062328513E-8;-1.1186292441557717E-7-1.5779812145294063E-17i;-1.6238864804345626E-7+2.033714719313864E-16i;7.055905785502624E-8-1.1526422035445823E-16i;2.1420671436390235E-7-1.0992007582384358E-15i;-4.487446522267215E-8-4.727230655113697E-17i;-9.794064700423456E-8+2.966265343023611E-16i;1.925159301715446E-7+5.5458664722115445E-16i;-1.4670592229303192E-7-2.4481690049273038E-17i;-2.475380295554287E-8-2.443751179663276E-17i
1.1813335495685887E-7+4.52690732770097E-12i;1.9466669102686163E-7+2.5619684499380125E-11i;-9.483694169845576E-8+1.0816069691948741E-10i;-6.99740350049771E-8-3.1061881733821604E-11i;2.2712089116850451E-7-2.389014167444744E-10i;7.566097549111655E-8+3.3534226495361996E-12i;-1.954228347453992E-7;3.2347414995325855E-8+1.0182941763287756E-17i;9.648200546465495E-8;-1.2508706290646554E-7-2.270320099036923E-17i;-1.510890697287784E-7;-5.881996489887733E-8-2.4948241844420232E-17i;-7.449343505228465E-8-3.019984359699115E-17i;1.559380018826784E-8+6.710850674813367E-18i;1.2372383723607443E-7;8.762350959521303E-8;-7.454309928645774E-8-8.576458322652573E-18i;-1.870896453584269E-7+2.286102749888437E-16i;8.686691413095374E-8-1.017633931393453E-16i;2.102643985757202E-7-9.862174884743723E-16i;-6.707162188395603E-8-6.383765858854974E-17i;-6.991018408027423E-8+2.8401685719275036E-16i;2.2302793048144512E-7+5.98395051223853E-16i;-1.7046173146869516E-7-2.06115805866499E-17i;-2.171280658125185E-8+5.307568843744873E-17i
1.4005445941200743E-7+7.059029549102419E-12i;1.8269124469769158E-7+4.0641600820759236E-11i;-1.0952823451331008E-7+1.1998807707957362E-10i;-9.21049354435527E-8-3.3745808677459464E-11i;2.2553468944445753E-7-2.576660296125274E-10i;9.219984225097516E-8-5.658280024603047E-12i;-2.0064268722152602E-7;4.148155048595352E-8+1.1605544991664948E-17i;1.2330294391309094E-7;-1.3027339795435925E-7-2.5652768612908688E-17i;-9.563202859074632E-8;-4.576743348217794E-8-1.9264675216278257E-17i;-9.493421085397621E-8-2.975457825712381E-17i;-2.4050048193556795E-8-3.1518089874862208E-18i;9.683658362069288E-8;1.0734246339970706E-7+1.7192607043376814E-17i;-2.8410990932570965E-8-2.9566648466855806E-18i;-1.7848302280943495E-7+2.3109460081621454E-16i;9.338949622853641E-8-9.502128912441936E-17i;2.0576066103963992E-7-9.193015086626073E-16i;-9.265937462804138E-8-6.544445280913574E-17i;-3.5717512520319825E-8+2.408705872736797E-16i;2.15691080460515E-7+5.46376592811606E-16i;-1.6618003431852292E-7;-1.8916373619846963E-8+7.276747947012285E-17i
1.6197556386012392E-7+9.591151771276601E-12i;1.7071579834827008E-7+5.5663517140237415E-11i;-1.2421952732199723E-7+1.318154572285597E-10i;-1.1423583588564953E-7-3.642973562525296E-11i;2.2394848774261627E-7-2.764306424996763E-10i;1.0873870901215434E-7-1.4669982692706757E-11i;-2.0720650400119065E-7;5.055394288704809E-8+1.3369643119722077E-17i;1.4973003511526686E-7;-1.36755026956809E-7-2.833828014034269E-17i;-3.059389852016946E-8;-3.0625267927160875E-8-1.1947842747806656E-17i;-1.1492345887487701E-7-2.6899648164317507E-17i;-6.992531303313362E-8-2.2621214373914378E-17i;6.61313913702411E-8;1.2402384205115048E-7+2.766477457346268E-17i;2.395241746521763E-8+4.489077551377356E-18i;-1.3563838884333527E-7+2.069089217100595E-16i;8.987855872392291E-8-1.0717667050278111E-16i;2.013335082320093E-7-8.995606701705376E-16i;-1.215835847609299E-7-5.943222651650288E-17i;2.4055661015649037E-9+1.5207613941902704E-16i;1.7024967598168722E-7+3.9083729150727116E-16i;-1.342280094189206E-7-1.6270064278036365E-17i;-1.704858405049075E-8+3.0430171430794226E-17i
1.8389666829820638E-7+1.212327399381689E-11i;1.5874035198121608E-7+7.068543346049473E-11i;-1.38910820129859E-7+1.4364283737045548E-10i;-1.3636673633405499E-7-3.9113662575772005E-11i;2.2236228606056674E-7-2.9519525540142277E-10i;1.2527757577067815E-7-2.3681685352854624E-11i;-2.1514959847562521E-7;5.957327805566662E-8+1.4830161212617663E-17i;1.7587294888737766E-7+1.7745204730125297E-17i;-1.4457711579498018E-7-3.140027650788798E-17i;4.164526405275334E-8;-1.4039871242470754E-8-3.7048138486809876E-18i;-1.345950549565859E-7-2.4786663180318324E-17i;-1.2022070239543048E-7-4.1306769035018473E-17i;3.3141178127456385E-8+8.80829363843527E-18i;1.379848899935562E-7+4.198780446323226E-17i;7.997316410793144E-8+1.2218340376529591E-17i;-6.19938247604862E-8+1.577933852413863E-16i;7.74295625921255E-8-1.1088265682504912E-16i;1.9784586068833453E-7-9.333280566249234E-16i;-1.5346065218375356E-7-4.4360286700132284E-17i;4.2260409524629626E-8+1.710074087527342E-17i;9.16406963631119E-8+1.5679569596609368E-16i;-7.899561713100351E-8-1.672579947569889E-17i;-1.6567631393431092E-8-6.493456276755581E-17i
2.0581777272238397E-7+1.465539621504626E-11i;1.4676490560015048E-7+8.570734978304353E-11i;-1.5360211294302667E-7+1.554702175106013E-10i;-1.5849763679242804E-7-4.1797589526373085E-11i;2.2077608439525565E-7-3.1395986831312686E-10i;1.4181644252219453E-7-3.269338800363135E-11i;-2.2452369300162549E-7;6.856193782088505E-8+1.690704386592496E-17i;2.0197702557861784E-7+2.1647221706930715E-17i;-1.538462398977786E-7-3.534369090021519E-17i;1.1867991530702261E-7;3.3430162851675597E-9+3.9393468532234165E-18i;-1.5427213413691065E-7-2.0814495152348606E-17i;-1.7338976498497005E-7-6.484728924614925E-17i;-6.807545599815035E-10+1.7545428891910274E-17i;1.500748027356983E-7+6.023168905203893E-17i;1.375377422187188E-7+2.1289566153154777E-17i;3.5565702969006056E-8+9.610271709592757E-17i;5.826023025017256E-8-1.1981519688180074E-16i;1.964685553073296E-7-1.0138068380484244E-15i;-1.879517602290032E-7-1.9801018282376174E-17i;8.209615944234565E-8-1.310991996923271E-16i;-1.1335031430510855E-8-1.3505641005621588E-16i;-7.67607054869717E-9-2.2690765735730735E-17i;-1.7653707716847364E-8-1.9342581362913062E-16i
2.2773887712762902E-7+1.718751843290754E-11i;1.3478945920964584E-7+1.0072926611025564E-10i;-1.6829340576850007E-7+1.6729759765459807E-10i;-1.8062853726553854E-7-4.4481516474753056E-11i;2.1918988274310813E-7-3.327244812295429E-10i;1.583553092619296E-7-4.170509064355911E-11i;-2.3540243521115414E-7;7.755898248304839E-8+1.8916511684186747E-17i;2.2846364673010337E-7+2.364238373429708E-17i;-1.647623015674104E-7-3.830371164454904E-17i;1.982963333000058E-7;2.0935649694514382E-8+1.4695693002469646E-17i;-1.745549793513258E-7;-2.284894196833323E-7-8.167279453853813E-17i;-3.415230381314728E-8+2.5570765303551997E-17i;1.6176399766203614E-7+8.081483015928451E-17i;1.9555580816127851E-7+3.343122024560715E-17i;1.4839670659774919E-7;3.534285661316198E-8-1.294725894832451E-16i;1.9886590225233246E-7-1.1361026063502624E-15i;-2.2542682840727312E-7;1.2115936806221718E-7-3.133690452577877E-16i;-1.2836106041842978E-7-4.639782126626054E-16i;7.171183912368801E-8-2.4419072377956425E-17i;-2.024743510096732E-8-3.1919929613859733E-16i
2.4965998151180977E-7+1.9719640646023906E-11i;1.2281401281206927E-7+1.1575118244244337E-10i;-1.8298469860854763E-7+1.7912497780469673E-10i;-2.0275943775554954E-7-4.71654434186079E-11i;2.1760368110265436E-7-3.51489094148845E-10i;1.7489417598896582E-7-5.071679327243401E-11i;-2.478883541682996E-7;8.662267630162287E-8+2.1031038278920895E-17i;2.5598189869543745E-7+2.5642190056684096E-17i;-1.7765806111693928E-7-4.1697752790583376E-17i;2.7870257551543665E-7;3.8270223862989645E-8+2.4889411586794075E-17i;-1.96440985972677E-7;-2.8558482496355093E-7-1.022326676083408E-16i;-6.656846071730446E-8+3.342896462154954E-17i;1.75314430476397E-7+1.0300943118021414E-16i;2.5469557050871745E-7+4.007482891314692E-17i;2.6838245238365936E-7-7.69494322933704E-17i;1.1934946030520417E-8-1.4782713152576802E-16i;2.0754636683647789E-7-1.296217665165942E-15i;-2.6803598686889953E-7;1.6047165192127296E-7-5.022722465773052E-16i;-2.507305796282334E-7-8.046090200477166E-16i;1.5302736839182232E-7-3.3242209196828525E-17i;-2.424200169818851E-8-4.676925761224995E-16i
-1.7378634232892144E-7-2.782080636135582E-11i;3.535657475555467E-7-1.7201246214815376E-10i;8.153989800513116E-8-3.136482284480446E-11i;2.2695572559994657E-7+4.0231113460465425E-12i;2.5272101488346804E-7+2.1999480383664622E-12i;-1.2688642761584042E-7+1.1623252016019821E-10i;-2.281493166652242E-7;-1.1465077569839047E-7-1.2527967283894037E-17i;-2.2945280913281572E-7-3.97389316763069E-17i;-2.2391014540113751E-7-2.9286795985131047E-17i;2.8655467165491993E-7+3.663688182369416E-17i;5.400107610380619E-8+2.5925260760619336E-17i;2.43634740194049E-7+5.0627605566431185E-17i;-2.2807306649786062E-7-7.558462579816116E-17i;-8.581246190739214E-8;-7.66660074701278E-8-2.6191548067927182E-17i;3.0955212531711155E-7+4.394175009756867E-17i;-2.4757159477181806E-7+2.8525694685468933E-16i;2.430090139432039E-9-1.1008906594126846E-16i;2.169128538456903E-7-1.5707619796506202E-15i;2.905827359218701E-7;6.127518251596098E-8+3.625092829852577E-16i;2.3901523156595654E-7+5.511721013189954E-16i;-1.9663634846336575E-7+3.3344614932395284E-17i;1.0659769573769132E-7+1.1482658677485521E-15i
-1.5186523787283408E-7-2.5288684280522304E-11i;3.415903018495177E-7-1.569905458294501E-10i;6.684860508487775E-8-1.9537442481707112E-11i;2.0482482510955795E-7+1.339184569921505E-12i;2.5113481255265415E-7-1.656466435364066E-11i;-1.1034756083633251E-7+1.0722081728495642E-10i;-2.1599458423244574E-7;-1.0266220092378152E-7-1.1255993663489885E-17i;-2.046864219412883E-7-4.213499622534936E-17i;-2.0726891674202915E-7-2.6938715152232803E-17i;2.0562765230148079E-7+2.5173626865985845E-17i;3.090469808296075E-8+1.45226053583946E-17i;2.1639513043821837E-7+3.526697932521704E-17i;-1.7846616323114877E-7-2.842719530405406E-17i;-5.56758199018472E-8-1.8741942320854017E-17i;-7.465596422250499E-8-5.5018195463338805E-17i;2.3703769178539483E-7+3.275410357870762E-17i;-1.2979872557761984E-7+1.7713892959751106E-16i;-3.067451435487011E-8-7.13743967729505E-17i;2.090159943603211E-7-1.692841046063421E-15i;2.420227081528838E-7;4.569788309611208E-8+1.9269700194540806E-16i;1.2821605702087537E-7+3.374544835064631E-16i;-9.579404463990175E-8+5.727810615553156E-17i;1.0092685790573574E-7+1.0077811474145935E-15i
-1.2994413341762493E-7-2.275656218878223E-11i;3.296148560908463E-7-1.419686295057942E-10i;5.2157312153452646E-8-7.710062118811692E-12i;1.8269392462145695E-7-1.344742215768793E-12i;2.495486102705399E-7-3.532927677518347E-11i;-9.380869407553844E-8+9.820911443407993E-11i;-2.0537829191444073E-7;-9.076040395830754E-8-9.691817438113613E-18i;-1.8087151518355158E-7-3.38502198966913E-17i;-1.9313248855181376E-7-2.411439620426271E-17i;1.255900054309133E-7+2.256349153673511E-17i;7.517853207476495E-9+7.135926698312625E-18i;1.9115984609626566E-7+3.0130893949648685E-17i;-1.3009210758219088E-7-2.191945980359068E-17i;-2.5168439055568248E-8-8.640917177580487E-18i;-7.320299501848964E-8-3.359061967203182E-17i;1.6580442735155224E-7+2.781941921185811E-17i;-1.885838825739106E-8+7.047524156170519E-17i;-6.281062249552782E-8-7.972578301614443E-17i;2.077675675024172E-7-1.8232033542896007E-15i;1.9902931841598245E-7;3.005090496289464E-8+6.483360556205524E-17i;2.2466509244084522E-8+7.768273451264615E-17i;2.4842043552467466E-9+5.870110885792756E-17i;9.836989723283419E-8+8.582049828500228E-16i
-1.0802302896534981E-7-2.0224440084201222E-11i;3.1763941027457087E-7-1.2694671317782612E-10i;3.7466019208340607E-8+4.117318245305275E-12i;1.6056302413433846E-7-4.028669012775603E-12i;2.4796240804211194E-7-5.4093889230427626E-11i;-7.726982733628771E-8+8.919741161005143E-11i;-1.9621043313339783E-7;-7.886756776713321E-8-8.258873534111128E-18i;-1.574259146032267E-7-2.7652226347942375E-17i;-1.8109201004725721E-7-2.211505070884798E-17i;4.8213145119726E-8+1.4910879641468592E-17i;-1.5557757746861347E-8;1.666979600461973E-7+2.2704149054337742E-17i;-8.306573449965869E-8;5.268274805446507E-9-9.604459272926623E-18i;-7.087068954888407E-8-1.877952443496277E-17i;9.50641267998428E-8+2.1502187604213183E-17i;7.687901639547788E-8-3.8987310979057146E-17i;-8.988191468552373E-8-7.546873283414238E-17i;2.104899024992044E-7-1.9552657966318036E-15i;1.595853650155499E-7+2.2517493893790156E-17i;1.3940469137553682E-8-7.271823483235598E-17i;-7.06883091020087E-8-1.515783946343014E-16i;9.082185428851196E-8+6.760210394595198E-17i;9.670954291745823E-8+7.521692199131256E-16i
-8.610192451587525E-8-1.769231796990048E-11i;3.056639644124471E-7-1.1192479684689016E-10i;2.277472625633986E-8+1.5944698605444122E-11i;1.3843212364799315E-7-6.712595818833371E-12i;2.4637620585705293E-7-7.285850171371678E-11i;-6.073096061116384E-8+8.018570880782023E-11i;-1.8842758309299153E-7;-6.693217018542699E-8;-1.339716309867797E-7-1.9177568958328977E-17i;-1.7090637521254893E-7-2.0698913786039456E-17i;-2.430308031750186E-8+1.4799103298616486E-17i;-3.7554694666490266E-8-6.531742873528607E-18i;1.4226970515882683E-7+1.682929777956044E-17i;-3.8354335655862824E-8+4.447130168771346E-18i;3.471524525985784E-8;-6.663957969679461E-8;2.6183963507074262E-8+1.5790616081995868E-17i;1.4862840938235472E-7-1.0221468510882009E-16i;-1.080602081245832E-7-9.111236550896541E-17i;2.1537422992241278E-7-2.0558884498889874E-15i;1.2360310722086979E-7+4.2702661965721553E-17i;-2.3054542329943654E-9-1.4637258361819434E-16i;-1.4216715035881218E-7-3.250203048273719E-16i;1.5943760588171394E-7+6.748294960021443E-17i;9.478064377806809E-8+6.37245679752639E-16i
-6.418082006918306E-8-1.5160195847530508E-11i;2.9368851851308047E-7-9.69028805131714E-11i;8.083433302993407E-9+2.777207895764263E-11i;1.1630122316223262E-7-9.396522632686212E-12i;2.4479000370784317E-7-9.162311422059597E-11i;-4.419209389428102E-8+7.117400602323748E-11i;-1.8198616642143623E-7;-5.492466531025127E-8;-1.1028783410695042E-7-1.2242425773024552E-17i;-1.6245055658321732E-7-1.9525935699637247E-17i;-8.956241880530101E-8+1.362259397849617E-17i;-5.762400383834298E-8-1.330742986890825E-17i;1.1747511547472478E-7;2.5688918630861304E-9+9.201713124987913E-18i;6.197839345435372E-8+7.0615232294536E-18i;-5.988043662887109E-8+9.937349159785489E-18i;-3.821566701634108E-8+7.162701311808928E-18i;1.894344678571618E-7-1.3859429964579185E-16i;-1.144515973639745E-7-1.0623646489296666E-16i;2.2112200398688973E-7-2.1071274387103517E-15i;9.169767518682303E-8+5.4852234287881374E-17i;-1.7946866724432994E-8-1.8804130429974862E-16i;-1.8418639580318423E-7-4.3026572936129336E-16i;1.9950904634328308E-7+6.275377017170325E-17i;9.217590285135684E-8+5.635138569709114E-16i
-4.225971562528804E-8-1.2628073718843364E-11i;2.8171307258212765E-7-8.188096417606537E-11i;-6.607859647110361E-9+3.9599459298403896E-11i;9.417032267689683E-8-1.2080449453258133E-11i;2.4320380158945344E-7-1.1038772674738064E-10i;-2.7653227180943535E-8+6.216230325307529E-11i;-1.7685744806507674E-7;-4.28337764768828E-8;-8.627368057221987E-8;-1.5567359797567342E-7-1.8714550612711122E-17i;-1.4519350072452825E-7;-7.4917336714244E-8-2.0640100806699345E-17i;9.214686363902808E-8;3.801598330077384E-8+1.3926627767359366E-17i;8.577220011616442E-8+9.436280768338555E-18i;-5.035342691836521E-8+1.1947849351740513E-17i;-9.496263309693957E-8;1.9583552681345945E-7-1.4346770554306613E-16i;-1.0763201540319382E-7-1.2070283874422867E-16i;2.2676922465304022E-7-2.096256978836465E-15i;6.441582659820159E-8+5.601600198779142E-17i;-3.205158554209272E-8-1.8524636966064201E-16i;-1.923581732090216E-7-4.5101996803682E-16i;2.0567474151553936E-7+5.989300888150708E-17i;8.903504353214883E-8+5.186160139819972E-16i
-2.033861118429125E-8-1.0095951584651593E-11i;2.697376266228189E-7-6.685904783538312E-11i;-2.1299152590156362E-8+5.142683962467616E-11i;7.203942219182727E-8-1.4764376279884815E-11i;2.4161759949897656E-7-1.2915233929262522E-10i;-1.1114360467426233E-8+5.315060049498847E-11i;-1.7302320675785375E-7;-3.066304635847997E-8;-6.191923565299353E-8;-1.5056796427340358E-7-1.8784026201736707E-17i;-1.8904243946256513E-7;-8.865923429783371E-8-2.6809415832611876E-17i;6.627713785480916E-8;6.632711278729618E-8+1.8925886374800973E-17i;1.0486991285707613E-7;-3.819470882138012E-8+1.154559614331909E-17i;-1.4087306116064774E-7;1.687664454368778E-7-1.1134150555844487E-16i;-8.793321962500991E-8-1.2798238806271815E-16i;2.3159326823652547E-7-2.0230294488669174E-15i;4.1807506013680966E-8+4.935330434655949E-17i;-4.365458231411596E-8-1.5270596089546743E-16i;-1.6689210648752384E-7-3.894781754137269E-16i;1.7748571343183105E-7+5.3135936205069377E-17i;8.585310862429064E-8+5.322008741575826E-16i
1.5824932534256924E-9-7.563829445126817E-12i;2.577621806362166E-7-5.183713149320251E-11i;-3.599044552331902E-8+6.32542199337745E-11i;4.990852170675415E-8-1.744830311337723E-11i;2.4003139743556864E-7-1.4791695185734825E-10i;5.424506248841466E-9+4.4138897747302455E-11i;-1.7047222871513877E-7;-1.842722576942855E-8;-3.727861674361742E-8;-1.471481660679422E-7-1.8928979919727892E-17i;-2.1933387330693323E-7;-9.820629751471465E-8-3.352774399698476E-17i;3.995923697651795E-8-1.4797720441761474E-17i;8.607597777209547E-8+3.0862393821734245E-17i;1.182322318550494E-7;-2.387667396996227E-8-1.2972554225496222E-17i;-1.7318232972691203E-7;1.1371089740398707E-7-5.396430061447217E-17i;-5.7455703775117405E-8-1.1963711474008767E-16i;2.3507221724240748E-7-1.8941437973143887E-15i;2.323330964668997E-8+2.9911812199322864E-17i;-5.1907832701149545E-8-8.680506391925933E-17i;-1.1291910957157164E-7-2.38266866882274E-16i;1.1982512630406594E-7+4.62714830229201E-17i;8.328244479346596E-8+5.837917391874353E-16i
2.3503597687749808E-8-5.031707300440879E-12i;2.4578673462260314E-7-3.68152151507432E-11i;-5.068173844398328E-8+7.508160022322326E-11i;2.7777621221676183E-8-2.013222995400374E-11i;2.384451953989859E-7-1.66681564442597E-10i;2.1963372970114033E-8+3.5127195008507593E-11i;-1.6919832626302313E-7;-6.149251877316711E-9+2.8236450330785056E-18i;-1.2451063697214223E-8;-1.454327878998637E-7-2.0359824322780906E-17i;-2.3480647294004575E-7;-1.0309784335904813E-7-3.82873830103249E-17i;1.3352807658814349E-8-2.37110475124992E-17i;9.622347409317471E-8+3.314021153456191E-17i;1.251113762956063E-7;-8.146416863027248E-9-3.1120148512033334E-17i;-1.8986255915656554E-7-2.1076361668329826E-17i;4.00804372484729E-8+2.0692736133569542E-17i;-1.98258447701994E-8-1.1801677269499577E-16i;2.3686631524103487E-7-1.7152469302319592E-15i;7.403321601938136E-9+9.652968609753449E-18i;-5.619506401342317E-8+8.121909666557085E-18i;-3.987992622288957E-8-4.8859487572194905E-17i;4.2319584286101185E-8+3.9208669691051685E-17i;8.189346514735265E-8+6.659532080692876E-16i
4.5424702118466646E-8-2.499585151078022E-12i;2.338112885817812E-7-2.1793298809287814E-11i;-6.537303135059818E-8+8.690898049183701E-11i;5.646720736549429E-9-2.2816156802537748E-11i;2.3685899338978153E-7-1.8544617705045026E-10i;3.850223969765279E-8+2.6115492277824892E-11i;-1.6919870903256596E-7;6.143245532228829E-9+5.03660832892125E-18i;1.2441052954753196E-8+1.5036642278579286E-18i;-1.454339474927964E-7-2.1302076422021164E-17i;-2.348066848241881E-7;-1.0309557950606263E-7-4.055939741449205E-17i;-1.3351397797794547E-8-2.841298481110848E-17i;9.622502534879467E-8+2.23004729431038E-17i;1.25115987895417E-7;8.078793886172438E-9-3.762921759492492E-17i;-1.898531687283167E-7-2.7349114472582842E-17i;-4.008182050824561E-8+1.010651730168759E-16i;2.031158613184112E-8-1.2961465832325428E-16i;2.3681262356249266E-7-1.5116608964178939E-15i;-7.446946641071548E-9-1.0160169064077146E-17i;-5.618787625535983E-8+1.113014342268089E-16i;3.989278175654744E-8+1.434659629560757E-16i;-4.2194111140963904E-8+2.679590218526972E-17i;8.201781219374447E-8+7.544290280119578E-16i
6.734580654469974E-8+3.2537003135081483E-14i;2.218358425129018E-7-6.771382470260116E-12i;-8.006432424313213E-8+9.873636073966888E-11i;-1.6484179749186866E-8-2.5500083659483016E-11i;2.3527279140939704E-7-2.0421078968239717E-10i;5.504110643139773E-8+1.710378955508492E-11i;-1.7047325729527524E-7;1.8421303538176373E-8+7.151793396956497E-18i;3.7270325930746745E-8;-1.4715178337954223E-7-2.2671154772650807E-17i;-2.1933360369422128E-7;-9.820378617089325E-8-3.832049024352638E-17i;-3.996021009490183E-8-3.2539666923915175E-17i;8.607672206707831E-8+3.2823449869367035E-17i;1.182378697780186E-7-1.276131417676172E-17i;2.381856460816827E-8-3.9161411949488976E-17i;-1.7316117865658464E-7-2.714422867114499E-17i;-1.1371850010121885E-7+1.601278435777214E-16i;5.7936375736119966E-8-1.0839760902212295E-16i;2.3491925900563102E-7-1.3071418410274782E-15i;-2.328290436756951E-8-3.837568070235241E-17i;-5.185566500831234E-8+1.6512088135830557E-16i;1.1295292618812519E-7+3.201946612772839E-16i;-1.196990067197638E-7+3.321275136104208E-17i;8.365736769643311E-8+8.827474843959747E-16i
8.92669109658229E-8+2.5646591619662427E-12i;2.0986039641593247E-7+8.250533867069147E-12i;-9.475561712260379E-8+1.1056374096811781E-10i;-3.861508023603745E-8-2.818401052421726E-11i;2.3368658945801915E-7-2.2297540233927465E-10i;7.157997317050684E-8+8.092086840312021E-12i;-1.7302492788888405E-7;3.065721726109595E-8+8.87412952244601E-18i;6.191176343205869E-8;-1.505724135036506E-7-2.4142251708109367E-17i;-1.890421290629463E-7;-8.866097261216198E-8-3.3036263412310313E-17i;-6.627979698876298E-8-3.3038441380743317E-17i;6.632292080379477E-8+2.6233080806731954E-17i;1.0487221184243274E-7-1.2420571862686476E-17i;3.814497857517226E-8-3.2302562176549585E-17i;-1.4085008959139883E-7-2.3551900741293402E-17i;-1.6877176523577683E-7+2.135328664722547E-16i;8.840567479505034E-8-1.0380602560324619E-16i;2.3135875925647266E-7-1.117683504096113E-15i;-4.1853166651177646E-8-5.466553179909042E-17i;-4.3543007076923476E-8+2.0916207067926126E-16i;1.6692289877399538E-7+4.392345097999929E-16i;-1.7734916086672557E-7+3.2923926971744104E-17i;8.641656911908317E-8+9.907734911702843E-16i
1.1118801538129566E-7+5.096781324440957E-12i;1.9788495029184574E-7+2.327245020151303E-11i;-1.0944690999000813E-7+1.2239112117856332E-10i;-6.074598072454109E-8-3.086793739596275E-11i;2.321003875352006E-7-2.417400150216306E-10i;8.811883991443403E-8-9.196158674161225E-13i;-1.7685978667262508E-7;4.282791758399067E-8+1.0693753598094109E-17i;8.626604213423509E-8;-1.5567930024930115E-7-2.7287418238875984E-17i;-1.4519440576529542E-7;-7.492253136835515E-8-2.956387708151949E-17i;-9.214887841204586E-8-3.570106343181096E-17i;3.80111185266876E-8+2.1969338089756617E-17i;8.577367747497914E-8-1.5717925944713162E-17i;5.0313569862039216E-8-3.2200523034310544E-17i;-9.494310184092221E-8-1.6714437930560326E-17i;-1.958314695049917E-7+2.49484081055539E-16i;1.080872032433988E-7-8.928033032661038E-17i;2.2648242275027725E-7-9.877765719762613E-16i;-6.444977743095452E-8-6.415597623056794E-17i;-3.190104872684674E-8+2.1865624684637184E-16i;1.9237903200384398E-7+5.02725518063512E-16i;-2.0551336338371534E-7+4.011424004684769E-17i;8.969256666606094E-8+1.0509562692846232E-15i
1.331091197894292E-7+7.62890348875586E-12i;1.8590950414234828E-7+3.829436653260322E-11i;-1.241382028484299E-7+1.3421850137541647E-10i;-8.287688121630406E-8-3.3551864273386637E-11i;2.3051418563952825E-7-2.605046277290104E-10i;1.0465770666096183E-7-9.93131856824098E-12i;-1.8198898307083503E-7;5.491877768564052E-8+1.2312793282026348E-17i;1.1027993121949838E-7;-1.6245807763046123E-7-3.037220200500365E-17i;-8.956471748209138E-8;-5.763303574108766E-8-2.2201670255214912E-17i;-1.1747640303273296E-7-3.421599955642033E-17i;2.565564084975373E-9+7.290453870896424E-18i;6.197794557398808E-8-1.0317416557556155E-17i;5.985287840391451E-8-2.0853547185060563E-17i;-3.820525433335406E-8-8.446888108621186E-18i;-1.8942562409558595E-7+2.5214371066030736E-16i;1.1489038282227525E-7-8.821364254151316E-17i;2.2081723859912443E-7-9.10879183588848E-16i;-9.17158269217821E-8-6.462870131009029E-17i;-1.7767892208923928E-8+1.8903447180320411E-16i;1.8420212853955058E-7+4.651831030605658E-16i;-1.9933709298349106E-7+4.632775985483608E-17i;9.282479750069975E-8+1.0732195437362502E-15i
1.5503022418737014E-7+1.0161025653813695E-11i;1.7393405797016626E-7+5.331628286175961E-11i;-1.3882949570346708E-7+1.4604588156319752E-10i;-1.0500778171409865E-7-3.623579115469936E-11i;2.289279837686886E-7-2.792692404576638E-10i;1.2119657340594944E-7-1.8943021261030078E-11i;-1.8843085416674638E-7;6.692628676747852E-8+1.4334629603822586E-17i;1.3396375878500096E-7;-1.7091551793554258E-7-3.3708340717355447E-17i;-2.430484905626731E-8;-3.7567132925647806E-8-1.4462939208667365E-17i;-1.4227085953777813E-7-3.21048640597536E-17i;-3.8358032129689786E-8-1.390118291964082E-17i;3.471104544437375E-8;6.662732677451368E-8-1.3124148846460403E-17i;2.61864400800957E-8;-1.4861295648954728E-7+2.3439405307244225E-16i;1.0848504369940085E-7-9.889619413264064E-17i;2.1508547992181724E-7-9.018338159897104E-16i;-1.2360603228974648E-7-5.585104287672904E-17i;-2.1078279678915265E-9+1.2543238669001536E-16i;1.4217304594762586E-7+3.515679751584011E-16i;-1.5926449913736876E-7+4.9972954510386527E-17i;9.530986788255227E-8+1.0139899650232207E-15i
1.7695132857195636E-7+1.2693147818646908E-11i;1.6195861177907258E-7+6.833819919175446E-11i;-1.5352078856101003E-7+1.5787326174656298E-10i;-1.2713868222098634E-7-3.891971803788962E-11i;2.2734178191922477E-7-2.9803385320190887E-10i;1.3773544014517355E-7-2.795472394419495E-11i;-1.9621423790794766E-7;7.886166195018112E-8+1.6418734323584925E-17i;1.574181909804761E-7;-1.8110223663922528E-7-3.72945557804353E-17i;4.8211538982190236E-8;-1.557363906069025E-8-6.246665904879557E-18i;-1.6669882863415135E-7-2.9515347364905767E-17i;-8.307041440441742E-8-3.672717734495374E-17i;5.261399600958302E-9+6.6866553874228344E-18i;7.08767387974219E-8;9.505686108803284E-8+9.516638137848854E-18i;-7.685502606765621E-8+1.9431921759723883E-16i;9.029597179607544E-8-1.0958839235541817E-16i;2.1024940266168294E-7-9.650699677043965E-16i;-1.5957405372060878E-7-4.1591122253024885E-17i;1.4143861806493564E-8+2.825680856082055E-17i;7.068316730332394E-8+1.6672100252811002E-16i;-9.065705593302625E-8+4.9856858850969164E-17i;9.701908016500557E-8+8.95874378560026E-16i
1.9887243293932782E-7+1.5225269981313623E-11i;1.4998316557390303E-7+8.336011552440832E-11i;-1.682120814276053E-7+1.6970064193137285E-10i;-1.4926958274080157E-7-4.1603644920372765E-11i;2.257555800869768E-7-3.167984659564275E-10i;1.5427430687419906E-7-3.696642661647541E-11i;-2.0538264026833787E-7;9.075439796917501E-8+1.9001157007100042E-17i;1.8086390108584397E-7;-1.9314370008610277E-7-4.1132720739164067E-17i;1.2558839930626603E-7;7.498651356879251E-9+5.443182307401997E-18i;-1.911600365037997E-7-2.2738200860846103E-17i;-1.300975760586275E-7-5.423225225691897E-17i;-2.5177385456827955E-8+1.4820300995163102E-17i;7.322889263379562E-8+3.040035869984217E-17i;1.6578568149554223E-7+2.32574858203744E-17i;1.889212852784334E-8+1.2077350856152106E-16i;6.321746118277741E-8-1.1833921219738266E-16i;2.075992111968893E-7-1.0740529569608264E-15i;-1.990048126454707E-7-2.1644918304649458E-17i;3.0250733550596186E-8-1.1316217110708644E-16i;-2.2480736843522356E-8-7.726849033158249E-17i;-2.3322805060075914E-9+4.638883757831598E-17i;9.839198518209313E-8+7.644149801674915E-16i
2.2079353728483029E-7+1.7757392139551834E-11i;1.3800771936035666E-7+9.838203186128795E-11i;-1.829033743101945E-7+1.8152802212340087E-10i;-1.7140048327818695E-7-4.4287571798975185E-11i;2.241693782673009E-7-3.355630787147263E-10i;1.7081317358856214E-7-4.59781292769378E-11i;-2.15999474656718E-7;1.026559766784945E-7+2.1218739348478593E-17i;2.0467889188120075E-7;-2.0728114804884142E-7-4.51848491082654E-17i;2.0562609234346567E-7;3.088191332723772E-8+1.6411671551387735E-17i;-2.1639458397643904E-7;-1.7847255939234707E-7-7.289077410129078E-17i;-5.5687082907044484E-8+2.4316304748001302E-17i;7.470199763566058E-8+4.2712169574013514E-17i;2.3700635003365296E-7+3.151483031409398E-17i;1.298435499838145E-7+3.6806982888186676E-17i;3.108236434413554E-8-1.320052983867302E-16i;2.0893366310768063E-7-1.246223643327151E-15i;-2.4198633759115833E-7;4.589133978627402E-8-2.6311794345958894E-16i;-1.2824014157003213E-7-3.454850028636769E-16i;9.593097885149436E-8+5.165697058390636E-17i;1.006292357854689E-7+6.40648392672176E-16i
2.427146416070463E-7+2.0289514292562017E-11i;1.260322731416603E-7+1.1340394820384936E-10i;-1.9759466721025309E-7+1.933554023231891E-10i;-1.9353138383470012E-7-4.697149867224369E-11i;2.2258317645771652E-7-3.5432769147352016E-10i;1.8735204028810778E-7-5.4989831925070253E-11i;-2.2815476097587206E-7;1.1464414211454828E-7+2.3492890418094148E-17i;2.294453536737776E-7;-2.2392338127464855E-7-4.9040602454437176E-17i;2.865531804996461E-7;5.397420157749927E-8+2.8673424600396E-17i;-2.4363328863631125E-7;-2.280807586906672E-7-8.864596122558257E-17i;-8.582635243021854E-8+3.284096123118311E-17i;7.673245648914682E-8+6.370415476690614E-17i;3.0950693694754116E-7+4.428548202254255E-17i;2.476289432264202E-7-6.245347347935813E-17i;-2.0076173994347872E-9-1.4409329417707844E-16i;2.1691940646277105E-7-1.4621044374646859E-15i;-2.9053490299552697E-7;6.146627507973981E-8-4.280519865049111E-16i;-2.3905030731691E-7-6.343529071173571E-16i;1.96760714496248E-7+5.861326187080469E-17i;1.0597210337877349E-7+5.433437901596025E-16i
-1.8073168150811184E-7-2.7250931565584735E-11i;3.567840041445123E-7-1.7435969650610716E-10i;6.69299300058171E-8-1.7134398866005804E-11i;2.3618378039073986E-7+4.217054794628815E-12i;2.577005137897107E-7-6.386524862803514E-13i;-1.1442856331079297E-7+1.1195948218961612E-10i;-2.032491982737356E-7;-1.4195421773726983E-7-1.589607770702341E-17i;-1.9646669324257772E-7-4.2328823173064005E-17i;-2.598512703572524E-7-3.9624524713332226E-17i;2.9588556672970665E-7+3.223092853295657E-17i;7.190623441983557E-8+2.3526940006888872E-17i;2.764924526165722E-7+4.8685303599100545E-17i;-1.615563988410701E-7-4.70989268169054E-17i;-1.0467174981700922E-7-1.6097239977787597E-17i;3.165654636950374E-8-2.5886804726038153E-17i;3.417764397550492E-7+4.804696879731704E-17i;-2.2618214860660218E-7+2.9836413356829164E-16i;2.826266469104817E-8-7.022704605332596E-17i;1.881898955110502E-7-1.2462994161252685E-15i;2.7028411358332597E-7;-4.455010493692507E-8+4.131898893891845E-16i;2.198623779350912E-7+6.669041583027077E-16i;-2.319370180103856E-7+9.68174247938711E-17i;2.104228171856422E-7+2.1332333006375396E-15i
-1.5881057707402203E-7-2.4718809552542074E-11i;3.44808558681187E-7-1.5933778019217706E-10i;5.223863708454317E-8-5.307018494458102E-12i;2.1405287986834006E-7+1.5331280897050283E-12i;2.561143112321484E-7-1.9403264691497895E-11i;-9.788969649840368E-8+1.0294777925326494E-10i;-1.9150379897308071E-7;-1.271238955601725E-7-1.3975572946479862E-17i;-1.7510706963668422E-7-3.36107081472044E-17i;-2.398930332143337E-7-3.479429981143069E-17i;2.1432408287185187E-7+2.5071771255631704E-17i;4.3088277817245506E-8+1.9217937372927293E-17i;2.4540472532455423E-7+4.3833998076372805E-17i;-1.2095510913589843E-7-2.991486760585356E-17i;-7.761371874880965E-8-8.984480865006833E-18i;2.0889990469836928E-8+5.338296193503901E-18i;2.607420007040453E-7+4.278702630789537E-17i;-1.10638118934016E-7+1.5455868001719454E-16i;-1.573817019089635E-8-7.313629304086959E-17i;1.8321205380679215E-7-1.400699273040614E-15i;2.2114500483980347E-7;-3.456956686170347E-8+2.441267238054328E-16i;1.2387289150800564E-7+3.8444454237355207E-16i;-1.1771824424379803E-7+9.350221818735988E-17i;1.9765572546786134E-7+1.8916669287128504E-15i
-1.3688947264120637E-7-2.2186687527505304E-11i;3.3283311316036617E-7-1.4431586387180183E-10i;3.754734414906541E-8+6.5203618793534105E-12i;1.9192197934795763E-7-1.15079862513869E-12i;2.5452810872735096E-7-3.8167876928148247E-11i;-8.135082970790307E-8+9.393607634374922E-11i;-1.8121129097201995E-7;-1.1239690061914764E-7-1.2117504870778362E-17i;-1.5460408698291645E-7-2.7250097252413355E-17i;-2.2286414160970325E-7-3.154151435285124E-17i;1.337716398700541E-7+1.748824820904843E-17i;1.3982680664721185E-8+1.2194384603256512E-17i;2.1662776123980507E-7+3.848917904166756E-17i;-8.072488609813606E-8-9.069043406948106E-18i;-5.094840319064862E-8;1.1021446769778697E-8+2.5571217717017448E-17i;1.810105505818262E-7+4.04794627261319E-17i;-1.5949211909899107E-9+4.586413916266681E-17i;-5.811590330769559E-8-6.844195922213134E-17i;1.8414656847365205E-7-1.6061340472043933E-15i;1.7720281840402908E-7;-2.497185581546969E-8+9.044445194584265E-17i;3.2495711048747705E-8+1.3294429616052593E-16i;-6.6472843419215E-9+1.0409451605513922E-16i;1.9163763726006282E-7+1.7187884949846306E-15i
-1.1496836821207508E-7-1.9654565488328184E-11i;3.208576675754186E-7-1.2929394754558828E-10i;2.285605119529688E-8+1.8347742257772416E-11i;1.697910788278153E-7-3.834725352086685E-12i;2.52941906281459E-7-5.6932489200870246E-11i;-6.481196294368784E-8+8.492437346435799E-11i;-1.7229775745374763E-7;-9.76774738501856E-8-1.0129574501208294E-17i;-1.3445862085427005E-7-1.704054575697597E-17i;-2.0830238885015923E-7-2.7985997733715635E-17i;5.597410821571103E-8+1.7104161071986856E-17i;-1.4685501964313403E-8+6.236621226063064E-18i;1.8877008280504605E-7+3.436085864056856E-17i;-4.117940141195916E-8-7.044550297656272E-18i;-2.481391617735474E-8+7.365818057395657E-18i;2.575653148203899E-9+4.9958679955643164E-17i;1.017512114812875E-7+3.0755612318885284E-17i;9.230973212575046E-8-6.663836531788429E-17i;-9.408159294098064E-8-9.217583355241555E-17i;1.8857567999504974E-7-1.7909559852984937E-15i;1.3710314303439806E-7+3.0340034179513245E-17i;-1.549840136181235E-8-3.138154740397477E-17i;-4.811261277512137E-8-1.1107175124980205E-16i;9.322786020358319E-8+9.801917071693314E-17i;1.8835506729249316E-7+1.5491378443663524E-15i
-9.304726378667349E-8-1.7122443438353505E-11i;3.088822219383898E-7-1.1427203121377504E-10i;8.164758229734603E-9+3.0175122635946996E-11i;1.476601783073949E-7-6.518652088252974E-12i;2.513557038836759E-7-7.569710150233839E-11i;-4.8273096198571094E-8+7.591267060973076E-11i;-1.647124986375912E-7;-8.290202990068021E-8-8.680054952417342E-18i;-1.1434582328465638E-7-1.650940118236564E-17i;-1.9594254624634854E-7-2.5461105136942565E-17i;-1.6885465633431727E-8+7.961615721106585E-18i;-4.1981726086716464E-8;1.609975579561238E-7+2.299472968075634E-17i;-3.296258495954826E-9+2.862588585192469E-17i;1.7751416737496704E-10-4.59587156631877E-18i;-3.914737621672137E-9+4.295675229690763E-17i;2.4531646712867353E-8+2.1239145619555073E-17i;1.6213990205286977E-7-1.3404988488027093E-16i;-1.1904120321341311E-7-7.458142172138603E-17i;1.9481981796280495E-7-1.9654111828881305E-15i;1.0128079353057321E-7+2.4014046640683822E-17i;-6.304491836311208E-9-1.568738183860011E-16i;-1.1036606217213783E-7-2.7076299923320485E-16i;1.7106746415954476E-7+1.1598832577826487E-16i;1.8569745963604662E-7+1.4668821344591827E-15i
-7.112615936517821E-8-1.4590321379507876E-11i;2.9690677625867776E-7-9.925011487710997E-11i;-6.526534741920221E-9+4.2002503009359336E-11i;1.2552927778629646E-7-9.202578831977124E-12i;2.4976950152575683E-7-9.446171382806499E-11i;-3.1734229466503106E-8+6.690096777573571E-11i;-1.5842208998126183E-7;-6.80342929946276E-8;-9.40746136119704E-8-1.401101478266694E-17i;-1.8565356864798634E-7-2.3824863312527337E-17i;-8.242175464597637E-8;-6.686705720235284E-8-1.4152161853338658E-17i;1.3285951834102654E-7;3.155316994852523E-8+4.33486364106033E-17i;2.3138452503789687E-8-8.048689808720975E-18i;-8.053925719575874E-9+2.872980998392559E-17i;-4.7686951264857835E-8+1.2005783879261051E-17i;2.008611032467469E-7-1.5922350290237274E-16i;-1.2948095037435063E-7-7.208871513627333E-17i;2.0164491010605842E-7-2.067480050859136E-15i;7.072056477180275E-8+2.4064437863212597E-17i;2.2516790238819388E-9-2.1547636110555904E-16i;-1.4770708635549767E-7-3.6825932530533455E-16i;2.1705678167643165E-7+1.2081077274236387E-16i;1.8275658202044205E-7+1.3791933062556508E-15i
-4.920505494790689E-8-1.2058199313269532E-11i;2.8493133054235144E-7-8.422819853553481E-11i;-2.1217827714941732E-8+5.38298833746157E-11i;1.0339837726415198E-7-1.188650558266781E-11i;2.481832992024474E-7-1.132263261749641E-10i;-1.5195362742719133E-8+5.7889264959402314E-11i;-1.5340554220296092E-7;-5.306066997025431E-8;-7.355510016275394E-8;-1.773899946052748E-7-2.2405958187234122E-17i;-1.3826760256307557E-7;-8.829901064505719E-8-2.162509274085294E-17i;1.0416520705678747E-7;6.18403614101055E-8+2.3880180515763898E-17i;4.307327707553152E-8+8.588136099864043E-18i;-9.684654007101866E-9+3.639479769792936E-17i;-1.1133029431811946E-7;2.049824693072972E-7-1.564699270442179E-16i;-1.2365750752912586E-7-1.174723199082386E-16i;2.0811773780656516E-7-2.0567190272230008E-15i;4.615511210282632E-8+3.7972007704381855E-17i;9.747396273842953E-9-2.0241861480743294E-16i;-1.5642297983280933E-7-4.2358504799936443E-16i;2.2521432738228605E-7+1.0609918543301811E-16i;1.7943062783215697E-7+1.2965601201175283E-15i
-2.728395053521695E-8-9.526077240453131E-12i;2.729558847929751E-7-6.9206282190004E-11i;-3.590912068510838E-8+6.565726372804932E-11i;8.126747674067698E-8-1.4570432340040397E-11i;2.4659709691075624E-7-1.3199093854196854E-10i;1.3435039768000565E-9+4.8877562158255495E-11i;-1.4965020907548306E-7;-3.798582125612321E-8;-5.27722605510727E-8;-1.7115643488696842E-7-2.202025379076072E-17i;-1.8227502026431968E-7;-1.0532366037703387E-7-2.984644935279482E-17i;7.489743858290053E-8;8.609008678959468E-8+2.69351216725525E-17i;5.90172878289666E-8+7.044877474926544E-18i;-8.935796108436897E-9+1.7201063690582766E-17i;-1.6283054097434206E-7;1.7545108519885037E-7-1.176957579979733E-16i;-1.0196980173206127E-7-1.2703051897984014E-16i;2.1353485842870662E-7-1.9808625604014793E-15i;2.7610176481794792E-8+3.5180136435772656E-17i;1.5779571519005074E-8-1.7836313022253954E-16i;-1.3669364418021944E-7-3.9081600310498994E-16i;1.9503274096512528E-7+9.60712292645242E-17i;1.7613529325230196E-7+1.2989690391260814E-15i
-5.362846127471393E-9-6.993955161564072E-12i;2.609804390121287E-7-5.418436584280615E-11i;-5.06004136488472E-8+7.74846440665395E-11i;5.913657621568776E-8-1.725435910482267E-11i;2.4501089464956236E-7-1.5075555093025376E-10i;1.7882370695258176E-8+3.986585937033988E-11i;-1.471495535099738E-7;-2.2828485014616563E-8;-3.176540843046531E-8;-1.6697683824704978E-7-2.1644543094471937E-17i;-2.126708956993431E-7;-1.1714923874706088E-7-3.590178310147873E-17i;4.5150891167843794E-8-1.418378569096869E-17i;1.0303092870590878E-7+3.8386643010958336E-17i;7.014934223247166E-8;-6.234194362136617E-9-8.932078041245348E-18i;-1.990821685643069E-7;1.1778452273982632E-7-6.447438517322502E-17i;-6.700431876529691E-8-1.1539713425843997E-16i;2.1739735651319772E-7-1.8222453425641585E-15i;1.4232456347505756E-8+2.3102991099922956E-17i;2.001197313781164E-8-1.2763335937678948E-16i;-9.284722159573212E-8-2.7832666315273673E-16i;1.3195525242768693E-7+9.244465559245595E-17i;1.7348522311154332E-7+1.3511721895375968E-15i
1.6558258275025988E-8-4.461833076792156E-12i;2.4900499319996603E-7-3.916244949383369E-11i;-6.529170660292036E-8+8.931202438700188E-11i;3.7005675689128085E-8-1.993828587705249E-11i;2.4342469241904283E-7-1.6952016334096392E-10i;3.442123741538671E-8+3.0854156593972054E-11i;-1.4590021225338642E-7;-7.617532519302444E-9+2.465434019786677E-18i;-1.0609767712131415E-8+1.5478127396584776E-18i;-1.6487872403826364E-7-2.2140295094224024E-17i;-2.2819544552135573E-7;-1.2320893188761254E-7-3.9473463026654876E-17i;1.5090346414075887E-8-2.008596343346503E-17i;1.1174253402952963E-7+3.42134323136896E-17i;7.587438160807943E-8;-2.24943168021896E-9-1.8066669977472103E-17i;-2.178069641357649E-7-2.6553930581739145E-17i;4.1448963472120357E-8+7.762774568057385E-18i;-2.3221260062751185E-8-1.1932441545470303E-16i;2.193793249825817E-7-1.5999557236250585E-15i;4.339300497381049E-9+1.058000214054099E-17i;2.2194753865733336E-8-5.124894053804249E-17i;-3.286212614742386E-8-1.3865779260615486E-16i;4.670025676636479E-8+7.502586560826019E-17i;1.7206139665208818E-7+1.4342028196901049E-15i
3.8479362671287745E-8-1.929710986292677E-12i;2.3702954735516877E-7-2.4140533145358017E-11i;-7.998299954609951E-8+1.0113940468868206E-10i;1.4874775160461373E-8-2.2622212657882176E-11i;2.4183849022100596E-7-1.8828477577668922E-10i;5.096010413804811E-8+2.1842453828695694E-11i;-1.4590069913873015E-7;7.612273044142368E-9+4.6354025955910394E-18i;1.0599770058608054E-8+2.6841053474155796E-18i;-1.6488028319474124E-7-2.3700510564777513E-17i;-2.2819542416291373E-7;-1.2320598678208135E-7-4.168074690716379E-17i;-1.50848057307083E-8-2.7146684298882676E-17i;1.1174461496708006E-7+3.2202510773140765E-17i;7.588013658453241E-8;2.184058953954544E-9-3.550385756338483E-17i;-2.1779630331261568E-7-2.905699308788712E-17i;-4.145140337222941E-8+8.987122050067685E-17i;2.3661869741819896E-8-1.1692331085862067E-16i;2.1932129141933563E-7-1.359779396899973E-15i;-4.330443301704757E-9-7.716111522974618E-18i;2.218970216318278E-8+3.1607179977250447E-17i;3.283268946616792E-8+2.199461524385883E-17i;-4.6423685461641646E-8+6.934655040888729E-17i;1.7220616901187448E-7+1.551263371062333E-15i
6.040046706049383E-8+6.024111100983864E-13i;2.2505410147685628E-7-9.118616797962062E-12i;-9.467429247774104E-8+1.129667849711776E-10i;-7.256125370742674E-9-2.530613944760311E-11i;2.402522880569676E-7-2.0704938823981246E-10i;6.749897086371184E-8+1.2830751074408384E-11i;-1.4715094029448544E-7;2.282334986984507E-8+6.63356862183716E-18i;3.17567285197694E-8;-1.6698032674370567E-7-2.5131232489578837E-17i;-2.126705424724689E-7;-1.1714592755918546E-7-4.107803152656506E-17i;-4.514866076187725E-8-3.395982590217773E-17i;1.0303096204071255E-7+4.145672097504302E-17i;7.015769864971071E-8-1.541120236247254E-17i;6.1742749774528725E-9-5.567764530090052E-17i;-1.9905689720441637E-7-3.105715466805195E-17i;-1.1779735902274037E-7+1.641066344489577E-16i;6.74408877699984E-8-8.995636141319473E-17i;2.1722675613369576E-7-1.12720296248494E-15i;-1.4231491793068587E-8-3.3521577452516E-17i;2.0031569469054886E-8+8.956509927408702E-17i;9.284505209670174E-8+1.927940417205779E-16i;-1.3168540643984152E-7+7.58595556848844E-17i;1.7390194421039695E-7+1.6905760129520318E-15i
8.232157144203643E-8+3.13453321217762E-12i;2.1307865556478893E-7+5.903299547982599E-12i;-1.0936558539693374E-7+1.2479416523368383E-10i;-2.9387025904762E-8-2.799006624614483E-11i;2.3866608592762775E-7-2.2581400073160408E-10i;8.403783759318169E-8+3.819048330192743E-12i;-1.4965213172132878E-7;3.7980685929600544E-8+8.786359316080277E-18i;5.2763304457141476E-8;-1.711613794729677E-7-2.6923085887283195E-17i;-1.822747149312629E-7;-1.0532559590572872E-7-3.5660187002831723E-17i;-7.48953329386483E-8-3.465277280404187E-17i;8.60868674188131E-8+4.0210256117741985E-17i;5.9018174755266624E-8-1.5955811451772002E-17i;8.882512230876168E-9-4.470151785488705E-17i;-1.628043153204019E-7-2.5450487606090256E-17i;-1.754597552425264E-7+2.1886500815544723E-16i;1.023954570904478E-7-7.472042404252772E-17i;2.1326412570341142E-7-9.146605079525875E-16i;-2.7607593361649552E-8-4.875528936134931E-17i;1.585662884398626E-8+1.2784498613567733E-16i;1.366905933845475E-7+3.051594354215531E-16i;-1.9474216448030188E-7+8.151595544781201E-17i;1.7676926616129402E-7+1.8081002692066283E-15i
1.0424267581523639E-7+5.666655318669143E-12i;2.0110320962057386E-7+2.0925215891368816E-11i;-1.2405687830518938E-7+1.3662154547882518E-10i;-5.1517926442334596E-8-3.067399305291175E-11i;2.3707988383192665E-7-2.4457861325267094E-10i;1.005767043256006E-7-5.192654404795166E-12i;-1.5340802127971915E-7;5.305557154713431E-8+1.0752198449287803E-17i;7.354613715276854E-8;-1.7739646358452835E-7-2.976854572057599E-17i;-1.3826798592656807E-7;-8.830500163071522E-8-3.027181520566516E-17i;-1.0416433733130482E-7-3.6649832165095316E-17i;6.1836228891024E-8+3.18276937391216E-17i;4.3069383657351764E-8-1.7408232872661216E-17i;9.640812302221895E-9-5.024308912559312E-17i;-1.1130478647596692E-7-2.18135007036342E-17i;-2.0498440441990373E-7+2.510220254397562E-16i;1.2406895141704033E-7-6.570528319438548E-17i;2.0778328053767554E-7-7.652205434955853E-16i;-4.615295775913957E-8-5.614328158177908E-17i;9.863172718372301E-9+1.4996576249906907E-16i;1.5641998514452422E-7+3.720054479819934E-16i;-2.2490437567771648E-7+8.530688533754413E-17i;1.801713103721062E-7+1.8686146268353537E-15i
1.2616378017813226E-7+8.198777427631917E-12i;1.8912776364692058E-7+3.5947132231884357E-11i;-1.387481712067906E-7+1.484489257115079E-10i;-7.364882698545595E-8-3.3357919865758483E-11i;2.354936817677223E-7-2.633432258016866E-10i;1.1711557105796505E-7-1.4204357130645709E-11i;-1.584253262340346E-7;6.802918692297875E-8+1.3224938150547609E-17i;9.406568482165629E-8;-1.8566054957667082E-7-3.2611265697109074E-17i;-8.242281566475414E-8;-6.687697210941225E-8-2.1843076618458777E-17i;-1.3285927264021502E-7-3.3988225760137966E-17i;3.154634458678197E-8+1.477366734735301E-17i;2.313226244719261E-8-1.1004440549753937E-17i;8.025523721408446E-9-4.022478387498635E-17i;-4.7665300175584345E-8-1.7090697202007724E-17i;-2.0085662981998844E-7+2.5091654069983453E-16i;1.298794497586814E-7-6.980995131397803E-17i;2.012933331512037E-7-6.883172188935005E-16i;-7.071948735855568E-8-5.514716914368437E-17i;2.3944133111460536E-9+1.375072205382551E-16i;1.4770538930254198E-7+3.575391629638582E-16i;-2.1673747963861767E-7+9.090220067900666E-17i;1.8346792098884547E-7+1.8725376415093014E-15i
1.4808488452811985E-7+1.073089953755978E-11i;1.7715231764758693E-7+5.0969048570751165E-11i;-1.534394641072782E-7+1.6027630593671455E-10i;-9.577972753672882E-8-3.604184668272379E-11i;2.3390747973142922E-7-2.821078383740135E-10i;1.3365443778628426E-7-2.3216059846554376E-11i;-1.647164541183839E-7;8.289689405261388E-8+1.5358545185216968E-17i;1.1433698199715949E-7;-1.959502417873325E-7-3.605802944657695E-17i;-1.688701714515753E-8+4.113765382745626E-18i;-4.1995196596062024E-8-1.2207656059032705E-17i;-1.609981222317873E-7-3.058840089880663E-17i;-3.3049348596028096E-9-7.590308802226544E-18i;1.690685913374702E-10-2.151604439682325E-18i;3.904482618283446E-9-2.86815965117245E-17i;2.4547237174396322E-8-7.060998915268184E-18i;-1.6212796641962924E-7+2.263224960879178E-16i;1.1942628214306274E-7-8.036351589580693E-17i;1.9449555534346635E-7-6.99994499604432E-16i;-1.0128283790164431E-7-4.4992362784333615E-17i;-6.145338593066983E-9+9.731876830175843E-17i;1.1036826912531159E-7+2.7803296983399533E-16i;-1.7074664320716278E-7+8.981778840373202E-17i;1.8625838471245293E-7+1.810593070987961E-15i
1.7000598886192747E-7+1.3263021647144245E-11i;1.6517687162751597E-7+6.599096491067263E-11i;-1.6813075701304976E-7+1.7210368615958087E-10i;-1.1791062809946193E-7-3.8725773501239464E-11i;2.323212777185447E-7-3.008724509633649E-10i;1.5019330450615191E-7-3.222776255107219E-11i;-1.723024026770154E-7;9.7672265514405E-8+1.7718945179894134E-17i;1.344497846954602E-7;-2.0831084747488115E-7-4.064361138600024E-17i;5.597227339769984E-8+6.62031062845727E-18i;-1.4702438422355673E-8-3.842013668398903E-18i;-1.8877131579041416E-7-2.7561597907396944E-17i;-4.118962359100555E-8-3.1182089459198695E-17i;-2.4824789569732507E-8+6.601095628541441E-18i;-2.5659294945352246E-9-1.422229580386294E-17i;1.0175854506219414E-7;-9.228888040729802E-8+1.956820382582327E-16i;9.44545342204468E-8-9.42049343871572E-17i;1.8831818171321453E-7-7.95369698620018E-16i;-1.3710949244069115E-7-3.165871003268209E-17i;-1.533093785627826E-8+2.812621559310313E-17i;4.8119343877537074E-8+1.4688666173092322E-16i;-9.291200960223453E-8+9.868444891038582E-17i;1.8866238771218247E-7+1.680604986081506E-15i
1.919270931759346E-7+1.5795143754445055E-11i;1.532014255927573E-7+8.10128812531625E-11i;-1.8282204993076706E-7+1.8393106638621785E-10i;-1.4004152867743253E-7-4.140970031822418E-11i;2.3073507572373715E-7-3.1963706356327046E-10i;1.6673217121326865E-7-4.123946524356717E-11i;-1.812166080843649E-7;1.1239156241241008E-7+1.9988215567333165E-17i;1.54595182990294E-7;-2.2287339741257048E-7-4.536430889969943E-17i;1.337696274601947E-7;1.3962205526842107E-8+7.73406056477636E-18i;-2.1662962549669797E-7-2.5169687606714526E-17i;-8.073660125503524E-8-3.6845661228823974E-17i;-5.096192815501251E-8+9.146254228534708E-18i;-1.0990906310404679E-8-8.70904222620357E-18i;1.8100813645456E-7+2.1840007425250486E-17i;1.6261517259072492E-9+1.1749691676825506E-16i;5.8480379470893035E-8-9.156949287199158E-17i;1.8398585038642448E-7-9.588915200590159E-16i;-1.7721462170432856E-7-2.404337212599471E-17i;-2.4801738806782043E-8-8.521815721317684E-17i;-3.248475974628297E-8-1.6702986606395753E-17i;6.954486508715243E-9+1.1493324393452737E-16i;1.9161976644146424E-7+1.5696352322219335E-15i
2.138481974658951E-7+1.8327265856438635E-11i;1.4122597955018067E-7+9.603479760019971E-11i;-1.9751334286721028E-7+1.9575844662257594E-10i;-1.621724292750654E-7-4.409362713061519E-11i;2.291488737412082E-7-3.384016761666991E-10i;1.8327103790353126E-7-5.025116792307129E-11i;-1.9150978432903038E-7;1.2711833824117862E-7+2.2432406224071757E-17i;1.7509803475052788E-7;-2.3990310399482077E-7-5.0135413338142217E-17i;2.1432195016188518E-7;4.3064052126860096E-8+1.9103040143292235E-17i;-2.4540718208073285E-7;-1.2096848930121286E-7-5.624237121962959E-17i;-7.763013182733464E-8+1.8349102506472918E-17i;-2.0838353096429547E-8+3.4558000461602488E-18i;2.6072890333851187E-7+2.7891407413944564E-17i;1.1068103187520532E-7+2.930772762057466E-17i;1.61011803833572E-8-1.0922369714107966E-16i;1.8316570568713687E-7-1.1789693175694722E-15i;-2.2116313479619704E-7;-3.4398667437963294E-8-1.9826039848100252E-16i;-1.2385838833170448E-7-2.2287545394133113E-16i;1.1801804899881262E-7+1.1842398610341365E-16i;1.9727610135279258E-7+1.44644493536246E-15i
2.3576930173095995E-7+2.0859387952851172E-11i;1.2925053350405753E-7+1.1105671395355798E-10i;-2.122046358233533E-7+2.0758582686820441E-10i;-1.8430332989347678E-7-4.6777553936867335E-11i;2.275626717673254E-7-3.5716628876881697E-10i;1.9980990457733992E-7-5.926287058959585E-11i;-2.0325585904199102E-7;1.4194833211512634E-7+2.4691665739948663E-17i;1.964574518110597E-7;-2.59862184784621E-7-5.483356388337947E-17i;2.9588332096625093E-7;7.187790391703922E-8+3.3495230815469434E-17i;-2.7649544023836677E-7;-1.6157176038379978E-7-7.08442663431574E-17i;-1.0469134543469597E-7+2.795372778539662E-17i;-3.1583651385905674E-8+2.1833855630400068E-17i;3.4175208400834443E-7+3.805750670131529E-17i;2.2623793243934308E-7-6.931769053474913E-17i;-2.7889314814172592E-8-1.2336580340777628E-16i;1.882623874250629E-7-1.4354718379595406E-15i;-2.7030906694059726E-7;-4.437523643541142E-8-3.2820566322256366E-16i;-2.198448043602652E-7-4.441872487654856E-16i;2.3223843293282812E-7+1.3285613528307875E-16i;2.09671047036548E-7+1.3881717122515876E-15i
-1.8767702069966058E-7-2.6681056799568833E-11i;3.600022608814941E-7-1.7670693088619077E-10i;5.2319962025290236E-8-2.9039748770266795E-12i;2.4541183516432435E-7+4.410998268462052E-12i;2.626800125638486E-7-3.4772529322238713E-12i;-1.0197069896437537E-7+1.0768644415429009E-10i;-1.7352401093858596E-7;-1.683827791577926E-7-1.934747359963846E-17i;-1.578290786617571E-7-3.377691654227764E-17i;-2.837992978040706E-7-4.615409448907904E-17i;3.061783653815152E-7;9.218653664569998E-8+3.1103811766893164E-17i;2.930233104732494E-7+5.684864637342467E-17i;-9.073730843231155E-8-4.5383223613958696E-17i;-1.1963469053249964E-7;1.3852215696964032E-7+4.023835082940279E-17i;3.4948354995798154E-7+5.1907310295016845E-17i;-2.0712217288330714E-7+2.5399664624725466E-16i;6.521720173446057E-8-4.8967123475650784E-17i;1.25861323000253E-7-5.7343575010405675E-16i;2.1194033247861808E-7;-1.44739218848537E-7+4.3069725306535105E-16i;1.9137905652202124E-7+6.690353306306348E-16i;-2.554390912529969E-7+1.0740151910722393E-16i;2.62275671454373E-7+2.6336097091638897E-15i
-1.6575591628635739E-7-2.4148934849774034E-11i;3.480268156418472E-7-1.6168501457384408E-10i;3.762866909570495E-8+8.9234055083495E-12i;2.2328093461082248E-7+1.7270716315508843E-12i;2.6109380979502996E-7-2.224186496056851E-11i;-8.543183212767701E-8+9.867474116432691E-11i;-1.622550257523311E-7;-1.508123617557475E-7-1.6809606758805906E-17i;-1.4044549341141655E-7-2.5461072934250524E-17i;-2.610256036131305E-7-4.053427359983436E-17i;2.2389084936087435E-7+2.6466092102456985E-17i;5.77056501258379E-8+2.353115265739918E-17i;2.598087993728342E-7+5.08944335087712E-17i;-6.025881307261177E-8-3.598353432300404E-17i;-9.65445746371341E-8;1.1496774889086382E-7+5.826042113800328E-17i;2.653534150532438E-7+4.515826362491703E-17i;-9.348127605240186E-8+1.2939796942177007E-16i;9.207156320229279E-9-6.683153564405784E-17i;1.2566110082450483E-7-8.404585038916157E-16i;1.6714001492417872E-7;-1.1031188397903466E-7+2.8394927303550673E-16i;1.1334269286661205E-7+4.0843106564626243E-16i;-1.3505574680774218E-7+1.0537521232301766E-16i;2.467849622642496E-7+2.3374441744175122E-15i
-1.4383481187460302E-7-2.161681288734669E-11i;3.360513703427483E-7-1.4666309825472976E-10i;2.293737614995795E-8+2.0750785897434943E-11i;2.0115003405917014E-7-9.56855015755876E-13i;2.595076070805773E-7-4.100647702072609E-11i;-6.889296531484793E-8+8.966303820251175E-11i;-1.523386942421111E-7;-1.3335835996077502E-7-1.484890981031122E-17i;-1.2381068793278301E-7-2.4900935508660562E-17i;-2.414832575414658E-7-3.694429381961551E-17i;1.4274560458759138E-7;2.298335402589626E-8+1.463635844802697E-17i;2.2909499215067342E-7+4.0317118311501296E-17i;-2.9261727958757943E-8+9.961724534368464E-18i;-7.460047977295637E-8-1.0604872894376604E-17i;9.377116992754147E-8+5.3686964269542536E-17i;1.8239261486652613E-7+4.339395942434151E-17i;1.3948861185102735E-8+1.7239667490813473E-17i;-4.4334671785798584E-8-3.497455173337521E-17i;1.2961084098358107E-7-1.147320291520395E-15i;1.264159226790918E-7;-7.653402827783306E-8+9.934131325532428E-17i;3.9276565058522385E-8+2.0099454652166909E-16i;-1.826082202342785E-8+1.3342572327174303E-16i;2.398181072420076E-7+2.1735991940190868E-15i
-1.2191370746715808E-7-1.9084690910343645E-11i;3.240759249767396E-7-1.3164118192817445E-10i;8.246083182676138E-9+3.257816629394794E-11i;1.7901913350727403E-7-3.640781674980053E-12i;2.5792140442727437E-7-5.977108911677388E-11i;-5.2354098531605016E-8+8.06513352727205E-11i;-1.437201827254352E-7;-1.1590762429106648E-7-1.2550189268841751E-17i;-1.0752300826764873E-7-1.6019880897451596E-17i;-2.2468899885532884E-7-3.164093946277351E-17i;6.446156516098668E-8+1.128187905467617E-17i;-1.1149587800510063E-8+8.690749417959356E-18i;1.994192246224131E-7+3.5485629739938835E-17i;1.748195890045078E-9+1.464696094428972E-17i;-5.3635444169170287E-8;7.457359608056552E-8+7.715689652554127E-17i;9.98066346611949E-8+3.098557091896912E-17i;1.0628026326415275E-7-9.645237503241252E-17i;-9.008504026303162E-8-6.083657876864259E-17i;1.3595465485043198E-7-1.402886177941681E-15i;8.95515305155747E-8+1.0312722784548376E-17i;-4.254519231080617E-8-2.7073123153947226E-17i;-2.6182508694624564E-8-3.590830288283295E-17i;8.682813552155503E-8+1.2876649093780251E-16i;2.3640141689593748E-7+2.007863838021815E-15i
-9.999260306424352E-8-1.6552568921696838E-11i;3.1210047955568727E-7-1.166192655951518E-10i;-6.445209800294891E-9+4.440554669283677E-11i;1.5688823295428785E-7-6.324708343233E-12i;2.5633520182420365E-7-7.853570124127379E-11i;-3.5815231771333326E-8+7.163963236981328E-11i;-1.3636380775525947E-7;-9.83850217575938E-8-1.0791930397798708E-17i;-9.131977505508789E-8-1.757191548795668E-17i;-2.1037549648440152E-7-2.900597185214473E-17i;-8.795839401149197E-9+1.0236608673594637E-18i;-4.3606448586089854E-8;1.6990568753660124E-7+2.2037016950229425E-17i;3.180569204799936E-8+5.728147356269169E-17i;-3.393546311668039E-8-1.7076299603919422E-17i;5.7438657639138884E-8+5.262899415316326E-17i;1.9276627686450513E-8+2.1855022337974375E-17i;1.7443516697578548E-7-1.5755628645774464E-16i;-1.2277682140347734E-7-2.99301136016964E-17i;1.4339246832622836E-7-1.6371937477131504E-15i;5.770957106515992E-8;-8.973999156718222E-9-1.61633947094146E-16i;-7.713660857092556E-8-1.8188162199991683E-16i;1.6905850637390982E-7+1.5142913011752863E-16i;2.3389212781699782E-7+1.920575998280652E-15i
-7.80714986661882E-8-1.4020446924113262E-11i;3.0012503408904546E-7-1.0159734925507598E-10i;-2.1136502793442075E-8+5.6232927089938694E-11i;1.3475733239952173E-7-9.008635018829158E-12i;2.547489992628169E-7-9.73003133890942E-11i;-1.9276365028135834E-8+6.262792948989536E-11i;-1.30248009910886E-7;-8.07479087616918E-8-8.42168688234047E-18i;-7.504415394597552E-8-8.259681958575774E-18i;-1.98421184960743E-7-2.678383600588117E-17i;-7.465281915582305E-8;-7.317091616425328E-8-1.1647602609138328E-17i;1.400795465799352E-7+1.6699843406184123E-17i;5.967439491349896E-8+5.2610653379885765E-17i;-1.6051024348455663E-8-4.898026003722565E-18i;4.253794322969702E-8+6.618961366856017E-17i;-5.6076906361525874E-8+1.469352605667978E-17i;2.113068720286549E-7-1.8946502555209255E-16i;-1.3832453529771204E-7-5.672417201214161E-17i;1.509263813510588E-7-1.752245166081404E-15i;3.231611564103483E-8+9.591693243257503E-18i;2.2763849685409204E-8-2.1818714991622013E-16i;-1.0843428455739067E-7-3.2136680875735324E-16i;2.182713347265319E-7+1.4748067606026525E-16i;2.3110759769984853E-7+1.8079179009608255E-15i
-5.615039427354256E-8-1.1488324918522582E-11i;2.881495885829143E-7-8.657543290898065E-11i;-3.5827795791938125E-8+6.806030748162141E-11i;1.1262643184240731E-7-1.1692561701185999E-11i;2.5316279673789413E-7-1.1606492555778354E-10i;-2.737498297213504E-9+5.361622662998777E-11i;-1.2536100417800556E-7;-6.298070473675578E-8;-5.8618643679337774E-8-9.00039183120392E-18i;-1.887963967798653E-7-2.504093848723473E-17i;-1.307498030551626E-7;-9.861765739439739E-8-2.48668792158819E-17i;1.0973605737531676E-7;8.402318037347476E-8+5.863080451284318E-17i;-6.494601471881848E-10-1.1343792438317234E-17i;2.99469871580224E-8+2.4081942633304285E-17i;-1.225014384134381E-7;2.1337972385580585E-7-1.695079006345057E-16i;-1.3468470337389302E-7-7.053730181268852E-17i;1.5778472165531752E-7-1.7941435922519168E-15i;1.4304418636784278E-8+5.139541704307417E-18i;5.093856365147258E-8-2.3531927317963895E-16i;-1.1714551607484398E-7-3.525736725810201E-16i;2.2825417178756778E-7+1.4894627346644894E-16i;2.278404042254819E-7+1.7422641179742136E-15i
-3.422928988688921E-8-8.956202905825303E-12i;2.761741430406221E-7-7.155351655837332E-11i;-5.0519088791367575E-8+7.988768786387962E-11i;9.049553128251541E-8-1.4376488390433327E-11i;2.5157659424674976E-7-1.3482953774676054E-10i;1.3801368425511275E-8+4.460452378786909E-11i;-1.2169734762649283E-7;-4.508976877265577E-8;-4.202420414661514E-8-4.472604106309954E-18i;-1.8152197522267537E-7-2.3598047385415776E-17i;-1.7494339636711235E-7;-1.1882341389804211E-7-3.272616210489812E-17i;7.885024587557839E-8;1.0358400480573644E-7+5.028320418914425E-17i;1.1602455814198095E-8-6.066189002770449E-18i;1.9532998466385357E-8+7.278524936866495E-18i;-1.7625365065332076E-7;1.8161114854907005E-7-1.3468148015480592E-16i;-1.1233060361126494E-7-8.948929116096498E-17i;1.6338579648633935E-7-1.7054695559829092E-15i;3.6820159251446317E-9+1.2152248058313457E-17i;7.383835156302357E-8-2.1149491320695125E-16i;-1.0340124537966755E-7-3.5287439097407426E-16i;1.9847514736940426E-7+1.3613027533098265E-16i;2.2449337931748245E-7+1.7216829831915567E-15i
-1.230818550685245E-8-6.4240808862656005E-12i;2.641986974632646E-7-5.653160020486507E-11i;-6.521038178760368E-8+9.171506823319578E-11i;6.836463071953548E-8-1.706041508704497E-11i;2.4999039178881724E-7-1.5359414995818818E-10i;3.034023514359377E-8+3.559282096169283E-11i;-1.1925522680250232E-7;-2.7098241082887256E-8;-2.5282029079069818E-8;-1.7663845336921126E-7-2.293737433033425E-17i;-2.0546352950162017E-7;-1.328554110323605E-7-3.624168419238666E-17i;4.750876494732363E-8-1.2511942569939921E-17i;1.1727849935216534E-7+6.024021093747908E-17i;2.0126084337880226E-8-7.274787771165998E-18i;1.0912393483392834E-8+2.1255702833614226E-18i;-2.1408766221130848E-7;1.2154585448071004E-7-8.546665872656881E-17i;-7.430443538298964E-8-7.952968545470285E-17i;1.6731588691496234E-7-1.5173652191135577E-15i;-6.28251235580771E-10+9.391776133560678E-18i;9.000212380631631E-8-1.8778775150442372E-16i;-7.060353851280646E-8-3.033915091325481E-16i;1.3456778557335788E-7+1.2362159696207295E-16i;2.217491600439633E-7+1.7877775483249948E-15i
9.612918865452703E-9-3.8919588600785564E-12i;2.522232518496873E-7-4.150968384915487E-11i;-7.990167477789898E-8+1.0354244858710302E-10i;4.623373015291145E-8-1.974434179189559E-11i;2.4840418936581074E-7-1.7235876219402153E-10i;4.687910185914041E-8+2.6581118150255803E-11i;-1.1803409850721554E-7;-9.041599777739548E-9+1.6262616257083181E-18i;-8.441552366410243E-9+3.786480856299291E-18i;-1.7418601988445077E-7-2.334665016395768E-17i;-2.2104947061784417E-7;-1.4004577776882096E-7-4.0986209221428016E-17i;1.5871447306037167E-8-1.871892157838357E-17i;1.243289733628846E-7+3.710135888222399E-17i;2.4494697854885424E-8;3.4762893256759637E-9-1.3806681564740968E-17i;-2.3362346134806572E-7-3.050779132402805E-17i;4.2709178882995755E-8-7.663312361697321E-18i;-2.5872657276368324E-8-1.0341431455370761E-16i;1.6930214253598032E-7-1.2678281882641734E-15i;-6.905244657666216E-10+1.1008829645275954E-17i;9.837244502421898E-8-1.0385955283105784E-16i;-2.505767321934411E-8-2.168530595492475E-16i;4.7673475553627857E-8+9.346450262316185E-17i;2.2027149727566415E-7+1.8409216240972907E-15i
3.153402322876668E-8-1.3598368271531945E-12i;2.402478061980591E-7-2.648776749323837E-11i;-9.459296775995519E-8+1.1536982892356829E-10i;2.4102829582084875E-8-2.242826850581633E-11i;2.4681798698057027E-7-1.9112337445795048E-10i;6.341796857389302E-8+1.756941535288518E-11i;-1.1803453755627754E-7;9.037388755210491E-9+3.8447673878015486E-18i;8.432073193845327E-9+2.0836160742631897E-18i;-1.741876816110897E-7-2.454050771366313E-17i;-2.210492545830745E-7;-1.4004337697921945E-7-4.461454639051358E-17i;-1.5864295872794637E-8-2.7878190166454707E-17i;1.243314326941986E-7+3.9920099717739495E-17i;2.4498577094647042E-8-8.767455059874034E-18i;-3.5420796327583393E-9-4.75896622738275E-17i;-2.336137739627118E-7-3.6954039322269056E-17i;-4.2715112640069875E-8+8.033161708870646E-17i;2.6204653762810172E-8-8.989768759481441E-17i;1.6923518318994528E-7-1.0048705565882348E-15i;7.535614629295218E-10-6.153342773399869E-18i;9.836305804004375E-8-3.6918150156495475E-17i;2.498592004651237E-8-7.899462010395368E-17i;-4.732432047143115E-8+9.056169061197602E-17i;2.2042681797524564E-7+1.9641112298790196E-15i
5.3455127582230895E-8+1.1722852126726062E-12i;2.282723605071006E-7-1.1465851137601648E-11i;-1.0928426073232956E-7+1.2719720924160578E-10i;1.9719290066873395E-9-2.5112195229553394E-11i;2.4523178463503E-7-2.0988798675329914E-10i;7.995683528896627E-8+8.557712569211175E-12i;-1.1925631527590033E-7;2.7094045885345987E-8+6.075005706968602E-18i;2.5272869343366592E-8;-1.7664270682928135E-7-2.630793039745344E-17i;-2.0546175919771183E-7;-1.3285248921513234E-7-4.469547076001201E-17i;-4.7502630476964484E-8-3.561193203165453E-17i;1.1728141070344515E-7+4.2694202899297575E-17i;2.012828757155839E-8-1.771070739432529E-17i;-1.097273234392374E-8-7.428547737735325E-17i;-2.1406379221395615E-7-4.1980185546735985E-17i;-1.2156670162281495E-7+1.627936688950047E-16i;7.463380476318703E-8-6.773101908190454E-17i;1.6711503336951424E-7-7.446892993823916E-16i;6.866026597730183E-10-2.4844895628956754E-17i;9.00083548736479E-8+2.7089711522851915E-17i;7.056350941948691E-8+6.793718092031572E-17i;-1.342257291550241E-7+9.458246536433193E-17i;2.2219576419412391E-7+2.0965952773714467E-15i
7.5376231926144E-8+3.704407258920248E-12i;2.162969147772851E-7+3.5560652164953416E-12i;-1.2397555369299986E-7+1.3902458953986665E-10i;-2.0158971572846238E-8-2.7796121963162766E-11i;2.4364558232937496E-7-2.2865259908120227E-10i;9.649570200631194E-8-4.539902026226756E-13i;-1.216993959987715E-7;4.5085495232725954E-8+8.44203614840199E-18i;4.201465172765371E-8;-1.8152631947278822E-7-2.829449091526252E-17i;-1.749426608912642E-7;-1.1882516830730789E-7-3.975641166631971E-17i;-7.884364457811249E-8-3.802033015202636E-17i;1.0358096147609697E-7+4.404673536477698E-17i;1.1601352635583995E-8-2.0355257938526464E-17i;-1.9583964629496484E-8-7.735252817180445E-17i;-1.7622438889841895E-7-3.7279643744969084E-17i;-1.8162464872819034E-7+2.1795804690482067E-16i;1.1264831105102977E-7-4.758410586177883E-17i;1.630812850019056E-7-5.176532274136518E-16i;-3.6322447958883583E-9-3.867299079993356E-17i;7.387641164743366E-8+6.607111509113794E-17i;1.0336624696071636E-7+1.7399216142936315E-16i;-1.9810517135832384E-7+1.014891835443935E-16i;2.2514011645550617E-7+2.222425677867499E-15i
9.72973362595205E-8+6.236529310693491E-12i;2.0432146900962815E-7+1.8577981568213963E-11i;-1.3866684664218634E-7+1.5085196981957933E-10i;-4.228987215726072E-8-3.0480048706142876E-11i;2.4205938006322107E-7-2.47417211442976E-10i;1.1303456872605826E-7-9.465692963555197E-12i;-1.2536395152412624E-7;6.297647544314858E-8+1.0994192354645865E-17i;5.860918036651246E-8;-1.8880109901749E-7-3.0679566891393335E-17i;-1.30749970154414E-7;-9.862380365192969E-8-3.1923324852169323E-17i;-1.0973147668465425E-7-3.7223126297667495E-17i;8.40156306433232E-8+3.72988837568305E-17i;-6.543530728824491E-10-2.0026423285026674E-17i;-2.9986674204096563E-8-7.570795238389079E-17i;-1.224689253582669E-7-3.2682454656677784E-17i;-2.1338857741146855E-7+2.43946123457614E-16i;1.3499301593269842E-7-3.633982752514162E-17i;1.5741728837130504E-7-3.6021876885110445E-16i;-1.426764831127588E-8-4.7311715761182745E-17i;5.100226349589947E-8+8.810637872316691E-17i;1.1711816867910266E-7+2.3797808204533383E-16i;-2.278675906522724E-7+1.0572689488979883E-16i;2.2858078032411776E-7+2.287313338481673E-15i
1.1921844057980108E-7+8.7686513659826E-12i;1.92346023207326E-7+3.359989791726206E-11i;-1.5335813958574874E-7+1.626793500868365E-10i;-6.442077274913327E-8-3.316397545630198E-11i;2.4047317783376737E-7-2.661818238364812E-10i;1.2957343544391126E-7-1.8477395713178286E-11i;-1.3025181778670866E-7;8.074368216915254E-8+1.3469705141272903E-17i;7.503476917920419E-8;-1.984264130939413E-7-3.3887561804098084E-17i;-7.465383685059864E-8;-7.318088997407078E-8-2.1893792827838757E-17i;-1.400771111348815E-7-3.409730281334704E-17i;5.966396674795663E-8+2.9154292696760664E-17i;-1.605896287056366E-8-1.5615845532440415E-17i;-4.256258405458858E-8-6.346927648832704E-17i;-5.604515368820977E-8-2.2953132792706764E-17i;-2.113097227079561E-7+2.401074591959153E-16i;1.3862126537985636E-7-2.5448910751733218E-17i;1.5054695114503466E-7-2.9172111341788816E-16i;-3.2296569121036534E-8-4.667677459557463E-17i;2.2846364477555983E-8+8.208423207071474E-17i;1.0841981165865863E-7+2.499118145665889E-16i;-2.1787472575652405E-7+1.1560721110637377E-16i;2.3181363749462708E-7+2.302710567283646E-15i
1.4113954488431208E-7+1.130077342287863E-11i;1.8037057737551625E-7+4.862181426549154E-11i;-1.6804943253036902E-7+1.745067303476942E-10i;-8.655167335135129E-8-3.584790221118821E-11i;2.3888697563624464E-7-2.8494643625571236E-10i;1.4611230215523026E-7-2.7489098450747834E-11i;-1.3636845155311399E-7;9.83807447118198E-8+1.5935665916431048E-17i;9.13103674717863E-8;-2.1038129694246786E-7-3.769071996128046E-17i;-8.797417595198523E-9+1.3430554680076809E-18i;-4.3619952533963416E-8-1.1275411918254225E-17i;-1.6990522660605733E-7-3.077806681034715E-17i;3.179300515464165E-8+1.466340985279144E-17i;-3.394624437781148E-8-8.68947516944732E-18i;-5.744509046985031E-8-5.333918193748459E-17i;1.930441156722071E-8-1.2223378305060465E-17i;-1.744305175479685E-7+2.1747064780425556E-16i;1.230609115239277E-7-3.0779287341071987E-17i;1.4305375717545353E-7-3.2894502475435134E-16i;-5.771051056497173E-8-4.191420438180241E-17i;-8.877937342294579E-9+5.645048468514857E-17i;7.713820372722093E-8+2.1849249543345961E-16i;-1.686590921509878E-7+1.2826251506089957E-16i;2.3443723306950866E-7+2.2510609200993454E-15i
1.6306064917010143E-7+1.3832895479956822E-11i;1.6839513152053146E-7+6.364373061534195E-11i;-1.8274072548266975E-7+1.8633411060796118E-10i;-1.08682573967115E-7-3.853182896783778E-11i;2.3730077346473986E-7-3.0371104869354427E-10i;1.6265116885565693E-7-3.6500801174979015E-11i;-1.4372563665045455E-7;1.1590325607992924E-7+1.8549751255930082E-17i;1.075134628337099E-7;-2.2469536616434363E-7-4.1938508900987035E-17i;6.44596098053386E-8;-1.1166583031177661E-8;-1.9942068410816623E-7-2.795333558267827E-17i;1.7334222160749953E-9-3.5963883672465755E-18i;-5.36492102833545E-8;-7.456003742715947E-8-4.8155178882770685E-17i;9.982820365133151E-8;-1.0626636018032176E-7+1.7143890827716947E-16i;9.035672612896993E-8-4.2328182828244434E-17i;1.3570359911849952E-7-4.638816296306579E-16i;-8.957497549670696E-8-3.659246012537313E-17i;-4.244011491249429E-8+1.7491013099018556E-17i;2.620097706626092E-8+1.4653614566545327E-16i;-8.643149280826969E-8+1.3832882913551656E-16i;2.3667837060746645E-7+2.1358173351848236E-15i
1.849817534339918E-7+1.6365017534731146E-11i;1.5641968564977882E-7+7.866564696820539E-11i;-1.9743201844923287E-7+1.9816149087363356E-10i;-1.308134745999718E-7-4.1215755722809534E-11i;2.3571457131256609E-7-3.2247566114247075E-10i;1.7919003554120895E-7-4.551250388562189E-11i;-1.5234494137489202E-7;1.3335385623280232E-7+2.068792572517325E-17i;1.2380089885404033E-7;-2.4149018404037134E-7-4.723459537797559E-17i;1.4274335492883016E-7;2.296279067734279E-8+1.1650935939646734E-17i;-2.2909838243688804E-7-2.549105923719619E-17i;-2.9278609803734438E-8-1.2614964745022805E-17i;-7.461739546375868E-8;-9.373683530511941E-8-4.7797291311543306E-17i;1.8240650108221565E-7;-1.3924165097317138E-8+9.212335317202156E-17i;4.459595213154001E-8-4.322894673513436E-17i;1.2948330563059368E-7-6.785829783457699E-16i;-1.264629529614221E-7-2.803929470650235E-17i;-7.642333973600357E-8-5.351292184276211E-17i;-3.924139395261197E-8+4.0443654475502764E-17i;1.8652049258382066E-8+1.527371181526951E-16i;2.3975244064076255E-7+2.010172401270105E-15i
2.0690285767220283E-7+1.889713958445265E-11i;1.4444423977141462E-7+9.368756332579267E-11i;-2.1212331143660222E-7+2.0998887115011104E-10i;-1.5294437525403278E-7-4.389968247253316E-11i;2.3412836917254872E-7-3.4124027359437047E-10i;1.9572890220815994E-7-5.452420658207987E-11i;-1.6226206099660444E-7;1.5080766363709525E-7+2.321826538417152E-17i;1.4043535553786083E-7;-2.610330950975706E-7-5.276508362104284E-17i;2.2388834338376508E-7;5.7681354042837486E-8+2.3811632901137774E-17i;-2.598141108048059E-7;-6.027797140226565E-8-3.1495307474517926E-17i;-9.656481600546392E-8+1.2327745411151072E-17i;-1.1491240005638E-7-3.380372334512078E-17i;2.6535882468286204E-7;9.351791440456322E-8;-8.951730036338181E-9-6.139190666900972E-17i;1.2567857270548207E-7-9.383280361207972E-16i;-1.6721109263595664E-7;-1.1019682171850266E-7-1.24738543791844E-16i;-1.1329128764584188E-7-9.62370106579825E-17i;1.3544437227114084E-7+1.6181328622401725E-16i;2.463384266459782E-7+1.8696919819016015E-15i
2.2882396188453089E-7+2.142926162787181E-11i;1.3246879389088105E-7+1.0870947968996442E-10i;-2.2681460444526648E-7+2.2181625143765527E-10i;-1.7507527592994627E-7-4.658360921543147E-11i;2.325421670397978E-7-3.600048860431377E-10i;2.1226776885749096E-7-6.35359092654143E-11i;-1.7353183902269013E-7;1.6837781972424293E-7+2.573228687056151E-17i;1.5781847162505807E-7;-2.8380738875495586E-7-5.835343584009635E-17i;3.061756038514831E-7;9.215823594235764E-8+3.8467211132415946E-17i;-2.9303051292276053E-7;-9.075905814123098E-8-5.816107727345555E-17i;-1.1965853130140867E-7+2.6766841539386628E-17i;-1.3844563229418337E-7-1.7587054065497148E-17i;3.4948034667886383E-7+3.8015584646955174E-17i;2.0717163622641866E-7-9.97807474228767E-17i;-6.495949239857639E-8-9.380851137142838E-17i;1.2603054562001739E-7-1.2404375041635082E-15i;-2.1203603206190433E-7;-1.4461790507104992E-7-2.0017287072116013E-16i;-1.9131139483457464E-7-2.5203238498313454E-16i;2.5583729441787404E-7+1.7015026926382503E-16i;2.6143624605300423E-7+1.7990826210118296E-15i
-1.9462235990435938E-7-2.6111182063803095E-11i;3.6322051776440495E-7-1.7905416528804906E-10i;3.770999406080963E-8+1.1326449123818307E-11i;2.546398899189754E-7+4.6049417684037736E-12i;2.676595112063428E-7-6.3158532994054674E-12i;-8.951283457891386E-8+1.0341340605511043E-10i;-1.3937158211770137E-7;-1.937920118278669E-7-2.270149029035019E-17i;-1.1445798897211499E-7-2.5190611882000518E-17i;-2.9462515504824375E-7-4.967781593194359E-17i;3.168628373242569E-7;1.1480707778627213E-7+4.396433574206587E-17i;2.921318268699713E-7+6.668862245895062E-17i;-2.046965980945501E-8-3.102781856385327E-17i;-1.273211770747143E-7;2.3288189761538024E-7+1.2359458642715256E-16i;3.326155502460638E-7+5.612913429564606E-17i;-1.9305909884367348E-7+1.9640256297662123E-16i;1.1088294038366661E-7;4.0152877910061E-8+3.235815441127952E-16i;1.2647489999567575E-7;-2.2762380678994905E-7+3.9253647869256216E-16i;1.5253450582790434E-7+6.011385712176997E-16i;-2.6349525610575857E-7+9.769891134185736E-17i;2.492217682626527E-7+2.5794031162947257E-15i
-1.7270125551064882E-7-2.3579060173050053E-11i;3.512450727319782E-7-1.6403224897530008E-10i;2.3018701117433184E-8+2.3153829526692772E-11i;2.3250898933599004E-7+1.9210151960131804E-12i;2.6607330824062717E-7-2.5080465159801913E-11i;-7.297396772496449E-8+9.440170301784059E-11i;-1.2863138886953148E-7;-1.7359979758578572E-7-1.998744492134103E-17i;-1.0150872288042374E-7-1.92965463057945E-17i;-2.6957252051245036E-7-4.3654285738252085E-17i;2.3378556108268997E-7+2.5283605868828036E-17i;7.475540354397737E-8+2.973163694322961E-17i;2.5859498786425527E-7+5.515014662992325E-17i;-7.868501751195641E-10-4.083519016337468E-17i;-1.0912880496060028E-7+1.3251229238861419E-17i;1.9774443481948112E-7+1.0578529139611213E-16i;2.509383916348156E-7+4.0886898851744027E-17i;-8.069799677242008E-8+9.644005914695864E-17i;4.2071863163570235E-8-4.5851491544397514E-17i;4.584283871174115E-8-8.569446944790467E-17i;8.967480047649717E-8;-1.726158097090108E-7+2.8352210295759655E-16i;9.528075460881688E-8+3.9906843001785545E-16i;-1.447677880773966E-7+9.12906122482918E-17i;2.3631747936983997E-7+2.2690511007454257E-15i
-1.5078015111863734E-7-2.1046938269414684E-11i;3.392696276397686E-7-1.4901033265540826E-10i;8.327408156462581E-9+3.498120993470316E-11i;2.1037808875469996E-7-7.629113868852152E-13i;2.64487105329366E-7-4.384507705187673E-11i;-5.643510089621283E-8+8.539000000957932E-11i;-1.191325712785608E-7;-1.5353402521223336E-7-1.7026918841590794E-17i;-8.91950910038727E-8-1.3673466234447609E-17i;-2.4792659635431543E-7-3.9280225199307024E-17i;1.51989856704448E-7+2.005058925704485E-17i;3.4553586672932756E-8+1.9225994907149445E-17i;2.2763878292116267E-7+4.656557963394624E-17i;2.0251608610413555E-8-2.267508598835256E-17i;-9.274975476661209E-8+1.1688255487497868E-17i;1.6629260880305426E-7+1.0530632507963472E-16i;1.70191254724063E-7+3.450886847526105E-17i;2.5660067938752597E-8-7.90146147025782E-18i;-2.3280659201347473E-8-5.936267068320347E-17i;5.319436851243301E-8-4.76182359240591E-16i;5.5319913920009756E-8+1.3019005452512551E-17i;-1.1845907468140617E-7+1.507025654564547E-16i;4.114367565332132E-8+2.0167525003680719E-16i;-2.9884787522716884E-8+9.72057612636568E-17i;2.3143305448549802E-7+2.0718177205826975E-15i
-1.2885904673132132E-7-1.8514816351122793E-11i;3.27294182480272E-7-1.339884163276796E-10i;-6.363884828536434E-9+4.680859035204348E-11i;1.8824718817269766E-7-3.446837980944192E-12i;2.6290090247914806E-7-6.260968897792919E-11i;-3.989623409938125E-8+7.637829703430683E-11i;-1.1084108099097334E-7;-1.334639686789029E-7-1.475742133745305E-17i;-7.722485343763954E-8-1.7419188614224733E-17i;-2.2921461799531207E-7-3.502823142586368E-17i;7.316756047763102E-8+7.425880228049949E-18i;-4.882008464177608E-9+6.206260144703031E-18i;1.9782088210550307E-7+3.0822269421325776E-17i;4.197934889324018E-8+3.397855069845022E-17i;-7.774414077680383E-8-1.2806749075574815E-17i;1.3741629043333852E-7+7.008618596884382E-17i;8.968244981692533E-8+2.6430207586335654E-17i;1.1693163802650054E-7-1.0392283851233003E-16i;-7.945139129322223E-8-1.695008499025168E-17i;6.136269340878422E-8-8.465304977932452E-16i;2.461438846977353E-8-1.2362795714155358E-17i;-6.381149519120943E-8-1.4422028155972778E-17i;-6.8162584194972626E-9+5.963622123452677E-17i;7.353367766745718E-8+1.3659049224082022E-16i;2.296239353851678E-7+1.9723997305873274E-15i
-1.069379423491154E-7-1.5982694421271764E-11i;3.153187372653426E-7-1.189664999917422E-10i;-2.1055177832474078E-8+5.863597077448651E-11i;1.6611628758889967E-7-6.130764583824146E-12i;2.613146996789196E-7-8.137430093059487E-11i;-2.335736732856817E-8+6.736659408733611E-11i;-1.0373796003504006E-7;-1.1330335191731091E-7-1.1968386068371819E-17i;-6.540509002760172E-8-1.0344689936766926E-17i;-2.1318937662004308E-7-3.1006822814078205E-17i;-5.334908872146784E-10+6.805543883095203E-18i;-4.23280791293849E-8;1.6827910310780042E-7+2.3810340262648708E-17i;6.347781655543629E-8+3.750977461617222E-17i;-6.407229766984154E-8-7.111598824858906E-18i;1.1078023517542036E-7+6.937033285253287E-17i;1.1107102531341315E-8+1.7588245652409013E-17i;1.8391927702206658E-7-1.6962104744580296E-16i;-1.205793118178648E-7-3.506011872555552E-17i;6.961072625694469E-8-1.113968823068449E-15i;-4.226207327711606E-10-6.2707570710265615E-18i;-9.712446843894984E-9-1.0920002850490073E-16i;-4.4534448034547454E-8-1.1225407304201682E-16i;1.5478846138632045E-7+1.380455091314019E-16i;2.2822525251280953E-7+1.832689118721101E-15i
-8.501683797251244E-8-1.3450572482083675E-11i;3.033432920043872E-7-1.0394458364877102E-10i;-3.574647085023391E-8+7.046335119808911E-11i;1.4398538700237148E-7-8.814691193651E-12i;2.597284969200071E-7-1.0013891290478546E-10i;-6.818500578261682E-9+5.835489116493654E-11i;-9.781501371817643E-8;-9.300340192805763E-8-9.769977959904166E-18i;-5.3617356077336355E-8-9.803712765239117E-18i;-1.9975453603442203E-7-2.828210420520795E-17i;-6.675062368944526E-8;-7.640405324932148E-8-1.7259196480294357E-17i;1.3854310799639425E-7;8.368351836890939E-8+5.58900048741602E-17i;-5.19305459192809E-8-1.5195295582522193E-17i;8.63639841063087E-8+4.1434266035476184E-17i;-6.245659581055929E-8;2.1944973913084904E-7-1.8906860711680622E-16i;-1.4204940157818999E-7-3.5447513145111645E-17i;7.732106994604792E-8-1.2931862450337353E-15i;-1.7877304875622238E-8-1.0675075725881418E-17i;4.152780798736082E-8-1.8531911219156878E-16i;-6.841667806582382E-8-2.1207899499351142E-16i;2.0408049982254194E-7+1.4476871480527421E-16i;2.2607174977678774E-7+1.7462966522590105E-15i
-6.309573360223546E-8-1.0918450534999815E-11i;2.9136784670318427E-7-8.892266729844562E-11i;-5.043776387702527E-8+8.229073161872237E-11i;1.21854486412315E-7-1.1498617809560771E-11i;2.581422941973237E-7-1.1890352489819548E-10i;9.720366156223722E-9+4.934318826444774E-11i;-9.307116407029341E-8;-7.254704163902406E-8-7.560753121860765E-18i;-4.1797163019817205E-8-1.2278733198424977E-17i;-1.8890620673515818E-7-2.6624279312668404E-17i;-1.2313180696481807E-7;-1.0571563457774654E-7-2.9897306236512636E-17i;1.0840403474600072E-7;1.0149518298679695E-7+7.673037357026937E-17i;-4.1634547688760354E-8-2.831662168674254E-17i;6.417039029959505E-8;-1.2732082803722352E-7;2.1998295411178713E-7-1.700004219969403E-16i;-1.415464882007577E-7-2.701366393005731E-17i;8.40051839223415E-8-1.356117244210903E-15i;-2.6611586863037682E-8-2.0436519260903245E-17i;8.7081262826135E-8-2.3906321175397813E-16i;-7.637813058185555E-8-2.548929612494639E-16i;2.1538843807156364E-7+1.5767582357986801E-16i;2.2304227424691755E-7+1.709778581835487E-15i
-4.117462923921477E-8-8.386328580533238E-12i;2.7939240136425714E-7-7.39007509425294E-11i;-6.512905690816737E-8+9.4118112032114E-11i;9.972358581805884E-8-1.4182544431910835E-11i;2.5655609150900854E-7-1.3766813691066202E-10i;2.625923287904091E-8+4.033148538371874E-11i;-8.950891615241984E-8;-5.194273304481785E-8;-2.9918494363431036E-8-8.051900763733989E-18i;-1.8068894175236794E-7-2.451626773181063E-17i;-1.6753757214340226E-7;-1.2898290936226212E-7-3.821268147280809E-17i;7.782311659857376E-8-1.3022571396749182E-17i;1.158838989387509E-7+6.928102304708133E-17i;-3.353256133467923E-8-2.2797785304781113E-17i;4.405853673474937E-8-2.4342606715670124E-17i;-1.7981470053008206E-7-2.2878341591908576E-17i;1.8648384051953903E-7-1.3827787294132936E-16i;-1.1961555490399112E-7-4.497013508539708E-17i;8.929467682656443E-8-1.2690944618858908E-15i;-2.6649487393886502E-8-1.285250356940718E-17i;1.2414984506640913E-7-2.2576069769198327E-16i;-6.848214889436562E-8-2.858276991189354E-16i;1.8818014669625294E-7+1.4656353996785536E-16i;2.1967539565116657E-7+1.6882593718480191E-15i
-1.925352488465279E-8-5.854206619021363E-12i;2.6741695598738664E-7-5.887883458258109E-11i;-7.982034993925673E-8+1.0594549243451277E-10i;7.759268521898766E-8-1.6866471061525152E-11i;2.5496988885603323E-7-1.5643274894550594E-10i;4.27980995937762E-8+3.131978252139699E-11i;-8.713152047058234E-8;-3.121851320569388E-8;-1.798185560314074E-8;-1.7516490592813076E-7-2.2805129290383987E-17i;-1.9819797950493404E-7;-1.4513568366403725E-7-4.0356422950921196E-17i;4.686730120188069E-8-1.6061635155540485E-17i;1.2599516376926955E-7+5.946264054453401E-17i;-2.7934963797975383E-8-1.1130550484512963E-17i;2.5667702998237963E-8-1.6350029118400127E-17i;-2.1676364449754797E-7-2.975741025505931E-17i;1.2453575030000302E-7-9.685480581395982E-17i;-7.972764261722428E-8-5.3559562375175304E-17i;9.292519318328144E-8-1.0504162918733706E-15i;-1.928826421988177E-8;1.5032443252398006E-7-1.990108179594117E-16i;-4.714781998901533E-8-2.967908729680984E-16i;1.2792588815327058E-7+1.23311579908899E-16i;2.1680313986969178E-7+1.7253481017387195E-15i
2.667579459777054E-9-3.3220846502677393E-12i;2.554415105700135E-7-4.385691821964572E-11i;-9.45116429670663E-8+1.177728728227487E-10i;5.546178461432263E-8-1.9550397699622667E-11i;2.5338368624194484E-7-1.751973610068176E-10i;5.9336966302760174E-8+2.2308079676552817E-11i;-8.594192421788308E-8;-1.041643964515386E-8;-6.00298860320971E-9+5.242330612281013E-18i;-1.723879055006023E-7-2.2361768350711317E-17i;-2.138535619143804E-7;-1.534102070423098E-7-4.179349092854582E-17i;1.5659764000146206E-8-1.8117561609394977E-17i;1.3121290282652963E-7+3.952451618578356E-17i;-2.5075514310375186E-8;8.408795054011417E-9-1.0813146239497768E-17i;-2.3584851606002322E-7-3.407012481140606E-17i;4.371919334484177E-8-2.76542137633048E-17i;-2.7915834561713284E-8-7.20989961208045E-17i;9.473156572756507E-8-7.691748447493903E-16i;-6.971938560900712E-9+9.873416765377735E-18i;1.6387175634035744E-7-1.4303284734482515E-16i;-1.6812018960548946E-8-2.744688407579049E-16i;4.5394488108611024E-8+9.242704143329142E-17i;2.152077666846161E-7+1.7915358713591587E-15i
2.458868379269613E-8-7.899626737065364E-13i;2.434660651092117E-7-2.8835001855672904E-11i;-1.0920293598864229E-7+1.2960025319443763E-10i;3.333088400354826E-8-2.2234324347678864E-11i;2.517974836706818E-7-1.939619730996545E-10i;7.587583300812637E-8+1.3296376848467305E-11i;-8.594214254017355E-8;1.0412515796568745E-8+3.2115538469326644E-18i;5.9906143758791735E-9+4.739902983773902E-18i;-1.723882121370375E-7-2.3619901694648966E-17i;-2.13852943623166E-7;-1.5341184436583092E-7-4.573825831511515E-17i;-1.563412772818937E-8-2.570880685087851E-17i;1.3121089411373292E-7+3.2924887089047135E-17i;-2.508012716120222E-8-4.4916126009448756E-18i;-8.450872267226498E-9-4.675148890989554E-17i;-2.358417027198592E-7-4.103879460848451E-17i;-4.3718222741178604E-8+6.731535126020414E-17i;2.8079150685385915E-8-6.747244628988512E-17i;9.464652859279297E-8-4.788562435781611E-16i;7.091275837047831E-9+5.8696185951360745E-18i;1.6388320335629182E-7-7.550597325713805E-17i;1.6702349531679102E-8-1.7668065972068893E-16i;-4.500554226719644E-8+8.234392743131807E-17i;2.153494941083325E-7+1.89207340595176E-15i
4.6509788113098264E-8+1.7421593106246102E-12i;2.3149061960269188E-7-1.3813085492560058E-11i;-1.2389422900144088E-7+1.414276335475751E-10i;1.1199983386373294E-8-2.491825100679372E-11i;2.502112811455041E-7-2.1272658522831605E-10i;9.241469971184341E-8+4.284674036414459E-12i;-8.713261853085701E-8;3.121493878385691E-8+5.519208426595759E-18i;1.7971061434467768E-8;-1.7516704726257622E-7-2.519267031568906E-17i;-1.9819620439200289E-7;-1.4513467109177317E-7-4.428957671646901E-17i;-4.6849198557551485E-8-3.189769225721906E-17i;1.2599568718564306E-7+4.224122908473839E-17i;-2.793505407376619E-8-1.3759992400923092E-17i;-2.5713498763314378E-8-6.876972049236515E-17i;-2.1674662517002484E-7-4.419979382266338E-17i;-1.2454946152094826E-7+1.408682538919762E-16i;7.989346912621506E-8-3.538697041935084E-17i;9.270220668130186E-8-1.958389173029972E-16i;1.9397817831317072E-8-1.1162101410606925E-17i;1.50321156341459E-7-3.4089258431421156E-17i;4.7066797098418696E-8-6.652248045309426E-17i;-1.2756493667720607E-7+8.965362105786084E-17i;2.1721216167087516E-7+2.0398127029103167E-15i
6.843089242108919E-8+4.2742813026254856E-12i;2.1951517405043662E-7+1.2088308693675975E-12i;-1.3858552200314448E-7+1.5325501388069796E-10i;-1.0930917236825793E-8-2.7602177677303913E-11i;2.4862507866714873E-7-2.3149119739469598E-10i;1.089535664160552E-7-4.72702876116344E-12i;-8.951124257490535E-8;5.193939953980468E-8+8.026932982316705E-18i;2.990865729527565E-8;-1.806913856495395E-7-2.684630505133526E-17i;-1.675359346868303E-7;-1.2898468519471213E-7-3.735511825930834E-17i;-7.781071137250199E-8-3.256233118438893E-17i;1.1587774414266364E-7+4.52062193349163E-17i;-3.353454995687783E-8-1.509816341942977E-17i;-4.4100224675561215E-8-7.027983530435397E-17i;-1.7978304961562925E-7-4.2651032714252156E-17i;-1.865040043941937E-7+1.8538942135020375E-16i;1.1978185260947607E-7;8.896774328839828E-8+4.947179154168721E-17i;2.674046565565299E-8-2.031257741150443E-17i;1.2414669554729386E-7;6.841886688689857E-8+1.595418831531152E-17i;-1.8781938520713263E-7+9.421875481046242E-17i;2.2028020358403536E-7+2.1664183714883546E-15i
9.035199671606114E-8+6.806403301087989E-12i;2.075397284543094E-7+1.623074722939988E-11i;-1.532768149944443E-7+1.650823941955582E-10i;-3.306181786659631E-8-3.0286104358144506E-11i;2.470388762342935E-7-2.5025580959982147E-10i;1.2549243312066191E-7-1.3738731545731327E-11i;-9.307450143731641E-8;7.254382125948336E-8+1.0560292966032335E-17i;4.178759196096088E-8;-1.8890891375416967E-7-2.9409014424404933E-17i;-1.2313157627296403E-7;-1.0572161493226037E-7-3.041609886164095E-17i;-1.0839572953924424E-7-3.408788339202763E-17i;1.0148464075648766E-7+4.9288624723325024E-17i;-4.16406307301656E-8-1.9821099761184108E-17i;-6.420343647031378E-8-8.053931292486994E-17i;-1.2728241123201744E-7-3.462338607265721E-17i;-2.1999912862199575E-7+2.1661460943283476E-16i;1.4170649180883747E-7+1.455106945663121E-17i;8.361532228476139E-8+1.91832247697899E-16i;2.6678666422452335E-8-3.00285502095942E-17i;8.708622764119877E-8+1.8499726729816062E-17i;7.632779816542885E-8+9.440629233000678E-17i;-2.1501044728955027E-7+1.0806220889265748E-16i;2.237316381313607E-7+2.259317500073522E-15i
1.1227310099573758E-7+9.338525304368889E-12i;1.955642828181647E-7+3.125266358721012E-11i;-1.6796810798067019E-7+1.7690977449773996E-10i;-5.519271850528923E-8-3.297003104746157E-11i;2.454526738436576E-7-2.6902042184058137E-10i;1.4203129982202473E-7-2.275043431708515E-11i;-9.781934206984395E-8;9.300016694702532E-8+1.3355034809664419E-17i;5.3607869011731996E-8;-1.997577294766709E-7-3.233139473813528E-17i;-6.675157442992126E-8;-7.641355000365837E-8-1.9112464627465378E-17i;-1.3853814842132298E-7-2.981325591894197E-17i;8.367042605327228E-8+3.519756555823562E-17i;-5.193951414670969E-8-1.4215877566104722E-17i;-8.638276484878562E-8-7.037398574584147E-17i;-6.241731553555862E-8-2.6661789876410283E-17i;-2.1946094826703304E-7+2.1359972755729234E-16i;1.422000179795321E-7+1.590366580983275E-17i;7.692815273525645E-8+2.430116341558605E-16i;1.7913176847688147E-8-2.7412353441687018E-17i;4.154036832162297E-8+3.885457147341053E-17i;6.839017201162298E-8+1.289853139395269E-16i;-2.0369320040166825E-7+1.113507882167848E-16i;2.2672355248460936E-7+2.26384793953608E-15i
1.3419420525720787E-7+1.1870647310433695E-11i;1.8358883714789183E-7+4.627457994501765E-11i;-1.826594009689501E-7+1.8873715479357047E-10i;-7.73236191560356E-8-3.56539577424193E-11i;2.4386647148971346E-7-2.8778503411043224E-10i;1.5857016651522694E-7-3.1762137074210316E-11i;-1.0374324676267614E-7;1.133000444885521E-7+1.6318217716360255E-17i;6.539551798348064E-8;-2.131930158185935E-7-3.630894958464246E-17i;-5.350009952449529E-10+3.254144597224333E-18i;-4.23408200070071E-8-6.6883698569348715E-18i;-1.6827733477283737E-7-2.621005889739807E-17i;6.346232423398637E-8+1.9866926281579527E-17i;-6.408436496024037E-8-6.786321392948707E-18i;-1.1078167720282884E-7-6.423706864715272E-17i;1.1144434464444622E-8-1.783104774225283E-17i;-1.8392367839186923E-7+1.8079361115642733E-16i;1.2071886522371916E-7;6.927459662310082E-8+1.7304395070555125E-16i;4.2276594254004076E-10-2.5932752350317563E-17i;-9.692194943283108E-9+3.829878943401985E-17i;4.4535054791642146E-8+1.3289485871145634E-16i;-1.5439829995140499E-7+1.1710922509805394E-16i;2.2871634594055767E-7+2.19843180232012E-15i
1.5611530949771034E-7+1.440276931719293E-11i;1.716133914512958E-7+6.12964963042382E-11i;-1.9735069396646317E-7+2.0056453508947738E-10i;-9.94545198220532E-8-3.833788443943113E-11i;2.4228026916507385E-7-3.065496464009602E-10i;1.7510903319570212E-7-4.077383981645702E-11i;-1.1084729927008221E-7;1.3346056432263857E-7+1.8748307257685083E-17i;7.721502942278574E-8;-2.2921860728325924E-7-4.180896872514032E-17i;7.316562127758292E-8;-4.898088291391674E-9+3.631104237850485E-18i;-1.9782235414151106E-7-2.5013430972220693E-17i;4.1961357875377024E-8+1.2194790086227864E-17i;-7.775958085523915E-8;-1.373989037078044E-7-7.477088282638612E-17i;8.97158122499874E-8;-1.1692696510608342E-7+1.3358004516135096E-16i;7.957867997255779E-8+1.543002350101872E-17i;6.113710888475247E-8-1.4647165037139334E-17i;-2.4652391109109716E-8-2.5885275949083982E-17i;-6.378440649743823E-8+2.2695945905560298E-17i;6.8441444348547156E-9+1.277971627483675E-16i;-7.314499137124762E-8+1.398185212812442E-16i;2.2984986130601327E-7+2.0888011884869692E-15i
1.7803641371463236E-7+1.693489132201383E-11i;1.59637945737344E-7+7.63184126670502E-11i;-2.12041986979784E-7+2.123919153919134E-10i;-1.215854205065717E-7-4.102181113523601E-11i;2.4069406686145273E-7-3.253142587034685E-10i;1.9164789985974718E-7-4.9785542543583215E-11i;-1.1913970439931087E-7;1.5353049865120322E-7+2.155567589859699E-17i;8.91848693086847E-8;-2.4793088808716463E-7-4.710371216326925E-17i;1.519875219797235E-7;3.453407119529078E-8+1.556960958380629E-17i;-2.2764355335880815E-7;2.0231029050355063E-8+4.7002740541081605E-18i;-9.276866830207687E-8;-1.66255688333975E-7-7.139911760610335E-17i;1.7021919519833418E-7;-2.5644646019116182E-8+5.772123427852055E-17i;2.3395372911310315E-8+3.559110700466959E-18i;5.312088813657505E-8-2.7713038805751735E-16i;-5.5397141221759186E-8-1.9396044997572513E-17i;-1.1842625021911564E-7;-4.1088568631657734E-8+9.137077151488171E-17i;3.0269228221448067E-8+1.5475082871941655E-16i;2.313216449336652E-7+1.9411926979617962E-15i
1.9995751790469103E-7+1.9467013322634818E-11i;1.476625000156753E-7+9.134032903544953E-11i;-2.2673328001536132E-7+2.2421929570568201E-10i;-1.437163212133933E-7-4.3705737825912737E-11i;2.3910786457010104E-7-3.4407887100812683E-10i;2.081867665039242E-7-5.879724525544317E-11i;-1.2863942902506448E-7;1.7359611437050193E-7+2.434836759457526E-17i;1.0149795225954652E-7;-2.695771009573832E-7-5.3388291511275634E-17i;2.3378285444000132E-7;7.473232504244666E-8+2.8947508855493733E-17i;-2.5860303132044276E-7;-8.101812187462505E-10-1.0943047241432789E-17i;-1.0915129432633242E-7;-1.9768768034079759E-7-6.179966672755436E-17i;2.50960130235944E-7;8.072518408323001E-8-3.7522365498718114E-17i;-4.196852612915195E-8-1.2900800025780552E-17i;4.594691190391626E-8-5.829905722380387E-16i;-8.979145133060218E-8;-1.7257774704703437E-7-3.682334234189305E-17i;-9.51986781261656E-8+3.0851063389706164E-17i;1.4515012115987918E-7+1.668108040229898E-16i;2.3583134516162998E-7+1.78631223866949E-15i
2.2187862206817562E-7+2.199913531636853E-11i;1.3568705429326044E-7+1.0636224541037783E-10i;-2.414245730736351E-7+2.360466760320727E-10i;-1.6584722194293944E-7-4.638966450889377E-11i;2.3752166228459525E-7-3.628434833083203E-10i;2.247256331295439E-7-6.780894795401906E-11i;-1.393805298872409E-7;1.9378813022095112E-7+2.770002689422255E-17i;1.1444650658701924E-7;-2.9463004467771094E-7-5.929561647583522E-17i;3.1685976333013817E-7;1.1478022282482219E-7+4.4394685237356746E-17i;-2.9214307930629285E-7;-2.0496051040702613E-8-3.846239890385427E-17i;-1.27347484360485E-7+2.3303218243056018E-17i;-2.3280502980904249E-7-4.452822914676127E-17i;3.3263116024804805E-7;1.930986172188535E-7-1.3650497572666816E-16i;-1.1078786629338891E-7-5.616439073534073E-17i;4.044394136204405E-8-9.118487552295331E-16i;-1.2663164064985655E-7;-2.2758007521059448E-7-6.176210502736064E-17i;-1.5242500514280727E-7-4.6757520537517665E-17i;2.6388689410634104E-7+1.6801938256208148E-16i;2.4834788424453616E-7+1.6947407765221762E-15i
-2.0156769912297927E-7-2.5541307358795945E-11i;3.664387747912673E-7-1.8140139971198824E-10i;2.3100026110220493E-8+2.55568731365881E-11i;2.638679446536401E-7+4.7988852943526256E-12i;2.726390097184115E-7-9.154453587714517E-12i;-7.70549701565666E-8+9.91403678933042E-11i;-1.0123631247444027E-7;-2.1805299395033428E-7-2.5631127030785103E-17i;-6.736486927910543E-8-2.0286810014803705E-17i;-2.9178128027968966E-7-5.066765569867474E-17i;3.273467825440134E-7;1.3951515390153718E-7+5.49236281393215E-17i;2.7368950753615785E-7+7.147545598388535E-17i;4.46322235337834E-8-8.725756006784427E-18i;-1.2488872345712738E-7;3.0497787986533823E-7+1.827996443879539E-16i;2.929952448077165E-7+5.473519962813386E-17i;-1.859897260307858E-7+1.3816665773219043E-16i;1.6149843961885745E-7+5.980583901779627E-17i;-5.46449609959895E-8+1.3029666531317413E-15i;2.916699977923778E-8-3.726379863817756E-18i;-2.8370729262822815E-7+3.079634860043177E-16i;1.0348034030425629E-7+4.985514835157444E-16i;-2.531950243958326E-7+5.982021812017048E-17i;1.739300090931418E-7+1.94851868992445E-15i
-1.7964659474759922E-7-2.3009185522662957E-11i;3.5446332994983084E-7-1.663794833981514E-10i;8.408733148631666E-9+3.7384253559993265E-11i;2.417370440431976E-7+2.114958782437343E-12i;2.710528065705224E-7-2.7919065290738607E-11i;-6.051610329158663E-8+9.012866481502784E-11i;-9.106320402203401E-8;-1.9537746031310636E-7-2.221452433745988E-17i;-5.919100262832976E-8-8.459103330917112E-18i;-2.650010308094609E-7-4.461224280543149E-17i;2.434389229826173E-7;9.403313385165118E-8+4.034974279453695E-17i;2.4163540155287617E-7+6.451010054618473E-17i;5.327254778363496E-8-3.6481117051456326E-17i;-1.1250813555965639E-7+3.016864705894612E-17i;2.605128475162079E-7+1.8397267187735687E-16i;2.1915207432690067E-7+4.393791861456808E-17i;-7.404793812539607E-8+4.8440509487983875E-17i;7.954339352240348E-8-8.931941589073183E-18i;-4.286066227801431E-8+7.807900607225185E-16i;2.359879693528028E-9+1.1268484421758619E-17i;-2.1431296164850178E-7+2.4264647413938554E-16i;6.936191566478738E-8+3.171051834581946E-16i;-1.4415703291727106E-7+4.665711125116004E-17i;1.6869936778026867E-7+1.7007016353330605E-15i
-1.5772549037398638E-7-2.0477063673698834E-11i;3.4248788504990744E-7-1.5135756707676474E-10i;-6.282559831593992E-9+4.9211633989799484E-11i;2.1960614343420108E-7-5.689677392479127E-13i;2.6946660347555543E-7-4.6683677023183E-11i;-4.397723645254771E-8+8.111696176562785E-11i;-8.201108552219844E-8;-1.728315527436695E-7-1.940551588342077E-17i;-5.1541500581670375E-8-1.0745573983504658E-17i;-2.416715822041779E-7-4.035994131651815E-17i;1.6095183061710203E-7;4.852912703131934E-8+2.3948515735589953E-17i;2.1213139999433425E-7+4.723452475831131E-17i;6.398890411328752E-8;-1.0246697705368119E-7;2.2082294756717682E-7+1.3351806816547764E-16i;1.4590931338081E-7+3.405925024901441E-17i;3.198387538986849E-8-4.306261206574187E-17i;2.1258863738855723E-9+8.959336762356959E-18i;-3.2292552001566574E-8+2.6602220611941766E-16i;-2.3905834255860343E-8-3.797235513891175E-18i;-1.4587546273750254E-7+1.126513459187254E-16i;3.7303636240455764E-8+2.1624049745275985E-16i;-3.893992075560373E-8+8.178373560340618E-17i;1.6872715504011872E-7+1.5758897370487468E-15i
-1.3580438600530646E-7-1.7944941810856327E-11i;3.305124400843283E-7-1.3633565074619624E-10i;-2.0973852837826624E-8+6.10390144309656E-11i;1.9747524282400256E-7-3.2528942714162973E-12i;2.678804004395831E-7-6.544828878675614E-11i;-2.7438369647040613E-8+7.210525874958385E-11i;-7.406888610696234E-8;-1.5026900117024365E-7-1.644021917265628E-17i;-4.424180023537559E-8-9.364137706877596E-18i;-2.2136493546727388E-7-3.5638204694762316E-17i;8.155190883995966E-8+1.4505064950460424E-17i;3.991086632361776E-9+5.250342618248155E-18i;1.8384949987271917E-7+3.084742594016051E-17i;7.600535652932294E-8;-9.409464327141248E-8;1.8425354425719726E-7+8.143018998654643E-17i;7.273604189975961E-8+1.5648267154622428E-17i;1.2289549632339712E-7-1.0819438099759753E-16i;-6.471530565963073E-8-2.3118802473594715E-17i;-2.2737278950130055E-8-1.8517376957666092E-16i;-4.689350119881321E-8;-7.67628883275735E-8+4.656460935281378E-17i;8.757110798348027E-9+1.0422743241444817E-16i;5.5839287832974943E-8+9.078329312653392E-17i;1.7007572664935492E-7+1.4114059582882307E-15i
-1.1388328164215566E-7-1.5412819936475835E-11i;3.185369950651634E-7-1.213137344079431E-10i;-3.566514586574887E-8+7.28663948795797E-11i;1.7534434221131067E-7-5.936820811857588E-12i;2.662941974512394E-7-8.42129005742975E-11i;-1.0899502869893733E-8+6.309355576262656E-11i;-6.723637337494272E-8;-1.2759301327920587E-7-1.358451253099646E-17i;-3.7174576814004516E-8-4.105241504944929E-18i;-2.0387687023822947E-7-3.089830692299846E-17i;7.370254427393726E-9+1.3702784560854135E-17i;-3.82381530953407E-8-5.3903933999388416E-18i;1.559969491177992E-7+2.2363187010424073E-17i;8.848946521896634E-8+1.420364497907268E-17i;-8.704474411492832E-8;1.501864781917505E-7+7.167996506815581E-17i;1.2401432706374706E-9+7.247201924423488E-18i;1.8940654092128435E-7-1.7611619718298235E-16i;-1.1459688598798612E-7-3.8423241922267725E-17i;-1.4258916642599972E-8-5.068339038481536E-16i;-6.370440310849467E-8;-8.324746632723072E-9-4.7129363770078573E-17i;-1.4109981421991924E-8-3.795917280076852E-17i;1.306364405947479E-7+9.543991417566014E-17i;1.7057910520537872E-7+1.2998632559859834E-15i
-9.196217728513635E-8-1.288069805319279E-11i;3.0656155000179383E-7-1.0629181806095407E-10i;-5.035643891064122E-8+8.469377533187306E-11i;1.5321344159495922E-7-8.62074735804069E-12i;2.647079945016179E-7-1.0297751238007639E-10i;5.639363883999919E-9+5.408185280120848E-11i;-6.151976331996327E-8;-1.0474953731115022E-7-1.1401814739445416E-17i;-3.0261663196553994E-8-5.9182704978784696E-18i;-1.8915151194218066E-7-2.814638156603712E-17i;-5.924044235157357E-8;-7.663087174725099E-8-1.7942263541008083E-17i;1.28137594469572E-7;1.0058471253096362E-7+4.727026395806705E-17i;-8.1167189733431E-8-1.2462372258026372E-17i;1.1847366124969408E-7+4.1389885007959115E-17i;-6.573187550975939E-8;2.242971882665613E-7-1.9870088591159733E-16i;-1.4242759396929566E-7-1.8545726945117695E-17i;-7.013166909200574E-9-7.249310054522095E-16i;-7.19594971744961E-8-2.328948794041915E-17i;5.649763261313386E-8-1.4831981797652954E-16i;-2.9309643780123887E-8-1.2729744285826385E-16i;1.7664082705838525E-7+1.1434283412201771E-16i;1.6937925561064145E-7+1.2504464686265274E-15i
-7.004107293524544E-8-1.034857616223687E-11i;2.9458610489927026E-7-9.126990170663052E-11i;-6.50477319681156E-8+9.652115578376736E-11i;1.3108254097388207E-7-1.1304673909666104E-11i;2.631217915861905E-7-1.2174212420206758E-10i;2.2178230618826967E-8+4.507014986298219E-11i;-5.6928550355468343E-8;-8.172035630936914E-8-8.877639824476019E-18i;-2.345150883785435E-8-2.5094949066110185E-18i;-1.772221270126899E-7-2.5273587313188302E-17i;-1.159339251712511E-7;-1.0963506512354983E-7-2.850585874587714E-17i;1.0006712916373288E-7;1.1145977914176277E-7+5.0435411678837206E-17i;-7.642104334051316E-8-1.0486590775800696E-17i;8.906547986683126E-8+2.4033804542546995E-17i;-1.248008906272458E-7;2.2400889274610096E-7-1.9395864594733677E-16i;-1.456253954187126E-7-3.251301553884551E-17i;-1.1465490421536592E-9-7.807983055143932E-16i;-7.033140685239142E-8-1.7719083042573662E-17i;1.1412433286816713E-7-1.8986442335065806E-16i;-3.568631001746555E-8-2.1171478229759362E-16i;1.884339005875548E-7+1.1150520579006647E-16i;1.6661099532873687E-7+1.1984689536226638E-15i
-4.811996859364995E-8-7.816454264579277E-12i;2.826106597592873E-7-7.624798534502072E-11i;-7.973902503333483E-8+1.0834853623048486E-10i;1.0895164034722846E-7-1.3988600466368452E-11i;2.615355887038595E-7-1.4050673604010197E-10i;3.8717097338709255E-8+3.605844694602687E-11i;-5.347319478902061E-8;-5.851637699252181E-8-6.01441179169351E-18i;-1.6709249012471095E-8;-1.681651186153702E-7-2.2823701391168227E-17i;-1.6057350238373797E-7;-1.3582141287638234E-7-3.827711933123774E-17i;7.172646776661649E-8-9.29292831091145E-18i;1.2036249823853703E-7+4.4653298849463305E-17i;-7.282108057449819E-8-7.82578404514664E-18i;6.179679584297607E-8;-1.726155793161021E-7-2.353722752843288E-17i;1.8950473434788338E-7-1.5675388054297976E-16i;-1.247920586353951E-7-4.3139948352918365E-17i;3.243929429374527E-9-6.992514701390247E-16i;-5.886172230283844E-8-8.714106767358846E-18i;1.6101777635683288E-7-1.927569492641733E-16i;-3.325535719212774E-8-2.6000707405675176E-16i;1.6551583905020942E-7+9.826171480323807E-17i;1.6307756641830075E-7+1.1687532224474523E-15i
-2.6198864261941073E-8-5.284332359800244E-12i;2.7063521458022344E-7-6.122606897788644E-11i;-9.443031810159982E-8+1.201759166680613E-10i;8.682073971423713E-8-1.6672527029711617E-11i;2.599493858572511E-7-1.592713478987276E-10i;5.5255964047273276E-8+2.7046744049447597E-11i;-5.116372319754283E-8;-3.517131835389297E-8-3.562032759789154E-18i;-1.001086345481218E-8+3.2004487861063593E-18i;-1.6206628056309226E-7-2.099201172505161E-17i;-1.9138887312467085E-7;-1.5399780288896076E-7-4.169827386229875E-17i;4.3147354236078825E-8-1.495136671837131E-17i;1.2666441372522608E-7+4.693052887660426E-17i;-7.040061525814577E-8;3.629167962629868E-8-9.810012982634049E-18i;-2.0626461981410377E-7-3.018682463155428E-17i;1.263989844319926E-7-1.0981875755165455E-16i;-8.383043473402179E-8-3.490807324274152E-17i;6.133239998052423E-9-4.843245460513198E-16i;-3.9035295573525846E-8;1.9413529695328606E-7-1.9111025711224212E-16i;-2.332858664196926E-8-2.931232696899777E-16i;1.1280019258683336E-7+8.476210539643998E-17i;1.5989926152895073E-7+1.2094432906308664E-15i
-4.2777599422359015E-9-2.7522104472943398E-12i;2.586597693574518E-7-4.6204152607502954E-11i;-1.0912161116867794E-7+1.3200329709245645E-10i;6.468983907402405E-8-1.9356453601866452E-11i;2.583631830521648E-7-1.7803595978503523E-10i;7.179483074740319E-8+1.8035041172632594E-11i;-5.0007193018762115E-8;-1.1734904170586948E-8;-3.336933638803916E-9+8.760287616515338E-18i;-1.5899685441825815E-7-2.0133750211024877E-17i;-2.0712071639258698E-7;-1.6330688870716506E-7-4.137575575038402E-17i;1.4405672739935206E-8-1.5551061891900357E-17i;1.2992828617410146E-7+3.830831274080845E-17i;-6.918242137452112E-8;1.1942979659711409E-8;-2.2363858391427403E-7-3.1795989914041643E-17i;4.4345073221431166E-8-4.8526931354354127E-17i;-2.951034792783314E-8-3.346482202313097E-17i;7.526811804759385E-9-1.7717628828734908E-16i;-1.3616481920119207E-8+1.0015322291433629E-17i;2.112649297370044E-7-1.6730712739150498E-16i;-8.404811319678613E-9-3.1526729043946207E-16i;4.00401322802622E-8+6.501771483369645E-17i;1.5807399172309848E-7+1.2885545238727266E-15i
1.7643344363529354E-8-2.2008852609014231E-13i;2.4668432408562344E-7-3.118223623579308E-11i;-1.2381290423052282E-7+1.4383067750024288E-10i;4.25589384259356E-8-2.204038018487399E-11i;2.5677698029519787E-7-1.968005717061138E-10i;8.833369744183285E-8+9.02333831512558E-12i;-5.000820345701564E-8;1.1732729362796987E-8+2.1361489016385362E-18i;3.3279424435338468E-9+2.062485834033334E-18i;-1.5899755433555856E-7-2.0743416375497004E-17i;-2.071205972968476E-7;-1.6330578111743786E-7-4.616641061589931E-17i;-1.4386940289526324E-8-2.6647364726961324E-17i;1.2992666463256105E-7+4.8793521507424185E-17i;-6.917666362514338E-8-1.3995714732271817E-17i;-1.1988577741904985E-8-5.1540621324771467E-17i;-2.2363229576949067E-7-4.169310889537022E-17i;-4.4351510689223207E-8+4.257607413412116E-17i;2.9494075760488375E-8-4.762708300847269E-18i;7.466327952521256E-9+1.1844870537348523E-16i;1.3765456571287336E-8;2.1124103274811354E-7-1.3563798944531045E-16i;8.287398232256885E-9-2.3604074759098924E-16i;-3.978376939384982E-8+6.457788325126394E-17i;1.582256510761133E-7+1.3937925853544634E-15i
3.956444865402263E-8+2.312033404140193E-12i;2.3470887876088887E-7-1.616031986427549E-11i;-1.3850419728377749E-7+1.556580578885493E-10i;2.0428037769659874E-8-2.472430678058172E-11i;2.551907775914718E-7-2.1556518366847632E-10i;1.0487256413306898E-7+1.1635476033650227E-14i;-5.116515476050032E-8;3.5169166138901296E-8+4.630667630535632E-18i;1.0001808575507676E-8+1.8335982555618735E-18i;-1.6206675619257835E-7-2.2014804177081896E-17i;-1.9138599389737274E-7;-1.5399623270009927E-7-4.2545662830249426E-17i;-4.3129518434817834E-8-2.911704456901965E-17i;1.266604991866953E-7+5.022796100253081E-17i;-7.0399559371569E-8-1.5089486844352115E-17i;-3.633203788356543E-8-6.437607224095004E-17i;-2.062420581720754E-7-4.3439846486643363E-17i;-1.264219054289096E-7+1.0809269361343094E-16i;8.382201616770644E-8+1.9931347612062917E-17i;5.9047516930725295E-9+4.262133395844127E-16i;3.917647513543462E-8;1.9409823416819615E-7-9.914162527271911E-17i;2.3231089766016274E-8-1.7676940048465765E-16i;-1.1255324019580563E-7+6.590164194481011E-17i;1.6025642053272694E-7+1.5244480721872534E-15i
6.148555292866333E-8+4.844155343341055E-12i;2.227334333821882E-7-1.138403493931767E-12i;-1.5319549032664832E-7+1.6748543825618792E-10i;-1.7028628948745798E-9-2.740823338921433E-11i;2.536045749429483E-7-2.343297956749123E-10i;1.2141143082272884E-7-9.000067345677902E-12i;-5.347570432568559E-8;5.851441623128644E-8+7.396258841358968E-18i;1.670044552801808E-8;-1.6816565619468694E-7-2.3785126757960084E-17i;-1.6057047589744138E-7;-1.3582268230172303E-7-3.742049705389804E-17i;-7.171335193327206E-8-2.9613094453088096E-17i;1.2035271661624182E-7+4.703243390763921E-17i;-7.282518988020066E-8-1.5557047238815527E-17i;-6.183522431033227E-8-7.646722083986193E-17i;-1.7257572829765388E-7-4.2263663273284663E-17i;-1.8952922456852417E-7+1.6020064908186444E-16i;1.24783955826412E-7+3.610539150229037E-17i;2.8980291830008593E-9+6.677736607187544E-16i;5.8983811588305486E-8;1.6096520420604554E-7-5.565326722616172E-17i;3.316784350382835E-8-1.074614472458662E-16i;-1.6525143638684974E-7+6.546241432098902E-17i;1.6360095364914146E-7+1.6370429084961305E-15i
8.340665718717145E-8+7.376277290334568E-12i;2.1075798795201778E-7+1.3883512874425944E-11i;-1.678867833599884E-7+1.793128186054788E-10i;-2.383376356801667E-8-3.009216000994272E-11i;2.520183723478566E-7-2.530944077262709E-10i;1.3795029751081395E-7-1.8011770151917806E-11i;-5.693214542284849E-8;8.171823755092224E-8+1.0079092484696254E-17i;2.3442180894581466E-8-3.579870764237615E-18i;-1.772226293656753E-7-2.634912948969645E-17i;-1.1593345933569726E-7;-1.09640799162223E-7-2.950694576613999E-17i;-1.0005478633391678E-7-3.057000611202334E-17i;1.1144734648060194E-7+5.1000626099985484E-17i;-7.642855930693307E-8-2.0018711736824773E-17i;-8.908945451070961E-8-8.749737385515851E-17i;-1.2476013723657994E-7-3.538389465116135E-17i;-2.2402770499215088E-7+1.9369903053047615E-16i;1.4561386228437291E-7+6.042899409004107E-17i;-1.5531496479781502E-9+8.011175818543522E-16i;7.041983949422401E-8;1.1407410826731509E-7-2.5518932963902793E-17i;3.5614907842253695E-8-2.9932777118030455E-17i;-1.8814297193408982E-7+7.943722427993257E-17i;1.6720372278100685E-7+1.7344423588012584E-15i
1.0532776142764812E-7+9.908399243685967E-12i;1.9878254247523815E-7+2.890542924103194E-11i;-1.8257807638898373E-7+1.9114019894189322E-10i;-4.596466425188405E-8-3.277608664054569E-11i;2.504321698018066E-7-2.718590198185554E-10i;1.5448916419395312E-7-2.702347294240065E-11i;-6.152451525752722E-8;1.0474734419198365E-7+1.340991594298162E-17i;3.025236243398944E-8;-1.8915238888733946E-7-2.9488294327386456E-17i;-5.92413493128352E-8;-7.66395121104175E-8-1.6927893887353E-17i;-1.281291730315538E-7-2.4935354939090878E-17i;1.0057027183404811E-7+4.107572014538551E-17i;-8.117658376745376E-8-1.3123046044955298E-17i;-1.1848352085169721E-7-7.742679067515875E-17i;-6.569022626531536E-8-2.6582560945392535E-17i;-2.2431537615496248E-7+1.8097094320945068E-16i;1.424116891150703E-7+6.406556946173542E-17i;-7.4107415631796396E-9+8.293508464508454E-16i;7.200679553798923E-8;5.644396674682074E-8;2.9272449242630427E-8+1.7863219116228073E-17i;-1.7634597164550788E-7+8.419905612785555E-17i;1.699347473475604E-7+1.7530385718051708E-15i
1.272488656478486E-7+1.2440521201288666E-11i;1.8680709695917872E-7+4.3927345608236344E-11i;-1.9726936942045162E-7+2.0296757927163363E-10i;-6.809556494916045E-8-3.546001327797289E-11i;2.488459672976815E-7-2.906236319435043E-10i;1.7102803086771314E-7-3.603517571653869E-11i;-6.724222973798162E-8;1.2759075496932913E-7+1.6653421686590388E-17i;3.7165249536843485E-8;-2.0387810650783562E-7-3.3543895230592794E-17i;7.3689440625058004E-9+3.536256413373725E-18i;-3.8249395416616925E-8-4.19831398755964E-18i;-1.5599345158087675E-7-2.03013831433517E-17i;8.847262972430909E-8+2.91086342229614E-17i;-8.705710422952947E-8-9.518732998524467E-18i;-1.5018176286119632E-7-7.076893560257319E-17i;1.282609085621393E-9-1.6936588719506855E-17i;-1.894197760580266E-7+1.4317623901139E-16i;1.1457234773373881E-7+5.913779426831343E-17i;-1.4581865803919636E-8+7.170149404598683E-16i;6.370517205968635E-8;-8.380023743796059E-9+2.475639803548141E-17i;1.4108762210128234E-8+5.4576902517529063E-17i;-1.3034036945242703E-7+9.040915857030831E-17i;1.709857354551285E-7+1.685937218136674E-15i
1.491699698454628E-7+1.4972643160274853E-11i;1.748316514131883E-7+5.894926197724654E-11i;-2.119606624617475E-7+2.1479495960141644E-10i;-9.022646566283974E-8-3.8143939918486795E-11i;2.4725976482653803E-7-3.09388244092175E-10i;1.8756689752766907E-7-4.504687847456828E-11i;-7.407581351604035E-8+8.287166798552494E-18i;1.5026666327727925E-7+1.9501634822178905E-17i;4.423216349052008E-8-8.345098492415727E-18i;-2.2136631681262147E-7-3.9585801347012324E-17i;8.155010839524611E-8;3.9768085078454714E-9+4.639066122198317E-18i;-1.8385080860411765E-7-2.1909388435543616E-17i;7.598571459777033E-8+3.2530569165820396E-17i;-9.411052232336677E-8-1.6076812110149346E-17i;-1.8423270528381067E-7-9.75863222065167E-17i;7.27771425654912E-8-1.0361656316366468E-17i;-1.2290052314058456E-7+9.211122710801396E-17i;6.467931248465421E-8+6.706266048825051E-17i;-2.2925445606275047E-8+4.750821502812794E-16i;4.684499156426271E-8-6.558871358418242E-18i;-7.68160198284023E-8+3.6126114920366523E-17i;-8.723848498432781E-9+1.208767917044657E-16i;-5.5544354512380935E-8+1.0888206042245072E-16i;1.7023876449386088E-7+1.5638199268875703E-15i
1.7109107401829873E-7+1.7504765117693915E-11i;1.6285620584786737E-7+7.397117834974949E-11i;-2.2665195551968958E-7+2.266223399385307E-10i;-1.1235736639595587E-7-4.082786655796527E-11i;2.456735623784272E-7-3.281528562543234E-10i;2.0410576417019688E-7-5.40585812169087E-11i;-8.20190631963077E-8+9.73181938477922E-18i;1.728291233814056E-7+2.2210106098498977E-17i;5.153135422512294E-8-8.427606139897252E-18i;-2.41673021569965E-7-4.5429394944775445E-17i;1.6094952757273432E-7;4.851168919083442E-8+2.047264163446582E-17i;-2.1213750885576017E-7;6.396632604796445E-8+2.2920055504055138E-17i;-1.0248639938828195E-7;-2.2078510762807333E-7-8.767314782674608E-17i;1.459473667984312E-7;-3.1978764791257484E-8+6.357992988181504E-18i;-2.1762789380925233E-9+5.855127076771966E-17i;-3.229879685668728E-8+1.6787132794970003E-16i;2.380666545391026E-8-6.1646796694836185E-18i;-1.4592473568923992E-7+4.390632670034484E-17i;-3.72356543492074E-8+1.301176807034317E-16i;3.922944848730088E-8+1.2686916860456102E-16i;1.6858188315544134E-7+1.4130492219939407E-15i
1.9301217816353172E-7+2.0036887071200688E-11i;1.5088076027450505E-7+8.89930947280991E-11i;-2.4134324860085483E-7+2.3844972028771025E-10i;-1.3448826715208203E-7-4.351179319238564E-11i;2.4408735994288654E-7-3.4691746841794985E-10i;2.206446307920036E-7-6.307028394317854E-11i;-9.107221146728729E-8+1.0705515369696578E-17i;1.9537492234349417E-7+2.570183471264842E-17i;5.918012923621214E-8-8.544139319090307E-18i;-2.650024766177263E-7-5.1263085681083344E-17i;2.4343614665645864E-7;9.401243993729353E-8+3.558002617043959E-17i;-2.4164615736302057E-7;5.3246910869886205E-8;-1.1253114924001002E-7;-2.604574467128101E-7-7.147576240596108E-17i;2.1918602964240169E-7;7.406415147983949E-8-8.219327646333825E-17i;-7.961081338700164E-8+2.5270596103253872E-17i;-4.265574311945219E-8-1.8243097324700588E-16i;-2.50981439206071E-9-4.4307874110627156E-18i;-2.1435756030806505E-7+5.906125300741154E-17i;-6.925918748243794E-8+1.3394970001614635E-16i;1.4444031878182047E-7+1.3514002357640313E-16i;1.6821157164891179E-7+1.2408659753807563E-15i
2.1493328228190268E-7+2.256900901797599E-11i;1.3890531470161133E-7+1.0401501111348203E-10i;-2.560345417056933E-7+2.5027710064995075E-10i;-1.5661916793140035E-7-4.6195719818868795E-11i;2.4250115751187474E-7-3.6568208057601734E-10i;2.371834973946065E-7-7.208198665585332E-11i;-1.0124634022191649E-7+1.2326620607713024E-17i;2.1805032397519248E-7+2.912542313887792E-17i;6.735305355240045E-8;-2.9178272415489937E-7-5.810946658420277E-17i;3.273435563428172E-7;1.394910484134467E-7+5.192210316094981E-17i;-2.737047386845613E-7;4.460326638539924E-8-1.8021038463411066E-17i;-1.249155270604811E-7+1.9810764570882526E-17i;-3.0490440145516757E-7-5.67569296827024E-17i;2.9302510801735323E-7+2.97893160569711E-17i;1.860173511952169E-7-1.7682018334207776E-16i;-1.6158555068221107E-7;-5.421658591215764E-8-5.520643282168869E-16i;-2.9368490965243763E-8+3.3978522628960015E-18i;-2.837479733647111E-7+7.255861985786752E-17i;-1.0334200876805318E-7+1.2911639251043392E-16i;2.5347881826228647E-7+1.3598694906812364E-16i;1.7308648106749388E-7+1.0993509020282661E-15i
-2.085130383560272E-7-2.497143268399396E-11i;3.696570319593658E-7-1.8374863415885359E-10i;8.490058171657266E-9+3.9787297161080024E-11i;2.7309599936788226E-7+4.992828846227087E-12i;2.7761850810236865E-7-1.199305379880608E-11i;-6.459710569956015E-8+9.486732967058269E-11i;-5.960301905683515E-8;-2.410611590774641E-7-2.821876688872281E-17i;-1.7615368183893216E-8-9.576451965474168E-18i;-2.7530878606305513E-7-5.1102070104649626E-17i;3.3704294401496886E-7;1.658646709951198E-7+6.111529341297756E-17i;2.3850872422670854E-7+7.273383162812162E-17i;1.0053214825119266E-7-2.121003452987393E-17i;-1.1029922979635716E-7+2.376134365502988E-17i;3.4720912282633606E-7+2.1376467448313623E-16i;2.3407504428171983E-7+4.3670627852985784E-17i;-1.8699986497698676E-7+1.1733176609326517E-16i;2.1243828023181865E-7+8.768814185331348E-17i;-1.4225540514474796E-7+2.2180189460760097E-15i;-6.270231109700252E-8+1.2911511497841397E-17i;-3.0666271872276626E-7+2.5467033810961006E-16i;4.564465936053803E-8+3.523482348278125E-16i;-2.2296605166687662E-7;5.425014146602501E-8+8.394055494357486E-16i
-1.865919339976528E-7-2.2439310897745E-11i;3.576815872927705E-7-1.6872671784349378E-10i;-6.201234811767573E-9+5.161467760774704E-11i;2.509650987321899E-7+2.308902390282112E-12i;2.760323047872169E-7-3.075766535515346E-11i;-4.8058238829044465E-8+8.585562655732506E-11i;-5.001689044977692E-8;-2.1605475473766325E-7-2.471347495519695E-17i;-1.4429749098863132E-8-2.0423463131731038E-18i;-2.4733327897963935E-7-4.4488019132899194E-17i;2.522894586020632E-7;1.1514112379963069E-7+4.5469182245045796E-17i;2.0962018637521713E-7+6.333911090043838E-17i;9.829759443224312E-8-2.895131327667155E-17i;-1.045848682593604E-7+3.2208626337755806E-17i;2.9649472884936915E-7+2.0098261595241012E-16i;1.728770178122553E-7+3.72458902926434E-17i;-7.448573957700631E-8+1.7194532827609693E-17i;1.1755396977158618E-7+3.4419861432189423E-17i;-1.2525387979240692E-7+1.581126389370738E-15i;-7.953235468930598E-8+1.2732587450951962E-17i;-2.30677218356365E-7+1.8710531552935695E-16i;3.6363235529320866E-8+2.4159265239475507E-16i;-1.3128400167737305E-7;6.028174011433009E-8+7.281717390092852E-16i
-1.6467082964107955E-7-1.9907189099836456E-11i;3.4570614257026766E-7-1.5370480152001094E-10i;-2.0892527814521618E-8+6.344205806207724E-11i;2.2883419809763338E-7-3.7502407426110454E-13i;2.744461015222429E-7-4.952227693773403E-11i;-3.1519371984721457E-8+7.684392347202966E-11i;-4.1426573171435826E-8;-1.9117546483004587E-7-2.1846117097544644E-17i;-1.1665171312816067E-8-4.4431519778776415E-18i;-2.227296887241154E-7-3.940786680248985E-17i;1.6908765465525704E-7;6.455791466004994E-8+2.8963411425596434E-17i;1.8315787787970678E-7+4.662092931631538E-17i;9.868785285581415E-8;-1.0153698458443244E-7+1.3749112598797537E-17i;2.513171169146845E-7+1.539814388281378E-16i;1.1191280132118115E-7+2.962764989438539E-17i;3.207757593703316E-8-6.243704794843812E-17i;2.8305276654612502E-8+3.9496749349937397E-17i;-1.122725981524837E-7+9.765429250097173E-16i;-9.765571667039747E-8;-1.5566871771677944E-7+9.261032449055146E-17i;2.7894184266299175E-8+1.8357719187078098E-16i;-4.3062666227362965E-8+2.518588299001596E-17i;6.716437876891111E-8+6.877122906000485E-16i
-1.4274972528958628E-7-1.7375067288327233E-11i;3.3373069778566144E-7-1.3868288518660076E-10i;-3.5583820844883116E-8+7.526943852932465E-11i;2.06703297461375E-7-3.0589505483247374E-12i;2.728598983124402E-7-6.828688854807763E-11i;-1.4980505174959242E-8+6.78322204199369E-11i;-3.3844918537366784E-8;-1.6626098423856853E-7-1.8710475003141516E-17i;-9.272299057313566E-9;-2.0114443339163495E-7-3.414680161293195E-17i;8.908244293294426E-8+1.2099266006058854E-17i;1.515476276070244E-8+1.163958116160233E-17i;1.5799509714543967E-7+3.407302098872958E-17i;1.0087840292865652E-7;-1.0033049507879268E-7+1.3834399678068605E-17i;2.0975561624122516E-7+1.184695187083947E-16i;5.0852777280052866E-8+1.7036844819035638E-17i;1.2343608180022426E-7-1.2439822568262642E-16i;-4.900335772844713E-8;-1.021376525600098E-7+4.689151545403986E-16i;-1.1296115883555848E-7-1.497796635611789E-17i;-7.993032756391125E-8+3.5712017288567835E-17i;2.0145305045566492E-8+1.0129674801201606E-16i;3.6455568122066E-8+3.329661533955573E-17i;7.262495720410674E-8+5.972722090933132E-16i
-1.2082862094383108E-7-1.4842945466495855E-11i;3.2175525295149273E-7-1.2366096884474246E-10i;-5.027511389931676E-8+8.70968190063696E-11i;1.8457239682185677E-7-5.74287702888514E-12i;2.712736951456261E-7-8.705150017769195E-11i;1.5583616047186744E-9+5.88205173969597E-11i;-2.7290955197502856E-8;-1.4120474491952163E-7-1.592437156520687E-17i;-7.213464520486715E-9-7.22336562118448E-19i;-1.8243885332424178E-7-3.0338625307499976E-17i;1.4391460002122683E-8+9.370603073961603E-18i;-3.1620859514583627E-8-5.968763657660572E-18i;1.3346330148022646E-7+1.8353838507634552E-17i;1.0417331793381166E-7+1.8437230796832224E-17i;-1.0035212797097918E-7;1.7106893192783422E-7+7.105155728706493E-17i;-8.880870612721568E-9+5.1261578790753564E-18i;1.9027002594820283E-7-1.755290887617393E-16i;-1.0750178517842965E-7;-9.42544091486649E-8+6.885079958466201E-17i;-1.2176904605738872E-7-2.3276816384642212E-17i;-4.989124920248899E-9-3.6512993809409673E-17i;1.3353460035263115E-8+3.59795940356161E-17i;9.949677292546343E-8+5.1177199172190184E-17i;7.536444143552323E-8+5.067789509526107E-16i
-9.890751660456836E-8-1.2310823636564465E-11i;3.0977980807706825E-7-1.086390524940705E-10i;-6.496640697369688E-8+9.89241994894914E-11i;1.6244149617770308E-7-8.426803513881596E-12i;2.696874920127872E-7-1.0581611182043726E-10i;1.8097228358800466E-8+4.980881439984733E-11i;-2.1786155153903395E-8;-1.1594790851410377E-7-1.3162517389960223E-17i;-5.452931969136352E-9-3.4956273007411214E-18i;-1.6661272778280437E-7-2.6750842911705585E-17i;-5.264045191891487E-8+8.305557059887968E-18i;-7.410713996699978E-8-2.29929978746698E-17i;1.0918749507399704E-7;1.07961333067694E-7+3.557078550066133E-17i;-1.0111841623674484E-7-1.4634136325494005E-17i;1.3505032695997007E-7+1.3828314667788686E-17i;-6.486131314901252E-8;2.2533086313549703E-7-1.857050447747794E-16i;-1.4164976461565792E-7;-8.828108009783303E-8-1.8924053171089353E-16i;-1.2128052269543049E-7-2.9519172209414455E-17i;6.592137252093463E-8-9.105253931669E-17i;7.838242148300095E-9-1.2378628021874826E-17i;1.388324703142621E-7+5.899029077832617E-17i;7.506864309032374E-8+4.245945586452065E-16i
-7.698641227295061E-8-9.778701799986973E-12i;2.978043631669914E-7-9.361713613542462E-11i;-7.965770006380963E-8+1.1075157997453683E-10i;1.4031059552769113E-7-1.1110730002861845E-11i;2.6810128890974275E-7-1.2458072347458853E-10i;3.4636095091185916E-8+4.079711142618088E-11i;-1.7351811300673418E-8;-9.047169399550151E-8-1.0406784567976865E-17i;-3.9507830200621E-9+4.763503557386818E-19i;-1.5374502449137732E-7-2.2503932786379567E-17i;-1.0967362874937941E-7;-1.106111751265512E-7-3.0448810995632737E-17i;8.49720893208439E-8;1.1170454109752679E-7+4.7235658153960887E-17i;-1.0223360288175885E-7-1.3056928238468326E-17i;1.0160703145942969E-7+1.0766947180312796E-17i;-1.1424816442592643E-7-1.1984151099379174E-17i;2.2504212354263544E-7-2.0445218508129157E-16i;-1.4862913757283533E-7;-8.39556625014195E-8-2.4307475311391365E-16i;-1.0998888381320702E-7-2.5638966146337237E-17i;1.28915442114854E-7-1.4796891032226582E-16i;3.825889614007594E-9-1.1460594115020295E-16i;1.4999695654748807E-7+5.955619752111201E-17i;7.231759023068166E-8+3.958218089252566E-16i
-5.506530795040026E-8-7.2465799571493874E-12i;2.858289182216308E-7-7.859521976764308E-11i;-9.434899316510887E-8+1.2257896045701398E-10i;1.1817969487079669E-7-1.379465649536066E-11i;2.665150858366213E-7-1.433453351407613E-10i;5.11749618055052E-8+3.178540847526369E-11i;-1.4007823084392528E-8;-6.479118521547467E-8-7.492287974187868E-18i;-2.661742467463211E-9-1.4788362191100116E-18i;-1.439503657780677E-7-2.0245219626492092E-17i;-1.5456994998545707E-7;-1.3956686872283512E-7-3.9882664581231E-17i;6.074209206627427E-8-1.3424362427103596E-17i;1.1493598507654653E-7+6.807820523872261E-17i;-1.0337935148060544E-7-2.4074159678243428E-17i;7.055676560869034E-8-1.7842432101282344E-17i;-1.5419864712260893E-7-1.880354903553352E-17i;1.9037047460821418E-7-1.7394790061765938E-16i;-1.291071886388923E-7+2.0078101885308807E-17i;-8.1028221012145E-8-1.659301743407147E-16i;-8.79537546549502E-8-2.722204108549995E-17i;1.801052791747593E-7-1.9248305865457124E-16i;1.3753981155050417E-9-1.688683005502206E-16i;1.3254440896932327E-7+6.00737670150271E-17i;6.83515263227784E-8+3.8540422302535064E-16i
-3.314420363895289E-8-4.7144581079581066E-12i;2.738534732373719E-7-6.357330339326771E-11i;-1.0904028627269623E-7+1.3440634093211223E-10i;9.604879420603016E-8-1.6478582993293698E-11i;2.64928882798028E-7-1.6210994682404692E-10i;6.771382850522133E-8+2.2773705546159767E-11i;-1.1768554938982524E-8;-3.894587259468347E-8-4.402808647387133E-18i;-1.5328331130262605E-9-9.885032066601925E-19i;-1.373448542964969E-7-1.801160409146085E-17i;-1.8555233914420114E-7;-1.596484960734464E-7-4.648180022631811E-17i;3.6472992374396506E-8-1.9976812289976783E-17i;1.1731563467896024E-7+6.48867512439316E-17i;-1.0428190713973182E-7-2.470814307028613E-17i;4.146541971888004E-8-3.8539140505240216E-17i;-1.823300301900458E-7-2.685530724802512E-17i;1.269855895352356E-7-1.113566129314673E-16i;-8.737666955167556E-8+2.4748142139240288E-17i;-7.928058849629219E-8+4.738780975478713E-17i;-5.681808059606231E-8-1.7915091480281622E-17i;2.1621457103217279E-7-1.9215907214879071E-16i;1.8431333724465005E-10-2.1789578557222237E-16i;9.063928488759228E-8+4.743753054340049E-17i;6.460102536448504E-8+3.9593476461825363E-16i
-1.1223099341164044E-8-2.182336250581006E-12i;2.618780282071329E-7-4.8551387014696714E-11i;-1.237315793811678E-7+1.4623372139511946E-10i;7.391789353247085E-8-1.9162509500283958E-11i;2.633426798024818E-7-1.8087455853507406E-10i;8.425269519387783E-8+1.3762002638902405E-11i;-1.0646463301890991E-8;-1.2993963766672604E-8-1.6423805997043048E-18i;-5.015959897044807E-10+5.451386795784015E-18i;-1.3401613804718148E-7-1.6222812042982602E-17i;-2.0137060754575372E-7;-1.6993760088838039E-7-4.59282079208629E-17i;1.2162982211806091E-8-1.9702543202755955E-17i;1.1856106207642708E-7+4.361550246830618E-17i;-1.0478565104790366E-7;1.3645509816465478E-8-2.582744577267135E-17i;-1.9684313989494916E-7-3.3730524000457704E-17i;4.4535373735983015E-8-5.359636763371095E-17i;-3.090564001134137E-8+1.1971169105102642E-17i;-7.850703120518351E-8+3.766614526997975E-16i;-1.9579098458072487E-8;2.348857390331569E-7-1.7251540141982056E-16i;-8.322235641144965E-11-2.870489999660883E-16i;3.216023742767159E-8+1.7359749856698128E-17i;6.240460838709565E-8+4.4004477931025964E-16i
1.0698004940379413E-8+3.4978561617684883E-13i;2.49902583122406E-7-3.352947063454622E-11i;-1.384228724849498E-7+1.5806110184060705E-10i;5.1786992849365553E-8-2.184643601903725E-11i;2.61756476860075E-7-1.9963917028436817E-10i;1.0079156187507653E-7+4.750299753318769E-12i;-1.064688217552105E-8;1.2993735368720955E-8+1.4662101162135935E-18i;4.945057174276095E-10+1.098311582868837E-18i;-1.3401493920822544E-7-1.584509757231897E-17i;-2.0136978353723858E-7;-1.6993941565090312E-7-4.583447278993559E-17i;-1.214804677925443E-8-2.432966218415031E-17i;1.1855368046537271E-7+5.523683602165802E-17i;-1.0479094383212135E-7-1.8496712171837317E-17i;-1.3697688636160804E-8-4.764375110100017E-17i;-1.9682250684361313E-7-3.7542117929484125E-17i;-4.455798341415789E-8+1.9314098683016786E-17i;3.0719756374090825E-8+4.7627813220029577E-17i;-7.859786500045122E-8+7.122444589583702E-16i;1.9768458740830546E-8;2.3486025081385764E-7-1.6457126313494786E-16i;-4.400865433388054E-11-2.748338420572622E-16i;-3.208596823169024E-8+2.1034758557783255E-17i;6.249600821776485E-8+5.464412251914781E-16i
3.2619109203691744E-8+2.881907493494441E-12i;2.3792713797661962E-7-1.850755425431647E-11i;-1.531141655797799E-7+1.6988848226490595E-10i;2.965609215622444E-8-2.4530362552136348E-11i;2.6017027397901144E-7-2.1840378208068368E-10i;1.173304285517838E-7-4.261403111101527E-12i;-1.1769666177635068E-8+1.4289584773128173E-18i;3.894509127104538E-8+4.4530446568705045E-18i;1.5247211871306453E-9+2.9840572806054557E-18i;-1.373427511229836E-7-1.6613749631230083E-17i;-1.8554947999020114E-7;-1.5964890675270125E-7-4.0834157570640035E-17i;-3.645140442769679E-8-2.32959616252962E-17i;1.1730688730620317E-7+4.423772181003931E-17i;-1.0428705534819777E-7-1.1007783379005492E-17i;-4.1494583022796116E-8-4.839278838525195E-17i;-1.823000062908627E-7-3.892405402857608E-17i;-1.2700694061099773E-7+8.10940857183193E-17i;8.719557779510273E-8+5.824781801063975E-17i;-7.953433949779598E-8+1.0406318924772309E-15i;5.697773471087158E-8+1.629986124544181E-17i;2.1615917783520615E-7-1.2989084520110976E-16i;-3.0270827059510773E-10-2.668608377055743E-16i;-9.053841334923022E-8+1.3425410887843099E-17i;6.486026386593103E-8+6.556562789782836E-16i
5.454021344769501E-8+5.414029381256406E-12i;2.2595169276736794E-7-3.4856378753998676E-12i;-1.678054586639061E-7+1.8171586266716213E-10i;7.52519145275076E-9-2.7214289100321182E-11i;2.58584071163073E-7-2.371683939289998E-10i;1.3386929522557716E-7-1.3273105955581475E-11i;-1.40098165591273E-8+2.597693872445343E-18i;6.479057053326728E-8+6.968080480899615E-18i;2.654416779311541E-9-5.733715273154038E-19i;-1.4394935278704263E-7-1.807863011771317E-17i;-1.5456461333504058E-7;-1.3956212315956728E-7-3.493291464725599E-17i;-6.07277314202197E-8-2.4497490386135253E-17i;1.149338365965903E-7+4.549925751268522E-17i;-1.0337811911822023E-7-1.492131337430794E-17i;-7.058992810588637E-8-6.721226141625135E-17i;-1.5416769212205676E-7-3.813909862530739E-17i;-1.9040101380670407E-7+1.3194454130075238E-16i;1.2892205832777366E-7+7.824113407362721E-17i;-8.139937980492113E-8+1.2756830268434799E-15i;8.809611266357949E-8+1.6102927722292238E-17i;1.800063732720593E-7-9.736464453964996E-17i;-1.4467512828602538E-9-2.191779980940058E-16i;-1.324668772623301E-7+1.891584959289745E-17i;6.87364077649564E-8+7.780449242873666E-16i
7.646131767184207E-8+7.946151278814082E-12i;2.139762474971473E-7+1.1536278501688901E-11i;-1.8249675173879079E-7+1.9354324305005386E-10i;-1.46057092616235E-8-2.9898215662855954E-11i;2.5699786841047485E-7-2.55933005829942E-10i;1.5040816189596467E-7-2.2284808781351384E-11i;-1.7355568437837787E-8+3.742633073398918E-18i;9.047106843510232E-8+9.907384666694157E-18i;3.943098588266603E-9-4.936020705232789E-18i;-1.537440482725854E-7-2.0670822106726222E-17i;-1.0967067077224163E-7;-1.1061215250823496E-7-2.698268501471127E-17i;-8.496075556836925E-8-2.4213309963136593E-17i;1.1169396066216632E-7+4.802303359314107E-17i;-1.0223819326244557E-7-1.837681814599012E-17i;-1.0162901017590485E-7-8.254901690659352E-17i;-1.1420209508892876E-7-3.6240395980701297E-17i;-2.250689661186599E-7+1.581557457313003E-16i;1.4844986665048475E-7+1.0010725198778298E-16i;-8.437392502655237E-8+1.3933930289705152E-15i;1.1009138480556541E-7+1.4571629128441035E-17i;1.2879345430283547E-7-6.324483452913433E-17i;-3.893651322535072E-9-1.4849711811776373E-16i;-1.4987540020797756E-7+2.7850722479725823E-17i;7.277807285821124E-8+8.58674407178867E-16i
9.838242187508719E-8+1.0478273184513952E-11i;2.0200080217244668E-7+2.6558194877550032E-11i;-1.9718804480940227E-7+2.0537062341878044E-10i;-3.673660998844931E-8-3.258214223715502E-11i;2.5541166571497166E-7-2.746976177776466E-10i;1.669470285599997E-7-3.12965115886939E-11i;-2.179114890558021E-8+4.212194519232592E-18i;1.1594687195845818E-7+1.3620205489779435E-17i;5.44460474663968E-9-7.046368724454652E-18i;-1.6661126149900524E-7-2.3904395843481774E-17i;-5.2641019584034945E-8;-7.411338001960507E-8-1.516991739218561E-17i;-1.0917681223232535E-7-2.0038133633486364E-17i;1.0794817207352058E-7+4.3886788964556887E-17i;-1.0112652413175448E-7-1.5744540298795132E-17i;-1.3505208652998262E-7-8.298695901444941E-17i;-6.482126812697342E-8-2.699240473917554E-17i;-2.2535435046480106E-7+1.4737468462937072E-16i;1.4147161150648846E-7+1.044747713619224E-16i;-8.868149945470274E-8+1.3831963258681183E-15i;1.2133265192584904E-7+1.3747602829545434E-17i;6.580793944842407E-8-2.906989717927282E-17i;-7.875367617037415E-9-8.631145209765175E-17i;-1.3869902298029523E-7+3.0752576067261455E-17i;7.549151794347393E-8+8.846917322552092E-16i
1.2030352605598466E-7+1.3010395095946212E-11i;1.9002535680252277E-7+4.1580111254705E-11i;-2.1187933788269964E-7+2.1719800378012538E-10i;-5.886751072997126E-8-3.526606881979397E-11i;2.53825463067507E-7-2.934622297629884E-10i;1.834858952135417E-7-4.0308214377754403E-11i;-2.7297279712916175E-8+6.021266041107713E-18i;1.4120362885347103E-7+1.65006822781828E-17i;7.204887632481274E-9-1.0027497168010257E-17i;-1.824374800652008E-7-2.874796074714474E-17i;1.4390487003311037E-8+2.2805473868807576E-18i;-3.162982136468154E-8;-1.3345820414615445E-7-1.7387232766770433E-17i;1.0415672833999532E-7+4.413793897502184E-17i;-1.0036381556838865E-7-1.747460284261713E-17i;-1.7105834814393227E-7-8.705899511443748E-17i;-8.837667280224614E-9-1.8780297749935502E-17i;-1.9029040132692954E-7+1.0714210295208314E-16i;1.073208089925652E-7+1.1265187875072634E-16i;-9.456170319564715E-8+1.221722154582841E-15i;1.21770199177378E-7;-5.109452783912144E-9+5.2894998629624765E-18i;-1.335749038042351E-8-6.634322286552487E-18i;-9.935653328643592E-8+4.3064350418744646E-17i;7.566379011786223E-8+8.573785042851601E-16i
1.4222463021307408E-7+1.5542517009591008E-11i;1.7804991139856561E-7+5.660202763344114E-11i;-2.2657063096593467E-7+2.2902538414173622E-10i;-8.099841148866424E-8-3.794999540643948E-11i;2.5223926045724686E-7-3.1222684177532626E-10i;2.0002476185262117E-7-4.931991714952688E-11i;-3.3852521303348255E-8+8.065827005934754E-18i;1.6625981402730733E-7+1.9717112637825E-17i;9.263416247920749E-9-9.98091351873169E-18i;-2.0114309483226526E-7-3.4334802676173366E-17i;8.90808157196455E-8;1.514308410733059E-8+9.824264831857391E-18i;-1.5799649122798642E-7;1.0085871998310762E-7+2.8021115975915375E-17i;-1.0034547390558644E-7;-2.0973263868879835E-7-8.560129977587013E-17i;5.089710386825542E-8-6.4335895741719285E-18i;-1.2344961089946587E-7+5.212939316027963E-17i;4.8812829781088326E-8+9.809339393586433E-17i;-1.0228439075141092E-7+9.434111656456236E-16i;1.1290706779736836E-7+1.5621742853345565E-17i;-8.005377217548204E-8+6.20278425154835E-17i;-2.0111583465933995E-8+7.372930705321939E-17i;-3.63166342879772E-8+5.645491857672928E-17i;7.272324612466226E-8+7.287961095905926E-16i
1.641457343446838E-7+1.8074638922211016E-11i;1.66074465972972E-7+7.162394401563085E-11i;-2.412619240661633E-7+2.4085276451113084E-10i;-1.0312931226731267E-7-4.0633921992424074E-11i;2.506530578724019E-7-3.30991453803923E-10i;2.1656362847374185E-7-5.833161990534137E-11i;-4.1435376895673564E-8+9.719808259388438E-18i;1.9117423879322582E-7+2.310274809005889E-17i;1.165568137079889E-8-9.291020513217809E-18i;-2.227281839476336E-7-4.038350341114989E-17i;1.6908543951811723E-7;6.45434519594075E-8+2.6908731796378427E-17i;-1.8316554451738369E-7;9.866502542563596E-8+1.605788623937598E-17i;-1.0155536580117738E-7;-2.512806431928463E-7-6.771124613570037E-17i;1.1195617266678847E-7;-3.208210445473495E-8-3.8452453821062905E-17i;-2.8510972876948802E-8+7.757676938976028E-17i;-1.1220761159414482E-7+5.870731321861283E-16i;9.754508249640074E-8+1.6843929432252093E-17i;-1.5579014720693904E-7+1.0253538259924011E-16i;-2.7822252303570378E-8+1.3790184789550564E-16i;4.319339035090987E-8+5.732041439451233E-17i;6.700617468296074E-8+5.470270868071401E-16i
1.860668384483672E-7+2.0606760831092473E-11i;1.5409902053878723E-7+8.664586040350657E-11i;-2.559532171902217E-7+2.526801448936353E-10i;-1.2526021306931554E-7-4.331784857393934E-11i;2.490668553006382E-7-3.4975606583453687E-10i;2.331024950736154E-7-6.734332264503547E-11i;-5.002684721830969E-8+1.1944557319618499E-17i;2.1605347345214492E-7+2.6140037256555655E-17i;1.4419361871441746E-8-1.1329216022285989E-17i;-2.4733150323448607E-7-4.715141328070058E-17i;2.5228668762669357E-7;1.1512382145008729E-7+4.2406763359909353E-17i;-2.0963382241406928E-7;9.827162246732743E-8;-1.0460665026952765E-7+1.2164345420916951E-17i;-2.9644392584925987E-7-7.091524463897588E-17i;1.729178694870979E-7;7.44911972107413E-8-1.3417753561167202E-16i;-1.1778135357574482E-7+5.560137123565775E-17i;-1.249445234208053E-7+1.7430182150785382E-16i;7.936502775569052E-8;-2.3079405650021918E-7+1.5112149612027516E-16i;-3.625248019435126E-8+2.1407020857136255E-16i;1.314005123223467E-7+7.283554656357785E-17i;5.983773710283715E-8+3.651395798175666E-16i
2.0798794252516723E-7+2.3138882733629514E-11i;1.4212357510620774E-7+1.0166777679859098E-10i;-2.7064451033869215E-7+2.6450752528942583E-10i;-1.4739111389470344E-7-4.6001775147513846E-11i;2.474806527320699E-7-3.6852067785748653E-10i;2.49641361653787E-7-7.635502537067545E-11i;-5.961410495364157E-8+1.3589348860162035E-17i;2.410598204724348E-7+2.905252586301537E-17i;1.7603801701282055E-8-1.1337091020946065E-17i;-2.753066983017143E-7-5.3444257904013834E-17i;3.370396792906934E-7;1.65844459656083E-7+6.034357315750088E-17i;-2.385280061074762E-7;1.0050288357942379E-7;-1.1032451558843461E-7+2.1945871519319118E-17i;-3.471431605182411E-7-5.879976375336846E-17i;2.3411303799155162E-7;1.8701551667561725E-7-2.3855475203857493E-16i;-2.126957088987245E-7+2.867266253693535E-17i;-1.4168649208764208E-7-2.3848969168556054E-16i;6.247723214044026E-8;-3.067763414501344E-7+1.9386663866895906E-16i;-4.549373107711606E-8+2.7089336703691546E-16i;2.2306743121183545E-7+6.151323167908383E-17i;5.350804519918147E-8+1.4794909896458713E-16i
-2.1545837760367126E-7-2.4401558039150932E-11i;3.728752892659119E-7-1.8609586862907908E-10i;-6.119909756584052E-9+5.4017721197065616E-11i;2.823240540616696E-7+5.186772423447733E-12i;2.825980063606517E-7-1.483165393376747E-11i;-5.213924121010086E-8+9.059429138951918E-11i;-1.4975688544245364E-8-5.919140389745744E-18i;-2.627326982761048E-7-3.0402701927640416E-17i;3.3714495194644104E-8-7.229758164743117E-18i;-2.4580547668789404E-7-4.979410135964257E-17i;3.454106170380546E-7;1.9323487253394787E-7+6.320966964280675E-17i;1.8825440843571942E-7+6.311403109386188E-17i;1.4411082223611067E-7;-8.262426070084156E-8+1.690475758353584E-17i;3.5497249803657813E-7+1.899207898188934E-16i;1.60536080947322E-7+2.6774367890777544E-17i;-1.9610123270863913E-7+1.1372448121788637E-16i;2.58873361364782E-7+1.3446735935504892E-16i;-2.073185846275851E-7+2.9173410192534437E-15i;-1.3299375138336635E-7+1.5259328803162527E-17i;-2.9406613280664794E-7+1.505032429694975E-16i;-1.82445185663476E-8+1.9709038660040668E-16i;-1.7323749319651023E-7-6.913962820986314E-17i;-8.127754143249157E-8-4.3110745424220743E-16i
-1.9353727326098115E-7-2.1869436298289703E-11i;3.608998447573294E-7-1.7107395231207699E-10i;-2.0811202764715094E-8+6.5845101669277E-11i;2.6019315340309404E-7+2.5028460188110594E-12i;2.8101180289406993E-7-3.359626535507162E-11i;-3.560037433894248E-8+8.15825882469724E-11i;-5.980169017269378E-9-6.607514013296748E-18i;-2.3556416598960614E-7-2.7323438240185627E-17i;3.18349983526565E-8-1.3635670699006485E-17i;-2.1712426466038274E-7-4.3517563084628956E-17i;2.59816572731052E-7;1.3751811262521525E-7+4.3154827568996834E-17i;1.6398777555826388E-7+4.3583442594791973E-17i;1.3152314652497327E-7+3.0740567377574215E-17i;-8.427049097013797E-8-1.2117702613855574E-17i;3.015133430244287E-7+1.2637108696407341E-16i;1.1591095910489544E-7+2.325636676691841E-17i;-8.202381289032397E-8+2.998393122332858E-17i;1.518318366311992E-7+1.4214789714159994E-16i;-1.8682740590905516E-7+2.146331569681406E-15i;-1.4163882274691093E-7-2.4718059570211026E-17i;-2.199237195064332E-7+7.057600223198483E-17i;-1.8217796665700014E-9+2.292040381880608E-16i;-1.0557759973983192E-7-2.3120640954159743E-17i;-6.255929791242102E-8-3.316403160261797E-16i
-1.7161616892016013E-7-1.9337314546657444E-11i;3.48924400196742E-7-1.5605203598542015E-10i;-3.550249579256608E-8+7.76724821501027E-11i;2.3806225274526887E-7-1.8108039301603503E-13i;2.794255994737402E-7-5.236087679957457E-11i;-1.9061507493771356E-8+7.257088513112936E-11i;2.1471958538942974E-9-6.462710169069891E-18i;-2.085111544564225E-7-2.3851314680160055E-17i;2.9618133033755408E-8-6.5236373277196006E-18i;-1.91625046475724E-7-3.7507551464950584E-17i;1.7589115679021364E-7;8.21247669594517E-8+2.6018876609448007E-17i;1.4195871140237706E-7+3.4358637763699195E-17i;1.2190067868891672E-7;-8.870366283252951E-8;2.540086758364497E-7+1.086210148236685E-16i;7.118715117496296E-8+1.908545132854946E-17i;2.5931663758851072E-8-3.859572227013073E-17i;5.147759820014944E-8+7.231509065782684E-17i;-1.727387937413706E-7+1.4822506837020134E-15i;-1.531039229087856E-7-2.972666772836248E-17i;-1.467485681413723E-7+6.401772435733662E-17i;1.404459511117776E-8+1.8817366593110235E-16i;-4.0710729665714596E-8-2.609742364831812E-17i;-4.817943056957297E-8-3.4400948310224416E-16i
-1.4969506458448663E-7-1.6805192782662852E-11i;3.3694895557954405E-7-1.4103011965060868E-10i;-5.0193788849147126E-8+8.949986264515169E-11i;2.1593135208516512E-7-2.865006813229959E-12i;2.778393961028887E-7-7.112548826702434E-11i;-2.522640683487641E-9+6.355918204713821E-11i;9.367918048882526E-9-6.09825374564802E-18i;-1.8139692354401163E-7-2.0764631099078144E-17i;2.698421504162399E-8;-1.6905823233173786E-7-3.1366748187083173E-17i;9.52608421438661E-8+1.1667839503783998E-17i;2.813239894062092E-8+1.0184210755503768E-17i;1.2132186466131525E-7+2.483959853723831E-17i;1.1444200930761651E-7;-9.501683700912693E-8+1.009580129033831E-17i;2.105766914014202E-7+8.623881933311544E-17i;2.6255219506356348E-8+7.043621696180726E-18i;1.1855332522444616E-7-1.1187384247047395E-16i;-3.561758972178487E-8+1.597813580190955E-17i;-1.630967889616836E-7+9.388462254878637E-16i;-1.6223135493500725E-7-2.2120144085482946E-17i;-7.299426835616146E-8+5.331123146553043E-17i;2.7772152290999603E-8+1.3925351923452182E-16i;1.77869102023484E-8-2.2342691229954045E-17i;-3.8454765481801403E-8-3.8889621738224935E-16i
-1.2777396025465869E-7-1.4273071009828531E-11i;3.249735109189384E-7-1.2600820330591878E-10i;-6.488508193183138E-8+1.0132724315210293E-10i;1.9380045142097082E-7-5.548933237518541E-12i;2.762531927683247E-7-8.989009974756448E-11i;1.4016226095577724E-8+5.4547478991580704E-11i;1.5643147894009454E-8-5.392374150856452E-18i;-1.5410565557808644E-7-1.7589148796572868E-17i;2.3889912719128645E-8+3.6567897019714E-18i;-1.4936860107746966E-7-2.6347277742606698E-17i;2.0033681421859558E-8+8.450418655178721E-18i;-2.2922133551759387E-8-4.582860939769337E-18i;1.0157703391806763E-7+1.3535555139779582E-17i;1.0863499515351407E-7+1.1508500934287392E-17i;-1.0237674671493379E-7;1.705242649608276E-7+5.902008922516501E-17i;-1.7749396164262002E-8+3.267403564127245E-18i;1.8652079809491064E-7-1.7146383613660492E-16i;-1.02117109735585E-7+1.3578069020642854E-17i;-1.5674687766886735E-7+5.227075663026971E-16i;-1.6476701916695835E-7-3.1419893291754085E-17i;-2.03171795585402E-10-6.508784653612227E-19i;3.77027178712942E-8+1.0026155817175049E-16i;6.439790082187617E-8;-3.3668751347628885E-8-4.1264183120502423E-16i
-1.0585285593149929E-7-1.1740949230718615E-11i;3.129980662243261E-7-1.1098628695117401E-10i;-7.957637503744855E-8+1.131546236680716E-10i;1.7166955075111704E-7-8.232859663857503E-12i;2.7466698946066765E-7-1.0865471123400737E-10i;3.0555092846980234E-8+4.553577596160884E-11i;2.0936055987576086E-8-4.974276922129548E-18i;-1.265743534362659E-7-1.4669534272163224E-17i;2.0329069955879177E-8;-1.3262342342726698E-7-2.2865122151791206E-17i;-4.745024934018056E-8+8.148548308906497E-18i;-6.925772573396786E-8-2.3488893529576236E-17i;8.243164845861511E-8;1.0414677541080635E-7+3.0475837432513426E-17i;-1.0999460614879985E-7-1.5138439695863508E-17i;1.3366837847243908E-7;-5.899091738899525E-8-6.214613326355585E-18i;2.2257182007855648E-7-1.854119763606506E-16i;-1.4205607453621176E-7+2.0392143073929585E-17i;-1.5288211269105544E-7+2.4257667384494616E-16i;-1.5759929459215895E-7-4.066222520845843E-17i;6.849169993233839E-8-3.608778446131009E-17i;4.2500616736207575E-8+8.886591442395171E-17i;9.395480705873764E-8;-3.347147627018375E-8-4.760935622114743E-16i
-8.393175161616691E-8-9.208827446502667E-12i;3.0102262149991806E-7-9.596437058695144E-11i;-9.426766816217131E-8+1.2498200418869754E-10i;1.4953865007424329E-7-1.0916786091787212E-11i;2.7308078617579904E-7-1.2741932272450252E-10i;4.709395957412145E-8+3.652407295525941E-11i;2.521401509221721E-8-4.451722503611294E-18i;-9.878473000729763E-8-1.1962203521622212E-17i;1.633208913879276E-8-2.0478807708546495E-18i;-1.1895409570898879E-7-1.8605894043714034E-17i;-1.0485269804713002E-7;-1.0905200005552448E-7-3.3863466606554956E-17i;6.370474048234833E-8-1.2565382487272915E-17i;1.0075344995803747E-7+5.89443181471382E-17i;-1.1713736525522382E-7-2.89663217086929E-17i;9.989882751922247E-8-2.991386936735496E-17i;-9.53542367574554E-8-1.4456374574009094E-17i;2.2311206784215875E-7-1.9930225134833747E-16i;-1.523929304851923E-7+4.605650464213265E-17i;-1.508375339709694E-7+1.6502187609736777E-16i;-1.3907737764601317E-7-4.720408959896608E-17i;1.2937650510449468E-7-1.0365641940944641E-16i;4.146890361153743E-8+2.7320641897590044E-17i;1.0323088372887078E-7+1.1438256687978915E-17i;-3.67552176722136E-8-5.045750511963911E-16i
-6.201064731047052E-8-6.676705657287689E-12i;2.890471767443258E-7-8.094245421315652E-11i;-1.0895896130155532E-7+1.3680938470939022E-10i;1.2740774938911297E-7-1.360071252141604E-11i;2.714945829155673E-7-1.4618393422102443E-10i;6.363282628021898E-8+2.7512369972168906E-11i;2.8447967062151754E-8-3.8692285778106175E-18i;-7.075569289394171E-8-8.778549170436615E-18i;1.1958316024866652E-8+1.3376211098595232E-18i;-1.0852167577916005E-7-1.5149234772948094E-17i;-1.5002644809948111E-7;-1.4060200651529514E-7-4.0221319873366753E-17i;4.5286145502902555E-8-1.5394079750332325E-17i;9.831285145305862E-8+6.135789484973213E-17i;-1.2314300013955244E-7-2.4595395518094848E-17i;6.896584801443614E-8-2.4211587963815672E-17i;-1.247618649346131E-7-1.5758450092510228E-17i;1.8910837394228416E-7-1.781017496087508E-16i;-1.3384612485763742E-7+4.773345415340024E-17i;-1.499817022586114E-7+2.7081980658785455E-16i;-1.0922119954833022E-7-3.583084900793347E-17i;1.787676714036028E-7-1.4329556157160103E-16i;3.46517609008148E-8-7.255122317029253E-17i;9.196128508423088E-8;-4.171162449665631E-8-5.418844234643623E-16i
-4.00895430168653E-8-4.14458386225443E-12i;2.770717319514694E-7-6.592053783153252E-11i;-1.2365025445034716E-7+1.4863676522455454E-10i;1.0527684869462523E-7-1.6284638955348377E-11i;2.6990837968711663E-7-1.6494854573104777E-10i;8.017169296865086E-8+1.8500667012256327E-11i;3.0616725931417814E-8;-4.2535721592863623E-8-5.317186311008328E-18i;7.2954664896561875E-9+6.029770013568467E-18i;-1.0147228257022798E-7-1.2516263729336159E-17i;-1.811937493644481E-7;-1.624815394117977E-7-4.5192229714672135E-17i;2.7088608470498462E-8-1.7031693127662106E-17i;9.67348978458877E-8+4.54027908184831E-17i;-1.2746576513206592E-7-1.5194017797356802E-17i;4.035576971773543E-8-2.6493214916828386E-17i;-1.454390318409022E-7-2.110027487493205E-17i;1.262962484605256E-7-1.2529419971504458E-16i;-9.114685705756583E-8+3.6251428738870515E-17i;-1.497922688076729E-7+5.154259883229331E-16i;-6.979935601832955E-8-1.0252999890881428E-17i;2.135389004982869E-7-1.4539831583952802E-16i;2.294920491649013E-8-1.7366335170724398E-16i;6.311960360754845E-8-2.7494638277404187E-17i;-4.642737159794819E-8-5.788060378926491E-16i
-1.816843873837025E-8-1.6124620592830033E-12i;2.650962871116045E-7-5.089862144474276E-11i;-1.3834154760244287E-7+1.6046414572887174E-10i;8.31459479897537E-8-1.8968565397679544E-11i;2.683221765017756E-7-1.8371315726716598E-10i;9.671055964316501E-8+9.488964076098013E-12i;3.170456772838162E-8;-1.4191782696880397E-8-2.584319215516252E-18i;2.4508774475785654E-9+1.3911777001093597E-18i;-9.791742625508725E-8-1.0497347608918096E-17i;-1.9710736208179742E-7;-1.7368853188969237E-7-4.8070454539761096E-17i;9.016249318298007E-9-2.3413991704406167E-17i;9.595861299704097E-8+6.274776692676561E-17i;-1.2972825514897373E-7-2.663345044181019E-17i;1.324969996497135E-8-5.078082369133126E-17i;-1.5611520638902818E-7-2.70192323310261E-17i;4.429819901065636E-8-6.378021259778046E-17i;-3.235202988022219E-8+7.352592303438874E-17i;-1.4985335530060763E-7+8.339894068265228E-16i;-2.3929227019098596E-8-1.0453804176846636E-17i;2.3150216580117325E-7-1.7497106826672235E-16i;7.988421893417623E-9-2.240487036326609E-16i;2.236814872857681E-8-2.587812969571362E-17i;-4.921559493823896E-8-5.156556239598831E-16i
3.752665521625029E-9+9.196597539255631E-13i;2.531208422121204E-7-3.5876705055469776E-11i;-1.530328407502553E-7+1.7229152621463281E-10i;6.101504727367814E-8-2.165249185254043E-11i;2.6673597337429017E-7-2.024777688441253E-10i;1.1324942630854878E-7+4.772611638075324E-13i;3.1704261162084636E-8;1.4193144368026961E-8;-2.4560897688069623E-9+4.4624599511544325E-18i;-9.79166856373612E-8;-1.9710652106348708E-7;-1.7368703262949252E-7-4.3110728007036456E-17i;-9.000765060500946E-9-1.9424487104930686E-17i;9.595856884243672E-8+4.878975114036835E-17i;-1.2972727364483755E-7-1.47542181360445E-17i;-1.3297523202776342E-8-3.157027803926419E-17i;-1.5610765866573498E-7-3.091366899474013E-17i;-4.431790884280641E-8-5.092330815858866E-18i;3.201298428882343E-8+7.970128130322823E-17i;-1.499460575003629E-7+1.2134046498863215E-15i;2.4126672555313824E-8+6.999363491009459E-18i;2.3146816284150595E-7-1.6958718526968413E-16i;-8.095740694304921E-9-3.0401260919597365E-16i;-2.2495399282505895E-8-4.4606001793843744E-17i;-4.9155184467496275E-8-4.3790816400969354E-16i
2.5673769760359138E-8+3.451781579205279E-12i;2.411453972427611E-7-2.0854788665574578E-11i;-1.677241338881501E-7+1.8411890667630818E-10i;3.888414654572512E-8-2.433641832343376E-11i;2.651497703168465E-7-2.2124238047442815E-10i;1.2978829296846454E-7-8.534441724480357E-12i;3.061552961372005E-8;4.2536672339719286E-8;-7.300796789893866E-9+3.8812481789466524E-18i;-1.014704917389398E-7;-1.8119260296320313E-7;-1.6247827861138945E-7-3.8696654536776023E-17i;-2.70713889249006E-8-1.91863411323595E-17i;9.673579687850165E-8+4.177024738399585E-17i;-1.2746149444028362E-7;-4.039217553968953E-8-2.906258562559882E-17i;-1.4542720837784325E-7-2.8814482006470524E-17i;-1.263043902067331E-7+5.661852671458378E-17i;9.080092863638824E-8+9.365133426387638E-17i;-1.500475541958267E-7+1.5461717682822596E-15i;6.996870780911473E-8+2.4607483434245204E-17i;2.134570037986432E-7-1.511347927914096E-16i;-2.3036818715028723E-8-3.284428583194398E-16i;-6.323363939704919E-8-4.456789423784856E-17i;-4.6245738858724767E-8-3.418417093913897E-16i
4.7594873975881084E-8+5.983903417249719E-12i;2.2916995219805752E-7-5.8328722769601794E-12i;-1.824154270137399E-7+1.959462871127266E-10i;1.6753245805321035E-8-2.7020344812471954E-11i;2.6356356733690416E-7-2.400069921667862E-10i;1.4632715962476116E-7-1.7546144589609914E-11i;2.8445115040485446E-8;7.075644029281385E-8;-1.1964012671970576E-8+4.048153885198474E-18i;-1.0852001340597865E-7;-1.5002379183446237E-7;-1.4059912595269234E-7-2.951175580310012E-17i;-4.526891632509764E-8-1.441334229474662E-17i;9.830947467201071E-8+3.143746779206833E-17i;-1.231402370565237E-7;-6.898591570034132E-8-1.907002050402295E-17i;-1.247375727184161E-7-2.266597719353896E-17i;-1.8913214960080297E-7+9.599051040224305E-17i;1.3352273165395375E-7+1.0413678250824675E-16i;-1.5034897981303987E-7+1.801825086773705E-15i;1.093560300055123E-7+3.812495396668661E-17i;1.7864517294086025E-7-1.23936770339274E-16i;-3.472893772135821E-8-3.384779928494429E-16i;-9.205912855971803E-8-4.7173107412042045E-17i;-4.141907132582043E-8-2.294540394316757E-16i
6.95159781678519E-8+8.51602526722891E-12i;2.1719450708145285E-7+9.189044109775432E-12i;-1.9710672012925732E-7+2.0777366752762325E-10i;-5.377654948046469E-9-2.970427131860079E-11i;2.619773644316334E-7-2.587716039204386E-10i;1.6286602627647615E-7-2.65578474329445E-11i;2.5209469030024957E-8;9.87853255281721E-8;-1.633804146810677E-8-5.135093288994445E-18i;-1.1895251251348838E-7-1.2915112177946684E-17i;-1.0485057754842828E-7;-1.0905171120960688E-7-2.281924078216743E-17i;-6.369061517482929E-8-1.5903863098339615E-17i;1.0074526206189428E-7+4.256843528363407E-17i;-1.1713821389944063E-7-1.3737534580839525E-17i;-9.990738213120562E-8-4.948942878988689E-17i;-9.531862341234904E-8-2.608942164675438E-17i;-2.2313890856855753E-7+1.2151001999972565E-16i;1.5208095570362364E-7+1.3443124409397508E-16i;-1.5125318897978655E-7+1.887294734698701E-15i;1.391707005453686E-7+3.665473510486201E-17i;1.2922208014458335E-7-1.0084253234190906E-16i;-4.152966495238891E-8-2.6418778496246305E-16i;-1.0330085472757764E-7-3.4207149373810725E-17i;-3.6413594561956095E-8-1.3739047860709263E-16i
9.143708233612134E-8+1.1048147127344681E-11i;2.052190619014938E-7+2.4210960495905916E-11i;-2.117980132401238E-7+2.1960104792636615E-10i;-2.750855571543379E-8-3.238819783887575E-11i;2.60391161592588E-7-2.7753621572783064E-10i;1.7940489292068235E-7-3.556955025515375E-11i;2.093054758654838E-8+3.4083208187855822E-18i;1.2657462056438245E-7+1.3349694531507227E-17i;-2.0335816507917694E-8-1.0370252144986966E-17i;-1.3261991339712272E-7-1.6737393569562742E-17i;-4.7449522388220205E-8;-6.926059204964115E-8-1.2656928259616528E-17i;-8.241948796857264E-8-1.3783140174026092E-17i;1.0413441708047798E-7+4.718106282174588E-17i;-1.0999965846465502E-7-1.730067665582054E-17i;-1.33661589227872E-7-6.95784903542673E-17i;-5.89528281189505E-8-1.949810251811754E-17i;-2.2259818663638822E-7+1.1450539473615006E-16i;1.4175204542887675E-7+1.4632500827404005E-16i;-1.5327970710549997E-7+1.83488678945554E-15i;1.5764687213791276E-7+3.300374600564783E-17i;6.833061793885017E-8-6.078743483905926E-17i;-4.253891280343008E-8-1.7543735179631411E-16i;-9.400246677811245E-8-2.0251298764932533E-17i;-3.318668906421818E-8-9.743240162753504E-17i
1.1335818648026167E-7+1.35802689947582E-11i;1.93243616669562E-7+3.9232876883037227E-11i;-2.2648930635328303E-7+2.3142842831698956E-10i;-4.963945649847466E-8-3.5072124369182107E-11i;2.5880495880855886E-7-2.9630082757875547E-10i;1.9594375955372333E-7-4.45812530572801E-11i;1.5636259604796468E-8+5.15714518231891E-18i;1.541058023629574E-7+1.6688146292192482E-17i;-2.3896929951406375E-8-1.0293481365781615E-17i;-1.493647429786271E-7-2.100516562774014E-17i;2.0032671257205283E-8+5.001026900977319E-18i;-2.2928266316386113E-8+3.0720766133701396E-18i;-1.0157159865764907E-7;1.0861968067334909E-7+3.6363952248405193E-17i;-1.0238581202590184E-7;-1.705093241775792E-7-5.818630514295582E-17i;-1.7708727092791936E-8-1.2109798255158089E-17i;-1.8654573646718206E-7+7.096530055580061E-17i;1.0181427461963486E-7+1.3372924802279973E-16i;-1.5703750779148775E-7+1.647574175667805E-15i;1.6476589001716672E-7+3.37093934753081E-17i;-3.722567589175326E-10-7.385225751099029E-18i;-3.7708885337325865E-8-9.613572331828308E-17i;-6.443864221068847E-8-1.5349804246692163E-17i;-3.3479842061894427E-8-1.284480243249745E-16i
1.3527929059958323E-7+1.61123908654974E-11i;1.8126817139881717E-7+5.425479327200911E-11i;-2.411805994761363E-7+2.432558087079805E-10i;-7.1770357299214E-8-3.775605090494983E-11i;2.57218756066699E-7-3.1506543946144895E-10i;2.1248262617190825E-7-5.359295584112188E-11i;9.359589204185928E-9+7.048530174538349E-18i;1.8139702095191385E-7+2.0261809087605507E-17i;-2.699167658867333E-8-1.0367946327279658E-17i;-1.6905426610838804E-7-2.6431097643117477E-17i;9.525937296039856E-8;2.8124024256675552E-8+1.7763176257888516E-17i;-1.2132400724504942E-7;1.1442363454561618E-7+1.6576398136571487E-17i;-9.502931403559238E-8;-2.105534624183773E-7-5.252868006109293E-17i;2.6298586709540124E-8-3.644041299592115E-18i;-1.1857277394235804E-7;3.530826386982048E-8+1.0755404859464716E-16i;-1.6320484946828954E-7+1.315794442759772E-15i;1.6217624159645933E-7+4.012441876838266E-17i;-7.316817985053318E-8+7.62706714156679E-17i;-2.7743191296216193E-8+9.992567414280118E-18i;-1.7827013827451963E-8-1.4304556348295334E-17i;-3.8411501463611986E-8-2.497083131861731E-16i
1.5720039469298773E-7+1.864451273622373E-11i;1.692927261036316E-7+6.927670966400825E-11i;-2.558718926160472E-7+2.5508318910647356E-10i;-9.390125812015191E-8-4.043997744112743E-11i;2.5563255335314256E-7-3.338300513624961E-10i;2.290214927718234E-7-6.260465860825922E-11i;2.1375436417047052E-9+9.130545803557557E-18i;2.0851122332512224E-7+2.3758759615973687E-17i;-2.962633249094872E-8-1.1225769749493522E-17i;-1.916206524062158E-7-3.289624593311521E-17i;1.7588902442685723E-7;8.211399522640649E-8+3.378827691472826E-17i;-1.4196838414078694E-7;1.2187920077257614E-7;-8.871947942799301E-8+1.4444078339488534E-17i;-2.5397626866732153E-7-4.7640236809911595E-17i;7.123091664085966E-8;-2.5943811370506597E-8-8.444013500343981E-17i;-5.1801274030312176E-8+8.395773243143828E-17i;-1.7260811270995468E-7+8.890006815451345E-16i;1.5299342327845835E-7+3.86767809175778E-17i;-1.4691996204964962E-7+1.4963612164290648E-16i;-1.3978682867966741E-8+1.276684754836083E-16i;4.065907000229128E-8-1.7187524923079727E-17i;-4.832346677866705E-8-4.355581610793233E-16i
1.791214987585167E-7+2.1176634603341998E-11i;1.573172807989158E-7+8.429862606136127E-11i;-2.7056318578010535E-7+2.669105695192836E-10i;-1.16032158964475E-7-4.312390397283704E-11i;2.5404635065365074E-7-3.525946632675972E-10i;2.455603593502978E-7-7.16163613596977E-11i;-5.991087298994981E-9+1.1575847042992591E-17i;2.3556423269785348E-7+2.6634851359677047E-17i;-3.18442541169618E-8-1.5300400851391782E-17i;-2.1711934666136829E-7-3.961522240191913E-17i;2.598138177620072E-7;1.375049986619853E-7+4.965765908271868E-17i;-1.640046930714479E-7;1.3149877509031397E-7;-8.428941652458195E-8+1.9561599639405877E-17i;-3.014708239154571E-7-5.4363786253549905E-17i;1.1595295891876863E-7+1.342731045695221E-17i;8.202018513031517E-8-1.8039414648850337E-16i;-1.5218009761355756E-7+6.851147416190498E-17i;-1.8642147703449858E-7+4.1492608540533323E-16i;1.414720981466679E-7+2.696310930110097E-17i;-2.2008841100782948E-7+2.2589858558951146E-16i;1.9267972621320367E-9+2.62292215753412E-16i;1.0550118799172729E-7-1.4208109000665078E-17i;-6.291199760258582E-8-6.599962807690277E-16i
2.0104260279734369E-7+2.37087564642672E-11i;1.4534183549672028E-7+9.93205424659853E-11i;-2.8525447896928234E-7+2.787379499462268E-10i;-1.3816305983221627E-7-4.5807830496745373E-11i;2.524601479562946E-7-3.7135927516368356E-10i;2.620992259086607E-7-8.062806409704769E-11i;-1.498783823567888E-8+1.37757839472905E-17i;2.6273279773517436E-7+2.9732519845993164E-17i;-3.372520089679295E-8-1.813962680797886E-17i;-2.457999661033308E-7-4.606223635869565E-17i;3.4540739356270287E-7;1.9321950438568847E-7+6.68400529590312E-17i;-1.88277985801548E-7+2.1343213723513403E-17i;1.440835738437868E-7;-8.264615308639018E-8+2.829110916575746E-17i;-3.549184647529425E-7-5.1619410600794995E-17i;1.605753028052207E-7;1.9610650896033902E-7-2.812146345150958E-16i;-2.592594586093836E-7+3.7193801267143155E-17i;-2.0661911819616913E-7-4.9164729467256124E-17i;1.3276896378493004E-7+1.5971826461187594E-17i;-2.94225237716268E-7+3.0761749078805747E-16i;1.839057056484781E-8+3.8725124953897095E-16i;1.7312622697077642E-7-2.938507452488155E-17i;-8.184879664599273E-8-9.275256383689953E-16i
-2.2240371686538965E-7-2.3831683424185196E-11i;3.7609354670747477E-7-1.8844310312287655E-10i;-2.0729877676003835E-8+6.82481452443346E-11i;2.9155210873540646E-7+5.3807160255196866E-12i;2.8757750449589315E-7-1.7670253992775586E-11i;-3.9681376690357287E-8+8.632125305330176E-11i;3.2129245777934234E-8-1.0635777458834139E-17i;-2.8301721241666594E-7-3.235869055385018E-17i;8.558107576158998E-8;-2.0438404634985629E-7-4.666194072853497E-17i;3.5197844387077255E-7;2.208873419627379E-7+6.4866572464052E-17i;1.2532813977745956E-7+5.324068244406373E-17i;1.7335270625188446E-7-2.0641415976774866E-17i;-4.211532552414631E-8+1.8763386533905452E-17i;3.2699331508482236E-7+1.5452323631385563E-16i;7.78839151335433E-8;-2.122337921352403E-7+1.3155653747333768E-16i;2.9637263883428313E-7+1.3969093906128805E-16i;-2.3757911639940537E-7+3.3366998185923953E-15i;-1.6908704736844421E-7+2.9145243380248244E-17i;-2.475858497981324E-7+5.85914946368381E-17i;-8.445758991557371E-8;-1.0672171811866093E-7-1.3176773574406027E-16i;-1.9972898765306185E-7-1.5961303679485953E-15i
-2.0048261253714116E-7-2.1299561723510673E-11i;3.6411810233869534E-7-1.7342118680305835E-10i;-3.542117071143489E-8+8.007552574384127E-11i;2.6942120805644387E-7+2.6967896673931858E-12i;2.859913008952599E-7-3.6434865292785077E-11i;-2.3142509823355276E-8+7.730954988721666E-11i;4.0550185293253E-8-1.0662090484316062E-17i;-2.53869683713626E-7-2.907143638519371E-17i;7.86968350705208E-8;-1.7541881012301636E-7-3.950632578633019E-17i;2.6556468487793583E-7;1.6048734893750273E-7+4.631435398638461E-17i;1.0683585370027765E-7+3.98262110649424E-17i;1.5123115683819177E-7;-5.1604915929881796E-8+8.404490038988015E-18i;2.743911098122518E-7+1.1677529304760245E-16i;5.2671778487327316E-8+6.69381124910544E-18i;-9.569714082478844E-8+4.480376655442831E-17i;1.7846094768556511E-7+1.183609748983513E-16i;-2.1601119829190888E-7+2.5068407709004297E-15i;-1.7280706019214365E-7;-1.8349790353520278E-7+4.2375533221004657E-17i;-4.239469841642899E-8+6.807024520102251E-17i;-6.828166525369888E-8-9.990377677099145E-17i;-1.6948811338394114E-7-1.3760317280917282E-15i
-1.7856150821084262E-7-1.8767440013533517E-11i;3.5214265792377236E-7-1.5839927047487102E-10i;-5.0112463766464435E-8+9.190290625220597E-11i;2.4729030737778293E-7+1.2863303106337137E-14i;2.8440509733523165E-7-5.519947661169751E-11i;-6.603642981394895E-9+6.829784674579344E-11i;4.822803634272925E-8-1.0074487515400682E-17i;-2.248149764591806E-7-2.5650561390477123E-17i;7.152758099692833E-8;-1.4935335002199943E-7-3.3260468748851103E-17i;1.8091344078891622E-7;1.0059891649829115E-7+2.970255327554529E-17i;9.03603692023894E-8+3.0271600920893003E-17i;1.321815997096219E-7;-6.379134513456341E-8+7.521339262357572E-18i;2.2781161237825262E-7+1.0423261011713818E-16i;2.7117338726624864E-8+8.91185738572526E-18i;1.4429095470237703E-8-4.014123614547648E-17i;6.817010521597265E-8+8.43716391607809E-17i;-2.0244901939198573E-7+1.7895872259474015E-15i;-1.8032453004999743E-7-2.251986501413181E-17i;-1.2037009350675237E-7+3.36060817191262E-17i;-2.3098131447062232E-9+1.1058864291625313E-16i;-3.1663966553299226E-8-7.466980929787891E-17i;-1.484301897417467E-7-1.2452390016737174E-15i
-1.5664040388967294E-7-1.6235318293141198E-11i;3.4016721346009523E-7-1.4337735413754694E-10i;-6.480375685080562E-8+1.0373028677664278E-10i;2.2515940669618324E-7-2.671063066967056E-12i;2.8281889381674924E-7-7.396408794708958E-11i;9.935223826174964E-9+5.92861436342941E-11i;5.50988537933511E-8-9.974213007200471E-18i;-1.9566238708806053E-7-2.2936282240946334E-17i;6.386387004205598E-8;-1.2606572815908222E-7-2.696970405609586E-17i;9.963968496749893E-8;4.232495995821504E-8+1.1266233702813978E-17i;7.540201845220487E-8+1.6829280096021796E-17i;1.1550367295917586E-7;-7.777304909854885E-8;1.8573717740216195E-7+6.330812971616004E-17i;1.3262959223286932E-9+3.2199561624115315E-18i;1.0904375692430254E-7-1.031628278946503E-16i;-2.760451928284328E-8+4.8060760140716845E-17i;-1.9452432451486965E-7+1.1851449741774317E-15i;-1.8596556684765962E-7-3.3520580735899244E-17i;-5.7032050208071956E-8+4.0722714030799794E-17i;3.281092475914608E-8+1.5706619102001256E-16i;1.3719778344624538E-9-6.038672751745917E-17i;-1.3520193665112593E-7-1.2137261420036848E-15i
-1.3471929957432593E-7-1.3703196565975774E-11i;3.2819176896171955E-7-1.2835543779032207E-10i;-7.949504996291368E-8+1.1555766731518129E-10i;2.0302850600958213E-7-5.354989438666482E-12i;2.812326903253793E-7-9.272869928787514E-11i;2.6474090602068926E-8+5.0274440549430555E-11i;6.110429046057967E-8-9.411083894600551E-18i;-1.6628748992571467E-7-1.9352209438155513E-17i;5.558242197474445E-8+7.064558694404795E-18i;-1.0559850251244822E-7-2.1319074202657134E-17i;2.384869857327503E-8+7.322183093172158E-18i;-1.2719624877428261E-8-6.139624714064487E-18i;6.166202395274747E-8;1.0091379582095232E-7;-9.254900357740091E-8;1.4768765025249144E-7+3.3060472295925076E-17i;-2.3941981855490625E-8;1.7885553885740075E-7-1.5019595952774563E-16i;-1.0105677054083988E-7+2.3093504819539647E-17i;-1.9069975887092042E-7+7.452740784437613E-16i;-1.8516919615763313E-7-3.7615178475748976E-17i;5.1381861440537005E-9+4.489529654168213E-17i;5.948163605028655E-8+1.7201476858355E-16i;2.789623639121944E-8-5.431856345330654E-17i;-1.2917293910511023E-7-1.2165042528933935E-15i
-1.1279819526570302E-7-1.1171074834742636E-11i;3.162163244377991E-7-1.1333352143236614E-10i;-9.418634310081536E-8+1.2738504786530922E-10i;1.8089760531616202E-7-8.038915809575236E-12i;2.796464868515628E-7-1.1149331062579267E-10i;4.3012957348627696E-8+4.126273748886009E-11i;6.619196791660076E-8-8.962169646581684E-18i;-1.366241368379499E-7-1.6768535856434353E-17i;4.6637587349083474E-8;-8.809660915282629E-8-1.6132213616831382E-17i;-4.412232675175399E-8;-6.264993229922406E-8-2.0772340212859876E-17i;4.894389388697545E-8-8.775067000115585E-18i;8.83824477111774E-8+4.762032645698624E-17i;-1.0706138213730584E-7-2.4463008119062936E-17i;1.135732075976379E-7-1.479584670034288E-17i;-4.757849073660415E-8-6.0965399106823784E-18i;2.1660858377956624E-7-1.8882526909145496E-16i;-1.458268045181394E-7+6.318527706418463E-17i;-1.8977387376937446E-7+4.662511436527059E-16i;-1.746293073089952E-7-5.835541880325299E-17i;6.350118704666151E-8-1.605185574392808E-17i;7.477366500521454E-8+1.8601752709271949E-16i;4.5122471820695556E-8-3.22447476687738E-17i;-1.2930457316327528E-7-1.2118990870631931E-15i
-9.087709096509668E-8-8.638953100675248E-12i;3.0424087989154844E-7-9.831160506251999E-11i;-1.0887763626150585E-7+1.3921242842344263E-10i;1.587667046143407E-7-1.0722842178585105E-11i;2.7806028339177054E-7-1.302579219588375E-10i;5.9551824068251936E-8+3.2251034451858015E-11i;7.031775374723485E-8-7.631819861419869E-18i;-1.0665657707288926E-7-1.3364392078560373E-17i;3.7051274250685985E-8+4.307995239007758E-18i;-7.37548508847755E-8-1.2167949057261734E-17i;-1.0192785393655073E-7;-1.0551372834945739E-7-3.299085307412309E-17i;3.7097616092277175E-8-1.4507529334177972E-17i;7.803214759260092E-8+4.079621737846674E-17i;-1.20245996524175E-7-2.081812897704224E-17i;8.332179231909404E-8-3.052765887930211E-17i;-6.835761826371619E-8-1.26760431176514E-17i;2.186881248064105E-7-1.909132757448699E-16i;-1.5862257217541384E-7+4.313528604749049E-17i;-1.9068191704652098E-7+3.983483769847208E-16i;-1.5260476368588058E-7-4.766587210152208E-17i;1.14932888311533E-7-2.6217940765957237E-17i;7.700298488516069E-8+1.2600113452035854E-16i;5.137079894716611E-8-5.3028801602388125E-17i;-1.3386086578141508E-7-1.296910147986046E-15i
-6.89559866746038E-8-6.106831363501925E-12i;2.922654353197694E-7-8.328968868258833E-11i;-1.2356892944048503E-7+1.5103980898449286E-10i;1.366358039027689E-7-1.3406768547076775E-11i;2.764740799496202E-7-1.4902253329022022E-10i;7.609069076384948E-8+2.323933143851768E-11i;7.344494934668086E-8;-7.640960662389815E-8-1.0171457035456265E-17i;2.6905374193918438E-8;-6.27772631270815E-8-8.489677271234123E-18i;-1.4740481923642163E-7;-1.3948323985368546E-7-4.302087530032783E-17i;2.5958750035524526E-8-2.280055938105184E-17i;7.003959940386565E-8+6.205991765548057E-17i;-1.3111909562399496E-7-3.5516467232517066E-17i;5.6579244908784996E-8-5.870181987990611E-17i;-8.510675060066235E-8-1.5417434621169117E-17i;1.8609578031525917E-7-1.636109954945181E-16i;-1.4028045624427067E-7+7.118666316080869E-17i;-1.924353914511229E-7+4.976688850076141E-16i;-1.190724454318985E-7-4.804468597592085E-17i;1.5646175813022593E-7-7.774926851964935E-17i;6.630628654084663E-8+6.656825811858075E-17i;4.650054898316921E-8-5.555434397387715E-17i;-1.404842395276033E-7-1.3456700723320813E-15i
-4.703488239701325E-8-3.5747096212287988E-12i;2.802899907137375E-7-6.826777229349971E-11i;-1.3826022263192722E-7+1.628671895421294E-10i;1.1450490318029494E-7-1.609069491795412E-11i;2.7488787653489916E-7-1.67787144630067E-10i;9.262955743885356E-8+1.4227628449403283E-11i;7.554571168225835E-8;-4.594033404292699E-8-6.927614204318242E-18i;1.6325477974623504E-8+1.974326669196249E-18i;-5.5344956297992176E-8-5.867863652312422E-18i;-1.7878615005325E-7;-1.6304482829194423E-7-4.9237627774626315E-17i;1.535571126594878E-8-2.5048462522007683E-17i;6.459147902827983E-8+5.2945527487271687E-17i;-1.3886154780920606E-7-3.065570678559235E-17i;3.269177243915362E-8-5.687098742449565E-17i;-9.686240680676012E-8-1.93700956970389E-17i;1.2452505745906603E-7-1.119531515150469E-16i;-9.585431853073483E-8+7.118524865050329E-17i;-1.9418349748065995E-7+7.581048892300842E-16i;-7.578087361359767E-8-2.7273773300570873E-17i;1.856162495634803E-7-9.774294479352364E-17i;4.4659197145432556E-8-4.4634665049677334E-17i;3.213197552144718E-8-7.249287819856633E-17i;-1.4668533745429865E-7-1.400313453044217E-15i
-2.51137781358823E-8-1.0425878715757302E-12i;2.68314546060412E-7-5.324585589899769E-11i;-1.5295151582891115E-7+1.7469457008967125E-10i;9.237400244585982E-8-1.877462129675273E-11i;2.733016731625737E-7-1.8655175599382385E-10i;1.0916842409726877E-7+5.2159254855263816E-12i;7.660034208792461E-8;-1.5328586070418364E-8-4.007985774261216E-18i;5.471647918491375E-9+5.898956310861745E-18i;-5.159384210830727E-8;-1.9480548955304963E-7;-1.7510931285399712E-7-4.684327359895779E-17i;5.086645049100804E-9-2.1157837795586612E-17i;6.182922486489695E-8+5.0272895981334367E-17i;-1.4288597421656397E-7-2.0700007965606668E-17i;1.0669008022815379E-8-2.889621883317122E-17i;-1.0291929296684844E-7-1.8238641415558395E-17i;4.372309783013911E-8-6.895495986270368E-17i;-3.409841068336086E-8+8.803859406008015E-17i;-1.9527630759986925E-7+1.1375673930157193E-15i;-2.5953284242103012E-8-4.860013574937369E-18i;2.006265415532577E-7-1.3316011759630114E-16i;1.5704783446219846E-8-1.7909843278220954E-16i;1.13521870693466E-8-8.171059943220375E-17i;-1.5034310957867296E-7-1.3859909665591764E-15i
-3.1926738948650575E-9+1.4895338886157E-12i;2.5633910134433726E-7-3.822393950003423E-11i;-1.6764280902282114E-7+1.8652195061805358E-10i;7.024310169871434E-8-2.1458547687974472E-11i;2.717154698502287E-7-2.053163673982243E-10i;1.2570729074429796E-7-3.7957774522467885E-12i;7.659955315924524E-8;1.5331297638930636E-8;-5.474884089845855E-9+3.810229016227915E-18i;-5.159405591038529E-8;-1.948058350763081E-7;-1.751088570548507E-7-4.6067775099075545E-17i;-5.066991868118776E-9-2.2051292728427097E-17i;6.183045864529069E-8+4.391888778254075E-17i;-1.428848893765756E-7-2.0320104105014407E-17i;-1.0699443887205287E-8-3.9180930252905424E-17i;-1.0291753251049414E-7-2.33206625724519E-17i;-4.3732354576084774E-8;3.366444167785077E-8+1.0346985857541733E-16i;-1.9536756802537848E-7+1.5147698630025213E-15i;2.612325023680555E-8+1.3865381886151244E-17i;2.0059565938979597E-7-1.4236130477540112E-16i;-1.5787130942488243E-8-2.6104224531252686E-16i;-1.1646216859432765E-8-9.499080221295857E-17i;-1.5029728010715946E-7-1.3471004660650161E-15i
1.872843032206678E-8+4.021655662544345E-12i;2.4436365654976067E-7-2.3202023099223173E-11i;-1.8233410220579806E-7+1.983493311192721E-10i;4.811220093796E-8-2.4142474097022974E-11i;2.7012926661623265E-7-2.2408097886151636E-10i;1.4224615738479982E-7-1.2807480362977579E-11i;7.554349167650543E-8;4.594288780915247E-8;-1.6328727083783585E-8+6.308356814747847E-18i;-5.534462103210524E-8;-1.7878660807206395E-7;-1.6304301349026903E-7-3.7329512760071777E-17i;-1.53366989988867E-8-1.5369341793301752E-17i;6.459313135743595E-8+3.25278260822664E-17i;-1.3885724660578693E-7;-3.271609169892103E-8-1.0216958315105632E-17i;-9.685518255295137E-8-2.255109970946933E-17i;-1.2453699523578349E-7+4.226219193535907E-17i;9.542687612157612E-8+1.1442131017166494E-16i;-1.9443743284954389E-7+1.8810603944757354E-15i;7.593316068025583E-8+3.882119643534663E-17i;1.8552398025738332E-7-1.4774138650176366E-16i;-4.472892540845046E-8-3.544213514722488E-16i;-3.242219991580656E-8-9.72858022656077E-17i;-1.465570037203878E-7-1.2496700165497918E-15i
4.064953451125213E-8+6.553777452148807E-12i;2.3238821166485284E-7-8.180106699929843E-12i;-1.9702539537311148E-7+2.1017671158978281E-10i;2.5981300162561087E-8-2.6826400527714912E-11i;2.6854306347549755E-7-2.4284559039933514E-10i;1.5878502402194727E-7-2.181918324708762E-11i;7.344190374435463E-8;7.641210440896007E-8;-2.690958186208416E-8-3.581114614947637E-18i;-6.277390331147116E-8;-1.474020594659767E-7;-1.39478819169083E-7-3.266055678833801E-17i;-2.593946323636699E-8-1.7653330732566246E-17i;7.003635294642756E-8+4.6452516992398796E-17i;-1.3111419734872025E-7-2.1050750171188356E-17i;-5.6590284265337574E-8-4.408623715740678E-17i;-8.508437736161926E-8-2.0399192126520417E-17i;-1.8612896413315706E-7+9.995375910924248E-17i;1.398837199135521E-7+1.5392197284289785E-16i;-1.928174058034034E-7+2.1003754202306255E-15i;1.1920292235580051E-7+4.050500829100138E-17i;1.5631446554782435E-7-1.4834284519247823E-16i;-6.637695298490153E-8-3.419244934460868E-16i;-4.6764995431706406E-8-8.210257243658247E-17i;-1.4033677692282932E-7-1.1371077106676103E-15i
6.257063867341135E-8+9.085899256319715E-12i;2.204127666959566E-7+6.8418096980692394E-12i;-2.117166885285436E-7+2.220040920352985E-10i;3.850399372465371E-9-2.9510326978985326E-11i;2.669568604218549E-7-2.6161020200848686E-10i;1.753238906539034E-7-3.083088610605211E-11i;7.031318461686921E-8;1.0665878320867899E-7;-3.70558791656793E-8-6.861085595502395E-18i;-7.375070997000564E-8;-1.0192341398512008E-7;-1.0550897172820587E-7-2.326078370383365E-17i;-3.7080659020998437E-8-1.2764013410495108E-17i;7.802556335270395E-8+3.9977422862036515E-17i;-1.2024284466765653E-7-1.6275089479412375E-17i;-8.33203648563494E-8-4.664272685045397E-17i;-6.832563025623068E-8-2.036252953077433E-17i;-2.1872048072607371E-7+1.1662617383201245E-16i;1.5823922398696963E-7+1.5475567310599374E-16i;-1.9111609731155143E-7+2.1952078287974285E-15i;1.5269231347622103E-7+4.9959561737222936E-17i;1.1474983788280664E-7-1.180411937408606E-16i;-7.705985336554612E-8-3.222466860261806E-16i;-5.1600963571695085E-8-7.804013406201033E-17i;-1.3369893020034626E-7-1.044555205479924E-15i
8.449174280928746E-8+1.1618021072811592E-11i;2.0843732165374093E-7+2.186372609504693E-11i;-2.2640798167807466E-7+2.3383147246237704E-10i;-1.8280501432897003E-8-3.219425344723808E-11i;2.6537065744469225E-7-2.803748136793762E-10i;1.918627572777541E-7-3.984258894132203E-11i;6.618572001641802E-8;1.3662607187864217E-7;-4.66418015487321E-8-9.78491619131852E-18i;-8.809235473981069E-8;-4.41219505119837E-8;-6.264939999840586E-8-8.194750639859597E-18i;-4.893464575344939E-8-5.181966125925541E-18i;8.837422614360671E-8+4.077250620832559E-17i;-1.0706193826046971E-7-1.279866009541358E-17i;-1.135687076874746E-7-3.9735697093510506E-17i;-4.7544634549621557E-8-1.4183100269744265E-17i;-2.1663605171460325E-7+9.191755785832135E-17i;1.454475057570923E-7+1.6038462072319682E-16i;-1.901733645586025E-7+2.1231273964387966E-15i;1.7467377103922605E-7+4.8880359389664143E-17i;6.330141012759054E-8-8.951216162391694E-17i;-7.480084792907996E-8-2.700065515315944E-16i;-4.53400716341204E-8-7.203715522144263E-17i;-1.2915516167575502E-7-9.680028820234886E-16i
1.0641284691938159E-7+1.4150142898503815E-11i;1.9646187655179514E-7+3.6885642492986196E-11i;-2.410992748289995E-7+2.456588528797447E-10i;-4.041140225463916E-8-3.487817992776257E-11i;2.637844545305619E-7-2.9913942540067113E-10i;2.0840162389005184E-7-4.8854291754489195E-11i;6.109640728136063E-8;1.6628899291934707E-7;-5.558685388587574E-8-1.447149478728344E-17i;-1.0559353725282906E-7-1.2088136588978208E-17i;2.3846818257533148E-8+2.5561795069794553E-18i;-1.272327726893959E-8+7.067993816713937E-18i;-6.165842729279119E-8;1.0090148012569555E-7+3.904174141545636E-17i;-9.25546532255994E-8-1.0611893763478468E-17i;-1.4767151975593477E-7-4.358442239318549E-17i;-2.390784058720526E-8-1.1437910061777249E-17i;-1.7888386913559891E-7+4.2419712936350906E-17i;1.0068990367974331E-7+1.5663211742643784E-16i;-1.909771215423182E-7+1.8773556954820364E-15i;1.8516270707857964E-7+4.451368634375694E-17i;4.945533218538688E-9-3.3115985539695433E-17i;-5.9488455822300484E-8-1.580628144977676E-16i;-2.8102645062139955E-8-6.382692091696778E-17i;-1.2907222131885583E-7-9.78233215355066E-16i
1.283339510038822E-7+1.6682264729106686E-11i;1.8448643140553063E-7+5.1907558892099463E-11i;-2.5579056798905415E-7+2.5748623329679E-10i;-6.254230309432976E-8-3.756210641546362E-11i;2.6219825166432467E-7-3.1790403715913237E-10i;2.2494049048732284E-7-5.7865994548342194E-11i;5.508973505737764E-8+7.500996880893612E-18i;1.9566381359352534E-7;-6.386941708583734E-8-1.2311825838391205E-17i;-1.260591677962894E-7-1.752955236495927E-17i;9.963857408315129E-8;4.2320454869188626E-8+2.356321452799728E-17i;-7.540486333106932E-8+1.148867741083203E-17i;1.154873468114369E-7+1.594686243364416E-17i;-7.77815514831855E-8+8.662854864286722E-18i;-1.857141569020197E-7-2.915967721567924E-17i;1.364556191548811E-9-7.294214466426461E-18i;-1.0906551374943977E-7-2.709859726901864E-17i;2.7235013926926276E-8+1.1871332237969558E-16i;-1.9460411524383215E-7+1.5035881885495124E-15i;1.8591293552985686E-7+4.808600693131407E-17i;-5.7226762455763816E-8+6.97932734385722E-17i;-3.2793836138560266E-8-4.109881062942366E-17i;-1.5661395168499619E-9-7.173610306728354E-17i;-1.351989420380105E-7-1.0740011556157831E-15i
1.50255055062279E-7+1.9214386560672848E-11i;1.7251098623119762E-7+6.692947529430407E-11i;-2.7048186116587594E-7+2.693136137212782E-10i;-8.4673203954165E-8-4.024603290471384E-11i;2.606120488301838E-7-3.366686489394298E-10i;2.4147935706629654E-7-6.687769732496764E-11i;4.821748853242772E-8+9.918617620849525E-18i;2.2481642039282128E-7+2.2993790567203745E-17i;-7.153385398789309E-8-1.4774556291492984E-17i;-1.493462575537298E-7-2.4582042585415485E-17i;1.8091121711126952E-7;1.005922355966263E-7+3.7473219175158244E-17i;-9.037267143181097E-8+1.794813168521688E-17i;1.3216289259268393E-7;-6.380339157682835E-8+1.8416368747744452E-17i;-2.2778639987192782E-7-3.450239225710946E-17i;2.7156962026205056E-8;-1.4446439380293853E-8-1.1197335116732026E-16i;-6.85519214723945E-8+9.06921217454655E-17i;-2.0226778265683456E-7+1.0104316135172468E-15i;1.802264595517916E-7+4.4037253172668564E-17i;-1.2056072895768754E-7+1.711086906347343E-16i;2.3597231250173054E-9+1.245889159577042E-16i;3.145315941034945E-8-7.57307105503951E-17i;-1.4853289531177132E-7-1.2511740105771417E-15i
1.721761590931346E-7+2.174650838920519E-11i;1.6053554104562874E-7+8.195139170155084E-11i;-2.8517315436679275E-7+2.811409941607075E-10i;-1.068041048370885E-7-4.29299593905054E-11i;2.590258460119171E-7-3.5543326072598833E-10i;2.580182236239316E-7-7.588940008589549E-11i;4.0538257552276825E-8+1.2019261693552106E-17i;2.538711567458287E-7+2.636586812681338E-17i;-7.870423432208817E-8-1.7835260622851525E-17i;-1.7541104007440834E-7-3.086728600325038E-17i;2.655619045029765E-7;1.604789643345972E-7+5.4818894258944E-17i;-1.0685678322329194E-7+2.4958641937141064E-17i;1.5121022569435556E-7;-5.161975299587625E-8+2.7992091154824067E-17i;-2.7436108796070715E-7-4.301492549341929E-17i;5.270954979467017E-8+8.788403277887455E-18i;9.568705795445859E-8-2.0958568416998734E-16i;-1.7886838482666567E-7+5.474735184184206E-17i;-2.1552776296392038E-7+4.818306458570716E-16i;1.7265953767561775E-7+3.5634444782857827E-17i;-1.8367651682599808E-7+2.7996054267549416E-16i;4.248086003060088E-8+2.9449620875230727E-16i;6.803453262752218E-8-9.003012565268737E-17i;-1.6970742832687924E-7-1.5183593322915145E-15i
1.9409726309787275E-7+2.4278630212083222E-11i;1.485600958627992E-7+9.697330811562877E-11i;-2.998644475931095E-7+2.9296837461545787E-10i;-1.2893500574308755E-7-4.5613885868594714E-11i;2.574396431955298E-7-3.741978725045839E-10i;2.745570901614551E-7-8.490110283333481E-11i;3.21159890043255E-8+1.4416173209973832E-17i;2.8301884244295274E-7+2.997405105602672E-17i;-8.559029134340472E-8-2.4141306155145077E-17i;-2.0437547357554986E-7-3.750841493823808E-17i;3.5197534758529364E-7;2.2087755046913103E-7+7.243869728839637E-17i;-1.253564658743123E-7+3.152326045690473E-17i;1.733298182491922E-7;-4.2132324934142445E-8+3.146307023692318E-17i;-3.269558478206351E-7-4.8425800856928986E-17i;7.79174624680845E-8+8.993829429757476E-18i;2.1223156404108986E-7-3.1486933974185276E-16i;-2.9682191126208754E-7+3.852904013363745E-17i;-2.3677192462320562E-7-4.208360491509306E-17i;1.688869303299812E-7;-2.4775165751912554E-7+3.7849986606039537E-16i;8.458217162042254E-8+4.7663335387198975E-16i;1.0641964032333085E-7-1.0461900035455872E-16i;-2.0007091046936008E-7-1.8318098793093283E-15i
-2.2934905614019233E-7-2.326180883773436E-11i;3.793118042798367E-7-1.9079033763926987E-10i;-3.533984558795473E-8+8.247856930196822E-11i;3.00780163389954E-7+5.574659651364303E-12i;2.925570025113456E-7-2.0508853977888686E-11i;-2.7223512142551032E-8+8.204821466564379E-11i;8.120184243710074E-8-1.5560252031514683E-17i;-3.018974214312558E-7-3.490823792177255E-17i;1.3702467162518795E-7;-1.525718793435385E-7-4.139304487594961E-17i;3.5637827144113856E-7;2.4802196287116814E-7+6.941724096708173E-17i;5.264327150746204E-8+4.313916953890752E-17i;1.8745078886234662E-7;9.807563356245771E-9+1.7543124327507328E-17i;2.653236681171193E-7+1.164345208793615E-16i;-8.140533771330067E-9-1.1078157688486134E-17i;-2.3343443733492995E-7+1.4607471545472116E-16i;3.214900552290018E-7+1.6125028208809658E-16i;-2.258953832705642E-7+3.3950351602379415E-15i;-1.63958438424095E-7+3.94365461149675E-17i;-1.7254748315746106E-7-7.113949461015716E-17i;-1.4868499755726663E-7-2.3037008232101054E-16i;-2.8292776155408618E-8-1.5934384242347319E-16i;-2.7170077758766944E-7-2.3358531412332437E-15i
-2.0742795182529348E-7-2.072968717240735E-11i;3.6733636003136874E-7-1.7576842131628894E-10i;-5.003113865296266E-8+9.43059498299593E-11i;2.7864926269311594E-7+2.8907333345948165E-12i;2.909707987954472E-7-3.927346517060835E-11i;-1.068464528435279E-8+7.303651148185558E-11i;8.908290374313889E-8-1.4973131662394143E-17i;-2.7096452390789807E-7-3.1621004879687835E-17i;1.253308963644645E-7;-1.2364899907891858E-7-3.37026988208101E-17i;2.691761635398327E-7;1.8330687886041966E-7+5.1908159770302194E-17i;4.0683576650511615E-8+3.403457985360373E-17i;1.568133748595299E-7;-7.71425784747404E-9+1.9524930440341924E-17i;2.16806949321833E-7+1.0527021363729986E-16i;-1.2384502486523067E-8-6.95073026442145E-18i;-1.1376604284255664E-7+5.85901339813396E-17i;1.9436196989220725E-7+1.133913832182444E-16i;-2.0586960820559367E-7+2.5374236063822774E-15i;-1.6673147270245348E-7;-1.2543440430908094E-7-3.3617003765153274E-17i;-8.20219551171048E-8-1.119417545172282E-16i;-2.2258770076407507E-8-1.3182464159256782E-16i;-2.3325596840701238E-7-2.0042715731696284E-15i
-1.8550684751240284E-7-1.8197565499059537E-11i;3.553609157448105E-7-1.607465049856098E-10i;-6.472243173674495E-8+1.0613333036750764E-10i;2.5651836199608656E-7+2.0680701337591626E-13i;2.89384595112572E-7-5.803807637754492E-11i;5.854221550700483E-9+6.40248083199668E-11i;9.633899068569154E-8-1.4624186837628666E-17i;-2.400893527426808E-7-2.811022216422319E-17i;1.1336114260714094E-7;-9.728222274136742E-8-2.6940405514160092E-17i;1.8380041461666816E-7;1.19278631728786E-7+3.3346754583205767E-17i;3.0539569439973324E-8+2.1012173358845112E-17i;1.2913399861464688E-7;-2.7676610692054537E-8+3.207546287028117E-18i;1.7412919189388225E-7+6.932193110985426E-17i;-1.7049786965371657E-8-1.895959611890086E-18i;-8.700896703826453E-10-2.7455963666818602E-17i;7.56347679571645E-8+1.0047240878361004E-16i;-1.9454204981454178E-7+1.7730526914285324E-15i;-1.7367900978865592E-7-2.3197667706645674E-17i;-7.940055965852255E-8-1.7925648396836495E-17i;-1.8722708287646305E-8+4.061731580232557E-17i;-1.689471631308467E-8-9.2584762613478E-17i;-2.0756966219462254E-7-1.7735727519980642E-15i
-1.63585743204528E-7-1.5665443818448683E-11i;3.433854714204869E-7-1.4572458864615172E-10i;-7.941372484958031E-8+1.1796071092170048E-10i;2.3438746129539646E-7-2.4771193106982947E-12i;2.877983914604505E-7-7.680268759224493E-11i;2.2393088353064884E-8+5.50131051845792E-11i;1.0288215570096729E-7-1.4186707042268357E-17i;-2.090665333793462E-7-2.509939984075547E-17i;1.0077653838291054E-7;-7.348877518202579E-8-2.0475439236427218E-17i;1.0185993644122777E-7;5.705443490949744E-8+1.3344094355038406E-17i;2.210022858843339E-8+6.0968428013673405E-18i;1.0387362386184431E-7+2.4940273761184326E-17i;-4.9258784740691794E-8-9.627968461792638E-18i;1.3641438087317947E-7+2.829453367351004E-17i;-2.183354188169811E-8;9.631023246183454E-8-9.025006867408128E-17i;-2.7396732843800416E-8+8.138243668035076E-17i;-1.8954865846750554E-7+1.1397808756992011E-15i;-1.7919668241516594E-7-4.9542375899717806E-17i;-3.38205959017456E-8+6.5335127450989885E-18i;3.692192039432264E-8+1.6877477167841548E-16i;-1.2104705992735355E-8-7.158661969025785E-17i;-1.9234602036743033E-7-1.6584304665933716E-15i
-1.4166463890243483E-7-1.3133322133852618E-11i;3.3141002707252473E-7-1.3070267229612483E-10i;-9.41050179916695E-8+1.2978809149225812E-10i;2.1225656058865675E-7-5.161045633236503E-12i;2.862121878240254E-7-9.556729880257955E-11i;3.8931955123788846E-8+4.600140207327645E-11i;1.0863510712629526E-7-1.3002178987236119E-17i;-1.777636126399314E-7-2.1703260168845553E-17i;8.737623367571118E-8+1.0698587854545248E-17i;-5.2418073588665273E-8-1.4916081212027663E-17i;2.5461020245189243E-8;-1.6851203045550344E-9-3.28898555236778E-18i;1.5291528432352596E-8;8.101115532905318E-8;-7.134313979695416E-8;1.035428722704739E-7+2.0888824452732623E-17i;-2.642272432692908E-8-2.921220627161663E-18i;1.685314973314073E-7-1.4419932561341174E-16i;-1.0644473268618055E-7+3.586612589580095E-17i;-1.891767734117958E-7+6.947546883339266E-16i;-1.7871125039423108E-7-4.7450853731022755E-17i;1.025715866624748E-8+5.1253691783658827E-17i;7.970377643519619E-8+2.1840594596827985E-16i;-8.053558881254564E-9-7.869621006368912E-17i;-1.8633035134099027E-7-1.6425208905151616E-15i
-1.1974353460705326E-7-1.0601200448041321E-11i;3.194345827097315E-7-1.1568075593459934E-10i;-1.087963111625855E-7+1.4161547207777273E-10i;1.9012565987375355E-7-7.84497195141996E-12i;2.846259841934757E-7-1.143319100005641E-10i;5.5470821863645666E-8+3.6989698984765964E-11i;1.1353077735749537E-7-1.2269861271230634E-17i;-1.4611276803636578E-7-1.8379233021636962E-17i;7.307789833231312E-8;-3.430116628744406E-8-8.826346737878734E-18i;-4.3045235146073126E-8-6.926211057473174E-18i;-5.494708123376583E-8-1.761034311784883E-17i;1.0029069849396208E-8-1.1226318390430759E-17i;6.085253951794267E-8+4.1552792462677204E-17i;-9.262557779558648E-8-1.9329449742654885E-17i;7.561141988311378E-8-1.0229161224324205E-17i;-3.054855088678616E-8-3.465611430494266E-18i;2.085219343415649E-7-1.8085294612585233E-16i;-1.5471194909528228E-7+6.070218008690762E-17i;-1.9193786632918617E-7+4.2836137032192232E-16i;-1.688743211852416E-7-6.901741968163667E-17i;5.101232906188542E-8+2.84908406477898E-17i;1.051063729866212E-7+2.669032258355607E-16i;-4.8694433008993185E-9-6.191969837408873E-17i;-1.8791764091039585E-7-1.6230716392132482E-15i
-9.782243031979823E-8-8.069078761544384E-12i;3.074591383343309E-7-1.0065883956122279E-10i;-1.2348760436026214E-7+1.534428526753236E-10i;1.679947591489091E-7-1.0528898264773853E-11i;2.8303978056590623E-7-1.330965211834598E-10i;7.200968857393076E-8+2.7977995918745205E-11i;1.1751396050082388E-7;-1.1410179167570524E-7-1.494975219655848E-17i;5.7904785068922835E-8+6.9045615054940654E-18i;-1.939622143357747E-8-3.8579979736920065E-18i;-1.0130139340659716E-7;-1.0066610664900354E-7-2.7681460635132172E-17i;6.166165171884204E-9-1.6875624752367732E-17i;4.386283277830208E-8+4.8837291876236037E-17i;-1.1174316205701101E-7-2.2245698990307673E-17i;5.253624991892768E-8-2.0260532367997672E-17i;-3.400907255102291E-8-7.108514335627069E-18i;2.1265983971717546E-7-1.921075857982232E-16i;-1.6873037745143076E-7+6.425292070492777E-17i;-1.964085092995823E-7+3.83097941267468E-16i;-1.4784564322813095E-7-6.832046789827777E-17i;8.644973060424065E-8+1.5518549159514977E-17i;1.1059159620030718E-7+2.3838840313835966E-16i;-2.624633558121357E-9-7.616353641920776E-17i;-1.9474696729281074E-7-1.6986159855506075E-15i
-7.590132604303384E-8-5.536957074352172E-12i;2.954836939406633E-7-8.56369231755526E-11i;-1.3817889758011972E-7+1.6527023327896543E-10i;1.4586385841261238E-7-1.3212824573928024E-11i;2.8145357694707953E-7-1.5186113235506683E-10i;8.854855525710196E-8+1.896629287672086E-11i;1.2054075461195317E-7;-8.176391848836795E-8-1.1560846565966429E-17i;4.196351666532736E-8+6.994771418323368E-18i;-7.956556588851482E-9;-1.4713460439161813E-7;-1.3689489921695562E-7-4.00426956768119E-17i;3.4926758661225388E-9-2.2987857733047402E-17i;3.056604728945035E-8+4.350238044983005E-17i;-1.2738827105442857E-7-2.4078095813099682E-17i;3.388727222922185E-8-4.2124129451929743E-17i;-3.67008273454705E-8-1.0113772122417847E-17i;1.81940422746542E-7-1.573089471866598E-16i;-1.4937849172066385E-7+5.589008900073731E-17i;-2.0122997757161275E-7+5.120243348001333E-16i;-1.155455093563515E-7-5.1075107076445945E-17i;1.1475362243095665E-7;9.626660875296928E-8+1.6973569040553548E-16i;-1.1830700636088285E-9-1.0291632829630095E-16i;-2.0383150737442396E-7-1.8150274097557062E-15i
-5.3980221779993716E-8-3.004835383761756E-12i;2.835082495162711E-7-7.061500678030249E-11i;-1.5287019081520687E-7+1.7709761388079308E-10i;1.2373295766371206E-7-1.5896750883788E-11i;2.7986737335060396E-7-1.7062574352889408E-10i;1.05087421916955E-7+9.954589859629224E-12i;1.2257653311356856E-7;-4.916806143520524E-8-8.496971364002276E-18i;2.5428958147951187E-8+7.495357381261651E-18i;-1.9901746025086099E-10+3.5399136620247826E-18i;-1.7875959330869975E-7;-1.6202560746737364E-7-4.5719073600365684E-17i;1.7221243627839616E-9-2.483097869862097E-17i;2.140693625759839E-8+3.870410469042541E-17i;-1.384880189361359E-7-2.2550209326479305E-17i;1.8787694467817373E-8-4.3225462274728953E-17i;-3.8508679779075836E-8-1.0880767401505383E-17i;1.2211237715537834E-7-1.144014826792652E-16i;-1.0214113384645839E-7+6.810111922289103E-17i;-2.0522869595435485E-7+8.064975278030845E-16i;-7.36325859239215E-8-2.421026177669439E-17i;1.344347569925825E-7-1.7666779302696618E-17i;6.525458079018065E-8+5.782894785869728E-17i;-4.957527822830444E-10-1.1136660425290922E-16i;-2.1205242566864072E-7-1.9124947107210946E-15i
-3.2059117534670235E-8-4.72713686296184E-13i;2.715328050447285E-7-5.5593090377032005E-11i;-1.6756148405768878E-7+1.889249944728015E-10i;1.0160205690123296E-7-1.858067719990097E-11i;2.78281169795117E-7-1.8939035472325746E-10i;1.2162628855779385E-7+9.428868692905089E-13i;1.2359961738859842E-7;-1.640669210904023E-8-5.25800676763532E-18i;8.518406155176305E-9+6.915321510678604E-18i;3.720708594680196E-9+6.081547983913029E-18i;-1.9490435123618702E-7;-1.7489422338101174E-7-4.806709767558666E-17i;5.179866157578036E-10-2.4020455647650222E-17i;1.673793162233883E-8+3.351324414113826E-17i;-1.4424399967892486E-7-1.981041685494879E-17i;5.992942255647592E-9-3.6561656940904146E-17i;-3.942325059317461E-8-1.0621080804257432E-17i;4.294030008621261E-8-5.938182127169708E-17i;-3.6346259935479055E-8+8.462709206574477E-17i;-2.0751838672533873E-7+1.193682249423698E-15i;-2.525049140501357E-8;1.445183755031308E-7-5.716097117945972E-17i;2.3033520675461377E-8-8.045041507195105E-17i;-2.48471654446278E-10-1.2613330473404808E-16i;-2.1687894646445607E-7-1.9622822123809065E-15i
-1.01380133111099E-8+2.059408022135686E-12i;2.595573605071623E-7-4.0571173967838E-11i;-1.8225277729806197E-7+2.0075237504445919E-10i;7.947115612451462E-8-2.1264603528570024E-11i;2.766949663018174E-7-2.0815496595830155E-10i;1.3816515518507204E-7-8.068816092677635E-12i;1.235985776380408E-7;1.6410566560587026E-8-2.219278036010928E-18i;-8.519194452272118E-9+1.683564521244645E-18i;3.7200018394565997E-9+7.405499187133905E-18i;-1.949050474269953E-7;-1.7489396722152393E-7-4.7943028938370357E-17i;-4.925761964806368E-10-2.5008257098123974E-17i;1.674048475682394E-8+3.949508297301663E-17i;-1.44243100862291E-7-2.7541304313950088E-17i;-5.997938798343681E-9-5.2030563803097545E-17i;-3.9425499310477314E-8-1.7190001602911996E-17i;-4.2938487863089896E-8;3.589114403884918E-8+1.1858149189032113E-16i;-2.0761546949591747E-7+1.5958419596437579E-15i;2.5364439770118073E-8+1.5962176795347005E-17i;1.444921651986757E-7-1.0188246211604349E-16i;-2.3078232082551392E-8-1.8873092077273178E-16i;-1.5591889620013578E-10-1.2516663540293734E-16i;-2.1686531254792856E-7-1.9431377903787553E-15i
1.1783090885960357E-8+4.591529745479815E-12i;2.475819158833302E-7-2.554925755546232E-11i;-1.969440705268256E-7+2.125797555860708E-10i;5.734025533262932E-8-2.394852987633511E-11i;2.751087628939305E-7-2.2691957725617066E-10i;1.5470402180440398E-7-1.7080519024650648E-11i;1.2257348634029915E-7;4.91720168322354E-8;-2.5429948081973215E-8;-2.0002958352108905E-10+8.211350063471265E-18i;-1.787617655062962E-7;-1.62026616042258E-7-4.0291127849341663E-17i;-1.698856716911119E-9-1.7145986793464222E-17i;2.140859946464771E-8+2.265877984917175E-17i;-1.384893767484214E-7-1.548263669385976E-17i;-1.8792048908176238E-8-3.1387746992404316E-17i;-3.8500071749612274E-8-1.609214293776398E-17i;-1.2211666636807122E-7+5.163800647855324E-17i;1.0169905075620374E-7+1.2105386232510467E-16i;-2.0550536644940425E-7+1.9710709052800347E-15i;7.373886764577108E-8+4.4394485654804396E-17i;1.3434219050286472E-7-1.1920055567134187E-16i;-6.530273466032862E-8-3.1311147287624697E-16i;1.1042348422209457E-10-1.3310032314384426E-16i;-2.1202091910806993E-7-1.893107253332204E-15i
3.370419505173562E-8+7.123651487395858E-12i;2.3560647115595463E-7-1.0527341144069588E-11i;-2.1163536373707933E-7+2.2440713609208764E-10i;3.5209354524408515E-8-2.663245624908966E-11i;2.735225595925799E-7-2.456841886387056E-10i;1.7124288842017928E-7-2.609222192641256E-11i;1.2053531561864186E-7;8.176823431196345E-8;-4.1964962899941954E-8;-7.96016207754579E-9+6.915034436863834E-18i;-1.4713376337568642E-7;-1.3689226369709131E-7-3.329250483557344E-17i;-3.47466733045944E-9-1.4855883662835845E-17i;3.0573397535602864E-8+2.5501395602256268E-17i;-1.2738707034426692E-7-1.827598930499569E-17i;-3.3892275088518796E-8-3.54740422121242E-17i;-3.669626396435631E-8-1.931151937984092E-17i;-1.8197967798502905E-7+1.0225088382812702E-16i;1.4897797040531455E-7+1.4169386022086033E-16i;-2.016305353981918E-7+2.2081445138391726E-15i;1.1564881709897017E-7+5.643128131637539E-17i;1.1461879498710992E-7-1.3234410841442249E-16i;-9.632063690451955E-8-3.64293783723274E-16i;8.073578920670345E-10-1.206985851453308E-16i;-2.0376591082934914E-7-1.7777412714010794E-15i
5.562529918710431E-8+9.65577324674462E-12i;2.2363102633089373E-7+4.494575265454145E-12i;-2.2632665693237415E-7+2.3623451656831203E-10i;1.3078453700073474E-8-2.931638264606184E-11i;2.7193635639241845E-7-2.64448800103846E-10i;1.877817550309136E-7-3.510392479962716E-11i;1.1750724468693444E-7;1.1410562065533138E-7;-5.790593304223385E-8;-1.9397594691323426E-8+4.747088662330243E-18i;-1.0129917048981534E-7;-1.0066158703216421E-7-2.1763805525292093E-17i;-6.152538906561129E-9-6.3568927973873265E-18i;4.386798570011799E-8+2.3310383281438937E-17i;-1.1174012127214705E-7;-5.253378414303662E-8-2.4898721359676793E-17i;-3.400034305530506E-8-1.2704660444440796E-17i;-2.1269674865837515E-7+1.1690267210853653E-16i;1.6834232753938222E-7+1.494865099730482E-16i;-1.9686009432874018E-7+2.2939172930882884E-15i;1.479124256651225E-7+6.60306906835864E-17i;8.628395539022565E-8-1.261129099649177E-16i;-1.1062230561820423E-7-3.819006701030106E-16i;2.259918827915454E-9-1.1117123106658953E-16i;-1.946895039157514E-7-1.6563403726575189E-15i
7.754640329351863E-8+1.2187895021449293E-11i;2.1165558142049126E-7+1.95164916740372E-11i;-2.4101795011930094E-7+2.4806189702218077E-10i;-9.05244714056372E-9-3.2000309063641754E-11i;2.7035015328115846E-7-2.832134116410449E-10i;2.0432062163362082E-7-4.4115627646219655E-11i;1.1352367368844147E-7;1.4611624571853474E-7;-7.3079623675538E-8-1.3532219665613639E-17i;-3.4296631763972054E-8;-4.304481109042839E-8;-5.494326287092243E-8-9.437336978853551E-18i;-1.0020008636730693E-8-3.308843658210489E-18i;6.085007669975204E-8+4.19803959561148E-17i;-9.262168014061974E-8-1.913447800769649E-17i;-7.560331320156143E-8-4.935683939955324E-17i;-3.052865330898648E-8-1.4422460429214596E-17i;-2.085483818487392E-7+9.837862132132316E-17i;1.5433035989010104E-7+1.7071267464743465E-16i;-1.923531947038286E-7+2.178021022067553E-15i;1.6890705574688976E-7+5.730894301990199E-17i;5.081692188031666E-8-1.126446111594274E-16i;-1.0512002869379218E-7-3.0512053096542693E-16i;4.539198255318706E-9-8.916730937564076E-17i;-1.879039586311902E-7-1.5489469202867439E-15i
9.946750737256401E-8+1.472001680737891E-11i;1.9968013644129203E-7+3.4538408083371795E-11i;-2.5570924330612735E-7+2.598892774642229E-10i;-3.1183347998090146E-8-3.4684235496441135E-11i;2.687639502423799E-7-3.019780232369641E-10i;2.2085948822474995E-7-5.312733046876346E-11i;1.0862600680481672E-7;1.7776663290703117E-7;-8.737799960463681E-8-1.3097153814941201E-17i;-5.2413292018232015E-8;2.5463837798869522E-8+3.946114283646668E-18i;-1.6815107217610576E-9+8.7402902730463E-18i;-1.528983364571681E-8+8.077479724849955E-18i;8.10045340990924E-8+2.83108835021489E-17i;-7.13432591012737E-8;-1.0352936922604962E-7-2.090474814336824E-17i;-2.6396350643563582E-8-6.5482865542194875E-18i;-1.685501349537843E-7+4.062853618845975E-17i;1.0607430070840636E-7+1.4944649916278947E-16i;-1.8945976512419853E-7+1.909984140863044E-15i;1.7869991534695956E-7+5.957154935708645E-17i;1.006250679616685E-8-4.891345476741269E-17i;-7.970974655084549E-8-2.2753771486197337E-16i;7.753046355073366E-9-9.1804177684349E-17i;-1.8631680981681016E-7-1.5135443770452268E-15i
1.2138861142522372E-7+1.725213860071186E-11i;1.877046914109348E-7+4.9560324494314126E-11i;-2.70400536501047E-7+2.7171665790371094E-10i;-5.331424887364602E-8-3.736816193900842E-11i;2.671777472586376E-7-3.20742634875466E-10i;2.373983548009243E-7-6.213903327000027E-11i;1.0287205411281864E-7;2.090694943446183E-7;-1.0077957405150452E-7-1.3713030262282968E-17i;-7.348061674500646E-8-7.963072735577407E-18i;1.01859312599876E-7;5.705447582936309E-8+2.642053626281388E-17i;-2.2105619027041087E-8+1.7986822751312348E-17i;1.0386155446696579E-7+1.0412920353887113E-17i;-4.926234586263098E-8+1.465383943167268E-17i;-1.3639759653035337E-7;-2.1803141057837238E-8-5.060047212782046E-18i;-9.633081736947945E-8-4.5967001774495394E-17i;2.703611790412282E-8+1.1342172628905188E-16i;-1.8961881843424915E-7+1.4781770986609737E-15i;1.7915464034655806E-7+5.658929631555072E-17i;-3.400946519192365E-8+4.279729298575073E-17i;-3.6918610541704E-8-9.051433593942189E-17i;1.1818613191180945E-8-1.0191892445325186E-16i;-1.9236398016475537E-7-1.5705807959482852E-15i
1.4330971545185182E-7+1.9784260396333472E-11i;1.757292463476232E-7+6.45822409079962E-11i;-2.8509182971184383E-7+2.835440383500313E-10i;-7.544514976891399E-8-4.005208838493939E-11i;2.655915443121745E-7-3.3950724654117674E-10i;2.539372213592283E-7-7.115073605330023E-11i;9.63274877949654E-8+1.0045074533417114E-17i;2.4009221174795E-7;-1.1336469425254165E-7-2.036892843728511E-17i;-9.727286648334493E-8-1.3674107463199001E-17i;1.8379789237394723E-7;1.1927632007464148E-7+4.129199449967332E-17i;-3.055582307186564E-8+2.586126320571494E-17i;1.2911964380044212E-7;-2.7684100876591387E-8+1.90433924804317E-17i;-1.7411586792800023E-7-2.088175004214957E-17i;-1.7017918394457742E-8-6.631567263687358E-18i;8.502034637199913E-10-1.246190852582218E-16i;-7.600233383059999E-8+7.697067572275355E-17i;-1.9433414322469207E-7+9.242445881115723E-16i;1.7360625817119066E-7+3.930892854051368E-17i;-7.957710245626238E-8+1.636514005574044E-16i;1.875003827136515E-8+1.0756353553462888E-16i;1.6587569815342547E-8-1.2107118968587087E-16i;-2.0760937805999485E-7-1.7416278529286385E-15i
1.6523081945169552E-7+2.2316382190216423E-11i;1.6375380127016636E-7+7.960415732587794E-11i;-2.997831229459842E-7+2.9537141881152324E-10i;-9.757605068645973E-8-4.273601482855662E-11i;2.6400534138473516E-7-3.5827185821715194E-10i;2.704760878968726E-7-8.016243882130156E-11i;8.90698530488123E-8+1.2108682384119995E-17i;2.709673870661791E-7;-1.253355320373531E-7-2.3730144826801543E-17i;-1.2363900354261116E-7-2.0714163823639205E-17i;2.691734183258048E-7;1.8330351270527734E-7+5.731370172421885E-17i;-4.070977078280792E-8+3.40894764494268E-17i;1.5679760982556716E-7-1.6505274576051826E-17i;-7.724567249052602E-9+3.1218508413536873E-17i;-2.1679433940243445E-7-3.291490813882014E-17i;-1.2355096445816713E-8;1.1375284170350956E-7-2.2267110547723775E-16i;-1.9475351479574466E-7+2.3656965865872576E-17i;-2.0533770305813795E-7+3.3345598276451594E-16i;1.666208746522357E-7+2.5547670868059882E-17i;-1.2558918541836618E-7+2.917531682253772E-16i;8.207810900341587E-8+3.1519041837302203E-16i;2.1907290408827783E-8-1.4553009587232345E-16i;-2.3331205630307324E-7-2.015010200489046E-15i
1.871519234263127E-7+2.484850397877558E-11i;1.517783561948054E-7+9.46260737492737E-11i;-3.1447441620537374E-7+3.071987992900193E-10i;-1.197069516263672E-7-4.5419941265207315E-11i;2.62419138459877E-7-3.770364698871377E-10i;2.8701495441475286E-7-8.917414157696072E-11i;8.118738919508674E-8+1.4605133751290428E-17i;3.019006683320468E-7+3.0222263511651606E-17i;-1.3703178242810984E-7-2.7436955509951935E-17i;-1.525609271043198E-7-2.7178728752545238E-17i;3.563754456648955E-7;2.4801826505831925E-7+7.716104256713045E-17i;-5.267702210913944E-8+4.4538601285157834E-17i;1.8743467342776028E-7-2.347269303264668E-17i;9.796308360739194E-9+4.176740635042851E-17i;-2.653076449153729E-7-3.098324172213E-17i;-8.118852723279777E-9;2.3342822064192074E-7-3.3073520331336924E-16i;-3.219230321690014E-7;-2.2501451828558023E-7-2.3938609794080477E-16i;1.6380606501951876E-7;-1.7267661300915267E-7+4.1632520716652895E-16i;1.4877412771204773E-7+5.196489220729347E-16i;2.7869296927366007E-8-1.6855537493937312E-16i;-2.7177514484920736E-7-2.3623843741075896E-15i
-2.3629439542645072E-7-2.2691934278597703E-11i;3.8253006197748E-7-1.9313757217635903E-10i;-4.994981349364464E-8+9.670899336862012E-11i;3.100082180266681E-7+5.7686033006387205E-12i;2.9753650041115674E-7-2.3347453891131408E-11i;-1.476564756900988E-8+7.777517623048095E-11i;1.3175628445789866E-7-2.0832594711917383E-17i;-3.1939676824324514E-7-3.7364473922293804E-17i;1.872242810977774E-7;-9.219148513471119E-8-3.522890172041735E-17i;3.5836987897585E-7;2.738579315521971E-7+6.922722262861369E-17i;-2.6623241943267024E-8+2.6052142366292793E-17i;1.8678384530116935E-7;7.074438785146448E-8+9.152812661060617E-18i;1.749391732588042E-7+4.5901668374398325E-17i;-9.20788783871586E-8-3.4435953578482337E-17i;-2.5712159442005563E-7+1.8111573870261034E-16i;3.321825662275606E-7+1.4193489109131084E-16i;-1.7120305356380367E-7+3.051542667795351E-15i;-1.1710220596514227E-7+4.828480026153423E-17i;-7.714374075611773E-8-1.928677036785363E-16i;-2.0660041350673667E-7-4.516554409087322E-16i;5.548255729291659E-8-1.6163457342318567E-16i;-2.780118313309721E-7-2.5361891135370954E-15i
-2.1437329112394438E-7-2.0159812642958914E-11i;3.7055461782776603E-7-1.781156558492987E-10i;-6.464110659041345E-8+1.085363739266826E-10i;2.878773173144938E-7+3.0846770196898333E-12i;2.959502966008552E-7-4.211206499273536E-11i;1.7732192755708137E-9+6.876347303557943E-11i;1.3914934518738572E-7-1.9856272488353646E-17i;-2.868868987636578E-7-3.373246376774153E-17i;1.7105240609381385E-7;-6.353888154962383E-8-2.6748071626597832E-17i;2.7041149789148606E-7;2.0525454784183523E-7+5.4141955893876247E-17i;-3.171943414405857E-8+2.1665794006790124E-17i;1.4878840885769394E-7;4.53431569783308E-8+1.7519074138825623E-17i;1.3306012263259467E-7+5.563232244624171E-17i;-7.512595961812038E-8-2.1009599913688614E-17i;-1.3390341598426915E-7+7.964876326810209E-17i;1.9768206142336588E-7+9.560168772102642E-17i;-1.5510868663395394E-7+2.1993782826195836E-15i;-1.2290643453145347E-7+2.6400623990283146E-17i;-5.1970753627264346E-8-1.0975631881963273E-16i;-1.1732213497132719E-7-2.589927496131385E-16i;2.8192970738302733E-8-1.286008683918591E-16i;-2.359013166127766E-7-2.1105262847470682E-15i
-1.9245218682339805E-7-1.7627691002198617E-11i;3.585791736519079E-7-1.6309373951541905E-10i;-7.933239970397046E-8+1.203637544937138E-10i;2.6574641660158295E-7+4.007507369693202E-13i;2.9436409281249197E-7-6.087667610048171E-11i;1.8312086100515388E-8+5.975176985789539E-11i;1.4602496803951E-7-1.904117475039613E-17i;-2.543803494557528E-7-3.0245435446072086E-17i;1.5454771936938292E-7;-3.706061074591825E-8-1.962026583425433E-17i;1.8430146772401894E-7;1.37468574275009E-7+3.5287428719261816E-17i;-3.512402386849422E-8+1.0585048079679837E-17i;1.1341702020579057E-7;1.784769939022037E-8+7.07364307177352E-18i;9.670008859683685E-8+3.126363827477147E-17i;-5.8414876373270186E-8-1.544580494266979E-17i;-1.7838073010755685E-8-3.139597306409995E-18i;7.217074828320767E-8+7.364395476189381E-17i;-1.4751894363193572E-7+1.4239306391409547E-15i;-1.3272496350292837E-7-1.460107075129501E-17i;-2.823897070034366E-8-4.8267351815404556E-17i;-3.262335586091432E-8-4.254949738193469E-17i;1.3881074710716009E-9-9.082734035737566E-17i;-2.083294161564973E-7-1.8154155258930574E-15i
-1.7053108252769058E-7-1.5095569357583383E-11i;3.466037294534032E-7-1.4807182317320165E-10i;-9.40236928452688E-8+1.3219113507760945E-10i;2.4361551588424394E-7-2.2831755451139756E-12i;2.927778890404294E-7-7.96412872057657E-11i;3.4850952896018606E-8+5.0740066701950156E-11i;1.522727275289965E-7-1.8170102404040998E-17i;-2.2165761555556472E-7-2.6636200223605942E-17i;1.3724751785958937E-7;-1.2920858848785784E-8-1.2793657716521332E-17i;1.0165459950638783E-7-1.0327698792673007E-17i;7.163186598214426E-8+1.5068192239230274E-17i;-3.653844968530101E-8;8.034988320375278E-8;-1.1053907176492334E-8;6.584543916673303E-8;-4.149756883260385E-8-1.0552013794118477E-17i;8.227866521747087E-8-6.964615130911291E-17i;-3.653462102950356E-8+4.258009924798322E-17i;-1.4647278770072086E-7+7.916927829807579E-16i;-1.4156679118805926E-7-3.445735510833368E-17i;-5.958969676415521E-9+3.075636280814254E-17i;4.195253979996462E-8+1.495017373449226E-16i;-2.2980353354725584E-8-7.748901150680674E-17i;-1.930004372395615E-7-1.6641757684793832E-15i
-1.4860997823780662E-7-1.2563447712658215E-11i;3.3462828524436503E-7-1.3304990682035821E-10i;-1.0871498601739571E-7+1.4401851568024587E-10i;2.2148461515961696E-7-4.967101821817701E-12i;2.911916852707204E-7-9.840589829592113E-11i;5.138981966014737E-8+4.1728363567041376E-11i;1.5779672247262868E-7-1.6926340934676082E-17i;-1.8858047417899888E-7-2.3429465363546083E-17i;1.18879823018418E-7+1.2413692634980779E-17i;8.613732255332125E-9-6.090698657011374E-18i;2.4580262454493643E-8-9.045814717835927E-18i;9.480824790108364E-9;-3.579745599978182E-8-8.540735169477232E-18i;4.986682825788187E-8+1.3791664211275715E-17i;-4.0176544903599736E-8-4.241027831177893E-18i;4.0869736527367395E-8-8.572853844116613E-18i;-2.457200597748524E-8-3.151832203006739E-18i;1.5727637840094737E-7-1.3224784609687243E-16i;-1.1965005702729597E-7+3.377523341387196E-17i;-1.5032039962870865E-7+3.464209718242275E-16i;-1.4515560246575165E-7-5.482750102119552E-17i;1.42960196909379E-8+7.563040585310249E-17i;9.959094689420989E-8+2.783473324277374E-16i;-4.226050086305875E-8-6.768862713492286E-17i;-1.8847113194821714E-7-1.586696482219479E-15i
-1.2668887395464673E-7-1.0031326069134017E-11i;3.226528410331728E-7-1.1802799045584465E-10i;-1.234062792216973E-7+1.5584589630185686E-10i;1.9935371442526691E-7-7.651028090697808E-12i;2.8960548149322774E-7-1.1717050936215004E-10i;6.792868639186689E-8+3.271666045278987E-11i;1.625186568080697E-7;-1.550819009285849E-7-1.9682869895699928E-17i;9.93378923486464E-8+1.8986845394833326E-17i;2.7233101318513507E-8;-4.4535620490408896E-8-5.922978834507917E-18i;-4.6871539164417545E-8-1.0358550897530511E-17i;-3.28918793310814E-8-7.98130786804829E-18i;2.26183350586599E-8+1.0970176046597832E-17i;-6.797132451516704E-8;2.207623582305589E-8+1.5990778436571653E-17i;-8.30137569629404E-9-2.1895534802038074E-18i;1.998062465248435E-7-1.898027126011293E-16i;-1.699008263701474E-7;-1.5735768132497134E-7+1.3421125653248896E-16i;-1.4019351779025666E-7-5.653035649428535E-17i;3.1825686092729675E-8+1.0387040178888992E-16i;1.3425593883803346E-7+3.148725030352327E-16i;-5.386146148584115E-8-8.380333383972389E-17i;-1.9275661775061195E-7-1.6053695941491533E-15i
-1.0476776967952031E-7-7.499204428483552E-12i;3.1067739682158914E-7-1.0300607407881303E-10i;-1.380975724572357E-7+1.6767327694033802E-10i;1.7722281367921678E-7-1.033495434998674E-11i;2.8801927770487703E-7-1.359351204005841E-10i;8.446755309121884E-8+2.370495735988313E-11i;1.6637287514210423E-7;-1.2115564673026537E-7-1.6421859957374808E-17i;7.865260487994715E-8+1.353570680711634E-17i;4.2612301679887954E-8+5.9276317051306705E-18i;-1.0332344095629915E-7;-9.525705864511387E-8-2.5338384173559968E-17i;-2.7969407366171196E-8-1.8860149476209705E-17i;-5.80345107769363E-10+3.231487686643647E-17i;-9.280342855137118E-8-1.2990973613967742E-17i;9.376840978794256E-9-1.7579719740072287E-17i;6.407255307184105E-9-7.325714384415144E-19i;2.0625812494653917E-7-1.839892988953559E-16i;-1.8367348973522754E-7+3.197243388472642E-17i;-1.6586363468730258E-7+9.200808741401314E-17i;-1.2476984470757987E-7-6.588296756678377E-17i;4.61427558709443E-8+9.924306472471214E-17i;1.4261104930562852E-7+3.491729873818691E-16i;-5.616334689935268E-8-9.21585944559868E-17i;-2.0292255718281605E-7-1.686097799224487E-15i
-8.284666541513474E-8-4.967082789696531E-12i;2.987019526008053E-7-8.798415768834214E-11i;-1.5278886571909557E-7+1.7950065758842965E-10i;1.5509191291981443E-7-1.3018880601827983E-11i;2.864330739143254E-7-1.5469973141716758E-10i;1.010064197603331E-7+1.4693254290394525E-11i;1.693080415802715E-7;-8.68455316368689E-8-1.3166177892704884E-17i;5.69653080795762E-8+1.0903985306238205E-17i;5.4447318517704665E-8+9.991024429720933E-18i;-1.4958330645821194E-7;-1.3360954855904944E-7-3.711694801891042E-17i;-2.131326439240974E-8-2.5241313591163247E-17i;-1.886785228218185E-8+3.7138875515657824E-17i;-1.1306032484102018E-7-2.2013081683727626E-17i;2.2023299105837695E-9-3.5720033983414406E-17i;1.8517621946068525E-8;1.7760179991761132E-7-1.5444360343316912E-16i;-1.6190653360931976E-7+4.7874851994725035E-17i;-1.74115862585061E-7+2.547326192096653E-16i;-9.866163457128497E-8-5.589443522033714E-17i;5.698970930534356E-8+8.180475327218619E-17i;1.2476477206729395E-7+2.998675305724107E-16i;-4.878785509506287E-8-1.1059408392538113E-16i;-2.1530106980604157E-7-1.822698853512729E-15i
-6.092556116535613E-8-2.4349611492843674E-12i;2.8672650835321095E-7-7.296224128632436E-11i;-1.6748015899873825E-7+1.9132803823608465E-10i;1.3296101214591324E-7-1.5702806852055862E-11i;2.8484687014044403E-7-1.734643424289685E-10i;1.175452864035178E-7+5.6815512464799455E-12i;1.7128515688879625E-7;-5.223465884452574E-8-9.900862586697633E-18i;3.450608461304153E-8+1.6620854499528162E-17i;6.248783717095125E-8+1.4587071477842483E-17i;-1.8150709762751202E-7;-1.6022007140632685E-7-4.1030384286937334E-17i;-1.3337086959163347E-8-2.1139607452787362E-17i;-3.1526125994203205E-8+1.0755890482738219E-17i;-1.274051222956682E-7;-5.775918195059177E-10-7.045917425427232E-18i;2.7191624190189236E-8+4.5193736877178655E-18i;1.1961450105454264E-7-1.2450581468828113E-16i;-1.1045143641531085E-7+3.000980579809139E-17i;-1.806205098249659E-7+6.098493449506679E-16i;-6.335235355820834E-8-1.72216853618196E-17i;6.418126363499766E-8+6.853898022190948E-17i;8.48113748249794E-8+1.435915364081151E-16i;-3.3168315542115116E-8-1.4524787997441168E-16i;-2.2616551038841359E-7-1.9877780306024472E-15i
-3.900445693465353E-8+9.716049752424343E-14i;2.747510640581588E-7-5.794032487487116E-11i;-1.8217145228700186E-7+2.0315541887321355E-10i;1.1083011135670454E-7-1.8386733107129035E-11i;2.8326066640639565E-7-1.9222895345790385E-10i;1.3408415302558444E-7-3.330151769156843E-12i;1.7227979150989431E-7;-1.7431533767103494E-8-6.636478665309901E-18i;1.1557921215193562E-8+1.588550929873912E-17i;6.655522645848194E-8+1.7865042164055002E-17i;-1.9780475046154323E-7;-1.7384614841809307E-7-4.2385397743180413E-17i;-4.530283245481802E-9-1.7210325672750783E-17i;-3.799488783976797E-8;-1.34832280607995E-7;-5.170953957255678E-10+8.974206012075883E-19i;3.1697146757510044E-8;4.2141895154505166E-8-7.344806073335461E-17i;-3.924960594887048E-8+3.8248381080341646E-17i;-1.8423047874165272E-7+1.0421011219367901E-15i;-2.182201370408077E-8+1.3309222301766241E-17i;6.777164590988666E-8+2.5362327167159537E-17i;2.999844475856684E-8-1.753208638189627E-17i;-1.1859270631507755E-8-1.6355911157132075E-16i;-2.3247039272695235E-7-2.096048820336371E-15i
-1.7083352727583436E-8+2.6292821553762514E-12i;2.6277561969261727E-7-4.291840845591983E-11i;-1.9686274557323562E-7+2.1498279948805358E-10i;8.869921055165689E-8-2.1070659374715425E-11i;2.816744627378529E-7-2.1099356452794133E-10i;1.5062301963235197E-7-1.2341854753943898E-11i;1.7227873336315321E-7;1.7436595256780165E-8-3.5512097374813054E-18i;-1.1555697258149226E-8+7.00277743825126E-18i;6.655492553404523E-8+1.9699084057526707E-17i;-1.9780549443012718E-7;-1.7384587950413942E-7-4.292313749605567E-17i;4.560310073730728E-9-1.9198885816503152E-17i;-3.799259917601587E-8+8.651643567999934E-18i;-1.3483178006553832E-7;5.354236544881197E-10-1.51982148937919E-17i;3.169493398144052E-8-3.769478876196911E-18i;-4.212656778616806E-8-5.322099815498637E-18i;3.8846272767055524E-8+7.794702494172278E-17i;-1.8433748487482323E-7+1.4722613021457651E-15i;2.1866885217802243E-8+2.5412294937313636E-17i;6.774794050287817E-8-3.759105688016889E-17i;-2.9997339078640034E-8-1.5396840170334686E-16i;1.142937993862518E-8-1.5071586676679275E-16i;-2.325004298219041E-7-2.1015135514400583E-15i
4.837751450676055E-9+5.1614038296186276E-12i;2.508001752324723E-7-2.7896492032171503E-11i;-2.115540388467341E-7+2.268101800694939E-10i;6.656830973002842E-8-2.3754585663093795E-11i;2.800882591623285E-7-2.2975817566588952E-10i;1.671618862299477E-7-2.1353557705982627E-11i;1.7128204636886894E-7;5.223992070655987E-8;-3.450443598737766E-8+6.4299884070001655E-18i;6.248769424838414E-8+1.963570730014486E-17i;-1.815089088450795E-7;-1.6022002203772427E-7-3.773356187554504E-17i;1.336540218463532E-8-1.3232999128283492E-17i;-3.152340375783281E-8;-1.2740618865468608E-7;5.96785320981286E-10-2.439352439004372E-18i;2.719669627623265E-8-4.772418045414378E-18i;-1.1961447402273286E-7+5.0667246469687866E-17i;1.1007257448659655E-7+9.381170697843781E-17i;-1.8092489050792123E-7+1.8616022544530237E-15i;6.339751745647585E-8+5.4529655428418404E-17i;6.409822334807998E-8-8.111651548881699E-17i;-8.482564236080543E-8-3.0241457605710125E-16i;3.276488386758725E-8-1.4809219676459342E-16i;-2.26255981279409E-7-2.074473482810622E-15i
2.6758855595746494E-8+7.693525524530869E-12i;2.3882473065998877E-7-1.287457560847364E-11i;-2.2624533210057186E-7+2.386375606121389E-10i;4.4437408891068086E-8-2.643851197844807E-11i;2.7850205570122793E-7-2.4852278689390537E-10i;1.837007528226874E-7-3.0365260624726443E-11i;1.6930302673678275E-7;8.685133695114653E-8;-5.696491682284501E-8;5.4447476161408564E-8+1.8825567917045005E-17i;-1.4958177591659878E-7;-1.3360494511173272E-7-2.9505847177733926E-17i;2.1337440247888734E-8-5.9886626923873346E-18i;-1.886309901312156E-8;-1.1305818005092444E-7;-2.1849758196173723E-9+2.680648077571584E-19i;1.8527012980989188E-8-4.82083352738895E-18i;-1.7763720654895162E-7+9.880937727603063E-17i;1.6157560829710046E-7+1.120852446810441E-16i;-1.7455840691748487E-7+2.1083155171451202E-15i;9.871585475662512E-8+6.988348278276707E-17i;5.6853128438981695E-8-1.2054403539122587E-16i;-1.2480369205029036E-7-3.9793838261031545E-16i;4.842028781602556E-8-1.3143452778983062E-16i;-2.154285720698642E-7-1.9609602021494576E-15i
4.867995970752803E-8+1.0225647239880456E-11i;2.2684928597632937E-7+2.1473408132412044E-12i;-2.40936625336051E-7+2.504649411196195E-10i;2.230650803492239E-8-2.912243832153823E-11i;2.769158523547509E-7-2.672873982145562E-10i;2.002396194105586E-7-3.937696351121069E-11i;1.6636591938602213E-7;1.2116130804814068E-7;-7.865163161024428E-8;4.2611875957022506E-8+1.5670501085522544E-17i;-1.0332293022320356E-7;-9.525131459892541E-8-2.0691795366805164E-17i;2.798402484582876E-8;-5.69555002827435E-10+4.388254550775038E-18i;-9.280019233015038E-8;-9.370682261205047E-9-4.961575817672547E-18i;6.40655967790182E-9-4.577291286671384E-18i;-2.0629281052936193E-7+1.2707268288630454E-16i;1.8335213056264336E-7+1.2842631501277912E-16i;-1.6637095748879532E-7+2.1718759949833914E-15i;1.2481934345503296E-7+7.547102463385843E-17i;4.599138404441908E-8-1.2979262590566626E-16i;-1.4262578041381818E-7-4.1690874451842387E-16i;5.5791177292157896E-8-1.1166210266269138E-16i;-2.0307841004546525E-7-1.828629521472826E-15i
7.060106378768739E-8+1.275776897380377E-11i;2.148738411933647E-7+1.716925723479421E-11i;-2.556279185595571E-7+2.6229232159942095E-10i;1.756071617123732E-10-3.180636468953866E-11i;2.753296491115616E-7-2.860520096192467E-10i;2.1677848599104954E-7-4.838866636774808E-11i;1.6250975441554552E-7;1.55087788488502E-7;-9.933749719511772E-8-1.1553620061241316E-17i;2.7232817674192378E-8+1.2376525181266287E-17i;-4.453382430729362E-8+7.237310460067685E-18i;-4.686417609867255E-8-7.385503700687222E-18i;3.289650415268183E-8+5.1225904008252945E-18i;2.2629506626338837E-8+1.5981762447123316E-17i;-6.796910816666607E-8-7.835866445714537E-18i;-2.2082132474356534E-8-1.1771766242744366E-17i;-8.295491684017968E-9-7.5339295627775E-18i;-1.99837903499609E-7+1.119160248161595E-16i;1.6959283967168966E-7+1.3277087109270227E-16i;-1.5782982969041308E-7+2.0416972282205828E-15i;1.4023782076811076E-7+6.982571815544505E-17i;3.164671632943812E-8-1.2021425991940561E-16i;-1.3426685250921584E-7-3.6778357737372504E-16i;5.352492151558446E-8-9.330143115376276E-17i;-1.9290280909419796E-7-1.6755338461347113E-15i
9.252216783885818E-8+1.528989072242072E-11i;2.0289839633080125E-7+3.219117365696174E-11i;-2.703192117806406E-7+2.741197020633991E-10i;-2.195529372867174E-8-3.44902910763282E-11i;2.737434459521E-7-3.0481662109153454E-10i;2.333173525603427E-7-5.74003691973932E-11i;1.5778677902199342E-7;1.8858578559262073E-7;-1.1887952197082873E-7-1.7722383121841824E-17i;8.618133556771868E-9+8.104007953507692E-18i;2.458331533163806E-8+5.2628488571170426E-18i;9.489775171414013E-9+6.772892213182257E-18i;3.5794743756943434E-8+1.1896982368422103E-17i;4.987083482184239E-8+1.6769628226526274E-17i;-4.017189220530933E-8;-4.087363673721414E-8-9.585393517268634E-18i;-2.4558217299092856E-8-8.652608160174335E-18i;-1.5729178961812307E-7+5.652747615351908E-17i;1.1934796614826954E-7+1.1970144509906743E-16i;-1.5064423112457806E-7+1.7132094470096792E-15i;1.451677252043124E-7+5.577975496911404E-17i;1.4114132867837118E-8-7.624652714231469E-17i;-9.959072854862643E-8-2.704059477992712E-16i;4.194901459760158E-8-9.320034085232075E-17i;-1.8857613825767582E-7-1.5887847138413038E-15i
1.144432718628711E-7+1.7822012481010717E-11i;1.909229514082359E-7+4.721309008118248E-11i;-2.8501050500796075E-7+2.8594708252135125E-10i;-4.408619463688887E-8-3.717421747609982E-11i;2.721572428570391E-7-3.2358123261480723E-10i;2.498562191152735E-7-6.641207200337902E-11i;1.5226137026796793E-7;2.2166234378286704E-7;-1.3724731538763006E-7-2.3393025098655047E-17i;-1.2913094287541684E-8+3.0134782324054124E-18i;1.016519362545589E-7;7.163430091523989E-8+2.3917333946445682E-17i;3.652737434349035E-8+2.1189969576221553E-17i;8.034598393594019E-8+1.6449590256187304E-17i;-1.1055971748175167E-8+3.67877591389687E-18i;-6.584450594967584E-8-1.0648083185497923E-17i;-4.147840963527708E-8-7.277394728772653E-18i;-8.230599199665208E-8-2.4200896021613067E-17i;3.6263259064390053E-8+1.0166117107854845E-16i;-1.465691195493108E-7+1.225776683847917E-15i;1.415529821981503E-7+4.0524119963965654E-17i;-6.111403052520256E-9+2.5003765695342555E-18i;-4.196755606439247E-8-1.1396075977297182E-16i;2.268770234202044E-8-1.0055014238549343E-16i;-1.9304113632786287E-7-1.5969938953035758E-15i
1.3636437586106302E-7+2.0354134244793644E-11i;1.7894750644611825E-7+6.223500650736994E-11i;-2.997017982496559E-7+2.9777446298483793E-10i;-6.621709556405461E-8-3.985814388221921E-11i;2.7057103980643464E-7-3.42345844171921E-10i;2.663950856532651E-7-7.542377479029396E-11i;1.4601229691258606E-7;2.543844574900179E-7;-1.5454734744489196E-7-2.7260981012201396E-17i;-3.7050040186183E-8-3.842862645936902E-18i;1.8429946729772443E-7;1.37471183053523E-7+3.80459001832889E-17i;3.51019563310537E-8+2.960593895397705E-17i;1.1340865972428247E-7;1.7844573523088914E-8+8.70800434947735E-18i;-9.670359662706081E-8-2.191518078368143E-17i;-5.839332008679419E-8;1.7821656436093353E-8-1.0524340592609204E-16i;-7.245155191785404E-8+6.015770060027734E-17i;-1.4731511553304425E-7+6.136954277089937E-16i;1.3268641131154304E-7+3.16633875684433E-17i;-2.836724944601668E-8+1.2684939079770723E-16i;3.262584130490891E-8+1.0448926837293852E-16i;-1.702268036149779E-9-1.20608596714014E-16i;-2.0829428998797128E-7-1.7375751521254104E-15i
1.5828547983377745E-7+2.2886256007803898E-11i;1.6697206146521538E-7+7.725692293610026E-11i;-3.1439309151305224E-7+3.0960184346408824E-10i;-8.834799651202528E-8-4.2542070288054335E-11i;2.6898483677998847E-7-3.6111045574565485E-10i;2.829339521720703E-7-8.443547756318922E-11i;1.391350899433342E-7;2.8689106552702257E-7;-1.7105329082240447E-7-3.030755095847948E-17i;-6.352727626795699E-8-9.36166918696832E-18i;2.7040881957646733E-7;2.0525622704715281E-7+5.748380454095823E-17i;3.168647981545141E-8+4.248275993569011E-17i;1.487791289169668E-7-2.6144727118224787E-17i;4.533711001989002E-8+2.952719489797865E-17i;-1.3307013401415405E-7-1.5086429353442808E-17i;-7.510711859936023E-8-8.480896532184488E-18i;1.3389015962346584E-7-2.1463475477541858E-16i;-1.979799008240987E-7;-1.5456476431209008E-7-2.9820180018418924E-17i;1.2284912924662932E-7+1.3489762258502492E-17i;-5.206741289250373E-8+2.7449033279438385E-16i;1.1733971415310274E-7+3.183041180542515E-16i;-2.8551242040978014E-8-1.5974864252369426E-16i;-2.3578534185728237E-7-1.9947927045162947E-15i
1.8020658378304955E-7+2.5418377766415367E-11i;1.5499661648399397E-7+9.22788393686483E-11i;-3.2908438480029674E-7+3.214292239607604E-10i;-1.1047889748068907E-7-4.522599668808974E-11i;2.6739863375871186E-7-3.7987506731804207E-10i;2.994728186724705E-7-9.344718032545055E-11i;1.3174050703473915E-7+1.506959667016652E-17i;3.194017600563453E-7;-1.8722879186142247E-7-3.2142241521546157E-17i;-9.217921801323658E-8-1.565839979171385E-17i;3.5836749676252677E-7;2.738606446139858E-7+7.841616914017349E-17i;2.658313653568275E-8+5.699386182060492E-17i;1.8677720656979415E-7-4.130585585528189E-17i;7.07388504001225E-8+4.997614909497142E-17i;-1.749501719731426E-7;-9.207392826618271E-8;2.571146065160269E-7-3.264409253272979E-16i;-3.3251768699244795E-7-6.776314532894604E-17i;-1.7029147275988482E-7-6.597554048641733E-16i;1.1701888375613642E-7-1.3467932159051817E-17i;-7.719648329421287E-8+4.1350399185752657E-16i;2.0664406453303752E-7+5.324090550874181E-16i;-5.5925242962562786E-8-1.9655124469630604E-16i;-2.778095161241659E-7-2.345328196786023E-15i
-2.432397347221513E-7-2.2122059746237306E-11i;3.8574831978969307E-7-1.9548480672879035E-10i;-6.455978139535943E-8+1.1093941744349363E-10i;3.1923627264753003E-7+5.962546973701357E-12i;3.0251599820416705E-7-2.6186053735074492E-11i;-2.3077829737884134E-9+7.350213775426431E-11i;1.833424752141646E-7-2.630345805456438E-17i;-3.3559180975535937E-7-3.970709649413167E-17i;2.3556290113151665E-7;-2.5245503677889878E-8-2.6480894960913458E-17i;3.578675854660913E-7;2.97725993839376E-7+7.22481221333316E-17i;-1.0931956114368003E-7+1.4364499144526217E-17i;1.728233248432874E-7-2.2639050827936318E-17i;1.3763646720208136E-7+1.6153194328917525E-17i;6.29765467635006E-8-8.525740487148202E-18i;-1.6932736340900557E-7-5.2707659391387704E-17i;-2.804807857633706E-7+2.1018947595274574E-16i;3.280158731449241E-7+8.60631770157284E-17i;-7.838598577099824E-8+2.3919629646051126E-15i;-3.4227727111878086E-8+8.137119282606815E-17i;2.8863961679762512E-8-2.803897758978872E-16i;-2.5448855761062023E-7-6.812918032397249E-16i;1.3730769378958474E-7-1.3825692907583881E-16i;-2.1356853816698849E-7-2.115812731721831E-15i
-2.2131863043082524E-7-1.95899381351209E-11i;3.7377287571969133E-7-1.8046289039770135E-10i;-7.92510745239268E-8+1.2276679803130264E-10i;2.9710537192257053E-7+3.2786207233125504E-12i;3.00929794318048E-7-4.495066476017992E-11i;1.4231083854624197E-8+6.449043455267352E-11i;1.903176151039411E-7-2.4649302706653623E-17i;-3.0172155876902213E-7-3.6049405715500537E-17i;2.1536624624304418E-7;3.0322647189836324E-9-1.7965588355684032E-17i;2.6917679255983615E-7;2.2570444358571427E-7+5.887281169943393E-17i;-1.0768496229492542E-7+1.2399547606544397E-17i;1.2865394161820025E-7-1.629294624431031E-17i;1.0488141732878917E-7+2.3108071335412867E-17i;2.9268859661078934E-8+2.152692107354327E-17i;-1.3224089964543387E-7-3.4603398109377296E-17i;-1.5358103893490206E-7+9.510117683649139E-17i;1.8793736492939355E-7+6.068688061976124E-17i;-6.790806368322503E-8+1.5466406202520349E-15i;-4.623395505328199E-8+4.2960485778194364E-17i;2.9690341568429632E-8-1.8415532160157842E-16i;-1.453635317785625E-7-4.302596097883522E-16i;7.813866381666363E-8-9.425318703612334E-17i;-1.7235188659093218E-7-1.6271411160656963E-15i
-1.9939752614157224E-7-1.7057816522048868E-11i;3.6179743163786866E-7-1.6544097406008361E-10i;-9.394236766752491E-8+1.345941786280153E-10i;2.7497447119625796E-7+5.946944739290102E-13i;2.993435904408001E-7-6.371527578257016E-11i;3.07699506671152E-8+5.547873136359509E-11i;1.9686679101210195E-7-2.3408733518525578E-17i;-2.677766719831904E-7-3.2645557595020006E-17i;1.9469243169754792E-7;2.951699399933727E-8-1.1453519420515904E-17i;1.8230186167132114E-7-2.28101865886316E-17i;1.545523696129232E-7+3.530374690275143E-17i;-1.0432865450789731E-7;8.65900394272471E-8;7.035640267227065E-8;8.296669220039396E-10-2.1677062265687324E-17i;-9.48501625196224E-8-2.4476922043308705E-17i;-3.415186275075899E-8+2.5050162249050373E-17i;5.7245037947348584E-8+5.259745127173187E-17i;-6.509922303138308E-8+7.576162587905043E-16i;-6.180849783797918E-8;2.8266072803074025E-8-7.747369929933826E-17i;-4.173661341766095E-8-1.0469079312680515E-16i;2.0365250496068443E-8-4.9977368166299253E-17i;-1.4565048704700062E-7-1.2975227469062924E-15i
-1.7747642185701013E-7-1.4525694909905536E-11i;3.498219875518102E-7-1.504190577143127E-10i;-1.0863366083743314E-7+1.4642155924163052E-10i;2.5284357046463935E-7-2.0892317694973245E-12i;2.9775738656242573E-7-8.247988678937036E-11i;4.730881745404617E-8+4.646702819033055E-11i;2.0285940188281186E-7-2.241451370644772E-17i;-2.3352412418295286E-7-2.916253862689239E-17i;1.7296326458649087E-7;5.389929117143059E-8;9.886683743727365E-8-2.3877658227066363E-17i;8.541188412533123E-8+1.0234644826391274E-17i;-9.85432823893391E-8-1.9598970723400255E-17i;4.6565546943341476E-8+2.9508674171710757E-17i;3.457986768652756E-8-2.4057338445387245E-17i;-2.1353805368944276E-8-7.768509573730885E-17i;-5.661372348711612E-8-1.5571730985621602E-17i;6.914124468094168E-8-2.1609462066817498E-17i;-5.563501392165433E-8+4.867344974629904E-17i;-6.873282737040479E-8+1.0273474188673912E-16i;-7.701946733898093E-8-5.553027276406463E-17i;2.3913167772297845E-8+1.1588068004248002E-17i;4.968453662197323E-8+1.9575617982269012E-16i;-3.2312872119270986E-8-2.0473256048958092E-17i;-1.3213785131809738E-7-1.0868576394129192E-15i
-1.5555531757841355E-7-1.1993573301120864E-11i;3.378465434711088E-7-1.35397141358773E-10i;-1.2332495403991886E-7+1.582489398768235E-10i;2.3071266972430952E-7-4.773158004170681E-12i;2.961711826705056E-7-1.012444977689986E-10i;6.384768421013918E-8+3.745532503450804E-11i;2.081861707450975E-7-2.0970614969315818E-17i;-1.9882028207736028E-7-2.536072028551891E-17i;1.498456860757442E-7;7.580948357773967E-8;2.1017074596879725E-8-1.4702382902900094E-17i;2.010531245745956E-8-2.2529880552973363E-18i;-8.994477914032178E-8-2.1014853257094127E-17i;9.176893457904078E-9+1.3124868239211408E-17i;-1.1737003386400374E-9-1.1851442324818445E-17i;-3.63760284548633E-8-6.010676096157394E-17i;-1.8327319520927577E-8-8.1089285211153E-18i;1.4706656150775962E-7-1.0858571991192277E-16i;-1.4127973070662086E-7;-7.732558462729075E-8-3.0023560950978135E-16i;-8.803055430075146E-8-6.02768864338585E-17i;1.6698545278259687E-8+1.1046056743214726E-16i;1.2044917756700854E-7+3.534882880458833E-16i;-7.435299821067674E-8-3.513130607289087E-17i;-1.3060027324118432E-7-1.0306263912253952E-15i
-1.3363421330652018E-7-9.461451697734362E-12i;3.2587109940328224E-7-1.203752249917088E-10i;-1.3801624727819244E-7+1.700763205354028E-10i;2.0858176897247126E-7-7.457084225846211E-12i;2.9458497875473784E-7-1.20009108710298E-10i;8.038655093235935E-8+2.844362189683764E-11i;2.127566729161885E-7;-1.6360296596704528E-7-2.1732563945009036E-17i;1.2522292155717E-7+1.7846157518233048E-17i;9.485209878951856E-8+1.0264621217007006E-17i;-4.8843505004543844E-8-1.526876939275748E-17i;-3.9164078586356186E-8-1.1916029875341397E-17i;-7.845364680003789E-8-1.9507759889376718E-17i;-2.4574095862000598E-8+2.241827068285929E-17i;-3.5160721543810895E-8-7.8830516351435E-18i;-4.374754567752411E-8-2.5782309781083836E-17i;1.834429317895803E-8+6.295904388816439E-18i;1.9225478522708496E-7-1.608630165334974E-16i;-1.920455447390634E-7;-8.907247062471947E-8-4.848124881331811E-16i;-9.165207089873958E-8-6.914430136090378E-17i;7.383988934955989E-9+1.4817527220080215E-16i;1.6321587958836934E-7+4.37833282204839E-16i;-1.0054038940176522E-7-4.443527168147459E-17i;-1.3881146490219634E-7-1.0365947593150114E-15i
-1.1171310904248277E-7-6.929330101172915E-12i;3.1389565534901605E-7-1.053533086105539E-10i;-1.5270754055230626E-7+1.8190370121518361E-10i;1.8645086820688158E-7-1.0141010433203203E-11i;2.929987748122056E-7-1.3877371960916184E-10i;9.692541761945892E-8+1.9431918778810522E-11i;2.1649799862867707E-7;-1.2787582672484432E-7-1.80473391200081E-17i;9.914791682613645E-8+2.450285497375634E-17i;1.1064171246132149E-7+1.6017073246514448E-17i;-1.0829117314652421E-7;-9.00867909877058E-8-2.0825715139506774E-17i;-6.424444449763006E-8-1.7584875347980348E-17i;-5.351288232843388E-8+1.1140949980707805E-17i;-6.544358397930141E-8;-4.357782509446989E-8+7.357506153076388E-18i;5.13141459269258E-8+1.772529014137224E-17i;2.009883325832501E-7-1.7979724736599766E-16i;-2.0406715049270555E-7;-1.0194293168943673E-7-4.443744645949761E-16i;-8.58684329110965E-8-5.989428830740471E-17i;-2.773900700242865E-9+1.7871217157605779E-16i;1.7379120945753092E-7+4.3860814473447177E-16i;-1.0751744518454983E-7-7.573527109754458E-17i;-1.5329971133613718E-7-1.1670241109311746E-15i
-8.979200478934813E-8-4.397208509421341E-12i;3.019202112960777E-7-9.033139221472977E-11i;-1.6739883385698408E-7+1.9373108190856974E-10i;1.643199674257925E-7-1.2824936629081501E-11i;2.914125708547475E-7-1.575383304737794E-10i;1.134642842732085E-7+1.0420215683328682E-11i;2.1935315725446427E-7;-9.169639075715304E-8-1.4923446317582086E-17i;7.180671111238074E-8+1.738173850613769E-17i;1.2282652711318663E-7+2.0509315361982138E-17i;-1.550890781748024E-7;-1.3047415944360984E-7-3.6726441596811315E-17i;-4.769333153245484E-8-2.8483755342170487E-17i;-7.644335469114746E-8+1.5905584035135188E-17i;-9.011128594623454E-8-1.549060393608037E-17i;-3.661374008382963E-8-4.0886417189934895E-17i;7.835666711742176E-8+1.2270198373921447E-17i;1.742121432533766E-7-1.449673777657607E-16i;-1.7834988489478216E-7;-1.1386952761109072E-7-2.5307862490586337E-16i;-7.026111648852359E-8-5.580202176573539E-17i;-1.219411202343876E-8+1.809474478562057E-16i;1.5225803304422288E-7+4.3302930857000416E-16i;-9.46116974016698E-8-1.0340322285320715E-16i;-1.6974154045842438E-7-1.3699008945467393E-15i
-6.787090055183177E-8-1.865086917730461E-12i;2.8994476722039304E-7-7.530947580610871E-11i;-1.820901271817862E-7+2.0555846260288042E-10i;1.421890666281392E-7-1.550886282062642E-11i;2.898263669080741E-7-1.763029413268888E-10i;1.3000315089854758E-7+1.4085126142122444E-12i;2.2127910537038299E-7;-5.5165779829011916E-8-1.1365394886462871E-17i;4.3494874467850674E-8+2.1611297901365818E-17i;1.3112046021435508E-7+2.555659422307107E-17i;-1.8739395871860994E-7;-1.5850916543202468E-7-4.1356353559687903E-17i;-2.9359607398622956E-8-2.2778577411755718E-17i;-9.236886352221057E-8-1.5747972730487054E-17i;-1.075645587312787E-7;-2.4278536693687737E-8-6.302988640277569E-18i;9.762590050098171E-8+1.5008342098800158E-17i;1.1774908337393207E-7-1.0940045049417477E-16i;-1.2111234904017554E-7-1.560790657180863E-17i;-1.230413777410482E-7+1.531551992710862E-16i;-4.60743678344333E-8-1.6243834114513883E-17i;-1.9514044239390956E-8+1.7255403722229895E-16i;1.0359074184480156E-7+2.7507911640503364E-16i;-6.466507749230793E-8-1.396159203824749E-16i;-1.8377697497296182E-7-1.5913330194378496E-15i
-4.5949796334883256E-8+6.670346796104763E-13i;2.7796932309627887E-7-6.02875593857646E-11i;-1.9678142051583587E-7+2.1738584328536854E-10i;1.2005816581333495E-7-1.819278901626904E-11i;2.8824016300057355E-7-1.9506755219438679E-10i;1.4654201750093663E-7-7.603190425022099E-12i;2.2224871740218257E-7;-1.8411841800855075E-8-8.112936506640996E-18i;1.4569583285169474E-8+2.1859243012298875E-17i;1.3532001741280967E-7+2.976507548250238E-17i;-2.0388820001146291E-7;-1.728667564281036E-7-4.142540714029641E-17i;-9.902301895925135E-9-1.5633382150493116E-17i;-1.0052036917036108E-7-4.020172025709228E-17i;-1.1659518504769263E-7+1.4194939477654815E-17i;-8.478522722222863E-9+1.9672332789510994E-17i;1.0761487333249559E-7+1.4261424975707258E-17i;4.156350824528415E-8-6.414537866922438E-17i;-4.291368092726532E-8-1.786130322137112E-17i;-1.2805501947031762E-7+6.451569293498015E-16i;-1.6055356784293778E-8+2.3483279044309915E-17i;-2.3467700865736152E-8+1.2115176107962642E-16i;3.667927988942701E-8+7.537084772877322E-17i;-2.3039521924071536E-8-1.6347582166068923E-16i;-1.9182611518038406E-7-1.7577366509367645E-15i
-2.4028692143555026E-8+3.199156288270844E-12i;2.659938788960616E-7-4.526564295740476E-11i;-2.1147271384705086E-7+2.2921322394270417E-10i;9.792726498110403E-8-2.087671522477926E-11i;2.8665395916299265E-7-2.138321631050137E-10i;1.6308088408675426E-7-1.661489343161847E-11i;2.222476263899368E-7;1.841817224562634E-8-4.771531567197728E-18i;-1.456398309449036E-8+1.1189246177911693E-17i;1.3532003270981401E-7+3.1168003383290574E-17i;-2.0388904906052447E-7;-1.7286659365818173E-7-4.2244960829823633E-17i;9.935770976752061E-9-1.7266304762195496E-17i;-1.0051842761886476E-7-1.866481330798069E-17i;-1.16595563736261E-7;8.516085074456964E-9+9.872555961864788E-18i;1.0761424845990972E-7+1.2130042550263804E-17i;-4.153283162791783E-8+9.593429001026319E-18i;4.2628634902356395E-8+3.8707196079798124E-17i;-1.281756134118376E-7+1.113664437883767E-15i;1.602639663894831E-8+3.225135088024858E-17i;-2.3490048148582003E-8+2.4927251861764835E-17i;-3.662938566622549E-8-8.223209394450683E-17i;2.2682330989743345E-8-1.3890075178335654E-16i;-1.919027112501838E-7-1.7775676020672505E-15i
-2.1075879832347595E-9+5.731277915358224E-12i;2.540184345919337E-7-3.0243726523736335E-11i;-2.261640071635694E-7+2.4104060456283736E-10i;7.579636413108401E-8-2.3560641456186113E-11i;2.850677554268818E-7-2.3259677408942028E-10i;1.7961975066259262E-7-2.5626596402730064E-11i;2.2127595682589522E-7;5.517249090713891E-8;-4.3490300543747186E-8+6.337190476398225E-18i;1.311210933504868E-7+3.1518036938178016E-17i;-1.8739500037872047E-7;-1.585072385621277E-7-3.8843279905795187E-17i;2.9391610745602235E-8-1.2424309367125339E-17i;-9.236418829099956E-8-2.2129469610879295E-17i;-1.0756420373354172E-7;2.431608625047413E-8+1.087672543878331E-17i;9.762665048360738E-8;-1.1774384053909585E-7+7.488473387420425E-17i;1.208634225131212E-7+6.121209825953181E-17i;-1.233794986542585E-7+1.5231466499006561E-15i;4.605692021416715E-8+5.750025215047327E-17i;-1.958366961988223E-8-4.123617795749005E-17i;-1.0356898682160252E-7-2.47897049842705E-16i;6.434254715131224E-8-1.2407689108407808E-16i;-1.8398888433926933E-7-1.7634887264960388E-15i
1.9813516142640367E-8+8.26339956465574E-12i;2.4204299016816326E-7-1.5221810088559292E-11i;-2.4085530045949134E-7+2.528679851411057E-10i;5.3665463263021494E-8-2.6244567716236303E-11i;2.834815518110683E-7-2.5136138516719447E-10i;1.9615861723202982E-7-3.463829933730376E-11i;2.1934814237332056E-7;9.170348350557315E-8;-7.180326215082633E-8;1.2282857883620098E-7+3.031136485678509E-17i;-1.550883560448772E-7;-1.3046834850669926E-7-3.082338279971652E-17i;4.7721320093336285E-8-7.19077132273627E-18i;-7.643699056835953E-8;-9.01073198943883E-8-1.0999491175817214E-17i;3.664833360391098E-8+1.7157959549363767E-17i;7.835936420580582E-8+7.952996467278242E-18i;-1.742313033732151E-7+1.175497857816409E-16i;1.781430888867217E-7+9.893738732565137E-17i;-1.1436037717143765E-7+1.7855267456717607E-15i;7.025578873466499E-8+6.629587813540361E-17i;-1.2305374345795765E-8-1.2168904479359401E-16i;-1.5226241515069194E-7-3.649163378033032E-16i;9.433069634534836E-8-9.249484553226948E-17i;-1.7003923853923316E-7-1.6298903111348842E-15i
4.173462023369145E-8+1.0795521237176027E-11i;2.3006754562355046E-7-1.9989365307145571E-13i;-2.55546593735063E-7+2.646953656794581E-10i;3.153456237724827E-8-2.8928494006119634E-11i;2.818953483185731E-7-2.701259963428739E-10i;2.1269748379577644E-7-4.365000223589962E-11i;2.1649124689173174E-7;1.2788290465799873E-7;-9.914460451467115E-8-1.3047570339885593E-17i;1.106453397869962E-7+2.7199802128512105E-17i;-1.0829073988371276E-7;-9.007873484764553E-8-2.55620792870549E-17i;6.42643119625403E-8-6.534331972310166E-18i;-5.350393056920454E-8+1.0733590462896E-17i;-6.54368607048048E-8-2.4946327121577867E-17i;4.360263760040908E-8-1.8989107258549406E-17i;5.131258939549761E-8;-2.010133034508417E-7+1.630703617224734E-16i;2.0388561178429E-7+1.2637459246242826E-16i;-1.0250356846689654E-7+1.8241072105482777E-15i;8.587132291564859E-8+6.419123824212039E-17i;-2.900222047855344E-9-1.5794176213740658E-16i;-1.737979102899198E-7-3.850900057864403E-16i;1.0725805977324564E-7-5.910060666991315E-17i;-1.5364063938965155E-7-1.4566963211762806E-15i
6.365572429106093E-8+1.3327642931721724E-11i;2.1809210096609826E-7+1.4822022782237526E-11i;-2.702378869949837E-7+2.7652274618465325E-10i;9.403661474087486E-9-3.161242032513548E-11i;2.803091449428745E-7-2.8889060761348415E-10i;2.2923635035263898E-7-5.2661705100949003E-11i;2.1274809742728347E-7;1.6361034822489748E-7;-1.2522037521989676E-7-1.7248417226714465E-17i;9.485670073299073E-8+2.446536352395545E-17i;-4.8840972414068395E-8+7.860860676938944E-18i;-3.915182581489227E-8-1.0751190940883687E-17i;7.846273703043095E-8;-2.4562187783176654E-8+4.7575185888468305E-18i;-3.515053350113126E-8-1.3810242874556278E-17i;4.375463730115461E-8-4.435438889796677E-18i;1.834097082586467E-8-7.645694639633902E-18i;-1.9227906728041857E-7+1.4420074910162727E-16i;1.9188188172885474E-7+1.1047323590226446E-16i;-8.959798187589659E-8+1.685092860991503E-15i;9.167095671811011E-8+6.327079753907898E-17i;7.246283471506288E-9-1.556484374245275E-16i;-1.6322281458937772E-7-3.9001597626634516E-16i;1.0030606932064026E-7-5.396879418193361E-17i;-1.3912580665629215E-7-1.2842342442266733E-15i
8.557682831769796E-8+1.5859764644679735E-11i;2.0611665621499765E-7+2.984393921815104E-11i;-2.849291802485249E-7+2.8835012666779074E-10i;-1.272723944618108E-8-3.42963466675965E-11i;2.787229416654677E-7-3.0765521896409505E-10i;2.457752168994611E-7-6.167340793594045E-11i;2.0817558194031508E-7;1.9882729229049793E-7;-1.4984223400729491E-7-2.1995508682547873E-17i;7.5814308783818E-8+2.0535747766505984E-17i;2.102058373256365E-8+5.9747104373755665E-18i;2.011954049695752E-8+5.7198308137700844E-18i;8.993920310150498E-8+1.5262492488620042E-17i;9.191423816211644E-9+6.151831486244855E-18i;-1.1635846120811516E-9-4.678751100776675E-18i;3.636145732564137E-8+6.149270643075611E-18i;-1.8334775924163022E-8-8.134677190554925E-18i;-1.4707830665026588E-7+8.582072894982327E-17i;1.411181768918734E-7+9.145688226355119E-17i;-7.771443714346333E-8+1.3299210418015654E-15i;8.805832172182384E-8+5.1235786749456474E-17i;1.6577945527729442E-8-1.2194930802546E-16i;-1.2043819101574075E-7-3.106596704027585E-16i;7.410963774975244E-8-4.965365929201651E-17i;-1.3083170365152138E-7-1.1496508896788122E-15i
1.0749793231650347E-7+1.8391886371397924E-11i;1.9414121139271167E-7+4.486585565552356E-11i;-2.996204735054704E-7+3.0017750714193337E-10i;-3.4858140383708696E-8-3.6980273026945286E-11i;2.77136738464479E-7-3.2641983037641946E-10i;2.623140834332019E-7-7.068511074505326E-11i;2.0284676692802856E-7;2.335310708415896E-7;-1.7296014671801247E-7-2.902291925325447E-17i;5.390453957183361E-8+1.4612378069383074E-17i;9.886840859332726E-8;8.542394570254237E-8+2.1151354609937848E-17i;9.852464706502295E-8+2.368303780445631E-17i;4.65789694171449E-8+1.1406930622422908E-17i;3.458427420006707E-8;2.132348935683439E-8-3.3144913003292745E-18i;-5.661680472948987E-8-1.1562970146884566E-17i;-6.915254988926175E-8+1.1505894685398879E-17i;5.548831186348982E-8+7.003240024777168E-17i;-6.889491089584878E-8+7.913445244121477E-16i;7.705377602482628E-8+2.734913018575882E-17i;2.38152131071613E-8-5.4200953254041613E-17i;-4.968408848203458E-8-1.4077659981143926E-16i;3.208532470154064E-8-5.5342755223174297E-17i;-1.3223939219422012E-7-1.099468552200831E-15i
1.2941903628990507E-7+2.092400810607981E-11i;1.8216576652192036E-7+5.988777209437515E-11i;-3.143117667745753E-7+3.120048876191717E-10i;-5.69890413389998E-8-3.9664199396603405E-11i;2.7555053531798256E-7-3.45184441832397E-10i;2.7885294995166443E-7-7.969681353412825E-11i;1.9685262932738856E-7;2.677826306304271E-7;-1.9468820730401525E-7-3.1119557368938224E-17i;2.9525871650108505E-8+7.636764661923662E-18i;1.8229997016923883E-7;1.5455986833636893E-7+3.691023029168221E-17i;1.0429731385925952E-7+3.440089944831079E-17i;8.659424514290555E-8;7.035454419025454E-8+1.2203918305683329E-17i;-8.660149785607599E-10+6.743753259353686E-19i;-9.484131850939169E-8-1.4216552357069397E-17i;3.413595424501221E-8-7.811799919788554E-17i;-5.737382954550496E-8+1.2481040543129153E-17i;-6.494985542000825E-8+1.3775039478937088E-16i;6.183525412363623E-8+6.3170531099782834E-18i;2.820102066999174E-8+6.911925402317039E-17i;4.1713257594017804E-8+6.916579788363584E-17i;-2.0583095360944562E-8-8.584492807162696E-17i;-1.455745080300888E-7-1.1930645449793047E-15i
1.5134014023970443E-7+2.3456129842583288E-11i;1.701903216254631E-7+7.490968853421691E-11i;-3.290030600627929E-7+3.238322681106978E-10i;-7.911994231290678E-8-4.234812576906195E-11i;2.739643322034337E-7-3.6394905331399027E-10i;2.9539181645335535E-7-8.870851630959989E-11i;1.9030180205448672E-7;3.0172717355536875E-7;-2.1536245676198261E-7-3.643571571432662E-17i;3.0431067078263905E-9+2.043016892115836E-18i;2.6917384736017895E-7;2.2571044374965904E-7+5.543411986925179E-17i;1.076415069479621E-7+4.955353437509879E-17i;1.2865479013061644E-7-2.974761524958792E-17i;1.0487592582293048E-7+2.7253979075464242E-17i;-2.9314272336233723E-8;-1.3223117607318814E-7;1.5356593461082258E-7-1.813532185231313E-16i;-1.880716106365674E-7-5.440099006836621E-17i;-6.740208499802896E-8-5.710023184694615E-16i;4.6255737036305896E-8-5.717368705476589E-18i;2.966901820221788E-8+2.1116874206873605E-16i;1.453347634485985E-7+3.067281610691045E-16i;-7.839022163915294E-8-1.2492632844082582E-16i;-1.7209023662512629E-7-1.4158698431194397E-15i
1.7326124416958223E-7+2.5988251576643884E-11i;1.5821487672357135E-7+8.99316049759827E-11i;-3.4369435337107586E-7+3.3565964861893677E-10i;-1.0125084330408784E-7-4.5032052138456025E-11i;2.723781290994533E-7-3.827136648013718E-10i;3.119306829399515E-7-9.772021907640836E-11i;1.8332520724446405E-7;3.3559881386859554E-7;-2.3556455870916107E-7-3.801835607245223E-17i;-2.5233566010618498E-8-3.83371174345118E-18i;3.57865709622584E-7;2.9773522846755554E-7+7.767029130384478E-17i;1.0927153270353752E-7+6.658004982056511E-17i;1.7282973354240086E-7-5.2023878689366385E-17i;1.3763531921115202E-7+5.095386661224858E-17i;-6.302267466519824E-8+3.128681905307837E-17i;-1.6934172938405933E-7;2.804741776684964E-7-2.9416086609799515E-16i;-3.2818119142118575E-7-1.2646789326045254E-16i;-7.749370529554324E-8-1.2635096721801332E-15i;3.4235419563467545E-8-3.481544498479839E-17i;2.8913626057409352E-8+3.592095066380663E-16i;2.544810805655363E-7+5.253543818223419E-16i;-1.376544864577192E-7-1.7553866554003103E-16i;-2.1311628569637108E-7-1.7268265426034868E-15i
-2.501850740256508E-7-2.1552185238815422E-11i;3.889665776944629E-7-1.9783204128794704E-10i;-7.916974929927809E-8+1.2516984152832522E-10i;3.2846432725487284E-7+6.156490671295293E-12i;3.074954959096698E-7-2.9024653516118556E-11i;1.0150081634055907E-8+6.922909924792524E-11i;2.3557109080484639E-7-3.171849746113826E-17i;-3.5061686929720006E-7-4.183173174383464E-17i;2.816963324445741E-7;4.627698308959998E-8-1.6680162020328636E-17i;3.5496635702836356E-7;3.1917918782112363E-7+7.520083559432611E-17i;-1.9270403067692608E-7;1.4787036541578734E-7-2.2507115159566454E-17i;2.0727544738888258E-7;-6.252925709910976E-8-5.777401302648155E-17i;-2.3670894694769646E-7-6.075068278644916E-17i;-3.0098668893415775E-7+2.3787465671942697E-16i;3.101242510518119E-7+4.387004678782773E-17i;4.3100047145616485E-8+1.4531022767879322E-15i;7.441367330052555E-8+1.0517445123826053E-16i;1.3590233258417267E-7-3.7325484494493033E-16i;-2.898615972776537E-7-8.768918656135008E-16i;2.1044298526124333E-7-7.182331459961726E-17i;-8.767895036408712E-8-1.136513231597645E-15i
-2.2826396974360486E-7-1.9020063647537447E-11i;3.7699113369133603E-7-1.828101249531639E-10i;-9.386104245542E-8+1.3699722214254295E-10i;3.0633342651975107E-7+3.4725644456767135E-12i;3.059092919605134E-7-4.778926447770131E-11i;2.6688948448331927E-8+6.021739604077756E-11i;2.422110422115974E-7-2.960712404696736E-17i;-3.156134275311403E-7-3.785256955587995E-17i;2.580413157341092E-7+2.7564752607658784E-17i;7.418133006049192E-8-8.331359899931507E-18i;2.655488291088774E-7;2.442349597310652E-7+5.905646381469997E-17i;-1.849134014021048E-7;9.868693142735422E-8-6.238434703808986E-17i;1.6803605964685218E-7+4.4603902566952505E-17i;-8.767464377122212E-8-2.368081388986411E-17i;-1.8169278363179734E-7-4.896360312315613E-17i;-1.704732923389188E-7+1.329343653814464E-16i;1.6596096426090183E-7-4.287060045546038E-17i;4.7259041773163114E-8+6.351860399759011E-16i;5.4369791655131776E-8+8.053934799809421E-17i;1.1268139002745982E-7-1.8348845427009576E-16i;-1.6415953620796853E-7-5.795394538976975E-16i;1.2293616322666326E-7-5.788277264657938E-17i;-5.0717780836593234E-8-6.952924724235765E-16i
-2.0634286546430013E-7-1.6487942057908637E-11i;3.6501568969125305E-7-1.677882086134693E-10i;-1.0855233562716057E-7+1.4882460276726985E-10i;2.8420252578245634E-7+7.886382248654162E-13i;3.043230880069376E-7-6.655387542684374E-11i;4.322781524856681E-8+5.1205692842163165E-11i;2.484978194706571E-7-2.8333343976685416E-17i;-2.8042251781089804E-7-3.465027083809105E-17i;2.3363912168394335E-7;1.0065083478719714E-7;1.7784056471049972E-7-3.180397080111346E-17i;1.7008700616382986E-7+3.485714136842698E-17i;-1.7512070553479438E-7;5.090787856229471E-8+8.240684963072186E-18i;1.2719141086419754E-7;-1.0749114387448965E-7-8.531699774106955E-17i;-1.2527090941889562E-7-3.185493193801701E-17i;-4.760315889135092E-8+5.342348427622683E-17i;3.141056226961677E-8+1.1924732606438496E-17i;4.484861200070766E-8-1.5996854524861977E-16i;3.111552122507196E-8;8.562434551243539E-8-1.0295196777212869E-16i;-4.442767983795828E-8-1.574553926557634E-16i;3.715638899953783E-8+1.205590236963773E-17i;-2.6996078389001632E-8-2.817894763948999E-16i
-1.8442176118993273E-7-1.3955820473969124E-11i;3.5304024570668084E-7-1.5276629226663703E-10i;-1.2324362882601162E-7+1.6065198341131563E-10i;2.6207162503888467E-7-1.895287985167933E-12i;3.0273688403383764E-7-8.531848634592194E-11i;5.976668202549093E-8+4.2193989654494976E-11i;2.5428379454032356E-7-2.669920239000457E-17i;-2.448017696685605E-7-3.11612588055494E-17i;2.078184904672793E-7;1.252405650352875E-7;9.347859064179142E-8-3.3588476765133E-17i;9.789241457977541E-8+1.341596358586325E-17i;-1.622565426217874E-7-2.849134524140233E-17i;4.747410346412452E-9+3.153151773863446E-17i;8.50957591747634E-8-2.5681639108256083E-17i;-1.1999459867767695E-7-1.1471587516710517E-16i;-6.692903634475125E-8-1.6786306838121354E-17i;5.904688444360519E-8-2.277305798525685E-17i;-8.444849868083443E-8+1.882657280564051E-17i;3.6184676070376624E-8-7.790246007031187E-16i;7.309875196524322E-9-4.6779258537093754E-17i;5.354805078223878E-8+1.3778219867944739E-17i;6.153084674537877E-8+1.8996779357496006E-16i;-4.1525017694485786E-8+4.150859028824603E-17i;-1.6864765540258403E-8-5.0112229059223073E-17i
-1.625006569215732E-7-1.1423698898647731E-11i;3.410648017468347E-7-1.3774437590916223E-10i;-1.379349220599036E-7+1.7247936408041796E-10i;2.399407242849888E-7-4.5792141800288185E-12i;3.0115068002782217E-7-1.0408309722102569E-10i;7.630554877200385E-8+3.318228647999801E-11i;2.5944869382309917E-7;-2.0860524516812045E-7-2.764830081330093E-17i;1.802022522008669E-7;1.4748516855993357E-7;1.466236198507236E-8-3.2802734874142406E-17i;2.9575633969532968E-8;-1.4575523123700912E-7-3.2077815156647944E-17i;-3.886757235275934E-8+4.9479163379493136E-17i;4.312933285111177E-8-3.150875210129171E-17i;-1.2376680441074491E-7-1.0115914543300314E-16i;-8.153471482707511E-9+2.811872707449533E-18i;1.4004468550521945E-7-9.609236727676472E-17i;-1.7144695980330243E-7+1.764785526667869E-17i;2.2528505649471943E-8-1.1696079006385802E-15i;-1.3682313442735726E-8-7.51246844141945E-17i;1.7365719369461913E-8+1.0021504323454337E-16i;1.4364357184457027E-7+4.3174440070413245E-16i;-1.0471458050440258E-7+4.7801454794066E-17i;-1.960158361637855E-8+5.259216244032952E-17i
-1.4057955265971478E-7-8.89157733401718E-12i;3.2908935781758774E-7-1.227224595382565E-10i;-1.5262621533356747E-7+1.8430674477716042E-10i;2.1780982351746572E-7-7.263140356141764E-12i;2.9956447597881687E-7-1.2284770804088417E-10i;9.284441548316083E-8+2.4170583320541217E-11i;2.63894148299362E-7;-1.7178009725674474E-7-2.3248173471170313E-17i;1.506842017627034E-7+2.989707642210644E-17i;1.6691632232473897E-7+2.123392628427969E-17i;-5.6150709412314973E-8-2.184274423668145E-17i;-3.2533874625611036E-8-4.7304845211633464E-18i;-1.2551478909516894E-7-1.7854332634885717E-17i;-7.857898739382918E-8+8.790300245555312E-18i;3.2700334010033167E-9+7.508364367809492E-18i;-1.1819752428861531E-7;4.831333914992327E-8+2.1549404778266042E-17i;1.8785657267678154E-7-1.665823886522838E-16i;-2.2147616510838904E-7-4.580600521401911E-17i;5.810822801267024E-9-1.276441833524405E-15i;-2.8692444271969586E-8-6.443434143317831E-17i;-2.0483458174216373E-8+1.965344087878593E-16i;1.9324237213987812E-7+4.956634679717019E-16i;-1.4459195209400384E-7;-3.27939301598224E-8-2.6962211446672355E-17i
-1.1865844840593898E-7-6.359455780087615E-12i;3.1711391391482583E-7-1.0770054315195638E-10i;-1.6731750864664994E-7+1.9613412549841964E-10i;1.9567892273379231E-7-9.947066512609205E-12i;2.97978271888153E-7-1.4161231880396656E-10i;1.0938328215711752E-7+1.515888017918621E-11i;2.675412723903538E-7;-1.343453682900162E-7-1.9948540555713435E-17i;1.1935671149362162E-7+2.568483968124303E-17i;1.8308630677074138E-7+2.714786438254648E-17i;-1.1646241054527937E-7-1.7645429185410678E-17i;-8.596551056767595E-8-2.1158286684919073E-17i;-1.0176563357903185E-7-2.5576821727393007E-17i;-1.1283096367903968E-7+1.3248901374642125E-17i;-3.222777966726566E-8-5.326256039664404E-18i;-1.0344581453849586E-7-2.2922153975833487E-17i;9.911732338852918E-8+2.610073273638562E-17i;1.985893916052902E-7-1.681491333467622E-16i;-2.3036170002109327E-7-3.7351381102516793E-17i;-1.1646542644894994E-8-1.2255764612759527E-15i;-3.55633863474416E-8-6.933796986886191E-17i;-5.6747191520189485E-8+2.488336320802806E-16i;2.052296576340137E-7+5.87474086024992E-16i;-1.5598851848062617E-7-2.0669213838544437E-17i;-5.247524295142172E-8-1.994069327447739E-16i
-9.673734416349233E-8-3.82733423383148E-12i;3.0513847002357684E-7-9.267862675021876E-11i;-1.820088019940054E-7+2.079615062369643E-10i;1.735480219322071E-7-1.2630992653841476E-11i;2.963920677701425E-7-1.603769295215116E-10i;1.259221487949629E-7+6.1471770594539595E-12i;2.7032914525927767E-7;-9.637698447355087E-8-1.6870278117620338E-17i;8.646536495245488E-8+2.5366555371218406E-17i;1.9559839574643E-7+3.193889942978498E-17i;-1.6397423323452612E-7;-1.2838687413517938E-7-3.499573163559076E-17i;-7.500490990982459E-8-2.946409390018969E-17i;-1.400920306357707E-7;-6.114175331078396E-8;-8.048158729780102E-8-2.6769489467458148E-17i;1.4081758705445278E-7+2.566811683918526E-17i;1.731330467409555E-7-1.369813129227007E-16i;-1.991554335323943E-7-4.9474896626187396E-17i;-2.7420179499720998E-8-9.520860831581403E-16i;-3.361543537840013E-8-5.088485072283157E-17i;-8.785353169856021E-8+2.809413393519538E-16i;1.7961929263972858E-7+5.532998268894624E-16i;-1.3790471324751905E-7-5.900126484899846E-17i;-7.364758613601699E-8-4.624258692101682E-16i
-7.481623993759705E-8-1.2952126894480197E-12i;2.931630261148149E-7-7.765671033475187E-11i;-1.9670009536410996E-7+2.197888869779956E-10i;1.5141712111182892E-7-1.5314918788422686E-11i;2.9480586365564295E-7-1.7914154021972502E-10i;1.424610154017536E-7-2.864526033757118E-12i;2.7221196406067096E-7;-5.799811128704653E-8-1.3522646215100544E-17i;5.238211812062282E-8+2.2195103447014075E-17i;2.0413067077778119E-7+3.723578548015185E-17i;-1.9678869559331546E-7;-1.5785362655261856E-7-4.080184103223356E-17i;-4.5956120423776384E-8-2.7278261323062712E-17i;-1.5907433529609846E-7;-8.159389634718567E-8;-5.105501480782742E-8-9.855565954991145E-18i;1.7050082460816875E-7+2.726017993266789E-17i;1.1738751643322024E-7-1.0142689817227125E-16i;-1.344484479958356E-7-3.688597480515273E-17i;-3.9373149422948256E-8-5.024425689730296E-16i;-2.3814142585827676E-8-2.879908770728647E-17i;-1.1070005581158051E-7+2.40553247442826E-16i;1.22150595306102E-7+4.2267326515768134E-16i;-9.441409394776923E-8-9.037310935939365E-17i;-9.130405768862683E-8-6.968745503614193E-16i
-5.289513573379485E-8+1.2369088595065513E-12i;2.8118758215635636E-7-6.263479390619301E-11i;-2.113913887437262E-7+2.316162677053335E-10i;1.292862202723744E-7-1.799884492599541E-11i;2.9321965957977315E-7-1.979061509296082E-10i;1.5899988198389836E-7-1.1876229095623421E-11i;2.731604365386982E-7;-1.935972276294378E-8-9.491062938583122E-18i;1.7548807618226616E-8+2.3353169772164628E-17i;2.0845530097727826E-7+4.107324356535379E-17i;-2.135474472464639E-7;-1.7295001222001245E-7-4.230381731075522E-17i;-1.5468585631417625E-8-1.849671317118106E-17i;-1.688061416898844E-7-4.3517411234892994E-17i;-9.217615084942512E-8+1.0545968606010558E-17i;-1.7473772698110872E-8+2.3167871482162042E-17i;1.8589441208155895E-7+2.972086861192356E-17i;4.150166070120667E-8-4.1933563841451434E-17i;-4.745916368864826E-8-4.2575148569487404E-17i;-4.585135489037286E-8+5.078015566848631E-17i;-8.620430577020114E-9+1.2828461736007215E-17i;-1.227422654329514E-7+1.900891485272075E-16i;4.3261630569125204E-8+2.0643707407053212E-16i;-3.357690676394176E-8-1.1311096110698435E-16i;-1.0133020464845619E-7-9.235901311143856E-16i
-3.097403155759486E-8+3.769030420920635E-12i;2.6921213811526063E-7-4.761287746795456E-11i;-2.2608268211892463E-7+2.4344364840384573E-10i;1.071553194139757E-7-2.0682771077409048E-11i;2.916334555790377E-7-2.166707616853044E-10i;1.7553874854859495E-7-2.0887932122220805E-11i;2.7315951553379247E-7;1.936739046890268E-8-5.80693772012939E-18i;-1.7539862507979065E-8+1.2567388856078749E-17i;2.0845670072493452E-7+4.340706788302581E-17i;-2.135482397649156E-7;-1.7294941925343181E-7-4.501579725012447E-17i;1.5506167795452072E-8-1.8947613040519425E-17i;-1.6880644474133764E-7-4.4627701765442096E-17i;-9.217554223221867E-8;1.753165981601482E-8+1.195337961063944E-17i;1.8589840493549564E-7+2.4479183870323624E-17i;-4.145779803503724E-8+4.455538392133851E-17i;4.7350780680831604E-8-1.6903288889461814E-17i;-4.5980928864774526E-8+5.676469019896839E-16i;8.512226260059253E-9+3.548533912564286E-17i;-1.2276911628839392E-7+1.0185697856212392E-16i;-4.3168883127675116E-8+2.151331849792984E-17i;3.338801041404912E-8-9.346482975470628E-17i;-1.014399921090154E-7-1.0349527283959155E-15i
-9.052927414085074E-9+6.301152002194631E-12i;2.5723669396224914E-7-3.259096102382959E-11i;-2.407739754775829E-7+2.552710290616716E-10i;8.50244185367619E-8-2.336669725319784E-11i;2.900472516863872E-7-2.3543537251922174E-10i;1.9207761510232676E-7-2.98996351106857E-11i;2.7220896332126183E-7;5.8006116397942505E-8;-5.237408268108207E-8+6.928217387299388E-18i;2.0413313120866656E-7+4.38608298044532E-17i;-1.9678947338889543E-7;-1.578498768768329E-7-3.901056065151009E-17i;4.5991762204039175E-8-1.1713632599613831E-17i;-1.590695239980762E-7-3.200583149028702E-17i;-8.159040022389272E-8;5.1110810495069766E-8+2.992238286269576E-17i;1.7049854085933067E-7+2.4280127395401606E-17i;-1.1736877407628868E-7+1.0206537547255458E-16i;1.3437689070570985E-7+2.8019553878012413E-17i;-3.9744705718715104E-8+1.0195450145444493E-15i;2.3724375879466664E-8+5.1774360956336943E-17i;-1.1075387780274161E-7-1.5793848049076606E-17i;-1.220878232658038E-7-1.8714970285225553E-16i;9.425906591262713E-8-6.465557096337584E-17i;-9.162007871622934E-8-9.896795747510255E-16i
1.2868176693954734E-8+8.833273607473334E-12i;2.452612496821664E-7-1.75690445766937E-11i;-2.5546526881415683E-7+2.670984096739903E-10i;6.289351764098754E-8-2.605062345931821E-11i;2.884610479197467E-7-2.541999834496453E-10i;2.0861648164830988E-7-3.8911338059872226E-11i;2.703242379971209E-7;9.638538255955089E-8;-8.645851265572638E-8;1.9560287351686869E-7+4.2472307963610596E-17i;-1.639730768944847E-7;-1.2837812516497154E-7-3.7461538480546275E-17i;7.503612221230938E-8-1.3178608554601564E-17i;-1.400845147723182E-7-1.897191744464687E-17i;-6.113285402894614E-8-1.9510572254073162E-17i;8.053139769646194E-8;1.4081366331455016E-7;-1.731383114329714E-7+1.733485627177539E-16i;1.9912918872828092E-7+6.544604453388555E-17i;-2.7962689612574837E-8+1.2771081489420378E-15i;3.3550024032954294E-8+6.185727335776538E-17i;-8.79356325709794E-8-1.0624302997446545E-16i;-1.7959147959812416E-7-3.0161789298961726E-16i;1.377987131730597E-7-2.365794043771061E-17i;-7.409256803437515E-8-8.683872654081348E-16i
3.47892807660169E-8+1.1365395238670197E-11i;2.332858052714376E-7-2.5471281282324974E-12i;-2.7015656212804777E-7+2.789257902414068E-10i;4.0762616727312294E-8-2.873454969826358E-11i;2.868748442849864E-7-2.729645944836174E-10i;2.2515534818782108E-7-4.792304096957784E-11i;2.6753435738694365E-7;1.34353853112109E-7;-1.1935013965420489E-7-1.401143365297853E-17i;1.8309200492005947E-7+4.070435765230169E-17i;-1.1646025338324931E-7;-8.59530387499325E-8-2.4770962667204766E-17i;1.0178769297400097E-7;-1.1281943824569673E-7;-3.221578391760201E-8-2.2333778565619203E-17i;1.03480007905641E-7+1.1620480808840203E-17i;9.910829008121815E-8;-1.9860166749300907E-7+1.8961013979159063E-16i;2.3036604802475136E-7+8.712809125119809E-17i;-1.2275216486774353E-8+1.3534432834368397E-15i;3.55259715555247E-8+5.707164366608966E-17i;-5.683460527932543E-8-1.8464001204773342E-16i;-2.052173983844763E-7-4.010602444814488E-16i;1.5591311093569342E-7;-5.29822226203483E-8-6.474390506559187E-16i
5.671038480333557E-8+1.3897516895135704E-11i;2.2131036073630647E-7+1.2474788321316556E-11i;-2.848478554231322E-7+2.9075317076992587E-10i;1.8631715796474606E-8-3.141847596926508E-11i;2.8528864077777363E-7-2.9172920562041235E-10i;2.416942147203548E-7-5.6934743841781373E-11i;2.6388534615026187E-7;1.7178865935173102E-7;-1.5067798632958062E-7-2.1862691005460748E-17i;1.669238236340617E-7+3.7414460712178786E-17i;-5.6149962402436614E-8;-3.2520399989258105E-8-1.1761040423990573E-17i;1.255254322136798E-7;-7.856603076882471E-8;3.2825684736107044E-9-2.1604166842684326E-17i;1.1821215311924702E-7+1.2182325786668256E-17i;4.830315640358333E-8;-1.8787066726104855E-7+1.794961632219531E-16i;2.2150864789822253E-7+8.701426771854719E-17i;5.205656209315811E-9+1.1914936061234794E-15i;2.8685800328629618E-8+5.05615187996313E-17i;-2.0563605452517854E-8-2.123977075494786E-16i;-1.932465708651484E-7-4.154095475570312E-16i;1.4454798914775118E-7+2.7342943594277068E-17i;-3.3266868583517715E-8-4.2235961396325365E-16i
7.863148880868007E-8+1.6429638574269145E-11i;2.0933491609260752E-7+2.7496704771308054E-11i;-2.9953914870716597E-7+3.0258055127059334E-10i;-3.499185150860967E-9-3.4102402268503926E-11i;2.837024373839288E-7-3.1049381685042605E-10i;2.582330812441875E-7-6.59464466807814E-11i;2.5943785997563406E-7;2.0861419287443174E-7;-1.8019727396387367E-7-2.8323384661515086E-17i;1.474930684033445E-7+3.22046013195789E-17i;1.4665912408716132E-8+2.312718659741118E-18i;2.959445030720462E-8+3.4401341862746025E-18i;1.4575351334883917E-7+1.5865293393648852E-17i;-3.884858832338616E-8+1.0289944078933246E-17i;4.3146453792876635E-8-1.914019771552498E-17i;1.2375789729534703E-7+1.6881030372561643E-17i;-8.17602118707221E-9-2.7468194276832122E-18i;-1.4004792481418014E-7+1.328355999908384E-16i;1.7148984439623108E-7+7.271872462353679E-17i;2.2062507235399938E-8+8.014732478720972E-16i;1.370581035015921E-8+3.017468956648878E-17i;1.731978728308728E-8-1.9392912210642708E-16i;-1.4364578254260324E-7-3.4415479796289865E-16i;1.0467170170805424E-7+3.394069997493528E-17i;-1.994273853225726E-8-2.368286716761481E-16i
1.0055259278591026E-7+1.896176027137787E-11i;1.9735947136334378E-7+4.251862122227966E-11i;-3.1423044199021247E-7+3.1440793175708143E-10i;-2.5630086114158302E-8-3.6786328589965656E-11i;2.8211623408189076E-7-3.2925842815597613E-10i;2.747719477571744E-7-7.495814949163302E-11i;2.5427057048210523E-7;2.448109274858914E-7;-2.078139702836172E-7-3.2481441433357756E-17i;1.2524676413471617E-7+2.7122265728442868E-17i;9.348339411931386E-8;9.79134225356391E-8+2.081650670302353E-17i;1.6223854499088518E-7+2.991178797606193E-17i;4.773884366741221E-9;8.510991098454786E-8;1.1995375562412E-7+3.073879069798481E-17i;-6.696153828036692E-8-7.141245291153693E-18i;-5.904186648781312E-8+5.750799128303303E-17i;8.449376777130168E-8+2.2775027682091246E-17i;3.593832216022089E-8+2.3431542301212477E-16i;-7.245461909755287E-9+9.049009572694385E-18i;5.354953499946357E-8-1.2950679651441712E-16i;-6.152852750632619E-8-2.0205495036930478E-16i;4.146091880121731E-8+1.7245519208856725E-17i;-1.7038002687725102E-8-1.3292754100659117E-16i
1.2247369673890032E-7+2.1493881980428167E-11i;1.853840265736457E-7+5.75405376729624E-11i;-3.289217352819224E-7+3.262353122443949E-10i;-4.7760987093128876E-8-3.9470254926762184E-11i;2.805300308480681E-7-3.4802303951948246E-10i;2.9131081425796713E-7-8.396985228208052E-11i;2.484829911177109E-7;2.8043076976427027E-7;-2.3363350132439128E-7-3.477645321386128E-17i;1.0066124919406918E-7+2.1602693861119506E-17i;1.7783906348534E-7;1.701012378173794E-7+3.820974940058187E-17i;1.7508882512916828E-7+4.427637793847489E-17i;5.0923596299411446E-8-2.4468305521017662E-17i;1.271979420235021E-7+1.7665550903413504E-17i;1.0744070116396569E-7+4.4508873151805316E-17i;-1.2528839974249473E-7-1.5677162615244242E-17i;4.759151344404001E-8-3.440145578125158E-17i;-3.132698028168491E-8-4.994419614780371E-17i;4.492566765188197E-8-4.584675543158386E-16i;-3.103878764287863E-8-1.2533149199801695E-17i;8.566916773362397E-8-1.1970971866945149E-17i;4.437843474180225E-8;-3.7194910466126513E-8-2.0743118566939414E-17i;-2.6889890201945707E-8-1.7547460190617211E-16i
1.443948006712112E-7+2.4026003695023998E-11i;1.7340858174833508E-7+7.256245412308158E-11i;-3.436130285888302E-7+3.380626927437565E-10i;-6.989188808740027E-8-4.21541812712234E-11i;2.789438276578259E-7-3.667876509215416E-10i;3.0784968074602104E-7-9.298155505969365E-11i;2.4219454099246287E-7;3.15619774070527E-7;-2.5803197680640846E-7-3.947954633173794E-17i;7.419560505287039E-8+1.4959519769787468E-17i;2.65548168346064E-7;2.442490105538499E-7+5.671030939680671E-17i;1.8486308924441052E-7+5.701025165063338E-17i;9.86931955325683E-8-4.2848409960561835E-17i;1.6804111396102413E-7+2.637214240009546E-17i;8.760609172025727E-8+4.3741027244844354E-17i;-1.8169844144260262E-7;1.704831979493673E-7-1.4558061645160374E-16i;-1.6589588299000315E-7-1.167765156156804E-16i;4.772035317466961E-8-1.229213487813066E-15i;-5.4294508245151226E-8-4.0208902311157107E-17i;1.1276807949294016E-7+1.1856863181137124E-16i;1.6411053041514384E-7+2.417201728697087E-16i;-1.230168947764421E-7-6.733075823203917E-17i;-5.030100564748984E-8-3.466225798832526E-16i
1.6631590458831715E-7+2.6558125410029E-11i;1.6143313690953898E-7+8.758437057308166E-11i;-3.5830432191036685E-7+3.4989007325639694E-10i;-9.202278909421577E-8-4.483810761655822E-11i;2.773576244867712E-7-3.8555226233947565E-10i;3.2438854722370387E-7-1.0199325783004717E-10i;2.35553012007538E-7;3.506247247694283E-7;-2.8169245881331955E-7-4.39628019047102E-17i;4.6292311650537945E-8+8.320808897938003E-18i;3.5496412039972645E-7;3.1919402798334573E-7+7.588804755108223E-17i;1.926475704194354E-7+7.213025992757675E-17i;1.4788176581184195E-7-5.024152975830983E-17i;2.0728153814681935E-7+4.231645447013297E-17i;6.245419472573725E-8+6.376784445607256E-17i;-2.367349039630866E-7;3.009879463690674E-7-2.6250118023572555E-16i;-3.1006320187829246E-7-1.7617832056992922E-16i;4.395329520759926E-8-1.9955831901198167E-15i;-7.43258010564227E-8-6.689317153057178E-17i;1.3606848369657282E-7+2.475938961825726E-16i;2.8980150153713986E-7+4.923727822597327E-16i;-2.105924984941276E-7-1.1298915411892001E-16i;-8.698264704029984E-8-5.898036463997852E-16i
-2.571304133350589E-7-2.0982310752392522E-11i;3.9218483566731714E-7-2.0017927584611325E-10i;-9.377971720987967E-8+1.394002656237996E-10i;3.376923818514964E-7+6.350434392013986E-12i;3.124749935495703E-7-3.186325324462874E-11i;2.2607946246661463E-8+6.495606072214958E-11i;2.8813031086030345E-7-3.719175084581761E-17i;-3.6468502211248747E-7-4.378637245470795E-17i;3.256480347075662E-7;1.2055501404383608E-7;3.4997610284601265E-7-3.963282352063957E-17i;3.3813624285890984E-7+8.069291812644218E-17i;-2.7483835174856446E-7;1.1482325382036807E-7-2.801028301605031E-17i;2.769288284263666E-7;-1.940729062628873E-7-8.81683364106632E-17i;-2.9311976481329315E-7-6.427022971024202E-17i;-3.1696219199809085E-7+2.6290693947721125E-16i;2.810190472320121E-7;1.816386570334941E-7+3.5183402919311466E-16i;1.9677873937640198E-7+1.2870106241589301E-16i;2.3658884631170177E-7-4.4203827211221313E-16i;-3.121701463285488E-7-1.0548903525280296E-15i;2.704043325207839E-7;8.003695442889071E-8+2.388147191479143E-16i
-2.352093090602221E-7-1.8450189176725772E-11i;3.802093917193818E-7-1.851573595103164E-10i;-1.0847101038773821E-7+1.5122764625934752E-10i;3.1556148110865757E-7+3.666508185458647E-12i;3.1088878954887396E-7-5.0627864155661787E-11i;3.914681305035586E-8+5.594435750975909E-11i;2.94529919444852E-7-3.4947976821703695E-17i;-3.2878133698471306E-7-4.013901331043463E-17i;2.991912191466364E-7;1.481974376761567E-7;2.5981217205495035E-7-3.9163572022257314E-17i;2.6077123935436615E-7+6.1162586111484E-17i;-2.6186596263084173E-7;6.167823447874035E-8-1.9037947714999726E-17i;2.3237975911536064E-7;-2.114474855848651E-7-8.654864690177158E-17i;-2.2324950259387045E-7-4.8557491161505943E-17i;-1.8301450334368738E-7+1.591963442060714E-16i;1.337605004512177E-7-4.33570831990502E-17i;1.7994619903717357E-7-4.813776078304106E-16i;1.685121864041539E-7+7.348069038546442E-17i;1.9210571343318816E-7-2.789030720904128E-16i;-1.7333546612839151E-7-6.450998951672152E-16i;1.5968589596510866E-7+5.680390548954268E-17i;1.1148486914337302E-7+7.200538641635329E-16i
-2.1328820478927565E-7-1.591806760671572E-11i;3.68233947792033E-7-1.701354431708131E-10i;-1.2316230358385061E-7+1.6305502690931242E-10i;2.9343058036276773E-7+9.825819879821067E-13i;3.0930258552847365E-7-6.939247504192483E-11i;5.568567984064002E-8+4.693265430185833E-11i;3.0062285284234914E-7-3.23762865868042E-17i;-2.925320284879054E-7-3.6584033739291714E-17i;2.715487385251466E-7+2.8651055894672213E-17i;1.746987217687702E-7;1.7112430734507267E-7-3.773651492453435E-17i;1.8390765082351096E-7+4.2374931559589225E-17i;-2.462364853018876E-7;9.050861721172426E-9-1.4108552850773714E-17i;1.8599204697593466E-7;-2.2280361087481153E-7-7.36576012271209E-17i;-1.50005153467815E-7-2.890460063599646E-17i;-5.642386688365049E-8+5.815277309857311E-17i;-4.026109541938376E-9-6.38617020265072E-17i;1.7239175912417516E-7-1.2080607311785176E-15i;1.3665897886972759E-7+2.2676373776891272E-17i;1.4091452499399082E-7-1.118929276815396E-16i;-4.000101905491573E-8-2.6106224722525615E-16i;4.967627242260962E-8+7.94328615890304E-17i;1.3103745607564735E-7+1.0802196784684418E-15i
-1.9136710052397213E-7-1.3385946048229148E-11i;3.562585039031618E-7-1.5511352682418842E-10i;-1.3785359681098275E-7+1.7488240758387737E-10i;2.712996796095376E-7-1.7013441920606164E-12i;3.077163814675188E-7-8.815708588006346E-11i;7.222454660780077E-8+3.792095110079259E-11i;3.062531573713686E-7-3.066210892553959E-17i;-2.5568564805623057E-7-3.33143954944975E-17i;2.4197819380018526E-7;1.9952102298987206E-7;8.5596585315754E-8-4.1856794125098185E-17i;1.0876914169721579E-7+1.9474938689869842E-17i;-2.2660882211745867E-7-3.2880381485535997E-17i;-4.257747185508787E-8+2.8813566778986296E-17i;1.3808167949018157E-7-1.7017436178126655E-17i;-2.2534411276406953E-7-1.2234400833425167E-16i;-7.310671619263919E-8-1.2596898058158721E-17i;5.3977463895799466E-8-3.1458000728661124E-17i;-1.2234458096872468E-7-3.303713945708312E-17i;1.5861395123746653E-7-1.812896236428855E-15i;1.0289598782686592E-7-3.267358320004852E-17i;8.171303926409124E-8+1.4622813110736455E-17i;7.862488517069528E-8+1.6750702268590368E-16i;-5.222340388962867E-8+1.1003623309322803E-16i;1.367327926480171E-7+1.3217585404891867E-15i
-1.6944599626471908E-7-1.0853824504414105E-11i;3.4428306006088017E-7-1.4009161046417053E-10i;-1.525448900772587E-7+1.8670978828821294E-10i;2.4916877884406824E-7-4.385270349135015E-12i;3.0613017735158147E-7-1.0692169665455248E-10i;8.876341334390918E-8+2.890924790877144E-11i;3.112938507351946E-7;-2.1810523220860563E-7-2.906205061872073E-17i;2.1010259555705498E-7+2.6739553628385324E-17i;2.2211778067830618E-7+2.4460863820443115E-17i;5.500931580978858E-9-3.81129808862525E-17i;3.741323127267312E-8+5.8749549628527976E-18i;-2.0233619061279895E-7-3.1035251819138676E-17i;-9.192483765224604E-8+2.2077786070259254E-17i;9.020103932877541E-8-1.1025154323236532E-17i;-2.1730345802925844E-7-8.792822251192789E-17i;5.085680954306008E-9+1.1060161684447215E-17i;1.3838926841729542E-7-1.0523874616117531E-16i;-2.1019979986390264E-7-5.948691418953523E-17i;1.397291989176698E-7-2.164352216161797E-15i;7.030708848520636E-8-5.739842240446983E-17i;1.6618143824998814E-8+1.5057508250573154E-16i;1.7080695785478976E-7+4.434116201001459E-16i;-1.3475539632254313E-7+1.0112195573525747E-16i;1.2879768868796304E-7+1.3906106342351404E-15i
-1.4752489201197527E-7-8.321702977354201E-12i;3.3230761626675034E-7-1.2506969408951845E-10i;-1.672361833870233E-7+1.9853716902380425E-10i;2.2703787806245884E-7-7.069196480443669E-12i;3.0454397317345044E-7-1.2568630735521992E-10i;1.0530228004332242E-7+1.989754472896261E-11i;3.156419959262609E-7;-1.7975499171696866E-7-2.5255984635156646E-17i;1.7585291259643346E-7+3.2535594293052697E-17i;2.4195043138922916E-7+3.210179298725642E-17i;-6.659782844828604E-8-2.907940465526124E-17i;-2.7637853422627362E-8-6.5793216997943165E-18i;-1.7334183320170369E-7-2.7748083996377778E-17i;-1.3722467398228703E-7;4.4642915126031006E-8;-1.979805954556651E-7-4.0656385875801557E-17i;8.058829056268511E-8+2.825733738597836E-17i;1.8883539358769566E-7-1.47005536657866E-16i;-2.587291780370806E-7-9.48336198480188E-17i;1.178370737687576E-7-2.2703398421193976E-15i;4.213951432291509E-8-6.414297462356576E-17i;-5.003004468487437E-8+2.7156166298378144E-16i;2.2625209213209836E-7+6.188786161973377E-16i;-1.8722864667822942E-7+7.267080362236101E-17i;1.097605956053693E-7+1.2956122259357075E-15i
-1.2560378776763283E-7-5.789581464863327E-12i;3.2033217251246134E-7-1.1004777769854585E-10i;-1.8192747673965026E-7+2.1036454978739583E-10i;2.049069772619964E-7-9.753122587378574E-12i;3.0295776893813527E-7-1.4445091798518396E-10i;1.2184114670358036E-7+1.0885841565074705E-11i;3.1921526201603903E-7;-1.4067579974116033E-7-2.1736719002588364E-17i;1.3938387141865306E-7+3.1092629353548467E-17i;2.5851348028693667E-7+3.837082356089314E-17i;-1.2809333886555527E-7-2.1916049375548332E-17i;-8.371414706429124E-8-2.1613235413136663E-17i;-1.3995963976533387E-7-3.0311915117836887E-17i;-1.7652019815419456E-7;4.023672755744355E-9-1.240099123907543E-18i;-1.6765681418169843E-7-3.403300621302327E-17i;1.486900991662435E-7+3.369151236929611E-17i;2.0112231159624244E-7-1.4822381250969103E-16i;-2.6335436908449864E-7-9.204784994529361E-17i;9.55981764546725E-8-2.150977467371871E-15i;2.081469191132115E-8-6.940867258646926E-17i;-1.1278559328646142E-7+3.4019433224656736E-16i;2.3886349722081555E-7+7.217492709239031E-16i;-2.0259263115529942E-7+4.0105261270479836E-17i;8.412912559042784E-8+1.0729348438027505E-15i
-1.0368268353534799E-7-3.257459962792611E-12i;3.083567287789148E-7-9.502586129161826E-11i;-1.9661877012972694E-7+2.221919305711047E-10i;1.8277607644093608E-7-1.2437048675399303E-11i;3.0137156466394785E-7-1.6321552855895394E-10i;1.383800133252344E-7+1.874138421874588E-12i;3.219498641909924E-7;-1.0096788246500848E-7-1.8205296819967646E-17i;1.010178829999194E-7+2.8407240382842363E-17i;2.7136277814313134E-7+4.40208415278815E-17i;-1.765919793767635E-7-1.9174352752168215E-17i;-1.283047697191721E-7-3.308885381347044E-17i;-1.0283562210779004E-7-3.181195496952741E-17i;-2.0792274654125536E-7;-2.9094982633732843E-8-7.465529400250644E-18i;-1.275557578290197E-7-2.2312637199367724E-17i;2.0468502882393008E-7+4.2197230265080554E-17i;1.7604056839363072E-7-1.273601731201534E-16i;-2.2512425059245686E-7-7.550346738812699E-17i;7.57986847199575E-8-1.8044378990106873E-15i;7.314763325945415E-9-6.456518196439923E-17i;-1.6598127586432994E-7+3.481459528360557E-16i;2.0850158058279565E-7+6.962529283633197E-16i;-1.7943520666353054E-7;5.757818173667072E-8+7.892660450766641E-16i
-8.176157932054909E-8-7.253384649100395E-13i;2.963812850337349E-7-8.00039448691991E-11i;-2.1131006354551941E-7+2.3401931135908635E-10i;1.6064517559858052E-7-1.5120974753986856E-11i;2.997853603849742E-7-1.81980139104819E-10i;1.549188799128533E-7-7.137564694569698E-12i;3.2379840263225096E-7;-6.078026188509751E-8-1.493646938069278E-17i;6.121421186829212E-8+2.6048003684510125E-17i;2.801406218511106E-7+4.926756592487829E-17i;-2.1011275872774982E-7;-1.5930757283150458E-7-3.9515385071566094E-17i;-6.28776216682023E-8-2.786581246701696E-17i;-2.2983990039186032E-7;-5.2527238795569046E-8;-7.979569574940654E-8;2.445455117236848E-7+4.649846183817828E-17i;1.1962459082801516E-7-8.29358941257178E-17i;-1.5104596790176827E-7-7.489181504915543E-17i;6.09380140014133E-8-1.2804845561118214E-15i;9.857876796317303E-10-4.005649378187278E-17i;-2.0465294731156645E-7+3.1316026778205514E-16i;1.416062719056811E-7+5.587519950089124E-16i;-1.2290830922845502E-7-2.2754054029535716E-17i;3.584396861790424E-8+4.79047100377146E-16i
-5.98404751292966E-8+1.8067830370818968E-12i;2.8440584123763715E-7-6.498202843241234E-11i;-2.260013569709047E-7+2.458466921315085E-10i;1.3851427473517857E-7-1.7804900834801574E-11i;2.9819915614382087E-7-2.0074474965964936E-10i;1.7145774647416878E-7-1.6149267778102853E-11i;3.247300397071131E-7;-2.0291317297469876E-8-1.1330558009482493E-17i;2.0510806009654646E-8+2.669318821752267E-17i;2.84594753115982E-7+5.350385442220363E-17i;-2.2723988152493354E-7;-1.7520101833525786E-7-4.114883427186506E-17i;-2.114560164635008E-8-1.915480728256099E-17i;-2.410963236211652E-7-4.586021202318893E-17i;-6.465764649572707E-8+9.018791407714066E-18i;-2.7133315445570022E-8+3.9234653049197596E-17i;2.652406000018308E-7+4.4646101905621776E-17i;4.234162959083628E-8-2.3305119728279567E-17i;-5.311096588536592E-8-7.580434973731335E-17i;5.292616263549497E-8-6.541640329167817E-16i;-3.391760264903395E-10+9.549153675893808E-19i;-2.2496557432977006E-7+2.498147105926957E-16i;5.0138959936117196E-8+3.2630986757772207E-16i;-4.364466481816135E-8-4.1016294856944636E-17i;2.3601190325264432E-8+2.1947511051034366E-16i
-3.791937096737901E-8+4.338904552256475E-12i;2.7243039735262603E-7-4.996011198382228E-11i;-2.406926503899698E-7+2.576740728705884E-10i;1.1638337385139659E-7-2.04888269298282E-11i;2.9661295198240106E-7-2.1950936026169003E-10i;1.8799661301726344E-7-2.5160970823432135E-11i;3.247291110551255E-7;2.0300490542689123E-8-7.406957519660752E-18i;-2.049891782473815E-8+2.3281160477225654E-17i;2.8459642384509503E-7+5.624213148145868E-17i;-2.2724033265229759E-7;-1.7519941537814955E-7-4.233306388788117E-17i;2.1188642632104134E-8-1.149063531826021E-17i;-2.410954631955073E-7-7.351446598701095E-17i;-6.465536379530065E-8+1.663785280853046E-17i;2.7212956642100313E-8+6.108353335866878E-17i;2.652404980860637E-7+4.128016698746011E-17i;-4.228332942089917E-8+5.869433915821286E-17i;5.32134991783094E-8-7.745927727103259E-17i;5.27826325247081E-8-5.075678031875871E-17i;1.4815652110451979E-10+4.4660629675682924E-17i;-2.2498167037352328E-7+1.6732927405895346E-16i;-5.000474707263462E-8+6.989900511892948E-17i;4.368526305583449E-8-4.204397360265903E-17i;2.345883943653704E-8+3.965720520836866E-17i
-1.5998266839457605E-8+6.871026088321897E-12i;2.604549533488788E-7-3.4938195527950284E-11i;-2.5538394379072623E-7+2.6950145356521135E-10i;9.425247294789285E-8-2.3172753050582646E-11i;2.950267479341219E-7-2.382739709448562E-10i;2.0453547954831345E-7-3.417267382831599E-11i;3.2379546377653856E-7;6.078958487607435E-8;-6.120265693380965E-8+1.094450155648604E-17i;2.801446407164305E-7+5.738793211507542E-17i;-2.1011325717870042E-7;-1.5930207264218131E-7-4.0397425995525023E-17i;6.291734470705596E-8-8.519791279331486E-18i;-2.2983491156435382E-7-5.751774798617073E-17i;-5.252065554840027E-8;7.986954761922493E-8+5.984983848798851E-17i;2.4454044566428677E-7+4.083923839620428E-17i;-1.1958878565677605E-7+1.2917924652394136E-16i;1.5118362164684607E-7-3.0649681516534805E-17i;6.052566442133977E-8+4.3485385859500515E-16i;-1.1509998273613825E-9+5.588515237042964E-17i;-2.0468911103023486E-7+2.3506867528740223E-17i;-1.4150315240581316E-7-1.5045683878831037E-16i;1.229835791334476E-7;3.543428466085602E-8+5.974172816270921E-17i
5.922837251862618E-9+9.403147650733503E-12i;2.484795092091996E-7-1.9916279068893687E-11i;-2.7007523716695313E-7+2.8132883421041343E-10i;7.212157202543243E-8-2.5856679203682573E-11i;2.9344054401901285E-7-2.5703858172996363E-10i;2.210743460707364E-7-4.318437679109692E-11i;3.2194489576450145E-7;1.0097742129395247E-7;-1.0100690743082436E-7;2.7136903988373757E-7+5.590683818170077E-17i;-1.7659053000623897E-7;-1.2829358645159602E-7-3.767422933859171E-17i;1.0286910342442618E-7;-2.079137955636547E-7-2.8922977938162045E-17i;-2.908237070200353E-8-2.0722044172320056E-17i;1.27618350230098E-7+2.574954638607924E-17i;2.0467527710121122E-7+2.4984918442820768E-17i;-1.760305974595999E-7+2.1269146489964673E-16i;2.2531152290980146E-7+2.8695115093563354E-17i;7.518866750761603E-8+7.180969999859413E-16i;-7.440194564050899E-9+5.1209233148453156E-17i;-1.6603017208158026E-7-1.1200463889057481E-16i;-2.0844207471200026E-7-2.9383462371028937E-16i;1.7956452628276555E-7+6.080613059344141E-17i;5.699142378176065E-8+2.3373830769201016E-16i
2.7843941306134607E-8+1.1935269241979428E-11i;2.3650406492783685E-7-4.894362607312326E-12i;-2.847665305172921E-7+2.9315621480476753E-10i;4.9990671085104774E-8-2.854060539278538E-11i;2.9185434024529484E-7-2.7580319262519665E-10i;2.3761321258612973E-7-5.2196079710701875E-11i;3.1920817703338577E-7;1.406852702355858E-7;-1.3937262456213323E-7-1.714271275665722E-17i;2.585214373291557E-7+5.332250001875241E-17i;-1.2809182642561758E-7;-8.369981786742802E-8-2.873997690272458E-17i;1.3998195522104427E-7;-1.765077112799911E-7;4.038386520776864E-9-3.149675405691624E-17i;1.676970329403253E-7+1.8969621067726028E-17i;1.4867737238461453E-7+1.5323808795666714E-17i;-2.0111967320287595E-7+2.4322434160997276E-16i;2.6357662713785046E-7+6.067782205129635E-17i;9.48808804361932E-8+7.909811779838646E-16i;-2.0892007542064996E-8+4.7033807332858107E-17i;-1.1283138577362274E-7-2.176595593345004E-16i;-2.3883151240358415E-7-4.0017842520907093E-16i;2.027613445039691E-7+1.0346552882022662E-16i;8.345768754740302E-8+4.788009938057467E-16i
4.976504532483209E-8+1.4467390862114985E-11i;2.2452862050927095E-7+1.0127553856119881E-11i;-2.9945782384480996E-7+3.049835953538659E-10i;2.7859770128206515E-8-3.1224531617976866E-11i;2.9026813661079533E-7-2.9456780363150173E-10i;2.541520790946446E-7-6.120778258885857E-11i;3.1563285675769084E-7;1.7976451795698591E-7;-1.7584199390853624E-7-2.5881556533801784E-17i;2.419602538444809E-7+5.062513636433748E-17i;-6.659647481011082E-8;-2.7620851700833054E-8-1.393123512454627E-17i;1.7335195146718071E-7;-1.3720962078648004E-7;4.4659562603805415E-8-3.0010046531260933E-17i;1.9799711371941188E-7+2.743919411987971E-17i;8.057201721332649E-8;-1.8883529554024854E-7+2.2948398915240214E-16i;2.589866567020709E-7+5.650045705410272E-17i;1.1713303592670141E-7+6.266679377793501E-16i;-4.21674743117729E-8+3.2379629642289433E-17i;-5.005274880169382E-8-2.671257682146313E-16i;-2.2625030154463796E-7-4.442747063960058E-16i;1.8743654559392855E-7+1.285816272984249E-16i;1.0913763043640621E-7+7.47520326694522E-16i
7.168614931119483E-8+1.6999512509117772E-11i;2.1255317596789127E-7+2.5149470320186063E-11i;-3.141491171565609E-7+3.1681097586854023E-10i;5.7288691560640594E-9-3.390845787589251E-11i;2.886819331034257E-7-3.133324147428442E-10i;2.706909455955078E-7-7.021948543060909E-11i;3.1128266098179767E-7;2.181150023338421E-7;-2.1009260914235555E-7-3.09623770401752E-17i;2.2212890567411034E-7+4.5827947449019565E-17i;5.502181152528377E-9+7.182438077637717E-19i;3.7432831855148903E-8;2.0233299979070154E-7+2.1614572133548888E-17i;-9.190584740663847E-8;9.021928229686289E-8-2.136305477268564E-17i;2.1729365643902065E-7+4.8557562035477E-17i;5.061043916843024E-9+2.9952279943071447E-18i;-1.3838900126617083E-7+1.8028758233101257E-16i;2.1048693404640096E-7+2.9382973628874596E-17i;1.3915668337853065E-7+2.240508030222621E-16i;-7.028282432872092E-8+1.3162691223057713E-17i;1.664304035145509E-8-2.787900414768109E-16i;-1.7083033419693794E-7-4.0245603860740625E-16i;1.3498187277460196E-7+1.33907464427614E-16i;1.283398930817218E-7+9.886967336719531E-16i
9.36072532698667E-8+1.953163417881785E-11i;2.0057773132492437E-7+4.0171386783975664E-11i;-3.2884041046188E-7+3.286383563644575E-10i;-1.640203182994021E-8-3.659238416196776E-11i;2.870957297046634E-7-3.3209702594613803E-10i;2.872298120882434E-7-7.923118824250495E-11i;3.062400863248209E-7;2.556955689300596E-7;-2.419689162008018E-7-3.3546166967626554E-17i;1.9953345828661566E-7+4.03417371725259E-17i;8.559763593727982E-8;1.0879147981259816E-7+2.1667634277419034E-17i;2.2659040373411858E-7+3.768937052457247E-17i;-4.25535263412168E-8-1.4304760398482904E-17i;1.3810222412321414E-7;2.253046010933256E-7+7.354176284087802E-17i;-7.314501705766557E-8;-5.3973053944017806E-8+9.898563102925005E-17i;1.2264735894423279E-7-3.1763913149463614E-17i;1.5828078440377163E-7-3.8018267747836875E-16i;-1.0281950510672593E-7;8.18064466289135E-8-2.2431927824932216E-16i;-7.86567356351625E-8-2.870015655022491E-16i;5.2425332568519635E-8+1.0917036024315342E-16i;1.365353165986428E-7+1.1464384322213968E-15i
1.1552835720650768E-7+2.2063755865500742E-11i;1.8860228660641203E-7+5.519330324573433E-11i;-3.435317037709149E-7+3.404657368572711E-10i;-3.8532932828376845E-8-3.927631046956E-11i;2.8550952639170143E-7-3.508616372253151E-10i;3.037686785734817E-7-8.824289103349816E-11i;3.0060788009472727E-7;2.9254292618796844E-7;-2.7154314773290155E-7-4.024830066558905E-17i;1.7471230530721843E-7+3.522605199023033E-17i;1.7112560355394637E-7;1.8393294489790974E-7+3.852019617846691E-17i;2.462086501471942E-7+5.076769837752132E-17i;9.079873091156796E-9-2.9621548771277994E-17i;1.860161098258478E-7;2.2274773802501932E-7+7.510502023877114E-17i;-1.5006276738948154E-7;5.643454604228876E-8;4.341006456891134E-9-1.0406039656264792E-16i;1.7238777376471322E-7-1.128290182030196E-15i;-1.3655076643861226E-7-3.703515254159829E-17i;1.4109705190449715E-7-1.2925980048086835E-16i;3.995431187127297E-8-7.702241490912904E-17i;-4.9505728169894354E-8+6.392780853889572E-17i;1.3118143983008365E-7+1.1714273182696102E-15i
1.3744946112688578E-7+2.4595877562188065E-11i;1.7662684183826863E-7+7.021521970439256E-11i;-3.5822299708967644E-7+3.522931173592663E-10i;-6.06638338372686E-8-4.196023679085578E-11i;2.8392332313936344E-7-3.6962624856162524E-10i;3.2030754505237684E-7-9.725459381311683E-11i;2.9451239024882344E-7;3.287909426477618E-7;-2.9918227137682753E-7-4.4560118201104506E-17i;1.4821031825716258E-7+2.902414083804871E-17i;2.5981514154867037E-7;2.607967520473524E-7+5.733197596043464E-17i;2.6181474074278196E-7+6.477943224544538E-17i;6.170672571100758E-8-4.9687919319128E-17i;2.323965634420022E-7+2.6615317252472846E-17i;2.1135124485863148E-7+8.721633287805104E-17i;-2.2329873909357382E-7;1.8304488598765322E-7-9.737188454430137E-17i;-1.334664089296712E-7-1.8025074907984198E-16i;1.8030578858019494E-7-1.940913829044743E-15i;-1.6835900609236984E-7-6.844254673639645E-17i;1.923353484123574E-7;1.7328326629488384E-7+1.6574823404329454E-16i;-1.5955660213564218E-7+1.7482674755263995E-17i;1.1196243997249393E-7+1.0909847054839833E-15i
1.5937056503699005E-7+2.712799926324629E-11i;1.6465139704606286E-7+8.52371361605507E-11i;-3.7291429041762125E-7+3.6412049787173287E-10i;-8.27947348536015E-8-4.464416311813497E-11i;2.8233711991794846E-7-3.8839085992744405E-10i;3.368464115259169E-7-1.0626629658684926E-10i;2.8811120227623817E-7;3.646945454140315E-7;-3.256399993639777E-7-5.1648061151086613E-17i;1.2057098726515285E-7+2.2373957199615082E-17i;3.499742450817603E-7;3.3815775101562755E-7+7.541501720521068E-17i;2.7477346248329607E-7+7.849217715139314E-17i;1.1484698149669966E-7-5.722203321774712E-17i;2.769406467069836E-7+3.79371368865247E-17i;1.939611869276444E-7+9.9866531272151E-17i;-2.931649403192899E-7;3.169710280823395E-7-2.0145009058593404E-16i;-2.8070360285091226E-7-2.41182691763974E-16i;1.824031973492666E-7-2.7750080158296135E-15i;-1.9659416591020655E-7-1.1268595191061796E-16i;2.3688016310610784E-7+1.2074943935729302E-16i;3.1206825044783465E-7+4.3608954249636723E-16i;-2.70297596049333E-7-3.503715910569756E-17i;8.089068959550223E-8+9.132806589038251E-16i
-2.640757526481788E-7-2.0412436280686546E-11i;3.954030936833131E-7-2.0252651040139646E-10i;-1.0838968512723892E-7+1.536306897274595E-10i;3.4692043644130187E-7+6.544378128572606E-12i;3.174544911475511E-7-3.4701852936329405E-11i;3.5065810860054256E-8+6.068302218537825E-11i;3.4080539074062687E-7-4.234900183976768E-17i;-3.78113431063265E-7-4.5283826906970444E-17i;3.6793158961764396E-7;1.9610513108915545E-7;3.434911807278445E-7-4.425400137998914E-17i;3.5507788926186473E-7+9.131171801997892E-17i;-3.5507321473601427E-7;7.694502743729358E-8-5.397045666301013E-17i;3.451207929851938E-7+5.062917985150502E-17i;-3.264206459026408E-7-8.070328205549718E-17i;-3.404145605164028E-7-7.386125243738676E-17i;-3.283358076245153E-7+2.5130641153458985E-16i;2.443762057022227E-7-1.1129757290549132E-16i;3.26705945420615E-7-8.143014843955815E-16i;3.227685272360009E-7+1.5770943590258381E-16i;3.2833406357390077E-7-4.877878883120762E-16i;-3.2372848703311334E-7-1.2519685285643496E-15i;3.1724643571563886E-7+8.810055715564736E-17i;2.6708847010938186E-7+1.7991048140248357E-15i
-2.4215464837836677E-7-1.7880314715976126E-11i;3.834276497783974E-7-1.875045940669877E-10i;-1.230809783201961E-7+1.654580703788175E-10i;3.2478953569289534E-7+3.860451935486408E-12i;3.1586828710682585E-7-5.346646381042192E-11i;5.160467765722362E-8+5.1671318967720394E-11i;3.4706317874428126E-7-3.932327145891685E-17i;-3.415420249534393E-7-4.190924489703305E-17i;3.393801552859439E-7+3.820002079111247E-17i;2.2367478264397459E-7;2.5250993984321433E-7-4.309273516283453E-17i;2.7573673723241756E-7+6.943337658294129E-17i;-3.3817168046772214E-7;2.0715550035205234E-8-4.8306570373924245E-17i;2.9656651726695173E-7+4.393335323231624E-17i;-3.3778600358658547E-7-8.277514093417147E-17i;-2.5914403214783313E-7-4.902017881906747E-17i;-1.908950519615137E-7+1.604235066278705E-16i;9.414180964852342E-8-1.3069900165544837E-16i;3.205730548627075E-7-1.6354208264350156E-15i;2.8748485795766447E-7+1.0637315070765854E-16i;2.6705271759232665E-7-2.8825512216490023E-16i;-1.7461900709366952E-7-7.914420780816537E-16i;1.8874091480984896E-7+1.3605989502185754E-16i;2.940146574082196E-7+2.2566277798290564E-15i
-2.202335441142474E-7-1.534819316231322E-11i;3.7145220591652354E-7-1.7248267772942823E-10i;-1.3777227153652774E-7+1.772854510511247E-10i;3.0265863494039367E-7+1.1765257572147386E-12i;3.142820830272185E-7-7.223107464323501E-11i;6.814354444043096E-8+4.265961575064129E-11i;3.5303210921395423E-7-3.6582523877095583E-17i;-3.043954968125704E-7-3.882633690035202E-17i;3.089557275642245E-7+3.399225226876729E-17i;2.503335685292796E-7;1.6257205108229474E-7-4.973713763528987E-17i;1.962516331161536E-7+4.597049002378215E-17i;-3.1742452711194345E-7;-3.6204186816615906E-8-8.217241842495516E-18i;2.45284370069776E-7;-3.415253889888143E-7-1.0583116477388352E-16i;-1.7108999261114415E-7-2.7231457448037964E-17i;-5.97057129431973E-8+5.77343761823791E-17i;-4.7440840754319933E-8-1.0851544656335278E-16i;3.0836779688280823E-7-2.38231158812415E-15i;2.46925867220626E-7+3.234136965788968E-17i;1.9404858094682235E-7-1.3365654001702233E-16i;-2.8880113673145657E-8-3.0106939070551523E-16i;5.741946659330898E-8+1.9075940805869632E-16i;3.0940769443841384E-7+2.6559346481432254E-15i
-1.9831243985727923E-7-1.2816071627472763E-11i;3.5947676212008004E-7-1.5746076138343987E-10i;-1.5246356479035555E-7+1.8911283175539234E-10i;2.8052773417978594E-7-1.5074003953386303E-12i;3.126958788836649E-7-9.099568540629689E-11i;8.468241119940102E-8+3.3647912536023556E-11i;3.585567980673852E-7;-2.6643240816877294E-7-3.496773958842009E-17i;2.759218732273838E-7+3.1409686779497155E-17i;2.7548347745581245E-7+2.860324407195131E-17i;7.545693679896214E-8-5.3933879342644377E-17i;1.1800714042378975E-7+2.737846748351653E-17i;-2.914111637020202E-7-3.328818725502311E-17i;-9.299550386467384E-8+2.6333594376944614E-17i;1.9177471395306403E-7;-3.343971376268102E-7-1.0929396217119566E-16i;-7.671358009334733E-8;5.564155944888361E-8-4.702833134813617E-17i;-1.6906740670319122E-7-8.628635414452737E-17i;2.894688330113487E-7-2.946044452673255E-15i;2.0242964322640547E-7-2.6414849854418835E-17i;1.0878347944909317E-7+1.7770381159368426E-17i;1.0219582931832079E-7+1.4899217952681604E-16i;-6.632319197180012E-8+2.1104364250903496E-16i;3.1019232703881806E-7+2.905502110812346E-15i
-1.763913356064802E-7-1.0283950114207833E-11i;3.4750131839303554E-7-1.4243884502356557E-10i;-1.6715485808855105E-7+2.00940212495062E-10i;2.583968334044625E-7-4.191326516319401E-12i;3.1110967466154853E-7-1.0976029608288248E-10i;1.0122127792576138E-7+2.4636209326602268E-11i;3.635101465803192E-7;-2.2753977081179516E-7-3.0769813778637125E-17i;2.3995915160404675E-7+4.2064143124225375E-17i;2.985125055778941E-7+3.743054367042864E-17i;-6.414788223850017E-9-4.5050376438296913E-17i;4.3305612330408646E-8+1.6167395145495022E-17i;-2.5953382670961244E-7-2.6763286003161277E-17i;-1.479354669598658E-7;1.3795182117741272E-7+1.4388748347903097E-17i;-3.14487974611463E-7-4.7271236016794475E-17i;2.0358093728972134E-8+2.2793440823362322E-17i;1.444250816720895E-7-1.3882008672312896E-16i;-2.583933764895599E-7-1.3606783628918433E-16i;2.6511137556058544E-7-3.247950241607149E-15i;1.5724573058512118E-7-4.474521410786553E-17i;1.51555624584831E-8+1.9121789418024367E-16i;2.0449700669507431E-7+4.504911759389381E-16i;-1.675513593104755E-7+1.736720398994154E-16i;2.9631984695613055E-7+2.9318268948774685E-15i
-1.5447023136213493E-7-7.751828623354115E-12i;3.3552587473271934E-7-1.2741692864622676E-10i;-1.8184615143459092E-7+2.1276759327048876E-10i;2.362659326100803E-7-6.875252603815378E-12i;3.095234703565175E-7-1.285249066667735E-10i;1.177601446136082E-7+1.5624506126327065E-11i;3.677890128349689E-7;-1.8770945058424044E-7-2.7222125878930533E-17i;2.01073641710561E-7+3.9475412567880017E-17i;3.1882035458313137E-7+4.343543228990134E-17i;-8.032385342703032E-8-4.0606480848424496E-17i;-2.506971182096711E-8;-2.2182006914511477E-7-3.183970973091452E-17i;-1.9879549101496097E-7;8.65319383836153E-8;-2.811130375470074E-7-3.7782807116395086E-17i;1.1468050579461988E-7+4.3575337051810765E-17i;1.978741252949751E-7-1.5893634902819813E-16i;-3.0546614533868574E-7-1.2376936669564663E-16i;2.376999662184407E-7-3.34346494857285E-15i;1.1495430016268439E-7-7.341489988093467E-17i;-8.027927168601748E-8+3.1707151467029294E-16i;2.656906313793333E-7+7.199673062776513E-16i;-2.322858936755006E-7+1.5960357138446498E-16i;2.705523477072447E-7+2.8195721265344183E-15i
-1.3254912712626298E-7-5.219707152171252E-12i;3.2355043112760163E-7-1.1239501225045505E-10i;-1.9653744482765485E-7+2.2459497407757973E-10i;2.1413503179382423E-7-9.559178660819889E-12i;3.0793726597624223E-7-1.4728951716281017E-10i;1.3429901125989752E-7+6.6128029399558725E-12i;3.713091088309982E-7;-1.4700947371828038E-7-2.3616079136592934E-17i;1.595002996571637E-7+3.900554799634576E-17i;3.358404047406091E-7+4.9855211580898736E-17i;-1.4349347388723686E-7-3.2694262807862636E-17i;-8.417739213775908E-8-1.8297634048877716E-17i;-1.7874014373410396E-7-3.168915261830987E-17i;-2.4316612141736986E-7;4.057500241756098E-8;-2.3470199562482533E-7;2.0004264152313825E-7+5.752861038503112E-17i;2.1124843324165455E-7-1.4778763057965752E-16i;-3.050419369645137E-7-1.3110889264517393E-16i;2.1030939356726273E-7-3.1619951010081435E-15i;7.837027123973033E-8-8.175208589169949E-17i;-1.6970085278496858E-7+4.09020980277299E-16i;2.783695549144831E-7+8.486350389482011E-16i;-2.512952908482244E-7+1.1963751971019403E-16i;2.3802464617654957E-7+2.532829544833247E-15i
-1.1062802290302577E-7-2.6875856947689056E-12i;3.1157498755378126E-7-9.737309583711572E-11i;-2.1122873826192288E-7+2.3642235490781237E-10i;1.9200413095404479E-7-1.2243104694882461E-11i;3.063510615438354E-7-1.6605412759075323E-10i;1.50837877864684E-7-2.3989002267309267E-12i;3.7400537176067014E-7;-1.0557140176345717E-7-2.0323593433275345E-17i;1.1566012123320868E-7+3.3658109823479913E-17i;3.490799316744808E-7+5.583897964380422E-17i;-1.9339363229623747E-7-2.8300447384677273E-17i;-1.3127882130344146E-7-2.988710558520095E-17i;-1.3112825167047943E-7-3.2069741443427104E-17i;-2.787676808713252E-7;3.038603443000608E-9-5.1995048380090014E-18i;-1.7678820818870356E-7;2.703813256348789E-7+6.390317908342924E-17i;1.8518797821935864E-7-1.1666019954979587E-16i;-2.5812012061127593E-7-1.123475265788969E-16i;1.8614969473655887E-7-2.7424657225801634E-15i;4.8853999224746843E-8-8.213100094254386E-17i;-2.4522539125734374E-7+4.18808721136693E-16i;2.421425156706445E-7+8.470197424821754E-16i;-2.2264103641324873E-7+8.957782331169184E-17i;2.052126108166742E-7+2.18569132312979E-15i
-8.870691869852547E-8-1.5546424351137384E-13i;2.9959954397371836E-7-8.23511794073136E-11i;-2.2592003172548727E-7+2.4824973574493586E-10i;1.6987323009002487E-7-1.49270307168761E-11i;3.047648570984738E-7-1.8481873798187792E-10i;1.673767444317141E-7-1.1410603365859439E-11i;3.7582911779770775E-7;-6.357346226968937E-8-1.691660771659968E-17i;7.010832276703272E-8+3.3362778122727606E-17i;3.5814020506549466E-7+6.116283741294885E-17i;-2.2791845164183616E-7;-1.6406911809408338E-7-3.6057886046409476E-17i;-8.008886665197817E-8-2.5372999028682016E-17i;-3.0367187877726475E-7;-2.3540275254668912E-8;-1.0987780977182344E-7+3.491358736868563E-17i;3.204836984236886E-7+6.925053437723909E-17i;1.2594941039827544E-7-7.076866808624215E-17i;-1.7219770993089855E-7-1.0296700156514598E-16i;1.681238290940136E-7-2.1242094406450768E-15i;2.6042092594872204E-8-5.2142940232476793E-17i;-2.999262243175755E-7+3.820998141299444E-16i;1.6415300961841418E-7+6.86319127590972E-16i;-1.5247420912078656E-7+5.484843354683007E-17i;1.787041789237169E-7+1.8218191711965523E-15i
-6.678581451885903E-8+2.3766572111177696E-12i;2.876241003417434E-7-6.732926296174682E-11i;-2.40611325198342E-7+2.6007711656415554E-10i;1.477423292030472E-7-1.7610956740286198E-11i;3.031786526897466E-7-2.035833483790458E-10i;1.839156109710598E-7-2.0422306470867486E-11i;3.7674856899454376E-7;-2.1226718305837625E-8-1.3075431360620675E-17i;2.3493366673695825E-8+3.1442739470982036E-17i;3.6274310381663416E-7+6.622541421269007E-17i;-2.4556861696872983E-7;-1.8089195055929414E-7-4.169672441069781E-17i;-2.691824856776947E-8-1.8632987217296994E-17i;-3.1648441117596686E-7-6.04086936012219E-17i;-3.730875562479221E-8+1.4202500928745623E-17i;-3.724379791533911E-8+6.037928961763409E-17i;3.4652609788500644E-7+6.355345208693972E-17i;4.461242067864631E-8+5.350348586290061E-18i;-6.034205824847239E-8-1.2037356319193797E-16i;1.5844098293062835E-7-1.4156775024334635E-15i;8.000972539297698E-9-3.612905201719566E-18i;-3.2863452833524655E-7+3.259710041294511E-16i;5.809392245401167E-8+4.42734582310117E-16i;-5.40771020800165E-8+3.3596300955179686E-17i;1.6387131059354376E-7+1.477320817486204E-15i
-4.4864710369967016E-8+4.908778679649979E-12i;2.7564865661531084E-7-5.230734650245127E-11i;-2.553026186627806E-7+2.7190449734557953E-10i;1.256114282943554E-7-2.0294882778283164E-11i;3.0159244836435575E-7-2.223479588246106E-10i;2.0045447749153855E-7-2.943400953535236E-11i;3.7674760877035173E-7;2.1238034161654493E-8-9.316809005841581E-18i;-2.3480516644029535E-8+2.4153406519412915E-17i;3.6274495607834076E-7+6.893058760162233E-17i;-2.4556881902200983E-7;-1.808895734378822E-7-4.457446446937383E-17i;2.6971366841212532E-8-1.293143746162307E-17i;-3.1648248622503024E-7-7.192601967541455E-17i;-3.7305408895223073E-8+1.1395102478599576E-17i;3.7352412850964624E-8+6.707150669456146E-17i;3.4652278561795485E-7+5.94782359645426E-17i;-4.4538462968582314E-8+9.517040597802703E-17i;6.067217923725582E-8-1.0660676565249465E-16i;1.5827745061019997E-7-7.414696164172405E-16i;-8.282132522017955E-9+2.9979539213536386E-17i;-3.286408266131079E-7+2.0311842533155631E-16i;-5.7922924756321473E-8+1.6719152449280467E-16i;5.4381728257480635E-8+5.021705589218533E-17i;1.6369118915731057E-7+1.2896274538316563E-15i
-2.2943606256590205E-8+7.440900170750737E-12i;2.6367321276190315E-7-3.728543003515864E-11i;-2.699939121063109E-7+2.837318780780051E-10i;1.0348052736501695E-7-2.2978808843577376E-11i;3.000062441585286E-7-2.411125693553922E-10i;2.169933439992428E-7-3.8445712556760026E-11i;3.7582619539889546E-7;6.358456780090903E-8;-7.009467917011235E-8+7.347971841041285E-18i;3.581455903064762E-7+7.036096645225092E-17i;-2.2791846112070865E-7;-1.6406164521902645E-7-4.495307572123622E-17i;8.013622403749594E-8-1.237397684578221E-17i;-3.0366632445845486E-7-5.586532958814923E-17i;-2.3530367535175028E-8-9.04632664605121E-18i;1.0997523928251798E-7+5.03969044933888E-17i;3.2047519438123535E-7+4.430975365932163E-17i;-1.2589488557923176E-7+1.8719879802591117E-16i;1.7256020287476E-7-5.371999684855197E-17i;1.6765873635004947E-7-2.0019717503176454E-16i;-2.6289014777026808E-8+4.2280307401618174E-17i;-2.999442146447428E-7+4.4409726845150394E-17i;-1.6401250245087733E-7-7.480055772162756E-17i;1.5281230671939589E-7+9.410854833464359E-17i;1.781998261721459E-7+1.2961605185455553E-15i
-1.0225021812414988E-9+9.973021690677928E-12i;2.5169776876153176E-7-2.2263513563484485E-11i;-2.84685205521755E-7+2.9555925875475866E-10i;8.134962641635284E-8-2.566273494419749E-11i;2.984200400952123E-7-2.5987717999463034E-10i;2.3353221049790092E-7-4.7457415532500296E-11i;3.7400028873247923E-7;1.0558175668803289E-7;-1.1564391672307109E-7;3.490879521459553E-7+6.973209656418702E-17i;-1.9339271763642455E-7;-1.31266510752281E-7-3.9925467886747396E-17i;1.311625284358337E-7;-2.787587092740307E-7-4.936689235870001E-17i;3.052643522690127E-9-1.831622318318897E-17i;1.768603049813007E-7+4.407456020589839E-17i;2.7037151936892023E-7+3.01192119892353E-17i;-1.8516140694888105E-7+2.6577070289018677E-16i;2.585332189895246E-7;1.854493382725771E-7+1.4465497941158417E-16i;-4.9036754375757956E-8+5.068739273277816E-17i;-2.452497897763796E-7-1.012084634501745E-16i;-2.4205128321554815E-7-2.962296761049314E-16i;2.2303510503192038E-7+1.474616106692533E-16i;2.044716430355531E-7+1.4665551378660662E-15i
2.089860185575986E-8+1.2505143242665125E-11i;2.3972232460624106E-7-7.241597088182928E-12i;-2.9937649890696574E-7+3.073866393740396E-10i;5.921872544995037E-8-2.8346661084256907E-11i;2.968338361848501E-7-2.7864179075238864E-10i;2.5007107698930897E-7-5.646911846100774E-11i;3.713019089831251E-7;1.470193079092592E-7;-1.594824428392925E-7-2.2645294033049005E-17i;3.358511973420359E-7+6.691596280813166E-17i;-1.4349315552270594E-7;-8.416203446620273E-8-3.397683392260866E-17i;1.7876003429213988E-7;-2.4315512302076253E-7;4.0591504960499355E-8-4.1515885489431834E-17i;2.3474433230629517E-7;2.000329912321782E-7;-2.1123112806260355E-7+3.153308714284404E-16i;3.054965479467042E-7;2.0948131556806278E-7+2.1851771427212669E-16i;-7.848518203571721E-8+2.868573946699234E-17i;-1.6971551100182055E-7-2.4209333776985265E-16i;-2.7831850424923557E-7-4.072831979804437E-16i;2.5173910253961576E-7+2.114738610680077E-16i;2.3718580482243942E-7+1.7528200560883477E-15i
4.28197058563151E-8+1.5037264827754978E-11i;2.277468802993272E-7+7.780319389812502E-12i;-3.140677922644649E-7+3.1921401993991427E-10i;3.708782446777835E-8-3.1030587264782716E-11i;2.952476324268084E-7-2.9740640163140836E-10i;2.6660994347412906E-7-6.548082134388381E-11i;3.6777973575718024E-7;1.8771918408518702E-7;-2.0105563818392207E-7-3.470987812246948E-17i;3.188337355192869E-7+6.347375316540175E-17i;-8.032420046593736E-8;-2.505149812964853E-8-2.039004876863827E-17i;2.2182606387794505E-7;-1.987821380576493E-7;8.655104422159908E-8-5.0460931601278895E-17i;2.8112633353171717E-7;1.1466700563900415E-7+1.5444709997396242E-17i;-1.9786237490304073E-7+3.006230553621177E-16i;3.0596528084208427E-7+4.081662525920216E-17i;2.3687343212639922E-7+3.834600901115927E-17i;-1.1499923728140029E-7+1.1839974802138251E-17i;-8.025696159601437E-8-3.5058604594138954E-16i;-2.65683987744006E-7-4.611218676622497E-16i;2.3277675470330197E-7+2.4610816461093105E-16i;2.6977630104472186E-7+2.0871973206678277E-15i
6.474080982428523E-8+1.7569386444382487E-11i;2.1577143585344684E-7+2.2802235867200437E-11i;-3.287590856004845E-7+3.310414004653439E-10i;1.495692347199788E-8-3.371451348336949E-11i;2.9366142881118756E-7-3.161710126285719E-10i;2.831488099524176E-7-7.44925241870149E-11i;3.6349891552994857E-7;2.2754951007690516E-7;-2.3994152934418014E-7-3.756494062991515E-17i;2.9852862349138366E-7+5.810172559005874E-17i;-6.416178861801018E-9-4.779218665015762E-18i;4.3326228967724376E-8;2.595252496639366E-7;-1.479201922322723E-7;1.379737611870274E-7-3.792598170371218E-17i;3.1447195343689205E-7+5.892509869210281E-17i;2.0337964656759663E-8+1.1314559764192502E-17i;-1.444160379463309E-7+2.523719527960784E-16i;2.589338078267249E-7;2.644198930553773E-7-3.8215585492244096E-16i;-1.5722168621935705E-7;1.523860065688239E-8-3.793950821129316E-16i;-2.045325858247937E-7-4.453338076693186E-16i;1.6807098483882283E-7+2.4939051366302873E-16i;2.957642866635974E-7+2.3955313496058747E-15i
8.666191376544843E-8+2.0101508088658842E-11i;2.0379599128973074E-7+3.782415234342277E-11i;-3.4345037892434267E-7+3.428687809661825E-10i;-7.173977535076345E-9-3.639843973624354E-11i;2.920752253204953E-7-3.349356237328282E-10i;2.9968767642485033E-7-8.350422699819371E-11i;3.5854361925628547E-7;2.6644261380231114E-7;-2.759061581315651E-7-4.2374021563894E-17i;2.755015935866621E-7+5.3186042462381164E-17i;7.545606126658865E-8;1.1803184838151501E-7+1.7218889303032927E-17i;2.913894968815343E-7+3.6550958623166775E-17i;-9.297563845613833E-8;1.918017519715348E-7-2.3414259089770325E-17i;3.343544830400655E-7+7.829488988885068E-17i;-7.67500681008802E-8;-5.5628504113711005E-8+1.70036811653476E-16i;1.696364472962191E-7-5.768826951190752E-17i;2.890309739999421E-7-1.030464235793825E-15i;-2.023448603547106E-7-3.534762934788807E-17i;1.089553047921488E-7-3.4863267214452253E-16i;-1.022611334144721E-7-3.286020365975433E-16i;6.683645254309701E-8+2.2094570100337936E-16i;3.09982493651261E-7+2.608372486804629E-15i
1.0858301768730756E-7+2.263362975516451E-11i;1.9182054663305858E-7+5.28460688155224E-11i;-3.581416722467864E-7+3.5469616146076005E-10i;-2.9304878550796787E-8-3.908236601748999E-11i;2.9048902193632446E-7-3.5370023493496183E-10i;3.1622654289530903E-7-9.251592978837682E-11i;3.5301677368929933E-7;3.044071584190676E-7;-3.089445137883692E-7-4.788725238456318E-17i;2.503514043898412E-7+4.7801992809429236E-17i;1.625708313215165E-7;1.9627941156585378E-7+3.688359397673792E-17i;3.173919777428398E-7+5.2079424695780697E-17i;-3.617436809560411E-8-1.8864270378349506E-17i;2.4531352304641194E-7;3.4145639234320735E-7+9.935778554965469E-17i;-1.7115244297428145E-7;5.971733631805541E-8+6.624450232028151E-17i;4.803126552299472E-8-1.3701620127095791E-16i;3.082558201163429E-7-1.814799846389501E-15i;-2.4677654138945743E-7-7.843677517979036E-17i;1.943295733969319E-7-2.638355476367244E-16i;2.8788723327243458E-8-1.4091486984358569E-16i;-5.694117513431532E-8+1.817265324652718E-16i;3.095839799896212E-7+2.7305167865379654E-15i
1.3050412159757415E-7+2.5165751437855092E-11i;1.7984510191038217E-7+6.786798528171007E-11i;-3.728329655747951E-7+3.6652354196351635E-10i;-5.1435779572002246E-8-4.176629232028256E-11i;2.8890281863466443E-7-3.724648462182544E-10i;3.327654093671612E-7-1.0152763256849095E-10i;3.470453460789054E-7;3.415536992533029E-7;-3.393694600436346E-7-4.955862090263738E-17i;2.2369144979833586E-7+4.2303476931863764E-17i;2.5251294251178626E-7;2.7576979089242986E-7+5.78024943951761E-17i;3.38121734887609E-7+7.251540275712716E-17i;2.075272058345615E-8-4.830376390630043E-17i;2.965969283575979E-7;3.3768217130213266E-7+1.3232304952608337E-16i;-2.5922337182123737E-7;1.9093464415804813E-7-4.6971390740863173E-17i;-9.357445143171121E-8-2.3024544106641646E-16i;3.2084373021947157E-7-2.665335183340106E-15i;-2.872877691392854E-7-9.825137709831964E-17i;2.6742919192413156E-7-1.442470280523148E-16i;1.745360719973019E-7+7.584978234237316E-17i;-1.8834118725925325E-7+1.162706771413259E-16i;2.9460560104318216E-7+2.701474339209649E-15i
1.5242522550235357E-7+2.7697873129049638E-11i;1.6786965715093016E-7+8.288990174350778E-11i;-3.875242589072591E-7+3.7835092247481206E-10i;-7.35666805954866E-8-4.4450218634615055E-11i;2.873166153780391E-7-3.9122945754712026E-10i;3.4930427583800144E-7-1.1053933534409922E-10i;3.407869692376949E-7;3.7812547632068097E-7;-3.6792365687233165E-7-5.617139939888031E-17i;1.9612914770647048E-7+3.5926939243717443E-17i;3.434857902463995E-7;3.551068648083516E-7+7.700579169086336E-17i;3.550142988492365E-7+8.845342408752023E-17i;7.697505682870799E-8-6.239912120647503E-17i;3.4515456466143826E-7+4.05516193239888E-17i;3.2631248432118703E-7+1.4926511316807674E-16i;-3.405004646493467E-7;3.2834558919589864E-7-1.4793708791201692E-16i;-2.437692726933258E-7-3.053148726856637E-16i;3.2741653075746796E-7-3.5400087722049088E-15i;-3.2254523573150116E-7-1.3827323672865911E-16i;3.2880137592124255E-7;3.2359426389839915E-7+3.4665982079615277E-16i;-3.1688921481202876E-7+5.3382421906852286E-17i;2.6816583779152136E-7+2.5941934855901325E-15i